Date,REF_EP,EP_LTM_formula,EP_trial,EP_self,EP_from_EPSAct,EP_from_EPSfr,EP_NetIncome_MktCap,EP_from_EPSAct_ff,EP_from_EPSfr_ff,EP_from_NI_Shares,EP_from_TTM
2024-01-02,0.06200708128078835,0.09442733990147785,0.06219211822660099,0.08888546798029558,0.0935960591133005,0.07573891625615764,0.07568851584262286,0.0935960591133005,0.07573891625615764,0.07578815741233731,0.08888546798029558
2024-01-03,0.0633330188679244,0.09644654088050315,0.06352201257861635,0.09078616352201258,0.09559748427672955,0.07735849056603773,0.07730701240781102,0.09559748427672955,0.07735849056603773,0.07740878467775834,0.09078616352201258
2024-01-04,0.06241059807871072,0.09504183452122714,0.06259683916950727,0.08946389835760768,0.09420514409668422,0.07623179423613262,0.07618106583726032,0.09420514409668422,0.07623179423613262,0.07628135583367572,0.08946389835760768
2024-01-05,0.06216018518518506,0.0946604938271605,0.06234567901234568,0.08910493827160494,0.09382716049382717,0.07592592592592592,0.07587540106692593,0.09382716049382717,0.07592592592592592,0.07597528866520728,0.08910493827160494
2024-01-08,0.06241059807871072,0.09504183452122714,0.06259683916950727,0.08946389835760768,0.09420514409668422,0.07623179423613262,0.07618106583726063,0.09420514409668422,0.07623179423613262,0.07628135583367572,0.08946389835760768
2024-01-09,0.0626435458786938,0.09539657853810266,0.06283048211508555,0.08979782270606532,0.09455676516329704,0.07651632970451011,0.07646541196169178,0.09455676516329704,0.07651632970451011,0.07656607629090872,0.08979782270606532
2024-01-10,0.06299624648107606,0.09593368783234282,0.06318423522051923,0.09030340944635597,0.0950891460744448,0.07694713794182045,0.07689593351793558,0.0950891460744448,0.07694713794182045,0.07699716461534925,0.09030340944635597
2024-01-11,0.06276067310688702,0.09557494546587722,0.06294795886569024,0.08996572140853848,0.0947335618572764,0.07665939545029603,0.0766083825044687,0.0947335618572764,0.07665939545029603,0.07670923504994438,0.08996572140853848
2024-01-12,0.06200708128078835,0.09442733990147785,0.06219211822660099,0.08888546798029558,0.0935960591133005,0.07573891625615764,0.07568851584262316,0.0935960591133005,0.07573891625615764,0.07578815741233731,0.08888546798029558
2024-01-15,0.06231404702970292,0.09489480198019802,0.0625,0.08932549504950495,0.09405940594059406,0.07611386138613861,0.07606321146560614,0.09405940594059406,0.07611386138613861,0.07616334631041818,0.08932549504950495
2024-01-16,0.06158990825688079,0.0937920489296636,0.06177370030581039,0.0882874617737003,0.09296636085626911,0.07522935779816513,0.07517929646998137,0.09296636085626911,0.07522935779816513,0.07527826766827876,0.0882874617737003
2024-01-17,0.062468672456575704,0.0951302729528536,0.06265508684863523,0.0895471464019851,0.09429280397022333,0.07630272952853598,0.07625195392581888,0.09429280397022333,0.07630272952853598,0.07635233724419092,0.0895471464019851
2024-01-18,0.06343275590551199,0.0965984251968504,0.0636220472440945,0.09092913385826772,0.095748031496063,0.07748031496062992,0.0774287557344375,0.095748031496063,0.07748031496062992,0.07753068827567608,0.09092913385826772
2024-01-19,0.06463382541720167,0.09842747111681643,0.06482670089858793,0.09265083440308088,0.0975609756097561,0.07894736842105263,0.07889483294507063,0.0975609756097561,0.07894736842105263,0.0789986955312168,0.09265083440308088
2024-01-22,0.06463382541720167,0.09842747111681643,0.06482670089858793,0.09265083440308088,0.0975609756097561,0.07894736842105263,0.07889483294507031,0.0975609756097561,0.07894736842105263,0.0789986955312168,0.09265083440308088
2024-01-23,0.06351277199621572,0.09672027751497951,0.06370230211289814,0.09104383475244403,0.09586881110059918,0.07757805108798486,0.0775264268233488,0.09586881110059918,0.07757805108798486,0.0776284879455287,0.09104383475244403
2024-01-24,0.06266303671437444,0.09542626011200996,0.06285003111387678,0.08982576228998133,0.09458618543870566,0.07654013690105788,0.07648920331575608,0.09458618543870566,0.07654013690105788,0.07658989896554809,0.08982576228998133
2024-01-25,0.06311469758696335,0.09611407082419304,0.06330303979943591,0.09047320589157004,0.09526794108429959,0.0770918207458477,0.07704052004288282,0.09526794108429959,0.0770918207458477,0.07714194148394596,0.09047320589157004
2024-01-26,0.06200708128078835,0.09442733990147785,0.06219211822660099,0.08888546798029558,0.0935960591133005,0.07573891625615764,0.07568851584262316,0.0935960591133005,0.07573891625615764,0.07578815741233731,0.08888546798029558
2024-01-29,0.06130867579908671,0.09336377473363774,0.061491628614916284,0.08788432267884322,0.09254185692541857,0.07488584474885844,0.07483601201121433,0.09254185692541857,0.07488584474885844,0.07493453128623183,0.08788432267884322
2024-01-30,0.06170312500000001,0.09396446078431372,0.061887254901960786,0.08844975490196079,0.09313725490196079,0.07536764705882353,0.07531749370613942,0.09313725490196079,0.07536764705882353,0.07541664683678663,0.08844975490196079
2024-01-31,0.06283900156006238,0.09569422776911078,0.06302652106084244,0.09007800312012482,0.09485179407176288,0.07675507020280811,0.07670399359027771,0.09485179407176288,0.07675507020280811,0.07680497200476492,0.09007800312012482
2024-02-01,0.06262406716417922,0.09536691542288558,0.06281094527363185,0.08976990049751245,0.09452736318407962,0.07649253731343285,0.07644163540324599,0.09452736318407962,0.07649253731343285,0.07654226843136554,0.08976990049751245
2024-02-02,0.06357291666666687,0.0968118686868687,0.06376262626262626,0.0911300505050505,0.09595959595959597,0.07765151515151515,0.07759984200026518,0.09595959595959597,0.07765151515151515,0.07770199977123471,0.0911300505050505
2024-02-05,0.0639158997143764,0.09733417962551572,0.06410663281497937,0.09162170739447793,0.09647730879086004,0.07807045382418279,0.07801850189045986,0.09647730879086004,0.07807045382418279,0.07812121081411347,0.09162170739447793
2024-02-06,0.06363317535545021,0.09690363349131123,0.06382306477093207,0.09121642969984203,0.09605055292259085,0.07772511848341232,0.07767339635287206,0.09605055292259085,0.07772511848341232,0.077775650955852,0.09121642969984203
2024-02-07,0.06395649412511922,0.09739599872975549,0.06414734836456018,0.09167989838043825,0.0965385836773579,0.07812003810733567,0.07806805317778345,0.0965385836773579,0.07812003810733567,0.07817082733416054,0.09167989838043825
2024-02-08,0.0726023792357605,0.10407354001441961,0.06741167988464312,0.10407354001441961,0.10382119682768566,0.06741167988464312,0.06729804748482661,0.10382119682768566,0.06741167988464312,0.06738664326472073,0.10407354001441961
2024-02-09,0.0746475166790216,0.1070051890289103,0.06931060044477391,0.1070051890289103,0.1067457375833951,0.06931060044477391,0.06919376713228684,0.1067457375833951,0.06931060044477391,0.06928485856795229,0.1070051890289103
2024-02-12,0.07379956027849058,0.10578966654452181,0.06852326859655553,0.10578966654452181,0.105533162330524,0.06852326859655553,0.06840776244884934,0.105533162330524,0.06852326859655553,0.06849781913387148,0.10578966654452181
2024-02-13,0.07305005440696426,0.10471527022125499,0.06782734856728329,0.10471527022125499,0.10446137105549509,0.06782734856728329,0.06771301549615849,0.10446137105549509,0.06782734856728329,0.06780215756849303,0.10471527022125499
2024-02-14,0.07344967177242864,0.10528811086797957,0.06819839533187455,0.10528811086797957,0.1050328227571116,0.06819839533187455,0.06808343680631254,0.1050328227571116,0.06819839533187455,0.06817306652674517,0.10528811086797957
2024-02-15,0.07423479542941389,0.10641356431994103,0.06892738665683745,0.10641356431994103,0.1061555473645411,0.06892738665683745,0.06881119930811275,0.1061555473645411,0.06892738665683745,0.06890178710517335,0.10641356431994103
2024-02-16,0.07371852122986827,0.10567349926793558,0.0684480234260615,0.10567349926793558,0.10541727672035138,0.0684480234260615,0.06833264411526717,0.10541727672035138,0.0684480234260615,0.06842260190934674,0.10567349926793558
2024-02-19,0.07369154774972553,0.10563483351628249,0.06842297841200147,0.10563483351628249,0.10537870472008781,0.06842297841200147,0.06830764131829821,0.10537870472008781,0.06842297841200147,0.06839756619697596,0.10563483351628249
2024-02-20,0.07310308529945532,0.10479128856624319,0.06787658802177858,0.10479128856624319,0.10453720508166968,0.06787658802177858,0.06776217195023919,0.10453720508166968,0.06787658802177858,0.06785137873551189,0.10479128856624319
2024-02-21,0.0732360000000002,0.10498181818181818,0.068,0.10498181818181818,0.10472727272727272,0.068,0.06788537589923963,0.10472727272727272,0.068,0.06797474487866738,0.10498181818181818
2024-02-22,0.07297065217391296,0.10460144927536232,0.0677536231884058,0.10460144927536232,0.10434782608695652,0.0677536231884058,0.06763941439235834,0.10434782608695652,0.0677536231884058,0.06772845957113596,0.10460144927536232
2024-02-23,0.07484169453734685,0.10728353771832033,0.0694908955778521,0.10728353771832033,0.10702341137123746,0.0694908955778521,0.06937375835113709,0.10702341137123746,0.0694908955778521,0.06946508673962663,0.10728353771832033
2024-02-26,0.07672342857142868,0.10998095238095239,0.07123809523809524,0.10998095238095239,0.10971428571428571,0.07123809523809524,0.07111801284682281,0.10971428571428571,0.07123809523809524,0.07121163749193725,0.10998095238095239
2024-02-27,0.07571390977443604,0.10853383458646616,0.07030075187969925,0.10853383458646616,0.10827067669172931,0.07030075187969925,0.0701822495198906,0.10827067669172931,0.07030075187969925,0.07027464226178018,0.10853383458646616
2024-02-28,0.07851812865497088,0.11255360623781677,0.07290448343079922,0.11255360623781677,0.11228070175438597,0.07290448343079922,0.07278159209470135,0.11228070175438597,0.07290448343079922,0.07287740678999426,0.11255360623781677
2024-02-29,0.0793847063460783,0.11379582183681514,0.0737091052424123,0.11379582183681514,0.11351990540007882,0.0737091052424123,0.07358485759673233,0.11351990540007882,0.0737091052424123,0.07368172976599735,0.11379582183681514
2024-03-01,0.07919740464018844,0.1135273299252851,0.07353519465198585,0.1135273299252851,0.11325206449075895,0.07353519465198585,0.07341124015843846,0.11325206449075895,0.07353519465198585,0.07350788376576299,0.1135273299252851
2024-03-04,0.07461959999999979,0.11548,0.0748,0.11548,0.1152,0.0748,0.07467391348916359,0.1152,0.0748,0.07477221936653411,0.11548
2024-03-05,0.07513048731373312,0.11627064035441,0.07531212243254129,0.11627064035441,0.11598872331856626,0.07531212243254129,0.07518517266327425,0.11598872331856626,0.07531212243254129,0.0752841515973964,0.11627064035441
2024-03-06,0.07491927710843395,0.11594377510040162,0.07510040160642571,0.11594377510040162,0.11566265060240964,0.07510040160642571,0.07497380872405983,0.11566265060240964,0.07510040160642571,0.07507250940415072,0.11594377510040162
2024-03-07,0.07447065868263485,0.11524950099800399,0.07465069860279441,0.11524950099800399,0.11497005988023952,0.07465069860279441,0.0745248637616403,0.11497005988023952,0.07465069860279441,0.07462297341969472,0.11524950099800399
2024-03-08,0.07376393831553982,0.11415579280347964,0.07394226967180705,0.11415579280347964,0.11387900355871886,0.07394226967180705,0.07381762899284658,0.11387900355871886,0.07394226967180705,0.07391480759839275,0.11415579280347964
2024-03-11,0.07405676855895192,0.11460897181421198,0.07423580786026202,0.11460897181421198,0.11433108376339816,0.07423580786026202,0.07411067237908295,0.11433108376339816,0.07423580786026202,0.07420823676710411,0.11460897181421198
2024-03-12,0.07272865497075999,0.11255360623781677,0.07290448343079922,0.11255360623781677,0.11228070175438597,0.07290448343079922,0.07278159209470135,0.11228070175438597,0.07290448343079922,0.07287740678999426,0.11255360623781677
2024-03-13,0.07382231895528289,0.11424614166996439,0.074000791452315,0.11424614166996439,0.11396913335971508,0.074000791452315,0.07387605212620063,0.11396913335971508,0.074000791452315,0.07397330764397914,0.11424614166996439
2024-03-14,0.07552591093117406,0.11688259109311741,0.07570850202429151,0.11688259109311741,0.11659919028340081,0.07570850202429151,0.07558088409834372,0.11659919028340081,0.07570850202429151,0.07568038397422482,0.11688259109311741
2024-03-15,0.07528208232445516,0.11650524616626311,0.0754640839386602,0.11650524616626311,0.11622276029055689,0.0754640839386602,0.07533687801570177,0.11622276029055689,0.0754640839386602,0.07543605666518775,0.11650524616626311
2024-03-18,0.07491927710843395,0.11594377510040162,0.07510040160642571,0.11594377510040162,0.11566265060240964,0.07510040160642571,0.07497380872405983,0.11566265060240964,0.07510040160642571,0.07507250940415072,0.11594377510040162
2024-03-19,0.07467934347478003,0.1155724579663731,0.07485988791032827,0.1155724579663731,0.11529223378702962,0.07485988791032827,0.07473370044952321,0.11529223378702962,0.07485988791032827,0.07483208503456176,0.1155724579663731
2024-03-20,0.07555650060753331,0.11692993114621304,0.07573916565411097,0.11692993114621304,0.11664641555285539,0.07573916565411097,0.07561149604006073,0.11664641555285539,0.07573916565411097,0.07571103621560764,0.11692993114621304
2024-03-21,0.07734203980099494,0.11969320066334992,0.07752902155887231,0.11969320066334992,0.11940298507462685,0.07752902155887231,0.07739833487682836,0.11940298507462685,0.07752902155887231,0.07750022736995658,0.11969320066334992
2024-03-22,0.07558711507293338,0.1169773095623987,0.07576985413290115,0.1169773095623987,0.1166936790923825,0.07576985413290115,0.07564213278886102,0.1166936790923825,0.07576985413290115,0.07574171329673228,0.1169773095623987
2024-03-25,0.07267199065056475,0.11246591351772496,0.0728476821192053,0.11246591351772496,0.11219322165952472,0.0728476821192053,0.07272488653015542,0.11219322165952472,0.0728476821192053,0.07282062657434174,0.11246591351772496
2024-03-26,0.07344448818897664,0.11366141732283465,0.07362204724409449,0.11366141732283465,0.11338582677165354,0.07362204724409449,0.07349794634760233,0.11338582677165354,0.07362204724409449,0.07359470410091941,0.11366141732283465
2024-03-27,0.0725589264877481,0.11229093737845196,0.07273434461299105,0.11229093737845196,0.11201866977829637,0.07273434461299105,0.07261174007114349,0.11201866977829637,0.07273434461299105,0.0727073311615462,0.11229093737845196
2024-03-28,0.07432231075697202,0.1150199203187251,0.07450199203187251,0.1150199203187251,0.11474103585657369,0.07450199203187251,0.07437640785773304,0.11474103585657369,0.07450199203187251,0.07447432207822122,0.1150199203187251
2024-04-02,0.07519105199516339,0.11636436920596534,0.07537283353486499,0.10161225312374043,0.11608222490931076,0.07537283353486499,0.07524578142801652,0.11608222490931076,0.07537283353486499,0.07534348804849984,0.10161225312374043
2024-04-03,0.07450039936102242,0.11529552715654952,0.07468051118210864,0.10067891373801917,0.11501597444089456,0.07468051118210864,0.07455462608742411,0.11501597444089456,0.07468051118210864,0.07465143524294253,0.10067891373801917
2024-04-04,0.07447065868263485,0.11524950099800399,0.07465069860279441,0.10063872255489022,0.11497005988023952,0.07465069860279441,0.0745248637616403,0.11497005988023952,0.07465069860279441,0.07462163427078966,0.10063872255489022
2024-04-05,0.06981624251496989,0.10804640718562875,0.06998502994011976,0.09434880239520958,0.10778443113772455,0.06998502994011976,0.06986705977653813,0.10778443113772455,0.06998502994011976,0.0699577821288653,0.09434880239520958
2024-04-08,0.06835800659582246,0.10578966654452181,0.06852326859655553,0.09237816049835104,0.105533162330524,0.06852326859655553,0.06840776244884934,0.105533162330524,0.06852326859655553,0.06849658990411436,0.09237816049835104
2024-04-09,0.068558985667034,0.10610069827269386,0.0687247335538405,0.0926497611172363,0.10584343991179712,0.0687247335538405,0.06860888780702278,0.10584343991179712,0.0687247335538405,0.06869797642349434,0.0926497611172363
2024-04-10,0.06664844587352632,0.1031439799928546,0.06680957484816007,0.09006788138620936,0.10289389067524116,0.06680957484816007,0.06669695738581959,0.10289389067524116,0.06680957484816007,0.06678356336131765,0.09006788138620936
2024-04-11,0.06707982740021573,0.10381157856886013,0.06724199928083424,0.09065084501977706,0.10355987055016182,0.06724199928083424,0.06712865290287989,0.10355987055016182,0.06724199928083424,0.06721581943485369,0.09065084501977706
2024-04-12,0.06828294289897509,0.10567349926793558,0.0684480234260615,0.09227672035139092,0.10541727672035138,0.0684480234260615,0.06833264411526717,0.10541727672035138,0.0684480234260615,0.06842137402940267,0.09227672035139092
2024-04-15,0.07013120300751888,0.10853383458646616,0.07030075187969925,0.09477443609022555,0.10827067669172931,0.07030075187969925,0.07018224951989094,0.10827067669172931,0.07030075187969925,0.07027338114598801,0.09477443609022555
2024-04-16,0.07085036080516514,0.10964679073300418,0.07102164830991266,0.09574629699962021,0.10938093429548044,0.07102164830991266,0.07090193077208849,0.10938093429548044,0.07102164830991266,0.0709939969040365,0.09574629699962021
2024-04-17,0.0712019083969467,0.1101908396946565,0.07137404580152672,0.09622137404580153,0.1099236641221374,0.07137404580152672,0.07125373424538546,0.1099236641221374,0.07137404580152672,0.07134625719401837,0.09622137404580153
2024-04-18,0.07230581395348858,0.11189922480620154,0.07248062015503876,0.09771317829457364,0.11162790697674418,0.07248062015503876,0.07235844330345309,0.11162790697674418,0.07248062015503876,0.07245240071640624,0.09771317829457364
2024-04-19,0.07253071539657875,0.11224727838258165,0.07270606531881804,0.09801710730948678,0.1119751166407465,0.07270606531881804,0.07258350844592144,0.1119751166407465,0.07270606531881804,0.07267775810588184,0.09801710730948678
2024-04-22,0.07114759725400484,0.1101067887109077,0.07131960335621663,0.09614797864225783,0.10983981693363845,0.07131960335621663,0.07119938357090386,0.10983981693363845,0.07131960335621663,0.07129183594520523,0.09614797864225783
2024-04-23,0.07117474246470833,0.11014879816863792,0.0713468141930561,0.09618466234261731,0.10988172453262113,0.0713468141930561,0.0712265485398359,0.10988172453262113,0.0713468141930561,0.07131903618783979,0.09618466234261731
2024-04-24,0.07216595744680851,0.11168278529980658,0.07234042553191489,0.09752417794970986,0.11141199226305608,0.07234042553191489,0.07221848499919147,0.11141199226305608,0.07234042553191489,0.07231226067633582,0.09752417794970986
2024-04-25,0.08294753223654952,0.1120942641173855,0.07870164517563362,0.1120942641173855,0.12805691418408183,0.08314806580702536,0.08300790739124503,0.12805691418408183,0.08314806580702536,0.08311569312953673,0.1120942641173855
2024-04-26,0.07977527075812267,0.11376353790613718,0.07987364620938628,0.11376353790613718,0.1299638989169675,0.08438628158844766,0.08424403597604246,0.1299638989169675,0.08438628158844766,0.08435342682686287,0.11376353790613718
2024-04-29,0.08199536178107593,0.11692949907235622,0.08209647495361781,0.11692949907235622,0.13358070500927643,0.08673469387755103,0.08658848966739749,0.13358070500927643,0.08673469387755103,0.08670092479050469,0.11692949907235622
2024-04-30,0.08284067478912809,0.11813495782567947,0.08294283036551078,0.11813495782567947,0.13495782567947515,0.08762886597938145,0.08748115450932943,0.13495782567947515,0.08762886597938145,0.0875947487574171,0.11813495782567947
2024-05-02,0.07966741775574598,0.11360973411446597,0.07976566020730058,0.11360973411446597,0.12978819287967552,0.08427219468228932,0.084130141380311,0.12978819287967552,0.08427219468228932,0.08423938433903924,0.11360973411446597
2024-05-03,0.08010058903488888,0.11422745808790212,0.08019936565473493,0.11422745808790212,0.1304938830992297,0.08473040326234708,0.08458757758174448,0.1304938830992297,0.08473040326234708,0.08469741452121798,0.11422745808790212
2024-05-06,0.0783260965883917,0.11169694284448382,0.07842268498006202,0.11169694284448382,0.12760301284891448,0.08285334514842711,0.08271368352809436,0.12760301284891448,0.08285334514842711,0.08282108721680465,0.11169694284448382
2024-05-07,0.07995567616463137,0.11402080506558118,0.08005427408412483,0.11402080506558118,0.13025780189959293,0.0845771144278607,0.08443454713835775,0.13025780189959293,0.0845771144278607,0.08454418536785531,0.11402080506558118
2024-05-08,0.08101833180568299,0.11553620531622365,0.08111824014665445,0.11553620531622365,0.13198900091659027,0.08570119156736938,0.08555672947887671,0.13198900091659027,0.08570119156736938,0.08566782486174523,0.11553620531622365
2024-05-10,0.07874476614699309,0.11229398663697104,0.07884187082405346,0.11229398663697104,0.12828507795100222,0.08329621380846326,0.08315580566722004,0.12828507795100222,0.08329621380846326,0.08326378345137109,0.11229398663697104
2024-05-13,0.07850000000000008,0.1119449378330373,0.07859680284191829,0.1119449378330373,0.12788632326820604,0.0830373001776199,0.08289732847376112,0.12788632326820604,0.0830373001776199,0.08300497062536771,0.1119449378330373
2024-05-14,0.07970333633904447,0.1136609558160505,0.07980162308385934,0.1136609558160505,0.12984670874661858,0.0843101893597836,0.0841680720121321,0.12984670874661858,0.0843101893597836,0.08427736422377281,0.1136609558160505
2024-05-15,0.09363453389830552,0.13352754237288136,0.09375,0.13352754237288136,0.15254237288135594,0.09904661016949154,0.09887965239560925,0.15254237288135594,0.09904661016949154,0.09900804758915684,0.13352754237288136
2024-05-16,0.0918348051948048,0.13096103896103894,0.09194805194805195,0.13096103896103894,0.1496103896103896,0.09714285714285714,0.0969791084274852,0.1496103896103896,0.09714285714285714,0.09710503576536525,0.13096103896103894
2024-05-17,0.09343657505285381,0.13324524312896405,0.09355179704016912,0.13324524312896405,0.15221987315010568,0.09883720930232558,0.09867060450470876,0.15221987315010568,0.09883720930232558,0.09879872824964486,0.13324524312896405
2024-05-20,0.09091385960401117,0.12964772435073282,0.09102597068655181,0.12964772435073282,0.14811005399845717,0.09616868089483158,0.0960065742982304,0.14811005399845717,0.09616868089483158,0.09613123880088871,0.12964772435073282
2024-05-21,0.08985108005082583,0.12813214739517154,0.08996188055908513,0.12813214739517154,0.14637865311308768,0.09504447268106735,0.09488426110440164,0.14637865311308768,0.09504447268106735,0.09500746828377539,0.12813214739517154
2024-05-22,0.08825861208187699,0.1258612081877184,0.08836744882675986,0.1258612081877184,0.1437843235147279,0.09335996005991014,0.09320258797948587,0.1437843235147279,0.09335996005991014,0.09332361150690369,0.1258612081877184
2024-05-23,0.08939671302149156,0.1274841972187105,0.0895069532237674,0.1274841972187105,0.1456384323640961,0.09456384323640962,0.09440444183206585,0.1456384323640961,0.09456384323640962,0.09452702596628476,0.1274841972187105
2024-05-24,0.08919374369323936,0.12719475277497477,0.08930373360242179,0.12719475277497477,0.14530776992936428,0.09434914228052473,0.0941901027865333,0.14530776992936428,0.09434914228052473,0.09431240860157825,0.12719475277497477
2024-05-27,0.0877330024813897,0.12511166253101738,0.08784119106699753,0.12511166253101738,0.14292803970223325,0.09280397022332508,0.09264753534635681,0.14292803970223325,0.09280397022332508,0.0927678381381281,0.12511166253101738
2024-05-28,0.08928383838383815,0.1273232323232323,0.08939393939393939,0.1273232323232323,0.14545454545454545,0.09444444444444444,0.09428524430449949,0.14545454545454545,0.09444444444444444,0.09440767366077177,0.1273232323232323
2024-05-29,0.09185866458820485,0.13099506365289684,0.09197194076383476,0.13099506365289684,0.1496492595479345,0.09716809560924916,0.09700430435069317,0.1496492595479345,0.09716809560924916,0.09713026440547055,0.13099506365289684
2024-05-30,0.09294532071503636,0.1325446898002103,0.09305993690851735,0.1325446898002103,0.15141955835962145,0.09831756046267089,0.09815183161036224,0.15141955835962145,0.09831756046267089,0.09827928172887913,0.1325446898002103
2024-05-31,0.09176330132364367,0.13085907085388007,0.09187645990137555,0.13085907085388007,0.14949390085647546,0.09706722034778095,0.09690359912946223,0.14949390085647546,0.09706722034778095,0.0970294284185456,0.13085907085388007
2024-06-03,0.09336255611301807,0.1331396884077106,0.09347768682334302,0.1331396884077106,0.15209928703459202,0.0987589120675997,0.09859243925160299,0.15209928703459202,0.0987589120675997,0.098720461498985,0.1331396884077106
2024-06-04,0.09433404482390564,0.13452508004268945,0.0944503735325507,0.13452508004268945,0.1536819637139808,0.09978655282817504,0.09961834777102935,0.1536819637139808,0.09978655282817504,0.09974770216026047,0.13452508004268945
2024-06-05,0.09418327117741064,0.13431006925945657,0.09429941395844432,0.13431006925945657,0.15343633457645178,0.09962706446457113,0.09945912824875347,0.15343633457645178,0.09962706446457113,0.09958827589149073,0.13431006925945657
2024-06-06,0.09390810092961505,0.1339176626826029,0.09402390438247013,0.1339176626826029,0.15298804780876493,0.09933598937583002,0.09916854381031022,0.15298804780876493,0.09933598937583002,0.09929731412925796,0.1339176626826029
2024-06-07,0.0933132752705196,0.13306941145420956,0.0934283452098179,0.13306941145420956,0.1520190023752969,0.09870678279229349,0.09854039784793363,0.1520190023752969,0.09870678279229349,0.09866835251957144,0.13306941145420956
2024-06-10,0.09527458905955268,0.1358663433036917,0.09539207760711399,0.1358663433036917,0.15521422797089732,0.10078146052277015,0.10061157840092104,0.15521422797089732,0.10078146052277015,0.10074222249977262,0.1358663433036917
2024-06-11,0.09530026954177861,0.13590296495956872,0.0954177897574124,0.13590296495956872,0.15525606469002695,0.10080862533692722,0.10063869742474878,0.15525606469002695,0.10080862533692722,0.10076937673764318,0.13590296495956872
2024-06-12,0.09581680216802146,0.13663956639566396,0.09593495934959351,0.13663956639566396,0.15609756097560976,0.10135501355013551,0.10118416461946286,0.15609756097560976,0.10135501355013551,0.10131555222131605,0.13663956639566396
2024-06-13,0.09804880754298373,0.13982251802551302,0.09816971713810316,0.13982251802551302,0.15973377703826955,0.10371602884082086,0.10354120006816915,0.15973377703826955,0.10371602884082086,0.10367564827971608,0.13982251802551302
2024-06-14,0.099371557054525,0.1417088251826869,0.09949409780775717,0.1417088251826869,0.16188870151770657,0.105115233277122,0.10493804593755424,0.16188870151770657,0.105115233277122,0.10507430795296689,0.1417088251826869
2024-06-17,0.1013658256880734,0.14455275229357797,0.10149082568807338,0.14455275229357797,0.16513761467889906,0.10722477064220183,0.10704402736405332,0.16513761467889906,0.10722477064220183,0.10718302399560097,0.14455275229357797
2024-06-18,0.1001597733711048,0.1428328611898017,0.10028328611898017,0.1428328611898017,0.1631728045325779,0.10594900849858359,0.10577041570703058,0.1631728045325779,0.10594900849858359,0.10590775855429355,0.1428328611898017
2024-06-19,0.10627111511872551,0.1515479410880673,0.10640216411181243,0.1515479410880673,0.17312894499549142,0.11241358581304478,0.11222409601617613,0.17312894499549142,0.11241358581304478,0.11236981896503041,0.1515479410880673
2024-06-20,0.10371487239659727,0.14790261073628627,0.10384276914051041,0.14790261073628627,0.1689645057201525,0.10970959225579348,0.10952466044171923,0.1689645057201525,0.10970959225579348,0.10966687817443713,0.14790261073628627
2024-06-24,0.10532141793267799,0.1501936252606494,0.10545129579982127,0.1501936252606494,0.17158176943699732,0.11140899612749479,0.11122119971576433,0.17158176943699732,0.11140899612749479,0.11136562040412755,0.1501936252606494
2024-06-25,0.10488401067932365,0.14956986057549687,0.10501334915455354,0.14956986057549687,0.17086917828537526,0.11094630673390686,0.11075929025387658,0.17086917828537526,0.11094630673390686,0.11090311115296832,0.14956986057549687
2024-06-26,0.1057941352483543,0.15086774386594853,0.1059245960502693,0.15086774386594853,0.17235188509874325,0.11190903650508678,0.11172039720102361,0.17235188509874325,0.11190903650508678,0.11186546609714428,0.15086774386594853
2024-06-27,0.10535280095351612,0.150238379022646,0.10548271752085815,0.150238379022646,0.17163289630512513,0.11144219308700834,0.11125434071687067,0.17163289630512513,0.11144219308700834,0.11139880443881292,0.150238379022646
2024-06-28,0.10633503759398492,0.1516390977443609,0.10646616541353383,0.1516390977443609,0.1732330827067669,0.1124812030075188,0.11229159923182583,0.1732330827067669,0.1124812030075188,0.11243740983358082,0.1516390977443609
2024-07-01,0.10485290628706997,0.14952550415183868,0.10498220640569396,0.10919335705812575,0.1708185053380783,0.11091340450771056,0.11072644348926987,0.1708185053380783,0.11091340450771056,0.11086990408472744,0.10919335705812575
2024-07-02,0.10124971363115691,0.14438717067583046,0.1013745704467354,0.10544100801832759,0.16494845360824742,0.10710194730813287,0.10692141106695899,0.16494845360824742,0.10710194730813287,0.10705994174504607,0.10544100801832759
2024-07-03,0.10084540787221903,0.14381061038220191,0.10096976611523102,0.10501996577296063,0.16428978893325727,0.10667427267541357,0.10649445734335938,0.16428978893325727,0.10667427267541357,0.1066324348470339,0.10501996577296063
2024-07-04,0.09898208286674177,0.14115341545352744,0.09910414333706608,0.10307950727883539,0.1612541993281075,0.10470324748040315,0.10452675460409314,0.1612541993281075,0.10470324748040315,0.10466218269140563,0.10307950727883539
2024-07-05,0.09990505792596731,0.14246962418762363,0.10002825656965245,0.10404068946029951,0.16275784119807854,0.10567957050014129,0.10550143188635792,0.16275784119807854,0.10567957050014129,0.10563812279562049,0.10404068946029951
2024-07-08,0.10189164265129677,0.14530259365994236,0.10201729106628242,0.10610951008645532,0.16599423631123916,0.10778097982708934,0.10759929897574005,0.16599423631123916,0.10778097982708934,0.10773870794631149,0.10610951008645532
2024-07-09,0.10417324690630528,0.14855627578078964,0.1043017088980554,0.10848556275780791,0.16971125515615793,0.11019446081319978,0.1100087116811485,0.16971125515615793,0.11019446081319978,0.11015124236113757,0.10848556275780791
2024-07-10,0.10611164465786314,0.1513205282112845,0.10624249699879952,0.11050420168067226,0.1728691476590636,0.11224489795918367,0.11205569251074969,0.1728691476590636,0.11224489795918367,0.11220087532223916,0.11050420168067226
2024-07-11,0.10730318664643398,0.15301972685887708,0.10743550834597874,0.11174506828528072,0.1748103186646434,0.11350531107738998,0.11331398101542364,0.1748103186646434,0.11350531107738998,0.11346079410430981,0.11174506828528072
2024-07-12,0.10417324690630528,0.14855627578078964,0.1043017088980554,0.10848556275780791,0.16971125515615793,0.11019446081319978,0.1100087116811485,0.16971125515615793,0.11019446081319978,0.11015124236113757,0.10848556275780791
2024-07-15,0.10466666666666662,0.1492599171107164,0.10479573712255773,0.10899940793368856,0.17051509769094136,0.11071640023682652,0.11052977129834753,0.17051509769094136,0.11071640023682652,0.11067297707924834,0.10899940793368856
2024-07-16,0.1042346698113208,0.1486438679245283,0.10436320754716981,0.10854952830188679,0.16981132075471697,0.11025943396226415,0.11007357530831897,0.16981132075471697,0.11025943396226415,0.11021619002762408,0.10854952830188679
2024-07-17,0.10189164265129677,0.14530259365994236,0.10201729106628242,0.10610951008645532,0.16599423631123916,0.10778097982708934,0.10759929897574005,0.16599423631123916,0.10778097982708934,0.10773870794631149,0.10610951008645532
2024-07-18,0.09953941441441404,0.14194819819819818,0.09966216216216216,0.1036599099099099,0.16216216216216214,0.10529279279279279,0.1051153061502866,0.16216216216216214,0.10529279279279279,0.1052514967831365,0.1036599099099099
2024-07-19,0.10159885057471262,0.14488505747126437,0.10172413793103449,0.10580459770114943,0.16551724137931034,0.10747126436781611,0.10729010558787871,0.16551724137931034,0.10747126436781611,0.10742911395796004,0.10580459770114943
2024-07-22,0.10218612716763008,0.14572254335260115,0.10231213872832369,0.10641618497109825,0.16647398843930636,0.10809248554913295,0.10791027960861792,0.16647398843930636,0.10809248554913295,0.10805009149528927,0.10641618497109825
2024-07-23,0.10371487239659727,0.14790261073628627,0.10384276914051041,0.10800821355236138,0.1689645057201525,0.10970959225579348,0.10952466044171923,0.1689645057201525,0.10970959225579348,0.10966656396999144,0.10800821355236138
2024-07-24,0.10218612716763008,0.14572254335260115,0.10231213872832369,0.10641618497109825,0.16647398843930636,0.10809248554913295,0.10791027960861872,0.16647398843930636,0.10809248554913295,0.10805009149528927,0.10641618497109825
2024-07-25,0.0975887386144084,0.10162848468120343,0.06845155948109302,0.10162848468120343,0.15898426718189346,0.10322936792713222,0.10305535949373944,0.15898426718189346,0.10322936792713222,0.10318888119616365,0.10162848468120343
2024-07-26,0.06533140452393475,0.09684376643871645,0.06522882693319305,0.09684376643871645,0.15149921094160967,0.09836927932667017,0.09820346329453458,0.15149921094160967,0.09836927932667017,0.09833069873058939,0.09684376643871645
2024-07-29,0.06629036562583415,0.09826527888977848,0.06618628235922071,0.09826527888977848,0.15372297838270615,0.0998131838804377,0.09964493393269831,0.15372297838270615,0.0998131838804377,0.09977403698257296,0.09826527888977848
2024-07-30,0.06768119891008177,0.10032697547683923,0.06757493188010899,0.10032697547683923,0.15694822888283377,0.10190735694822887,0.10173557696071335,0.15694822888283377,0.10190735694822887,0.10186738871218007,0.10032697547683923
2024-07-31,0.06655680600214345,0.09866023579849946,0.06645230439442658,0.09866023579849946,0.15434083601286172,0.10021436227224009,0.10004543607873007,0.15434083601286172,0.10021436227224009,0.10017505803153828,0.09866023579849946
2024-08-01,0.06738741182854024,0.09989148128052089,0.06728160607704829,0.09989148128052089,0.1562669560499186,0.10146500271296799,0.10129396837922354,0.1562669560499186,0.10146500271296799,0.10142520796899102,0.09989148128052089
2024-08-02,0.06899722222222208,0.10227777777777777,0.06888888888888889,0.10227777777777777,0.16,0.10388888888888889,0.10371376873494943,0.16,0.10388888888888889,0.1038481434926947,0.10227777777777777
2024-08-05,0.07086733238231108,0.10504992867332383,0.07075606276747504,0.10504992867332383,0.16433666191155494,0.10670470756062769,0.10652484092605362,0.16433666191155494,0.10670470756062769,0.10666285779563507,0.10504992867332383
2024-08-06,0.06920869322931197,0.10259125104485929,0.06910002786291446,0.10259125104485929,0.160490387294511,0.10420730008358875,0.10403164320028364,0.160490387294511,0.10420730008358875,0.10416642980599078,0.10259125104485929
2024-08-07,0.0687679955703211,0.10193798449612404,0.06866002214839424,0.10193798449612404,0.159468438538206,0.10354374307862681,0.10336920471921945,0.159468438538206,0.10354374307862681,0.10350313304919738,0.10193798449612404
2024-08-08,0.06709616423554843,0.09945975148568341,0.06699081577525662,0.09945975148568341,0.15559157212317665,0.10102647217720151,0.10085617705181468,0.15559157212317665,0.10102647217720151,0.10098684942563502,0.09945975148568341
2024-08-09,0.06716873985938336,0.0995673336938886,0.0670632774472688,0.0995673336938886,0.15575987020010817,0.10113574905354247,0.1009652697257485,0.15575987020010817,0.10113574905354247,0.10109608344340208,0.0995673336938886
2024-08-12,0.06822026915682526,0.10112606426805823,0.06811315572644878,0.10112606426805823,0.15819829717110684,0.10271903323262842,0.10254588504416863,0.15819829717110684,0.10271903323262842,0.10267874665578164,0.10112606426805823
2024-08-13,0.06415030991735549,0.09509297520661157,0.0640495867768595,0.09509297520661157,0.1487603305785124,0.0965909090909091,0.0964280907659654,0.1487603305785124,0.0965909090909091,0.09655302597461284,0.09509297520661157
2024-08-14,0.06465122332118682,0.09583550234252992,0.06454971369078605,0.09583550234252992,0.14992191566892243,0.09734513274336283,0.09718104306242074,0.14992191566892243,0.09734513274336283,0.09730695381928706,0.09583550234252992
2024-08-15,0.0626140660448701,0.09281572977060751,0.06251575497857323,0.09281572977060751,0.14519788253087976,0.09427779178220318,0.09411887256007512,0.14519788253087976,0.09427779178220318,0.09424081587438893,0.09281572977060751
2024-08-16,0.0625825144872762,0.0927689594356261,0.06248425296044344,0.0927689594356261,0.14512471655328799,0.0942302847064752,0.09407144556457998,0.14512471655328799,0.0942302847064752,0.09419332743101559,0.0927689594356261
2024-08-19,0.06142185954500499,0.09104846686449061,0.06132542037586548,0.09104846686449061,0.142433234421365,0.09248269040553908,0.0923267970934268,0.142433234421365,0.09248269040553908,0.09244641853949083,0.09104846686449061
2024-08-20,0.06240954773869341,0.09251256281407036,0.062311557788944726,0.09251256281407036,0.14472361809045226,0.09396984924623117,0.09381144910698944,0.14472361809045226,0.09396984924623117,0.09393299411399521,0.09251256281407036
2024-08-21,0.06219078617926879,0.09218828242363546,0.06209313970956435,0.09218828242363546,0.1442163244867301,0.09364046069103657,0.09348261578513219,0.1442163244867301,0.09364046069103657,0.09360373474554354,0.09218828242363546
2024-08-22,0.062393870886711764,0.0924893242903793,0.062295905551369,0.0924893242903793,0.1446872645064054,0.09394624466214518,0.0937878843119368,0.1446872645064054,0.09394624466214518,0.09390939878766663,0.0924893242903793
2024-08-23,0.061574119980168415,0.09127416955875062,0.06147744174516608,0.09127416955875062,0.14278631631135347,0.09271194843827467,0.09255566867769409,0.14278631631135347,0.09271194843827467,0.09267558665684206,0.09127416955875062
2024-08-26,0.061727137176938424,0.09150099403578528,0.06163021868787276,0.09150099403578528,0.14314115308151093,0.09294234592445329,0.09278567779468698,0.14314115308151093,0.09294234592445329,0.09290589378074077,0.09150099403578528
2024-08-27,0.059737854737854645,0.08855218855218855,0.059644059644059645,0.08855218855218855,0.13852813852813853,0.08994708994708996,0.08979547076619054,0.13852813852813853,0.08994708994708996,0.08991181254778761,0.08855218855218855
2024-08-28,0.05956594724220621,0.08829736211031174,0.059472422062350115,0.08829736211031174,0.1381294964028777,0.08968824940047962,0.0895370665337693,0.1381294964028777,0.08968824940047962,0.08965307351887311,0.08829736211031174
2024-08-29,0.05686584249084241,0.0842948717948718,0.056776556776556776,0.0842948717948718,0.13186813186813187,0.08562271062271062,0.08547838082550778,0.13186813186813187,0.08562271062271062,0.0855891292522209,0.0842948717948718
2024-08-30,0.05872104018912521,0.08704491725768322,0.05862884160756501,0.08704491725768322,0.13617021276595745,0.08841607565011822,0.08826703722123357,0.13617021276595745,0.08841607565011822,0.08838139871718698,0.08704491725768322
2024-09-02,0.059737854737854645,0.08855218855218855,0.059644059644059645,0.08855218855218855,0.13852813852813853,0.08994708994708996,0.08979547076619054,0.13852813852813853,0.08994708994708996,0.08991181254778761,0.08855218855218855
2024-09-03,0.061391497775580735,0.09100346020761245,0.06129510627780524,0.09100346020761245,0.14236282748393475,0.09243697478991597,0.09228115853826505,0.14236282748393475,0.09243697478991597,0.09240072085360872,0.09100346020761245
2024-09-04,0.0648876698014629,0.09618599791013584,0.06478578892371996,0.09618599791013584,0.15047021943573666,0.09770114942528736,0.0975364596253443,0.15047021943573666,0.09770114942528736,0.09766283087087274,0.09618599791013584
2024-09-05,0.06492158912702574,0.09623627809722948,0.06481965499215891,0.09623627809722948,0.1505488761108207,0.09775222164140095,0.09758744575165199,0.1505488761108207,0.09775222164140095,0.09771388305637765,0.09623627809722948
2024-09-06,0.06801478641840078,0.10082146768893756,0.06790799561883899,0.10082146768893756,0.15772179627601313,0.10240963855421686,0.10223701189644523,0.15772179627601313,0.10240963855421686,0.10236947332248107,0.10082146768893756
2024-09-09,0.06880609418282557,0.10199445983379501,0.06869806094182825,0.10199445983379501,0.1595567867036011,0.103601108033241,0.10342647297668088,0.1595567867036011,0.103601108033241,0.1035604755051803,0.10199445983379501
2024-09-10,0.0699690140845072,0.10371830985915492,0.06985915492957746,0.10371830985915492,0.16225352112676056,0.10535211267605635,0.10517452604107548,0.16225352112676056,0.10535211267605635,0.1053107934010425,0.10371830985915492
2024-09-11,0.07735596387418248,0.11466832762379321,0.07723450638430396,0.11466832762379321,0.1793833696667705,0.11647461849891001,0.11627828322822205,0.1793833696667705,0.11647461849891001,0.11642893695848673,0.11466832762379321
2024-09-12,0.07968880333654171,0.11812640359319858,0.07956368302855309,0.11812640359319858,0.18479307025986524,0.11998716714789862,0.1197849109547058,0.18479307025986524,0.11998716714789862,0.11994010798001312,0.11812640359319858
2024-09-13,0.07762187499999978,0.1150625,0.0775,0.1150625,0.18,0.116875,0.11667798982681905,0.18,0.116875,0.11682916142928153,0.1150625
2024-09-16,0.07635720873040244,0.11318782662158007,0.07623731939747924,0.11318782662158007,0.1770673224715647,0.11497079618813404,0.11477699583332861,0.1770673224715647,0.11497079618813404,0.11492570444933935,0.11318782662158007
2024-09-17,0.0763806888068879,0.11322263222632226,0.07626076260762607,0.11322263222632226,0.17712177121771217,0.11500615006150061,0.11481229011249106,0.17712177121771217,0.11500615006150061,0.11496104445685758,0.11322263222632226
2024-09-18,0.07612319950965372,0.11284094391664112,0.07600367759730309,0.11284094391664112,0.1765246705485749,0.11461844927980386,0.11442524285805025,0.1765246705485749,0.11461844927980386,0.11457349573205665,0.11284094391664112
2024-09-19,0.07394760345340898,0.10961595713009822,0.07383149746948496,0.10961595713009822,0.17147960702590054,0.11134266150640071,0.11115497691152663,0.17147960702590054,0.11134266150640071,0.11129899272810385,0.10961595713009822
2024-09-20,0.07427930622009554,0.11010765550239235,0.07416267942583732,0.11010765550239235,0.1722488038277512,0.11184210526315791,0.11165357878164413,0.1722488038277512,0.11184210526315791,0.11179824060218328,0.11010765550239235
2024-09-23,0.07556738667477966,0.11201703681168239,0.07544873745056282,0.11201703681168239,0.17523577730453302,0.11378156373592943,0.11358976800907238,0.17523577730453302,0.11378156373592943,0.11373693841609399,0.11201703681168239
2024-09-24,0.07425710014947658,0.11007473841554558,0.0741405082212257,0.11007473841554558,0.17219730941704034,0.11180866965620329,0.1116201995353716,0.17219730941704034,0.11180866965620329,0.11176481810872971,0.11007473841554558
2024-09-25,0.0754296993622839,0.11181293653203765,0.07531126632250228,0.11181293653203765,0.17491648952323108,0.1135742484057091,0.11338280213963498,0.17491648952323108,0.1135742484057091,0.11352970439529332,0.11181293653203765
2024-09-26,0.0745915915915915,0.11057057057057058,0.07447447447447449,0.11057057057057058,0.17297297297297298,0.11231231231231233,0.11212299322697236,0.17297297297297298,0.11231231231231233,0.11226826323534563,0.11057057057057058
2024-09-27,0.07222739168362909,0.10706600756033731,0.0721139866240186,0.10706600756033731,0.1674905495783658,0.10875254434428613,0.10856922577662634,0.1674905495783658,0.10875254434428613,0.10870989141427766,0.10706600756033731
2024-09-30,0.0712535857716581,0.10562248995983936,0.07114170969592656,0.05645438898450947,0.16523235800344233,0.10728628800917958,0.10710544103437118,0.16523235800344233,0.10728628800917958,0.10724421014736113,0.05645438898450947
2024-10-01,0.075406800242866,0.11177899210686097,0.07528840315725562,0.05974499089253188,0.17486338797814208,0.11353976927747421,0.11334838113109227,0.17486338797814208,0.11353976927747421,0.11349523878983027,0.05974499089253188
2024-10-02,0.07407992842230857,0.10981210855949895,0.07396361467342678,0.05869370712794512,0.17178645988666863,0.11154190277363556,0.111353882328011,0.17178645988666863,0.11154190277363556,0.11149815585258004,0.05869370712794512
2024-10-03,0.07372810923122583,0.10929059067972693,0.07361234787770853,0.05841495992876225,0.1709706144256456,0.1110121697833185,0.11082504228133597,0.1709706144256456,0.1110121697833185,0.11096863062442888,0.05841495992876225
2024-10-04,0.07222739168362909,0.10706600756033731,0.0721139866240186,0.057225937772608315,0.1674905495783658,0.10875254434428613,0.10856922577662716,0.1674905495783658,0.10875254434428613,0.10870989141427766,0.057225937772608315
2024-10-07,0.0718929088277857,0.10657018813314038,0.07178002894356006,0.05696092619392185,0.16671490593342983,0.10824891461649784,0.1080664449915545,0.16671490593342983,0.10824891461649784,0.10820645921091199,0.05696092619392185
2024-10-08,0.075406800242866,0.11177899210686097,0.07528840315725562,0.05974499089253188,0.17486338797814208,0.11353976927747421,0.11334838113109227,0.17486338797814208,0.11353976927747421,0.11349523878983027,0.05974499089253188
2024-10-09,0.0752696969696972,0.11157575757575758,0.07515151515151515,0.05963636363636363,0.17454545454545453,0.11333333333333334,0.11314229316540027,0.17454545454545453,0.11333333333333334,0.11328888381021239,0.05963636363636363
2024-10-10,0.07407992842230857,0.10981210855949895,0.07396361467342678,0.05869370712794512,0.17178645988666863,0.11154190277363556,0.11135388232801012,0.17178645988666863,0.11154190277363556,0.11149815585258004,0.05869370712794512
2024-10-11,0.07245915985997661,0.10740956826137689,0.07234539089848308,0.05740956826137689,0.16802800466744455,0.10910151691948658,0.10891761010671552,0.16802800466744455,0.10910151691948658,0.10905872712184973,0.05740956826137689
2024-10-14,0.0730773756987351,0.10832597822889084,0.07296263606943218,0.05789938217122683,0.16946160635481022,0.11003236245954692,0.10984688656834893,0.16946160635481022,0.11003236245954692,0.10998920758273047,0.05789938217122683
2024-10-15,0.07671093267449033,0.11371216800494131,0.0765904879555281,0.06077825818406423,0.17788758492896847,0.11550339715873996,0.11530869902588572,0.17788758492896847,0.11550339715873996,0.1154580965329527,0.06077825818406423
2024-10-16,0.07762187499999978,0.1150625,0.0775,0.0615,0.18,0.116875,0.11667798982681905,0.18,0.116875,0.11682916142928153,0.0615
2024-10-17,0.07784080225634597,0.11538702601065497,0.07771858351613914,0.06167345659667815,0.18050767784393607,0.11720463804450017,0.11700707221743059,0.18050767784393607,0.11720463804450017,0.11715867018918862,0.06167345659667815
2024-10-18,0.08122629169391776,0.12040549378678876,0.08109875735775017,0.06435578809679529,0.18835840418574232,0.12230215827338131,0.12209599981877735,0.18835840418574232,0.12230215827338131,0.1222541911620997,0.06435578809679529
2024-10-21,0.0821667217995366,0.12179953688389017,0.08203771088322857,0.06510089315249752,0.19053919947072442,0.12371816076744956,0.12350961543030697,0.19053919947072442,0.12371816076744956,0.12366963829761855,0.06510089315249752
2024-10-22,0.08077723577235751,0.11973983739837399,0.08065040650406503,0.064,0.1873170731707317,0.1216260162601626,0.12142099754335543,0.1873170731707317,0.1216260162601626,0.12157831433291086,0.064
2024-10-23,0.08149278215223082,0.1208005249343832,0.08136482939632546,0.06456692913385827,0.1889763779527559,0.12270341207349082,0.12249657724600327,0.1889763779527559,0.12270341207349082,0.12265528758979688,0.06456692913385827
2024-10-24,0.08630646282140352,0.06838082001389853,0.03961084086170952,0.06838082001389853,0.2001389854065323,0.1299513551077137,0.1297323027956282,0.2001389854065323,0.1299513551077137,0.12990038796862435,0.06838082001389853
2024-10-25,0.03864638269100748,0.0665314401622718,0.038539553752535496,0.0665314401622718,0.1947261663286004,0.12643678160919541,0.1262236536327996,0.1947261663286004,0.12643678160919541,0.12638719289171768,0.0665314401622718
2024-10-28,0.03825836680053549,0.06586345381526104,0.038152610441767064,0.06586345381526104,0.1927710843373494,0.1251673360107095,0.12495634787343306,0.1927710843373494,0.1251673360107095,0.12511824517192133,0.06586345381526104
2024-10-29,0.03781541515051276,0.06510089315249752,0.03771088322858088,0.06510089315249752,0.19053919947072442,0.12371816076744956,0.12350961543030697,0.19053919947072442,0.12371816076744956,0.12366963829761855,0.06510089315249752
2024-10-30,0.03892271024855295,0.06700715015321757,0.038815117466802856,0.06700715015321757,0.1961184882533197,0.12734082397003746,0.12712617209595548,0.1961184882533197,0.12734082397003746,0.1272908806856319,0.06700715015321757
2024-10-31,0.03893596730245231,0.0670299727520436,0.0388283378746594,0.0670299727520436,0.19618528610354224,0.12738419618528612,0.1271694712008928,0.19618528610354224,0.12738419618528612,0.1273342358902251,0.0670299727520436
2024-11-01,0.040841729188996034,0.07031082529474812,0.04072883172561629,0.07031082529474812,0.2057877813504823,0.13361914969632013,0.13339391477163917,0.2057877813504823,0.13361914969632013,0.13356674404205104,0.07031082529474812
2024-11-04,0.04056635911994321,0.06983676366217176,0.04045422285308729,0.06983676366217176,0.20440028388928316,0.1327182398864443,0.13249452357907077,0.20440028388928316,0.1327182398864443,0.13266618757051132,0.06983676366217176
2024-11-05,0.04062402274342568,0.06993603411513859,0.04051172707889125,0.06993603411513859,0.2046908315565032,0.13290689410092396,0.1326828597888479,0.2046908315565032,0.13290689410092396,0.13285476779449215,0.06993603411513859
2024-11-06,0.04384963559647111,0.07548906789413118,0.04372842347525891,0.07548906789413118,0.22094361334867663,0.14345991561181434,0.14321809261443103,0.22094361334867663,0.14345991561181434,0.14340365039267391,0.07548906789413118
2024-11-07,0.04307309721175587,0.07415222305953278,0.042954031650339106,0.07415222305953278,0.21703089675960813,0.1409193669932178,0.14068182646790428,0.21703089675960813,0.1409193669932178,0.14086409818149997,0.07415222305953278
2024-11-08,0.04455027279812936,0.07669524551831644,0.04442712392829306,0.07669524551831644,0.2244738893219018,0.14575214341387374,0.14550645652603975,0.2244738893219018,0.14575214341387374,0.14569497917915078,0.07669524551831644
2024-11-11,0.043582157834540655,0.07502859321387724,0.04346168509340449,0.07502859321387724,0.21959588257720167,0.1425848265345025,0.14234447862974378,0.21959588257720167,0.1425848265345025,0.1425289045267636,0.07502859321387724
2024-11-12,0.0443085271317829,0.07627906976744185,0.0441860465116279,0.07627906976744185,0.22325581395348837,0.1449612403100775,0.14471688660690693,0.22325581395348837,0.1449612403100775,0.1449043862688763,0.07627906976744185
2024-11-13,0.042847076461769114,0.07376311844077961,0.04272863568215892,0.07376311844077961,0.21589205397301348,0.1401799100449775,0.13994361598418967,0.21589205397301348,0.1401799100449775,0.14012493124951308,0.07376311844077961
2024-11-14,0.04152415546676354,0.07148565201598256,0.04140937159462404,0.07148565201598256,0.20922629858336358,0.13585179803850345,0.1356227996534041,0.20922629858336358,0.13585179803850345,0.1357985167358158,0.07148565201598256
2024-11-15,0.041509077705156154,0.07145969498910676,0.04139433551198257,0.07145969498910676,0.20915032679738563,0.1358024691358025,0.13557355390189596,0.20915032679738563,0.1358024691358025,0.13574920717999306,0.07145969498910676
2024-11-18,0.04112086330935246,0.07079136690647482,0.04100719424460431,0.07079136690647482,0.20719424460431654,0.13453237410071942,0.13430559980065393,0.20719424460431654,0.13453237410071942,0.13447961027830968,0.07079136690647482
2024-11-19,0.04184333821376278,0.07203513909224012,0.041727672035139086,0.07203513909224012,0.21083455344070276,0.136896046852123,0.13666528823053498,0.21083455344070276,0.136896046852123,0.13684235599330194,0.07203513909224012
2024-11-20,0.04106178160919539,0.0706896551724138,0.040948275862068964,0.0706896551724138,0.20689655172413793,0.1343390804597701,0.13411263198484966,0.20689655172413793,0.1343390804597701,0.13428639244745003,0.0706896551724138
2024-11-21,0.040209637706647976,0.06922265212803377,0.04009848751319029,0.06922265212803377,0.202602884277172,0.1315511783327471,0.13132942928097832,0.202602884277172,0.1315511783327471,0.13149958374030984,0.06922265212803377
2024-11-22,0.04004063047285466,0.06893169877408056,0.039929947460595444,0.06893169877408056,0.20175131348511383,0.13099824868651488,0.13077743167979733,0.20175131348511383,0.13099824868651488,0.1309468709540108,0.06893169877408056
2024-11-25,0.04032310405643738,0.06941798941798942,0.040211640211640205,0.06941798941798942,0.20317460317460315,0.13192239858906527,0.13170002379041199,0.20317460317460315,0.13192239858906527,0.13187065840342183,0.06941798941798942
2024-11-26,0.04062402274342568,0.06993603411513859,0.04051172707889125,0.06993603411513859,0.2046908315565032,0.13290689410092396,0.1326828597888491,0.2046908315565032,0.13290689410092396,0.13285476779449215,0.06993603411513859
2024-11-27,0.040266290947516756,0.0693201831630856,0.04015498414934836,0.0693201831630856,0.20288834096512856,0.1317365269461078,0.13151446546171822,0.20288834096512856,0.1317365269461078,0.13168485965963397,0.0693201831630856
2024-11-28,0.04013904494382018,0.06910112359550562,0.04002808988764044,0.06910112359550562,0.20224719101123595,0.13132022471910113,0.13109886497395412,0.20224719101123595,0.13132022471910113,0.1312687207070579,0.06910112359550562
2024-11-29,0.039679278028462286,0.06830961471711211,0.039569593891010064,0.06830961471711211,0.19993057965984035,0.1298160360985769,0.12959721188678167,0.19993057965984035,0.1298160360985769,0.12976512203182955,0.06830961471711211
2024-12-02,0.039693055555555495,0.06833333333333333,0.03958333333333333,0.06833333333333333,0.19999999999999998,0.12986111111111112,0.12964221091868677,0.19999999999999998,0.12986111111111112,0.12981017936586836,0.06833333333333333
2024-12-03,0.04087093314265279,0.07036110117983554,0.040757954951733996,0.07036110117983554,0.20593493028244547,0.13371469431533786,0.1334892983360093,0.20593493028244547,0.13371469431533786,0.13366225118830924,0.07036110117983554
2024-12-04,0.04224538063562459,0.07272727272727272,0.04212860310421286,0.07272727272727272,0.21286031042128603,0.13821138211382114,0.13797840629926755,0.21286031042128603,0.13821138211382114,0.1381571753783078,0.07272727272727272
2024-12-05,0.04338368121442125,0.07468690702087286,0.04326375711574952,0.07468690702087286,0.21859582542694495,0.14193548387096774,0.14169623052972358,0.21859582542694495,0.14193548387096774,0.14187981653650886,0.07468690702087286
2024-12-09,0.043170694864048294,0.0743202416918429,0.04305135951661631,0.0743202416918429,0.2175226586102719,0.14123867069486407,0.14100059193573186,0.2175226586102719,0.14123867069486407,0.14118327665169972,0.0743202416918429
2024-12-10,0.04307309721175587,0.07415222305953278,0.042954031650339106,0.07415222305953278,0.21703089675960813,0.1409193669932178,0.14068182646790428,0.21703089675960813,0.1409193669932178,0.14086409818149997,0.07415222305953278
2024-12-11,0.043416635017090754,0.07474363843524497,0.04329661982529434,0.07474363843524497,0.2187618685909609,0.14204329661982532,0.14180386154417698,0.2187618685909609,0.14204329661982532,0.1419875870010258,0.07474363843524497
2024-12-12,0.044377329192546486,0.07639751552795031,0.04425465838509316,0.07639751552795031,0.22360248447204967,0.14518633540372672,0.14494160226933972,0.22360248447204967,0.14518633540372672,0.14512939307985281,0.07639751552795031
2024-12-13,0.045202056148675306,0.07781731909845789,0.045077105575326216,0.07781731909845789,0.2277580071174377,0.1478845393436141,0.14763525798569316,0.2277580071174377,0.1478845393436141,0.14782653877963658,0.07781731909845789
2024-12-16,0.046413317092976,0.07990255785627284,0.04628501827040195,0.07990255785627284,0.23386114494518878,0.15184734064149413,0.1515913793933489,0.23386114494518878,0.15184734064149413,0.1517877858602115,0.07990255785627284
2024-12-17,0.046697712418300626,0.08039215686274509,0.046568627450980386,0.08039215686274509,0.23529411764705882,0.1527777777777778,0.15252024813963153,0.23529411764705882,0.1527777777777778,0.1527178580774922,0.08039215686274509
2024-12-18,0.048957601713062134,0.08428265524625267,0.04882226980728051,0.08428265524625267,0.24668094218415415,0.1601713062098501,0.15990131368129268,0.24668094218415415,0.1601713062098501,0.16010848675533226,0.08428265524625267
2024-12-19,0.04989786119598417,0.0859013531209079,0.04975993016150152,0.0859013531209079,0.25141859450021825,0.16324749017896117,0.16297231228538542,0.25141859450021825,0.16324749017896117,0.1631834642399393,0.0859013531209079
2024-12-20,0.050920267260579,0.08766146993318485,0.05077951002227171,0.08766146993318485,0.25657015590200444,0.16659242761692653,0.16631161133444008,0.25657015590200444,0.16659242761692653,0.16652708978784003,0.08766146993318485
2024-12-23,0.05123980277902284,0.08821156432093231,0.051098162259076645,0.08821156432093231,0.2581801882563873,0.16763783056925147,0.16735525210480431,0.2581801882563873,0.16763783056925147,0.16757208273137647,0.08821156432093231
2024-12-27,0.0485006364022063,0.0834959694526941,0.04836656767076792,0.0834959694526941,0.24437844717861687,0.15867628341111584,0.15840881096555703,0.24437844717861687,0.15867628341111584,0.15861405030704323,0.0834959694526941
2024-12-30,0.047140618556700924,0.08115463917525773,0.04701030927835051,0.08115463917525773,0.23752577319587628,0.15422680412371134,0.15396683193641977,0.23752577319587628,0.15422680412371134,0.15416631611286635,0.08115463917525773
2025-01-02,0.045891609795263036,0.07900441589723002,0.04576475311120032,0.0155760738659173,0.23123243677238056,0.15014050582095545,0.14988742169643451,0.23123243677238056,0.15014050582095545,0.15008162046314769,0.0155760738659173
2025-01-03,0.04376569678407344,0.07534456355283307,0.04364471669218989,0.014854517611026031,0.22052067381316998,0.14318529862174578,0.142943938532091,0.22052067381316998,0.14318529862174578,0.14312914110784872,0.014854517611026031
2025-01-07,0.04307309721175587,0.07415222305953278,0.042954031650339106,0.014619442351168048,0.21703089675960813,0.1409193669932178,0.14068182646790564,0.21703089675960813,0.1409193669932178,0.14086409818149997,0.014619442351168048
2025-01-08,0.04463725107379922,0.07684498242873877,0.044513861772745016,0.015150331901600936,0.22491214369386958,0.14603670441233893,0.1457905378546745,0.22491214369386958,0.14603670441233893,0.14597942857231586,0.015150331901600936
2025-01-09,0.044988587170405436,0.07744982290436836,0.0448642266824085,0.01526957890594254,0.22668240850059032,0.1471861471861472,0.14693804307194847,0.22668240850059032,0.1471861471861472,0.14712842053274336,0.01526957890594254
2025-01-10,0.04650772986167626,0.08006509357200976,0.046379170056956874,0.015785191212367777,0.23433685923515055,0.15215622457282346,0.15189974265493017,0.23433685923515055,0.15215622457282346,0.15209654864674568,0.015785191212367777
2025-01-13,0.045006299212598494,0.07748031496062993,0.04488188976377953,0.015275590551181101,0.22677165354330708,0.14724409448818898,0.14699589269520483,0.22677165354330708,0.14724409448818898,0.14718634510775627,0.015275590551181101
2025-01-14,0.04534549781832611,0.07806426021420071,0.04522015073383578,0.015390717969059895,0.22848076160253866,0.14835382784609283,0.14810375543269272,0.22848076160253866,0.14835382784609283,0.14829564322637878,0.015390717969059895
2025-01-15,0.04376569678407344,0.07534456355283307,0.04364471669218989,0.014854517611026031,0.22052067381316998,0.14318529862174578,0.1429439385320896,0.22052067381316998,0.14318529862174578,0.14312914110784872,0.014854517611026031
2025-01-16,0.045562375448385706,0.07843762455161418,0.04543642885611797,0.015464328417696292,0.22957353527301713,0.14906337186129934,0.14881210340606535,0.22957353527301713,0.14906337186129934,0.1490049089572343,0.015464328417696292
2025-01-17,0.04514849921011056,0.07772511848341232,0.04502369668246445,0.015323854660347549,0.22748815165876776,0.1477093206951027,0.14746033469424183,0.22748815165876776,0.1477093206951027,0.14765138885217255,0.015323854660347549
2025-01-20,0.04493553459119489,0.07735849056603773,0.04481132075471698,0.015251572327044024,0.22641509433962262,0.1470125786163522,0.14676476707775984,0.22641509433962262,0.1470125786163522,0.1469549200368321,0.015251572327044024
2025-01-21,0.044411810411810485,0.07645687645687646,0.04428904428904429,0.015073815073815073,0.22377622377622378,0.1452991452991453,0.14505422200692272,0.22377622377622378,0.1452991452991453,0.14524215873104154,0.015073815073815073
2025-01-22,0.04484739113377793,0.07720674774421342,0.04472342094939192,0.015221655551196547,0.22597096900745392,0.1467242055708121,0.14647688012782306,0.22597096900745392,0.1467242055708121,0.14666666009168336,0.015221655551196547
2025-01-23,0.044069390902081645,0.07586738627602159,0.04394757131842714,0.01495759444872783,0.2220508866615266,0.14417887432536622,0.14393583941627539,0.2220508866615266,0.14417887432536622,0.14412232712941436,0.01495759444872783
2025-01-24,0.04374894756984304,0.07531572904707233,0.04362801377726751,0.01484883275928052,0.22043628013777267,0.14313050133945657,0.14288923361875927,0.22043628013777267,0.14313050133945657,0.1430743653171454,0.01484883275928052
2025-01-27,0.043933897002305926,0.07563412759415834,0.043812451960030745,0.014911606456571866,0.22136817832436587,0.14373558800922367,0.14349330032506455,0.22136817832436587,0.14373558800922367,0.14367921467090733,0.014911606456571866
2025-01-28,0.044567641325536034,0.07672514619883042,0.044444444444444446,0.015126705653021441,0.22456140350877193,0.14580896686159844,0.14556318418940317,0.22456140350877193,0.14580896686159844,0.14575178034062414,0.015126705653021441
2025-01-29,0.045891609795263036,0.07900441589723002,0.04576475311120032,0.0155760738659173,0.23123243677238056,0.15014050582095545,0.14988742169643438,0.23123243677238056,0.15014050582095545,0.15008162046314769,0.0155760738659173
2025-01-30,0.04609516129032254,0.07935483870967741,0.04596774193548386,0.01564516129032258,0.23225806451612901,0.15080645161290324,0.15055224493782982,0.23225806451612901,0.15080645161290324,0.15074730507004067,0.01564516129032258
2025-01-31,0.04671679607682873,0.08042501021659175,0.046587658357172046,0.015856150388230485,0.23539027380465877,0.15284021250510832,0.15258257762395505,0.23539027380465877,0.15284021250510832,0.1527802683178181,0.015856150388230485
2025-02-03,0.04813305263157884,0.08286315789473685,0.047999999999999994,0.016336842105263157,0.24252631578947367,0.15747368421052632,0.15720823892455493,0.24252631578947367,0.15747368421052632,0.15741192276787405,0.016336842105263157
2025-02-04,0.04799160369437446,0.08261964735516372,0.047858942065491177,0.01628883291351805,0.24181360201511334,0.1570109151973132,0.15674624997725353,0.24181360201511334,0.1570109151973132,0.15694933525344285,0.01628883291351805
2025-02-05,0.04864510638297873,0.08374468085106383,0.04851063829787234,0.01651063829787234,0.2451063829787234,0.15914893617021278,0.15888066699822043,0.2451063829787234,0.15914893617021278,0.15908651769093654,0.01651063829787234
2025-02-06,0.04876962457337876,0.08395904436860067,0.048634812286689415,0.016552901023890784,0.2457337883959044,0.15955631399317405,0.15928735812534914,0.2457337883959044,0.15955631399317405,0.15949373573963346,0.016552901023890784
2025-02-07,0.04887387772552382,0.08413852073535699,0.04873877725523727,0.01658828559213339,0.2462590850790936,0.15989739204788372,0.15962786124233347,0.2462590850790936,0.15989739204788372,0.15983468002295892,0.01658828559213339
2025-02-10,0.048173619890434144,0.0829329962073325,0.04804045512010113,0.016350611040876525,0.2427307206068268,0.15760640539401602,0.15734073638677554,0.2427307206068268,0.15760640539401602,0.15754459189789333,0.016350611040876525
2025-02-11,0.049466032020770156,0.08515794028559065,0.04932929467762873,0.016789268714842057,0.24924275205538726,0.16183470359151883,0.16156190715959257,0.24924275205538726,0.16183470359151883,0.1617712317497624,0.016789268714842057
2025-02-12,0.05013859649122804,0.0863157894736842,0.049999999999999996,0.01701754385964912,0.25263157894736843,0.16403508771929826,0.16375858221307804,0.25263157894736843,0.16403508771929826,0.16397075288320215,0.01701754385964912
2025-02-13,0.05603725490196064,0.019019607843137255,-0.012745098039215688,0.019019607843137255,0.01666666666666667,-0.011764705882352941,-0.011980699157486391,0.01666666666666667,-0.011764705882352941,-0.011996221720850363,0.019019607843137255
2025-02-14,0.05459216809933135,0.018529130850047756,-0.012416427889207259,0.018529130850047752,0.01623686723973257,-0.011461318051575931,-0.011671741299556927,0.01623686723973257,-0.011461318051575931,-0.01168686356759061,0.018529130850047752
2025-02-17,0.05920654650921914,0.020095297286099028,-0.013465920861818935,0.020095297286099024,0.017609281126993993,-0.012430080795525171,-0.012658289973727059,0.017609281126993993,-0.012430080795525171,-0.01267469044465234,0.020095297286099024
2025-02-18,0.05935410176531664,0.020145379023883695,-0.013499480789200415,0.02014537902388369,0.017653167185877467,-0.01246105919003115,-0.012689837113848515,0.017653167185877467,-0.01246105919003115,-0.012706278458221566,0.02014537902388369
2025-02-19,0.06275581906016701,0.021299956082564776,-0.01427316644707949,0.021299956082564773,0.018664909969257796,-0.013175230566534912,-0.013417120268594774,0.018664909969257796,-0.013175230566534912,-0.013434503903455608,0.021299956082564773
2025-02-20,0.06372129319955402,0.021627647714604237,-0.014492753623188406,0.021627647714604233,0.0189520624303233,-0.01337792642140468,-0.013623537503496213,0.0189520624303233,-0.01337792642140468,-0.013641188578893387,0.021627647714604233
2025-02-21,0.06387796155565507,0.02168082253017434,-0.014528386231560124,0.021680822530174337,0.018998658918194012,-0.013410818059901653,-0.013657033013674701,0.018998658918194012,-0.013410818059901653,-0.013674727486887984,0.021680822530174337
2025-02-24,0.0638066532708192,0.02165661978120116,-0.014512167894619335,0.021656619781201158,0.018977450323732978,-0.013395847287340924,-0.013641787386287255,0.018977450323732978,-0.013395847287340924,-0.013659462106795455,0.021656619781201158
2025-02-25,0.06212826086956508,0.02108695652173913,-0.014130434782608697,0.021086956521739128,0.018478260869565222,-0.013043478260869566,-0.013282949065908807,0.018478260869565222,-0.013043478260869566,-0.013300158864421055,0.021086956521739128
2025-02-26,0.06177907479463918,0.020968439256376998,-0.014051015996541287,0.020968439256376994,0.01837440553393861,-0.012970168612191958,-0.013208293493986277,0.01837440553393861,-0.012970168612191958,-0.013225406566436844,0.020968439256376994
2025-02-27,0.06502616609783836,0.02207053469852105,-0.014789533560864621,0.022070534698521046,0.01934015927189989,-0.013651877133105802,-0.013902517793670199,0.01934015927189989,-0.013651877133105802,-0.013920530324536258,0.022070534698521046
2025-02-28,0.06647825075598988,0.022563386834147475,-0.015119795301232844,0.02256338683414747,0.01977204000930449,-0.013956734124214932,-0.014212971784875673,0.01977204000930449,-0.013956734124214932,-0.014231386549508453,0.02256338683414747
2025-03-03,0.06647825075598988,0.022386337410570042,-0.01500115393491807,0.02238633741057004,0.019616893607200554,-0.013847219016847448,-0.014101446042737274,0.019616893607200554,-0.013847219016847448,-0.014119716311178592,0.02238633741057004
2025-03-04,0.06647825075598988,0.02244331328088848,-0.015039333641832485,0.022443313280888475,0.019666820916242483,-0.013882461823229985,-0.014137335886899702,0.019666820916242483,-0.013882461823229985,-0.014155652655330135,0.022443313280888475
2025-03-05,0.06647825075598988,0.02185669220369536,-0.014646237043713387,0.021856692203695356,0.019152771518702122,-0.013519603424966201,-0.013767815615858612,0.019152771518702122,-0.013519603424966201,-0.013785653622428312,0.021856692203695356
2025-03-06,0.06647825075598988,0.021346830985915496,-0.014304577464788734,0.021346830985915492,0.01870598591549296,-0.013204225352112678,-0.01344664738186191,0.01870598591549296,-0.013204225352112678,-0.013464069272961454,0.021346830985915492
2025-03-07,0.06647825075598988,0.02158913866013799,-0.014466948586690407,0.021589138660137987,0.018918317382595147,-0.013354106387714221,-0.013599280147603053,0.018918317382595147,-0.013354106387714221,-0.013616899794421732,0.021589138660137987
2025-03-10,0.06647825075598988,0.020869191049913943,-0.013984509466437178,0.02086919104991394,0.018287435456110158,-0.012908777969018933,-0.013145775753696324,0.018287435456110158,-0.012908777969018933,-0.013162807826234262,0.02086919104991394
2025-03-11,,0.021267265950449463,-0.014251260688445518,0.02126726595044946,0.018636263977197986,-0.0131550098662574,-0.013396528327818595,0.018636263977197986,-0.0131550098662574,-0.013413885283125815,0.02126726595044946
2025-03-12,,0.021479185119574844,-0.014393268379096547,0.02147918511957484,0.018821966341895483,-0.013286093888396812,-0.013530018977675067,0.018821966341895483,-0.013286093888396812,-0.01354754888758566,0.02147918511957484
2025-03-13,,0.022045454545454545,-0.014772727272727272,0.02204545454545454,0.019318181818181818,-0.013636363636363634,-0.013886719477995572,0.019318181818181818,-0.013636363636363634,-0.013904711540076555,0.02204545454545454
2025-03-14,,0.02150776053215078,-0.014412416851441243,0.021507760532150776,0.018847006651884702,-0.013303769401330377,-0.01354801900292251,0.018847006651884702,-0.013303769401330377,-0.013565572234221031,0.021507760532150776
2025-03-17,,0.020442571127502633,-0.013698630136986302,0.020442571127502633,0.01791359325605901,-0.012644889357218124,-0.012877042297825188,0.01791359325605901,-0.012644889357218124,-0.012893726191008818,0.020442571127502633
2025-03-18,,0.019889276194381793,-0.013327865491080584,0.01988927619438179,0.01742874718064384,-0.012302645068689768,-0.012528514599790978,0.01742874718064384,-0.012302645068689768,-0.012544746929738948,0.01988927619438179
2025-03-19,,0.02009113504556752,-0.013463131731565865,0.020091135045567518,0.017605633802816902,-0.012427506213753105,-0.012655668124105327,0.017605633802816902,-0.012427506213753105,-0.012672065198081367,0.020091135045567518
2025-03-20,,0.0203910027328148,-0.013664073996216103,0.020391002732814797,0.01786840445659029,-0.012612991381122556,-0.012844558693121825,0.01786840445659029,-0.012612991381122556,-0.01286120049954527,0.020391002732814797
2025-03-21,,0.02088266953713671,-0.013993541442411196,0.020882669537136706,0.018299246501614644,-0.012917115177610334,-0.013154266028671802,0.018299246501614644,-0.012917115177610334,-0.013171309101471873,0.020882669537136706
2025-03-24,,0.0212253829321663,-0.014223194748358862,0.021225382932166297,0.018599562363238512,-0.01312910284463895,-0.013370145668092017,0.018599562363238512,-0.01312910284463895,-0.013387468441211563,0.021225382932166297
2025-03-25,,0.021827182718271828,-0.014626462646264627,0.021827182718271824,0.019126912691269128,-0.013501350135013501,-0.01374922720593623,0.019126912691269128,-0.013501350135013501,-0.01376704112878867,0.021827182718271824
2025-03-26,,0.022303977925959992,-0.014945964589560818,0.02230397792595999,0.019544722924810302,-0.013796275005748447,-0.014049566728714788,0.019544722924810302,-0.013796275005748447,-0.01406776978071668,0.02230397792595999
2025-03-27,,0.021632471008028547,-0.014495985727029438,0.021632471008028543,0.01895628902765388,-0.013380909901873328,-0.013626575758960865,0.01895628902765388,-0.013380909901873328,-0.013644230770815531,0.021632471008028543
2025-03-28,,0.02216129769248344,-0.014850354123829108,0.022161297692483435,0.019419693854238064,-0.013708019191226868,-0.013959690587886799,0.019419693854238064,-0.013708019191226868,-0.013977777193588496,0.022161297692483435
2025-03-31,,0.022732599015701897,-0.015233184907429106,-0.02343566908835247,0.0199203187250996,-0.014061401453011482,-0.014319560745999653,0.0199203187250996,-0.014061401453011482,-0.014337593346888576,-0.02343566908835247
2025-04-01,,0.022936864506975643,-0.015370063844880587,-0.023646252069047056,0.02009931425869,-0.014187751241428233,-0.014448230244308469,0.02009931425869,-0.014187751241428233,-0.014466424878499303,-0.023646252069047056
2025-04-02,,0.023095238095238096,-0.015476190476190477,-0.023809523809523808,0.02023809523809524,-0.014285714285714285,-0.0145479918340906,0.02023809523809524,-0.014285714285714285,-0.014566312097898465,-0.023809523809523808
2025-04-03,,0.024371859296482414,-0.016331658291457288,-0.02512562814070352,0.021356783919597992,-0.01507537688442211,-0.015352152186728772,0.021356783919597992,-0.01507537688442211,-0.015371485128435567,-0.02512562814070352
2025-04-04,,0.02508404447892423,-0.016808895784846133,-0.025859839668994054,0.021980863718644945,-0.015515903801396431,-0.015800766926087565,0.021980863718644945,-0.015515903801396431,-0.015820664807647676,-0.025859839668994054
2025-04-07,,0.026145552560646903,-0.01752021563342318,-0.026954177897574125,0.022911051212938006,-0.016172506738544475,-0.016469424717838417,0.022911051212938006,-0.016172506738544475,-0.01649016463913034,-0.026954177897574125
2025-04-08,,0.02688470066518847,-0.018015521064301553,-0.02771618625277162,0.023558758314855877,-0.01662971175166297,-0.016935023753653137,0.023558758314855877,-0.01662971175166297,-0.016956350003096882,-0.02771618625277162
2025-04-09,,0.027556818181818182,-0.018465909090909092,-0.02840909090909091,0.024147727272727276,-0.017045454545454544,-0.0173583993474945,0.024147727272727276,-0.017045454545454544,-0.017380258753174307,-0.02840909090909091
2025-04-10,,0.027447651386530846,-0.01839275608375778,-0.02829654782116582,0.024052065647990947,-0.01697792869269949,-0.01728963375868156,0.024052065647990947,-0.01697792869269949,-0.017311406567960826,-0.02829654782116582
2025-04-11,,0.026481026481026484,-0.017745017745017747,-0.027300027300027303,0.02320502320502321,-0.01638001638001638,-0.016680744117712427,0.02320502320502321,-0.01638001638001638,-0.016701750153200537,-0.027300027300027303
2025-04-14,,0.025935828877005348,-0.017379679144385027,-0.026737967914438502,0.022727272727272728,-0.0160427807486631,-0.016337317032935967,0.022727272727272728,-0.0160427807486631,-0.016357890591222876,-0.026737967914438502
2025-04-15,,0.026670332691778938,-0.017871872422326095,-0.027495188342040143,0.023370910090734123,-0.016497113005224086,-0.016799990570024886,0.023370910090734123,-0.016497113005224086,-0.01682114677238756,-0.027495188342040143
2025-04-16,,0.02575677110993096,-0.01725969198088157,-0.026553372278279343,0.022570366436537443,-0.015932023366967606,-0.016224526209023,0.022570366436537443,-0.015932023366967606,-0.01624495772999829,-0.026553372278279343
2025-04-17,,0.025763612217795485,-0.017264276228419653,-0.02656042496679947,0.02257636122177955,-0.01593625498007968,-0.01622883551213294,0.02257636122177955,-0.01593625498007968,-0.016249272459807052,-0.02656042496679947
2025-04-22,,0.02470078940667176,-0.016552075375604786,-0.02546473134708429,0.021645021645021648,-0.015278838808250572,-0.015559349555177113,0.021645021645021648,-0.015278838808250572,-0.015578943420212262,-0.02546473134708429
2025-04-23,,0.024262131065532766,-0.016258129064532265,-0.02501250625312656,0.02126063031515758,-0.015007503751875937,-0.015283032942266263,0.02126063031515758,-0.015007503751875937,-0.015302278842214495,-0.02501250625312656
2025-04-24,,0.02404561229548835,-0.01611303916707982,-0.024789291026276652,0.021070897372335154,-0.014873574615765989,-0.015146644943773057,0.021070897372335154,-0.014873574615765989,-0.015165719090523937,-0.024789291026276652
2025-04-25,,0.024316871396339937,-0.016294810729506143,-0.025068939583855605,0.021308598646277266,-0.015041363750313362,-0.015317514590920159,0.021308598646277266,-0.015041363750313362,-0.015336803913555668,-0.025068939583855605
2025-04-28,,0.02440251572327044,-0.016352201257861635,-0.025157232704402517,0.02138364779874214,-0.015094339622641508,-0.01537146306998252,0.02138364779874214,-0.015094339622641508,-0.015390820329854983,-0.025157232704402517
2025-04-29,,-0.02247191011235955,-0.043820224719101124,-0.02247191011235955,0.019101123595505618,-0.013483146067415729,-0.013730688922063057,0.019101123595505618,-0.013483146067415729,-0.01374797995756709,-0.02247191011235955
2025-04-30,,-0.021843599825251202,-0.04259501965923984,-0.021843599825251202,0.01856705985146352,-0.01310615989515072,-0.013346781499165707,0.01856705985146352,-0.01310615989515072,-0.013363589080640793,-0.021843599825251202
2025-05-02,,-0.02143163309044149,-0.04179168452636091,-0.02143163309044149,0.018216888126875268,-0.012858979854264893,-0.013095063374020704,0.018216888126875268,-0.012858979854264893,-0.013111553967246796,-0.02143163309044149
2025-05-05,,-0.021159542953872196,-0.041261108760050784,-0.021159542953872196,0.01798561151079137,-0.012695725772323318,-0.012928812040452941,0.01798561151079137,-0.012695725772323318,-0.012945093273629615,-0.021159542953872196
2025-05-06,,-0.021810250817884406,-0.04252998909487459,-0.021810250817884406,0.018538713195201745,-0.013086150490730643,-0.013326404733518107,0.018538713195201745,-0.013086150490730643,-0.01334318665456348,-0.021810250817884406
2025-05-07,,-0.022624434389140274,-0.04411764705882353,-0.022624434389140274,0.019230769230769232,-0.013574660633484163,-0.013823883643253532,0.019230769230769232,-0.013574660633484163,-0.01384129203872705,-0.022624434389140274
2025-05-08,,-0.02269632319564231,-0.0442578302315025,-0.02269632319564231,0.019291874716295964,-0.013617793917385384,-0.013867808829591583,0.019291874716295964,-0.013617793917385384,-0.01388527253998492,-0.02269632319564231
2025-05-09,,-0.022192632046160676,-0.043275632490013316,-0.022192632046160676,0.018863737239236573,-0.013315579227696404,-0.013560045650949959,0.018863737239236573,-0.013315579227696404,-0.013577121795644374,-0.022192632046160676
2025-05-12,,-0.020942408376963352,-0.040837696335078534,-0.020942408376963352,0.01780104712041885,-0.01256544502617801,-0.012796139414278642,0.01780104712041885,-0.01256544502617801,-0.012812253573020639,-0.020942408376963352
2025-05-13,,-0.020292207792207792,-0.0395698051948052,-0.020292207792207792,0.017248376623376624,-0.012175324675324674,-0.012398856676781776,0.017248376623376624,-0.012175324675324674,-0.012414470537981647,-0.020292207792207792
2025-05-14,,-0.020842017507294707,-0.04064193413922468,-0.020842017507294707,0.017715714881200502,-0.012505210504376823,-0.012734799021088062,0.017715714881200502,-0.012505210504376823,-0.012750835933966977,-0.020842017507294707
2025-05-15,,-0.02150537634408602,-0.04193548387096774,-0.02150537634408602,0.01827956989247312,-0.012903225806451611,-0.013140121656597961,0.01827956989247312,-0.012903225806451611,-0.013156668991650227,-0.02150537634408602
2025-05-16,,-0.02101281781886951,-0.04097499474679554,-0.02101281781886951,0.017860895146039085,-0.012607690691321704,-0.012839160685686178,0.017860895146039085,-0.012607690691321704,-0.012855329021049286,-0.02101281781886951
2025-05-19,,-0.021168501270110076,-0.04127857747671465,-0.021168501270110076,0.017993226079593565,-0.012701100762066046,-0.01293428571193491,0.017993226079593565,-0.012701100762066046,-0.012950573838097704,-0.021168501270110076
2025-05-20,,-0.020267531414673693,-0.0395216862586137,-0.020267531414673693,0.01722740170247264,-0.012160518848804215,-0.012383779023749614,0.01722740170247264,-0.012160518848804215,-0.012399373897684142,-0.020267531414673693
2025-05-21,,-0.02173913043478261,-0.04239130434782609,-0.02173913043478261,0.018478260869565222,-0.013043478260869566,-0.013282949065908807,0.018478260869565222,-0.013043478260869566,-0.0132996762632986,-0.02173913043478261
2025-05-22,,-0.021815008726003494,-0.04253926701570681,-0.021815008726003494,0.01854275741710297,-0.013089005235602094,-0.013329311889873584,0.01854275741710297,-0.013089005235602094,-0.0133460974718965,-0.021815008726003494
2025-05-23,,-0.02233638597274961,-0.04355595264686173,-0.02233638597274961,0.018985928076837168,-0.013401831583649763,-0.0136478815508556,0.018985928076837168,-0.013401831583649763,-0.013665068307164073,-0.02233638597274961
2025-05-26,,-0.02187705097352877,-0.0426602493983811,-0.02187705097352877,0.018595493327499456,-0.01312623058411726,-0.013367220674508974,0.018595493327499456,-0.01312623058411726,-0.013384053995006247,-0.02187705097352877
2025-05-27,,-0.02150537634408602,-0.04193548387096774,-0.02150537634408602,0.01827956989247312,-0.012903225806451611,-0.013140121656597961,0.01827956989247312,-0.012903225806451611,-0.013156668991650227,-0.02150537634408602
2025-05-28,,-0.021663778162911613,-0.04224436741767765,-0.021663778162911613,0.018414211438474874,-0.012998266897746967,-0.01323690764800273,0.018414211438474874,-0.012998266897746967,-0.013253576865505538,-0.021663778162911613
2025-05-30,,-0.021164021164021166,-0.041269841269841276,-0.021164021164021166,0.017989417989417993,-0.012698412698412698,-0.01293154829696944,0.017989417989417993,-0.012698412698412698,-0.012947832975909748,-0.021164021164021166
2025-06-02,,-0.021132713440405747,-0.04120879120879121,-0.021132713440405747,0.017962806424344887,-0.012679628064243447,-0.01291241878765438,0.017962806424344887,-0.012679628064243447,-0.012928679376832957,-0.021132713440405747
2025-06-03,,-0.021344717182497336,-0.041622198505869804,-0.021344717182497336,0.018143009605122735,-0.012806830309498399,-0.013041956393421669,0.018143009605122735,-0.012806830309498399,-0.013058380109108552,-0.021344717182497336
2025-06-04,,-0.02094679514034353,-0.04084625052366988,-0.02094679514034353,0.017804775869291998,-0.012568077084206116,-0.012798819795387642,0.017804775869291998,-0.012568077084206116,-0.012814937329529442,-0.02094679514034353
2025-06-05,,-0.02127659574468085,-0.04148936170212766,-0.02127659574468085,0.018085106382978725,-0.01276595744680851,-0.01300033312833628,0.018085106382978725,-0.01276595744680851,-0.013016704427909268,-0.02127659574468085
2025-06-06,,-0.020955574182732608,-0.040863369656328585,-0.020955574182732608,0.017812238055322716,-0.012573344509639563,-0.012804183927741098,0.017812238055322716,-0.012573344509639563,-0.012820308216926563,-0.020955574182732608
2025-06-09,,-0.020177562550443905,-0.03934624697336562,-0.020177562550443905,0.01715092816787732,-0.012106537530266342,-0.01232880663905983,0.01715092816787732,-0.012106537530266342,-0.01234433228635463,-0.020177562550443905
2025-06-10,,-0.01841620626151013,-0.03591160220994476,-0.01841620626151013,0.01565377532228361,-0.011049723756906077,-0.011252590368909856,0.01565377532228361,-0.011049723756906077,-0.011266760738705996,-0.01841620626151013
2025-06-11,,-0.018561484918793503,-0.03619489559164733,-0.018561484918793503,0.01577726218097448,-0.011136890951276101,-0.011341357903142555,0.01577726218097448,-0.011136890951276101,-0.011355640057758432,-0.018561484918793503
2025-06-12,,-0.018665422305179657,-0.03639757349510033,-0.018665422305179657,0.015865608959402706,-0.011199253383107793,-0.011404865273575473,0.015865608959402706,-0.011199253383107793,-0.011419227402925535,-0.018665422305179657
2025-06-13,,-0.01924001924001924,-0.03751803751803752,-0.01924001924001924,0.016354016354016357,-0.011544011544011544,-0.011755952997244929,0.016354016354016357,-0.011544011544011544,-0.011770757250827043,-0.01924001924001924
2025-06-16,,-0.018509949097639984,-0.036094400740397964,-0.018509949097639984,0.015733456732993985,-0.011105969458583989,-0.011309868709519763,0.015733456732993985,-0.011105969458583989,-0.011324111209842398,-0.018509949097639984
2025-06-17,,-0.018281535648994516,-0.03564899451553931,-0.018281535648994516,0.01553930530164534,-0.010968921389396709,-0.011170304516120767,0.01553930530164534,-0.010968921389396709,-0.011184371263468659,-0.018281535648994516
2025-06-18,,-0.018083182640144666,-0.0352622061482821,-0.018083182640144666,0.015370705244122967,-0.010849909584086798,-0.011049107722094127,0.015370705244122967,-0.010849909584086798,-0.011063021846505164,-0.018083182640144666
2025-06-19,,-0.017436791630340016,-0.03400174367916303,-0.017436791630340016,0.014821272885789015,-0.01046207497820401,-0.010654152694538899,0.014821272885789015,-0.01046207497820401,-0.010667569452689372,-0.017436791630340016
2025-06-23,,-0.017072129748186088,-0.03329065300896287,-0.017072129748186088,0.014511310285958175,-0.010243277848911651,-0.010431338575020183,0.014511310285958175,-0.010243277848911651,-0.010444474743691602,-0.017072129748186088
2025-06-24,,-0.017467248908296946,-0.034061135371179045,-0.017467248908296946,0.014847161572052403,-0.010480349344978166,-0.010672762568241139,0.014847161572052403,-0.010480349344978166,-0.010686202761777041,-0.017467248908296946
2025-06-25,,-0.01737619461337967,-0.03388357949609036,-0.01737619461337967,0.01476976542137272,-0.010425716768027801,-0.010617126968406752,0.01476976542137272,-0.010425716768027801,-0.010630497100117039,-0.01737619461337967
2025-06-26,,-0.01710863986313088,-0.03336184773310522,-0.01710863986313088,0.014542343883661251,-0.010265183917878529,-0.010453646826891505,0.014542343883661251,-0.010265183917878529,-0.010466811088310275,-0.01710863986313088
2025-06-27,,-0.017459624618070713,-0.03404626800523789,-0.017459624618070713,0.014840680925360106,-0.010475774770842427,-0.010668104007539156,0.014840680925360106,-0.010475774770842427,-0.01068153833455671,-0.017459624618070713
2025-06-30,,-0.017361111111111112,-0.03385416666666667,-0.0063368055555555565,0.014756944444444446,-0.010416666666666666,-0.010607910712357765,0.014756944444444446,-0.010416666666666666,-0.010621269238050965,-0.0063368055555555565
2025-07-01,,-0.016913319238900635,-0.03298097251585624,-0.006173361522198733,0.014376321353065541,-0.01014799154334038,-0.010334302867345553,0.014376321353065541,-0.01014799154334038,-0.010347316839099122,-0.006173361522198733
2025-07-02,,-0.016673614005835766,-0.032513547311379745,-0.006085869112130055,0.014172571904960402,-0.010004168403501459,-0.01018783921687045,0.014172571904960402,-0.010004168403501459,-0.010200668747173583,-0.006085869112130055
2025-07-03,,-0.016051364365971106,-0.031300160513643656,-0.005858747993579455,0.013643659711075442,-0.009630818619582664,-0.009807634944330741,0.013643659711075442,-0.009630818619582664,-0.009819985683976493,-0.005858747993579455
2025-07-04,,-0.0163265306122449,-0.03183673469387755,-0.005959183673469389,0.013877551020408165,-0.009795918367346938,-0.009975765829090781,0.013877551020408165,-0.009795918367346938,-0.009988328295701804,-0.005959183673469389
2025-07-07,,-0.016346546791990192,-0.031875766244380876,-0.0059664895790764215,0.013894564773191665,-0.009807928075194115,-0.009987996028309035,0.013894564773191665,-0.009807928075194115,-0.010000573896391264,-0.0059664895790764215
2025-07-08,,-0.016083634901487738,-0.031363088057901084,-0.005870526739043024,0.013671089666264576,-0.009650180940892641,-0.009827352746792231,0.013671089666264576,-0.009650180940892641,-0.009839728317036358,-0.005870526739043024
2025-07-09,,-0.01626677511183408,-0.03172021146807646,-0.005937372915819439,0.013826758845058969,-0.009760065067100447,-0.00993925428274598,0.013826758845058969,-0.009760065067100447,-0.009951770770422702,-0.005937372915819439
2025-07-10,,-0.015655577299412915,-0.030528375733855185,-0.005714285714285715,0.01330724070450098,-0.00939334637964775,-0.009565802849813065,0.01330724070450098,-0.00939334637964775,-0.009577849050672963,-0.005714285714285715
2025-07-11,,-0.015723270440251572,-0.030660377358490566,-0.005738993710691824,0.013364779874213837,-0.009433962264150943,-0.009607164418739135,0.013364779874213837,-0.009433962264150943,-0.009619262706159364,-0.005738993710691824
2025-07-14,,-0.015804030027657054,-0.030817858553931255,-0.005768470960094825,0.013433425523508496,-0.009482418016594232,-0.009656509791099322,0.013433425523508496,-0.009482418016594232,-0.009668670219071286,-0.005768470960094825
2025-07-15,,-0.015955325089748704,-0.031112883925009972,-0.005823693657758277,0.013562026326286399,-0.009573195053849222,-0.009748953442868849,0.013562026326286399,-0.009573195053849222,-0.009761230284989798,-0.005823693657758277
2025-07-16,,-0.01603849238171612,-0.03127506014434643,-0.005854049719326384,0.0136327185244587,-0.009623095429029671,-0.009799769960413958,0.0136327185244587,-0.009623095429029671,-0.009812110795697443,-0.005854049719326384
2025-07-17,,-0.016,-0.031200000000000002,-0.005840000000000001,0.013600000000000001,-0.0096,-0.009776250512508943,0.013600000000000001,-0.0096,-0.00978856172978777,-0.005840000000000001
2025-07-18,,-0.015296367112810709,-0.029827915869980882,-0.005583173996175909,0.013001912045889102,-0.009177820267686425,-0.00934631980163373,0.013001912045889102,-0.009177820267686425,-0.009358089607827696,-0.005583173996175909
2025-07-21,,-0.015414258188824664,-0.030057803468208095,-0.005626204238921003,0.013102119460500964,-0.009248554913294798,-0.009418353094902613,0.013102119460500964,-0.009248554913294798,-0.009430213612512303,-0.005626204238921003
2025-07-22,,-0.015261350629530714,-0.029759633727584892,-0.005570392979778711,0.012972148035101107,-0.009156810377718427,-0.009324924182095556,0.012972148035101107,-0.009156810377718427,-0.009336667044818552,-0.005570392979778711
2025-07-23,,-0.015232292460015232,-0.0297029702970297,-0.00555978674790556,0.012947448591012947,-0.009139375476009138,-0.00930716918555691,0.012947448591012947,-0.009139375476009138,-0.009318889689439993,-0.00555978674790556
2025-07-24,,-0.004927438407019912,-0.016874789065136685,-0.004927438407019913,0.011474856564292948,-0.00809989875126561,-0.008248608262326164,0.011474856564292948,-0.00809989875126561,-0.008258995722061905,-0.004927438407019913
2025-07-25,,-0.005022359821121431,-0.01719986240110079,-0.005022359821121432,0.011695906432748539,-0.008255933952528379,-0.00840750818069227,0.011695906432748539,-0.008255933952528379,-0.00841809574285154,-0.005022359821121432
2025-07-28,,-0.00503274732850741,-0.01723543605653223,-0.005032747328507412,0.011720096518441917,-0.00827300930713547,-0.00842489702904944,0.011720096518441917,-0.00827300930713547,-0.00843550648895878,-0.005032747328507412
2025-07-29,,-0.005180979418026969,-0.017743080198722498,-0.00518097941802697,0.0120652945351313,-0.008516678495386799,-0.008673039844312431,0.0120652945351313,-0.008516678495386799,-0.00868396179008851,-0.00518097941802697
2025-07-30,,-0.005204991087344028,-0.017825311942959002,-0.005204991087344029,0.012121212121212121,-0.008556149732620321,-0.008713235750899264,0.012121212121212121,-0.008556149732620321,-0.008724208315318867,-0.005204991087344029
2025-07-31,,-0.005276472714130827,-0.018070112034694615,-0.005276472714130828,0.012287676183592338,-0.008673653776653415,-0.008832897102013808,0.012287676183592338,-0.008673653776653415,-0.008844020355789455,-0.005276472714130828
2025-08-01,,-0.005309090909090909,-0.01818181818181818,-0.00530909090909091,0.012363636363636365,-0.008727272727272728,-0.008887500465917166,0.012363636363636365,-0.008727272727272728,-0.008898692481625245,-0.00530909090909091
2025-08-04,,-0.005381496498341319,-0.018429782528566165,-0.005381496498341321,0.012532252119424991,-0.008846295613711759,-0.009008708544516197,0.012532252119424991,-0.008846295613711759,-0.0090200531973717,-0.005381496498341321
2025-08-05,,-0.005137227304714989,-0.017593244194229415,-0.00513722730471499,0.011963406052076003,-0.008444757213230118,-0.008599798128526463,0.011963406052076003,-0.008444757213230118,-0.008610627841122246,-0.00513722730471499
2025-08-06,,-0.0051013277428371764,-0.017470300489168412,-0.005101327742837177,0.011879804332634521,-0.008385744234800837,-0.008539701705545844,0.011879804332634521,-0.008385744234800837,-0.008550455738808324,-0.005101327742837177
2025-08-07,,-0.0049795361527967255,-0.017053206002728513,-0.004979536152796726,0.01159618008185539,-0.008185538881309686,-0.008335820696204784,0.01159618008185539,-0.008185538881309686,-0.008346317982424769,-0.004979536152796726
2025-08-08,,-0.0049541907024092295,-0.0169664065151001,-0.00495419070240923,0.011537156430268071,-0.008143875127248049,-0.00829339201943407,0.011537156430268071,-0.008143875127248049,-0.008303835875286537,-0.00495419070240923
2025-08-11,,-0.005074730622175877,-0.01737921445950643,-0.005074730622175878,0.011817865832464374,-0.008342022940563087,-0.008495177713337652,0.011817865832464374,-0.008342022940563087,-0.008505875677604944,-0.005074730622175878
2025-08-12,,-0.005083565459610028,-0.017409470752089137,-0.005083565459610029,0.011838440111420614,-0.008356545961002786,-0.008509967368130991,0.011838440111420614,-0.008356545961002786,-0.00852068395698796,-0.005083565459610029
2025-08-13,,-0.005050155655482532,-0.017295053614666205,-0.005050155655482533,0.01176063645797302,-0.008301625735039779,-0.008454038838212455,0.01176063645797302,-0.008301625735039779,-0.008464684996357462,-0.005050155655482533
2025-08-14,,-0.0049541907024092295,-0.0169664065151001,-0.00495419070240923,0.011537156430268071,-0.008143875127248049,-0.008293392019434144,0.011537156430268071,-0.008143875127248049,-0.008303835875286537,-0.00495419070240923
2025-08-15,,-0.004988042364195422,-0.01708233686368295,-0.004988042364195423,0.011615989067304409,-0.008199521694567816,-0.008350060225921493,0.011615989067304409,-0.008199521694567816,-0.00836057544395949,-0.004988042364195423
2025-08-18,,-0.0050977653631284914,-0.017458100558659217,-0.005097765363128492,0.01187150837988827,-0.008379888268156424,-0.00853373822670119,0.01187150837988827,-0.008379888268156424,-0.008544484750163905,-0.005097765363128492
2025-08-19,,-0.004912516823687752,-0.016823687752355317,-0.004912516823687753,0.011440107671601616,-0.008075370121130552,-0.008223629300562654,0.011440107671601616,-0.008075370121130552,-0.008233985304330223,-0.004912516823687753
2025-08-20,,-0.004964297857871472,-0.017001020061203673,-0.004964297857871473,0.011560693641618498,-0.008160489629377762,-0.00831031155432581,0.011560693641618498,-0.008160489629377762,-0.008320776716922619,-0.004964297857871473
2025-08-21,,-0.004925775978407557,-0.016869095816464237,-0.0049257759784075575,0.011470985155195682,-0.008097165991902834,-0.008245825331063498,0.011470985155195682,-0.008097165991902834,-0.00825620928625824,-0.0049257759784075575
2025-08-22,,-0.004612954186413902,-0.015797788309636653,-0.004612954186413903,0.010742496050552924,-0.007582938388625593,-0.007722156802929607,0.010742496050552924,-0.007582938388625593,-0.007731881303149897,-0.004612954186413903
2025-08-25,,-0.00452152369154537,-0.01548467017652524,-0.004521523691545371,0.010529575720037165,-0.007432641684732115,-0.007569100737464295,0.010529575720037165,-0.007432641684732115,-0.00757863249441605,-0.004521523691545371
2025-08-26,,-0.0045897516504243945,-0.01571832756994656,-0.004589751650424395,0.010688462747563661,-0.007544797233574348,-0.007683315398073627,0.010688462747563661,-0.007544797233574348,-0.007692990985372343,-0.004589751650424395
2025-08-27,,-0.0045525413158715305,-0.015590894917368257,-0.004552541315871531,0.010601808543810416,-0.0074836295603367626,-0.007621024721319677,0.010601808543810416,-0.0074836295603367626,-0.007630621866064678,-0.004552541315871531
2025-08-28,,-0.0045897516504243945,-0.01571832756994656,-0.004589751650424395,0.010688462747563661,-0.007544797233574348,-0.007683315398073627,0.010688462747563661,-0.007544797233574348,-0.007692990985372343,-0.004589751650424395
2025-08-29,,-0.004652644996813257,-0.015933715742511154,-0.004652644996813258,0.010834926704907585,-0.0076481835564053535,-0.007788599834694775,0.010834926704907585,-0.0076481835564053535,-0.0077984080065230795,-0.004652644996813258
2025-09-01,,-0.004555382215288612,-0.015600624024960999,-0.004555382215288613,0.01060842433697348,-0.00748829953198128,-0.007625780430974167,0.01060842433697348,-0.00748829953198128,-0.007635383564577044,-0.004555382215288613
2025-09-02,,-0.004592639194715319,-0.015728216420257943,-0.00459263919471532,0.010695187165775402,-0.007549543881723813,-0.007688149191969867,0.010695187165775402,-0.007549543881723813,-0.007697830866457824,-0.00459263919471532
2025-09-03,,-0.004508956145768993,-0.015441630636195181,-0.004508956145768994,0.010500308832612723,-0.007411982705373687,-0.0075480624710538005,0.010500308832612723,-0.007411982705373687,-0.0075575677345489254,-0.004508956145768994
2025-09-04,,-0.004485407066052227,-0.015360983102918589,-0.004485407066052228,0.01044546850998464,-0.007373271889400922,-0.007508640946627405,0.01044546850998464,-0.007373271889400922,-0.007518096566657273,-0.004485407066052228
2025-09-05,,-0.004351713859910581,-0.01490312965722802,-0.004351713859910582,0.010134128166915054,-0.007153502235469449,-0.007284836447473087,0.010134128166915054,-0.007153502235469449,-0.007294010230840365,-0.004351713859910582
2025-09-08,,-0.004368641532016756,-0.014961101137043686,-0.0043686415320167565,0.010173548773189708,-0.007181328545780969,-0.007313173632936028,0.010173548773189708,-0.007181328545780969,-0.007322383101277505,-0.0043686415320167565
2025-09-09,,-0.00434653170586484,-0.014885382554331646,-0.004346531705864841,0.01012206013694552,-0.007144983626079189,-0.007276161441283777,0.01012206013694552,-0.007144983626079189,-0.007285324300229062,-0.004346531705864841
2025-09-10,,-0.004405552202776101,-0.015087507543753771,-0.0044055522027761015,0.010259505129752565,-0.00724200362100181,-0.007374962667855223,0.010259505129752565,-0.00724200362100181,-0.0073842499470336215,-0.0044055522027761015
2025-09-11,,-0.0043426531826293874,-0.0148720999405116,-0.004342653182629388,0.01011302795954789,-0.007138607971445568,-0.007269668733275493,0.01011302795954789,-0.007138607971445568,-0.007278823415963541,-0.004342653182629388
2025-09-12,,-0.004388337841899608,-0.015028554253080853,-0.004388337841899609,0.01021941689209498,-0.0072137060414788085,-0.007346145560947462,0.01021941689209498,-0.0072137060414788085,-0.007355396550787322,-0.004388337841899609
2025-09-15,,-0.0043349168646080755,-0.01484560570071259,-0.004334916864608076,0.010095011876484561,-0.007125890736342042,-0.007256718017004812,0.010095011876484561,-0.007125890736342042,-0.007265856390875719,-0.004334916864608076
2025-09-16,,-0.004224537037037036,-0.014467592592592591,-0.004224537037037037,0.009837962962962963,-0.006944444444444444,-0.007071940474905153,0.009837962962962963,-0.006944444444444444,-0.007080846158700643,-0.004224537037037037
2025-09-17,,-0.004289071680376028,-0.014688601645123384,-0.004289071680376029,0.009988249118683902,-0.007050528789659225,-0.007179972468058815,0.009988249118683902,-0.007050528789659225,-0.007189014196377621,-0.004289071680376029
2025-09-18,,-0.004447151995126409,-0.015229972586049346,-0.00444715199512641,0.010356381358513555,-0.007310386841303686,-0.007444601364993058,0.010356381358513555,-0.007310386841303686,-0.0074539763400759745,-0.00444715199512641
2025-09-19,,-0.004566781357522677,-0.01563966218329684,-0.004566781357522678,0.010634970284641852,-0.007507037847982484,-0.007644862771746077,0.010634970284641852,-0.007507037847982484,-0.007654489935711425,-0.004566781357522678
2025-09-22,,-0.004544039838157485,-0.015561780267662619,-0.004544039838157486,0.010582010582010581,-0.007469654528478057,-0.0076067931158643656,0.010582010582010581,-0.007469654528478057,-0.007616372338770439,-0.004544039838157486
2025-09-23,,-0.004408212560386473,-0.015096618357487924,-0.004408212560386474,0.01026570048309179,-0.007246376811594203,-0.007379416147727116,0.01026570048309179,-0.007246376811594203,-0.0073887090351658895,-0.004408212560386474
2025-09-24,,-0.004341361879274456,-0.014867677668748141,-0.004341361879274457,0.010110020814748736,-0.007136485280999107,-0.007267507071445794,0.010110020814748736,-0.007136485280999107,-0.0072766590319564145,-0.004341361879274457
2025-09-25,,-0.0043374925727866906,-0.014854426619132503,-0.004337492572786691,0.010101010101010104,-0.007130124777183601,-0.007261029792415986,0.010101010101010104,-0.007130124777183601,-0.007270173596099057,-0.004337492572786691
2025-09-26,,-0.004503392967304133,-0.015422578655151141,-0.004503392967304134,0.010487353485502776,-0.007402837754472547,-0.007538749624081495,0.010487353485502776,-0.007402837754472547,-0.007548243159922708,-0.004503392967304134
2025-09-29,,-0.004538389804165371,-0.015542430836182779,-0.004538389804165372,0.01056885296860429,-0.007460366801367733,-0.007597334871393288,0.01056885296860429,-0.007460366801367733,-0.007606902183546603,-0.004538389804165372
2025-09-30,,-0.004683991017003528,-0.016041065126724412,0.010009624639076033,0.010907924286172602,-0.0076997112608277185,-0.007841073558316395,0.010907924286172602,-0.0076997112608277185,-0.00785094781022439,0.010009624639076033
2025-10-01,,-0.004569640062597809,-0.01564945226917058,0.009765258215962441,0.010641627543035995,-0.007511737089201878,-0.0076496482883481095,0.010641627543035995,-0.007511737089201878,-0.007659281478707175,0.009765258215962441
2025-10-02,,-0.0044771542471634465,-0.015332720024532353,0.009567617295308188,0.010426249616682001,-0.007359705611775529,-0.007494825599899481,0.010426249616682001,-0.007359705611775529,-0.007504263822284398,0.009567617295308188
2025-10-03,,-0.004518724852986691,-0.01547508511296812,0.009656453110492107,0.010523057876818322,-0.007428040854224697,-0.007564415438338659,0.010523057876818322,-0.007428040854224697,-0.007573941295100409,0.009656453110492107
2025-10-06,,-0.004485407066052227,-0.015360983102918589,0.009585253456221198,0.01044546850998464,-0.007373271889400922,-0.007508640946627405,0.01044546850998464,-0.007373271889400922,-0.007518096566657273,0.009585253456221198
2025-10-07,,-0.00452994104871238,-0.015513496742165686,0.009680421967111387,0.010549177784672667,-0.007446478436239529,-0.0075831915238201075,0.010549177784672667,-0.007446478436239529,-0.007592741025277514,0.009680421967111387
2025-10-08,,-0.004539800995024876,-0.015547263681592042,0.009701492537313434,0.01057213930348259,-0.00746268656716418,-0.0075996972267637465,0.01057213930348259,-0.00746268656716418,-0.007609267513827558,0.009701492537313434
2025-10-09,,-0.004485407066052227,-0.015360983102918589,0.009585253456221198,0.01044546850998464,-0.007373271889400922,-0.007508640946627405,0.01044546850998464,-0.007373271889400922,-0.007518096566657273,0.009585253456221198
2025-10-10,,-0.004503392967304133,-0.015422578655151141,0.009623689080814311,0.010487353485502776,-0.007402837754472547,-0.007538749624081495,0.010487353485502776,-0.007402837754472547,-0.007548243159922708,0.009623689080814311
2025-10-13,,-0.004325925925925926,-0.014814814814814815,0.009244444444444444,0.010074074074074076,-0.007111111111111111,-0.007241667046302876,0.010074074074074076,-0.007111111111111111,-0.007250786466509459,0.009244444444444444
2025-10-14,,-0.0043439452543885745,-0.01487652484379649,0.009282951502529009,0.010116036893781613,-0.007140731925022315,-0.0072718316814258275,0.010116036893781613,-0.007140731925022315,-0.007280989087911164,0.009282951502529009
2025-10-15,,-0.00437256663671758,-0.014974543276430068,0.009344115004492363,0.010182689427972447,-0.007187780772686433,-0.007319744319039295,0.010182689427972447,-0.007187780772686433,-0.007328962061835706,0.009344115004492363
2025-10-16,,-0.004375187293976626,-0.014983518130056939,0.009349715313155529,0.01018879232843872,-0.00719208870242733,-0.007324131339907764,0.01018879232843872,-0.00719208870242733,-0.007333354607272827,0.009349715313155529
2025-10-17,,-0.004424242424242424,-0.015151515151515152,0.009454545454545455,0.010303030303030303,-0.007272727272727273,-0.007406250388264305,0.010303030303030303,-0.007272727272727273,-0.007415577068021037,0.009454545454545455
2025-10-20,,-0.004340071343638526,-0.014863258026159334,0.009274673008323424,0.010107015457788348,-0.00713436385255648,-0.007265346694789598,0.010107015457788348,-0.00713436385255648,-0.007274495934741208,0.009274673008323424
2025-10-21,,-0.004444444444444444,-0.015220700152207,0.009497716894977169,0.010350076103500762,-0.0073059360730593605,-0.007440068883187887,0.010350076103500762,-0.0073059360730593605,-0.007449438150523416,0.009497716894977169
2025-10-22,,-0.004275256222547584,-0.014641288433382138,0.009136163982430454,0.009956076134699855,-0.007027818448023426,-0.007156845177532125,0.009956076134699855,-0.007027818448023426,-0.007165857781689436,0.009136163982430454
2025-10-23,,-0.004164289788933257,-0.014261266400456359,0.008899030233884768,0.009697661152310326,-0.006845407872219053,-0.00697108564782436,0.009697661152310326,-0.006845407872219053,-0.0069798643252907645,0.008899030233884768
2025-10-24,,-0.003989071038251366,-0.01366120218579235,0.008524590163934425,0.009289617486338797,-0.006557377049180327,-0.006677766743516997,0.009289617486338797,-0.006557377049180327,-0.006686176044937001,0.008524590163934425
2025-10-27,,-0.003967391304347826,-0.013586956521739132,0.008478260869565218,0.009239130434782611,-0.006521739130434783,-0.006641474532954403,0.009239130434782611,-0.006521739130434783,-0.0066498381316493,0.008478260869565218
2025-10-28,,-0.0039620081411126185,-0.013568521031207597,0.00846675712347354,0.009226594301221167,-0.006512890094979647,-0.006632463034266542,0.009226594301221167,-0.006512890094979647,-0.006640815284794959,0.00846675712347354
2025-10-29,,0.00824524312896406,-0.007399577167019027,0.00824524312896406,0.008985200845665961,-0.006342494714587737,-0.006458939292090964,0.008985200845665961,-0.006342494714587737,-0.00646707302443695,0.00824524312896406
2025-10-30,,0.008387096774193548,-0.007526881720430108,0.008387096774193548,0.00913978494623656,-0.006451612903225806,-0.006570060828298981,0.00913978494623656,-0.006451612903225806,-0.0065783344958251135,0.008387096774193548
2025-10-31,,0.008688387635756058,-0.007797270955165693,0.008688387635756058,0.009468114731272627,-0.0066833751044277365,-0.006806078051036538,0.009468114731272627,-0.0066833751044277365,-0.006814648934689341,0.008688387635756058
2025-11-03,,0.008764044943820224,-0.007865168539325843,0.008764044943820224,0.009550561797752809,-0.0067415730337078645,-0.006865344461031519,0.009550561797752809,-0.0067415730337078645,-0.006873989978783545,0.008764044943820224
2025-11-04,,0.00909886264216973,-0.008165645960921553,0.00909886264216973,0.009915427238261885,-0.00699912510936133,-0.007127625045573697,0.009915427238261885,-0.00699912510936133,-0.007136600852863641,0.00909886264216973
2025-11-05,,0.009141517726340462,-0.008203926164664518,0.009141517726340462,0.009961910342806914,-0.007031936712569586,-0.007161039051061297,0.009961910342806914,-0.007031936712569586,-0.0071700569365571116,0.009141517726340462
2025-11-06,,0.008741944522275148,-0.007845334827682826,0.008741944522275148,0.00952647800504343,-0.006724572709442421,-0.006848032020530179,0.00952647800504343,-0.006724572709442421,-0.0068566557367524305,0.008741944522275148
2025-11-07,,0.008893956670467502,-0.007981755986316992,0.008893956670467502,0.009692132269099202,-0.0068415051311288486,-0.0069671112546386,0.009692132269099202,-0.0068415051311288486,-0.00697588492715776,0.008893956670467502
2025-11-10,,0.008968094279965507,-0.008048289738430584,0.008968094279965507,0.009772923253808567,-0.006898534061511929,-0.007025187203584997,0.009772923253808567,-0.006898534061511929,-0.0070340340110576095,0.008968094279965507
2025-11-11,,0.008540925266903913,-0.007664932931836847,0.008540925266903913,0.0093074185600876,-0.00656994251300301,-0.006690562902072873,0.0093074185600876,-0.00656994251300301,-0.006698988317675725,0.008540925266903913
2025-11-12,,0.008751753155680225,-0.00785413744740533,0.008751753155680225,0.009537166900420758,-0.006732117812061711,-0.006855715646920675,0.009537166900420758,-0.006732117812061711,-0.006864349039121858,0.008751753155680225
2025-11-13,,0.00859504132231405,-0.007713498622589533,0.00859504132231405,0.009366391184573004,-0.006611570247933885,-0.006732954898422096,0.009366391184573004,-0.006611570247933885,-0.006741433698200944,0.00859504132231405
2025-11-14,,0.008522261677137394,-0.007648183556405354,0.008522261677137394,0.009287080032777931,-0.0065555859054903035,-0.006675942715452665,0.009287080032777931,-0.0065555859054903035,-0.0066843497198769255,0.008522261677137394
2025-11-17,,0.008702928870292887,-0.007810320781032078,0.008702928870292887,0.009483960948396096,-0.0066945606694560665,-0.006817468976644967,0.009483960948396096,-0.0066945606694560665,-0.006826054204872921,0.008702928870292887
2025-11-18,,0.008826025459688826,-0.007920792079207921,0.008826025459688826,0.00961810466760962,-0.006789250353606789,-0.00691389710927078,0.00961810466760962,-0.006789250353606789,-0.006922603769298281,0.008826025459688826
2025-11-19,,0.00908296943231441,-0.008151382823871907,0.00908296943231441,0.009898107714701601,-0.006986899563318777,-0.0071151750454940925,0.009898107714701601,-0.006986899563318777,-0.007124135174518027,0.00908296943231441
2025-11-20,,0.008986175115207374,-0.00806451612903226,0.008986175115207374,0.0097926267281106,-0.006912442396313364,-0.007039350887463194,0.0097926267281106,-0.006912442396313364,-0.007048215531241193,0.008986175115207374
2025-11-21,,0.009327354260089685,-0.00837070254110613,0.009327354260089685,0.010164424514200299,-0.007174887892376681,-0.007306614732816804,0.010164424514200299,-0.007174887892376681,-0.007315815941545417,0.009327354260089685
2025-11-24,,0.00968944099378882,-0.008695652173913044,0.00968944099378882,0.010559006211180125,-0.007453416149068322,-0.007590256609090748,0.010559006211180125,-0.007453416149068322,-0.007599815007599199,0.00968944099378882
2025-11-25,,0.00977137488255559,-0.008769182586908864,0.00977137488255559,0.010648293141246478,-0.0075164422173504535,-0.0076544397999599775,0.010648293141246478,-0.0075164422173504535,-0.007664079024262268,0.00977137488255559
2025-11-26,,0.009454545454545455,-0.008484848484848486,0.009454545454545455,0.010303030303030303,-0.007272727272727273,-0.007406250388264305,0.010303030303030303,-0.007272727272727273,-0.007415577068021037,0.009454545454545455
2025-11-27,,0.009330143540669857,-0.008373205741626796,0.009330143540669857,0.010167464114832537,-0.007177033492822967,-0.0073087997252608275,0.010167464114832537,-0.007177033492822967,-0.007318003685547077,0.009330143540669857
2025-11-28,,0.009375,-0.00841346153846154,0.009375,0.010216346153846154,-0.007211538461538461,-0.007343938185478427,0.010216346153846154,-0.007211538461538461,-0.007353186395573745,0.009375
2025-12-01,,0.009236234458259324,-0.008288928359976317,0.009236234458259324,0.010065127294256957,-0.007104795737122557,-0.007235235725657847,0.010065127294256957,-0.007104795737122557,-0.007244347046912203,0.009236234458259324
2025-12-02,,0.009101516919486581,-0.008168028004667444,0.009101516919486581,0.009918319719953326,-0.007001166861143523,-0.007129704282751518,0.009918319719953326,-0.007001166861143523,-0.0071386827084216516,0.009101516919486581
2025-12-03,,0.008836023789294817,-0.007929764939110734,0.008836023789294817,0.009629000283205891,-0.006796941376380628,-0.006921729334826454,0.009629000283205891,-0.006796941376380628,-0.006930445857963586,0.008836023789294817
2025-12-04,,0.008983587676360497,-0.008062194068528651,0.008983587676360497,0.009789807083213363,-0.006910452058738843,-0.007037324008428507,0.009789807083213363,-0.006910452058738843,-0.007046186099760848,0.008983587676360497
2025-12-05,,0.008522261677137394,-0.007648183556405354,0.008522261677137394,0.009287080032777931,-0.0065555859054903035,-0.006675942715452665,0.009287080032777931,-0.0065555859054903035,-0.0066843497198769255,0.008522261677137394
2025-12-08,,0.008505997818974919,-0.0076335877862595426,0.008505997818974919,0.009269356597600873,-0.006543075245365322,-0.006663202366759054,0.009269356597600873,-0.006543075245365322,-0.00667159332728174,0.008505997818974919
2025-12-09,,0.008645054031587697,-0.0077583818232197285,0.008645054031587697,0.00942089221390967,-0.0066500415627597665,-0.0067721325245974524,0.00942089221390967,-0.0066500415627597665,-0.006780660660700865,0.008645054031587697
2025-12-10,,0.008176100628930818,-0.007337526205450735,0.008176100628930818,0.008909853249475892,-0.006289308176100629,-0.006404776279159384,0.008909853249475892,-0.006289308176100629,-0.006412841804106243,0.008176100628930818
2025-12-11,,0.00821917808219178,-0.007376185458377239,0.00821917808219178,0.008956796628029505,-0.006322444678609062,-0.006438521148912594,0.008956796628029505,-0.006322444678609062,-0.006446629168722187,0.00821917808219178
2025-12-12,,0.008517608517608516,-0.0076440076440076445,0.008517608517608516,0.009282009282009281,-0.0065520065520065516,-0.006672297647084959,0.009282009282009281,-0.0065520065520065516,-0.006680700061280213,0.008517608517608516
2025-12-15,,0.008387096774193548,-0.007526881720430108,0.008387096774193548,0.00913978494623656,-0.006451612903225806,-0.006570060828298981,0.00913978494623656,-0.006451612903225806,-0.0065783344958251135,0.008387096774193548
2025-12-16,,0.008564370024704913,-0.007685973099094154,0.008564370024704913,0.00933296733461433,-0.006587976942080702,-0.006708928432959706,0.00933296733461433,-0.006587976942080702,-0.006717376976247439,0.008564370024704913
2025-12-17,,0.008499046581312994,-0.007627349496050123,0.008499046581312994,0.009261781530918006,-0.006537728139471533,-0.006657757091057534,0.009261781530918006,-0.006537728139471533,-0.00666614119435288,0.008499046581312994
2025-12-18,,0.008469055374592834,-0.00760043431053203,0.008469055374592834,0.009229098805646038,-0.0065146579804560255,-0.006634263377109719,0.009229098805646038,-0.0065146579804560255,-0.006642617894807117,0.008469055374592834
2025-12-19,,0.008432432432432432,-0.007567567567567568,0.008432432432432432,0.009189189189189189,-0.006486486486486486,-0.00660557467061411,0.009189189189189189,-0.006486486486486486,-0.006613893060667411,0.008432432432432432
2025-12-22,,0.008348943002408349,-0.007492641156007494,0.008348943002408349,0.0090982071180091,-0.006422263848006422,-0.00654017294120209,0.0090982071180091,-0.006422263848006422,-0.006548408970957834,0.008348943002408349
2025-12-23,,0.008260524225575853,-0.007413290971670638,0.008260524225575853,0.009001853322742918,-0.006354249404289118,-0.006470909791176121,0.009001853322742918,-0.006354249404289118,-0.006479058597953249,0.008260524225575853
2025-12-29,,0.008108108108108109,-0.007276507276507278,0.008108108108108109,0.008835758835758836,-0.006237006237006237,-0.006351514106359721,0.008835758835758836,-0.006237006237006237,-0.00635951255833405,0.008108108108108109
2025-12-30,,0.0080370942812983,-0.007212776919113859,0.0080370942812983,0.008758371973209686,-0.0061823802163833074,-0.006295885183223134,0.008758371973209686,-0.0061823802163833074,-0.006303813581779861,0.0080370942812983
