Date,Price,Shares,MktCap,REF_PE,Implied_EPS_REF,EPSAct_LTM,Implied_EPS_LTM_formula,TTM_EPSAct,TTM_EPSfr,TTM_EPS_from_NI,Implied_EPS_self,Implied_EPS_self_source,Implied_EPS_trial,Implied_EPS_trial_source,PE_LTM_formula,EP_LTM_formula,PE_self,EP_self,PE_trial,EP_trial,REF_EP,Formula_diff_vs_REF,Self_diff_vs_REF,Trial_diff_vs_REF,neg_eps_flag,neg_eps_trial_flag,ref_pe_is_nan,self_available,ref_pe_missing_but_self_available
2024-01-02,32.48,768199747,24983975163.84,16.1271903038247,2.0139900000000055,3.067,3.067,2.887,1.87,1.870607228929483,2.887,TTM_EPSAct,2.02,EPSFR_LTM,10.590153244212583,0.09442733990147785,11.250432975406996,0.08888546798029558,16.07920792079208,0.06219211822660099,0.06200708128078835,1.0530099999999947,0.8730099999999945,0.00600999999999452,0,0,0,1,0
2024-01-03,31.8,768199747,24460911644.4,15.7895520831782,2.013989999999996,3.067,3.067,2.887,1.87,1.870607228929483,2.887,TTM_EPSAct,2.02,EPSFR_LTM,10.368438213237692,0.09644654088050315,11.014894354000694,0.09078616352201258,15.742574257425742,0.06352201257861635,0.0633330188679244,1.053010000000004,0.8730100000000038,0.006010000000003846,0,0,0,1,0
2024-01-04,32.27,768199747,24822440841.66,16.0229196768604,2.0139899999999953,3.067,3.067,2.887,1.87,1.870607228929483,2.887,TTM_EPSAct,2.02,EPSFR_LTM,10.52168242582328,0.09504183452122714,11.177693107031521,0.08946389835760768,15.975247524752477,0.06259683916950727,0.06241059807871072,1.0530100000000049,0.8730100000000047,0.006010000000004734,0,0,0,1,0
2024-01-05,32.4,768199747,24922438279.1999,16.0874681602193,2.0139899999999957,3.067,3.067,2.887,1.87,1.870607228929483,2.887,TTM_EPSAct,2.02,EPSFR_LTM,10.56406912292142,0.0946604938271605,11.222722549359196,0.08910493827160494,16.03960396039604,0.06234567901234568,0.06216018518518506,1.0530100000000044,0.8730100000000043,0.00601000000000429,0,0,0,1,0
2024-01-08,32.27,768199747,24822440841.6599,16.0229196768604,2.0139899999999953,3.067,3.067,2.887,1.87,1.870607228929483,2.887,TTM_EPSAct,2.02,EPSFR_LTM,10.52168242582328,0.09504183452122714,11.177693107031521,0.08946389835760768,15.975247524752477,0.06259683916950727,0.06241059807871072,1.0530100000000049,0.8730100000000047,0.006010000000004734,0,0,0,1,0
2024-01-09,32.15,768199747,24730135514.7,15.9633364614521,2.0139900000000055,3.067,3.067,2.887,1.87,1.870607228929483,2.887,TTM_EPSAct,2.02,EPSFR_LTM,10.482556243886533,0.09539657853810266,11.136127467959819,0.08979782270606532,15.915841584158414,0.06283048211508555,0.0626435458786938,1.0530099999999947,0.8730099999999945,0.00600999999999452,0,0,0,1,0
2024-01-10,31.97,768199747,24591677524.2599,15.8739616383398,2.0139900000000015,3.067,3.067,2.887,1.87,1.870607228929483,2.887,TTM_EPSAct,2.02,EPSFR_LTM,10.423866970981415,0.09593368783234282,11.073779009352268,0.09030340944635597,15.826732673267326,0.06318423522051923,0.06299624648107606,1.0530099999999987,0.8730099999999985,0.0060099999999985165,0,0,0,1,0
2024-01-11,32.09,768199747,24683982851.2199,15.933544853748,2.013990000000004,3.067,3.067,2.887,1.87,1.870607228929483,2.887,TTM_EPSAct,2.02,EPSFR_LTM,10.46299315291816,0.09557494546587722,11.11534464842397,0.08996572140853848,15.886138613861387,0.06294795886569024,0.06276067310688702,1.053009999999996,0.8730099999999958,0.006009999999995852,0,0,0,1,0
2024-01-12,32.48,768199747,24983975163.8399,16.1271903038247,2.0139900000000055,3.067,3.067,2.887,1.87,1.870607228929483,2.887,TTM_EPSAct,2.02,EPSFR_LTM,10.590153244212583,0.09442733990147785,11.250432975406996,0.08888546798029558,16.07920792079208,0.06219211822660099,0.06200708128078835,1.0530099999999947,0.8730099999999945,0.00600999999999452,0,0,0,1,0
2024-01-15,32.32,768199747,24860901394.56,16.0477460166138,2.0139899999999984,3.067,3.067,2.887,1.87,1.870607228929483,2.887,TTM_EPSAct,2.02,EPSFR_LTM,10.537985001630258,0.09489480198019802,11.195012123311397,0.08932549504950495,16.0,0.0625,0.06231404702970292,1.0530100000000018,0.8730100000000016,0.006010000000001625,0,0,0,1,0
2024-01-16,32.7,768199747,25153201596.6,16.2364261987398,2.013990000000002,3.067,3.067,2.887,1.87,1.870607228929483,2.887,TTM_EPSAct,2.02,EPSFR_LTM,10.661884577763287,0.0937920489296636,11.326636647038448,0.0882874617737003,16.18811881188119,0.06177370030581039,0.06158990825688079,1.0530099999999982,0.8730099999999981,0.0060099999999980724,0,0,0,1,0
2024-01-17,32.24,768199747,24799364509.9199,16.0080238730083,2.0139900000000006,3.067,3.067,2.887,1.87,1.870607228929483,2.887,TTM_EPSAct,2.02,EPSFR_LTM,10.511900880339093,0.0951302729528536,11.167301697263596,0.0895471464019851,15.96039603960396,0.06265508684863523,0.062468672456575704,1.0530099999999996,0.8730099999999994,0.006009999999999405,0,0,0,1,0
2024-01-18,31.75,768199747,24422451091.5,15.7647257434247,2.0139900000000055,3.067,3.067,2.887,1.87,1.870607228929483,2.887,TTM_EPSAct,2.02,EPSFR_LTM,10.352135637430713,0.0965984251968504,10.997575337720818,0.09092913385826772,15.717821782178218,0.0636220472440945,0.06343275590551199,1.0530099999999947,0.8730099999999945,0.00600999999999452,0,0,0,1,0
2024-01-19,31.16,768199747,23968616567.2799,15.4717749343343,2.013990000000004,3.067,3.067,2.887,1.87,1.870607228929483,2.887,TTM_EPSAct,2.02,EPSFR_LTM,10.15976524290838,0.09842747111681643,10.79321094561829,0.09265083440308088,15.425742574257425,0.06482670089858793,0.06463382541720167,1.053009999999996,0.8730099999999958,0.006009999999995852,0,0,0,1,0
2024-01-22,31.16,768199747,23968616567.28,15.4717749343343,2.013990000000004,3.067,3.067,2.887,1.87,1.870607228929483,2.887,TTM_EPSAct,2.02,EPSFR_LTM,10.15976524290838,0.09842747111681643,10.79321094561829,0.09265083440308088,15.425742574257425,0.06482670089858793,0.06463382541720167,1.053009999999996,0.8730099999999958,0.006009999999995852,0,0,0,1,0
2024-01-23,31.71,768199747,24391682649.18,15.744864671622,2.0139900000000006,3.067,3.067,2.887,1.87,1.870607228929483,2.887,TTM_EPSAct,2.02,EPSFR_LTM,10.339093576785132,0.09672027751497951,10.983720124696918,0.09104383475244403,15.698019801980198,0.06370230211289814,0.06351277199621572,1.0530099999999996,0.8730099999999994,0.006009999999999405,0,0,0,1,0
2024-01-24,32.14,768199747,24722443404.1199,15.9583711935015,2.0139899999999944,3.067,3.067,2.887,1.87,1.870607228929483,2.887,TTM_EPSAct,2.02,EPSFR_LTM,10.479295728725138,0.09542626011200996,11.132663664703845,0.08982576228998133,15.910891089108912,0.06285003111387678,0.06266303671437444,1.0530100000000058,0.8730100000000056,0.006010000000005622,0,0,0,1,0
2024-01-25,31.91,768199747,24545524860.78,15.8441700306357,2.01399,3.067,3.067,2.887,1.87,1.870607228929483,2.887,TTM_EPSAct,2.02,EPSFR_LTM,10.40430388001304,0.09611407082419304,11.052996189816419,0.09047320589157004,15.797029702970297,0.06330303979943591,0.06311469758696335,1.05301,0.8730099999999998,0.006009999999999849,0,0,0,1,0
2024-01-26,32.48,768199747,24983975163.8399,16.1271903038247,2.0139900000000055,3.067,3.067,2.887,1.87,1.870607228929483,2.887,TTM_EPSAct,2.02,EPSFR_LTM,10.590153244212583,0.09442733990147785,11.250432975406996,0.08888546798029558,16.07920792079208,0.06219211822660099,0.06200708128078835,1.0530099999999947,0.8730099999999945,0.00600999999999452,0,0,0,1,0
2024-01-29,32.85,768199747,25268583255.3,16.3109052180001,2.0139899999999984,3.067,3.067,2.887,1.87,1.870607228929483,2.887,TTM_EPSAct,2.02,EPSFR_LTM,10.710792305184219,0.09336377473363774,11.378593695878074,0.08788432267884322,16.262376237623762,0.061491628614916284,0.06130867579908671,1.0530100000000018,0.8730100000000016,0.006010000000001625,0,0,0,1,0
2024-01-30,32.64,768199747,25107048933.12,16.2066345910357,2.0139900000000006,3.067,3.067,2.887,1.87,1.870607228929483,2.887,TTM_EPSAct,2.02,EPSFR_LTM,10.642321486794913,0.09396446078431372,11.305853827502599,0.08844975490196079,16.15841584158416,0.061887254901960786,0.06170312500000001,1.0530099999999996,0.8730099999999994,0.006009999999999405,0,0,0,1,0
2024-01-31,32.05,768199747,24653214408.8999,15.9136837819453,2.013989999999999,3.067,3.067,2.887,1.87,1.870607228929483,2.887,TTM_EPSAct,2.02,EPSFR_LTM,10.449951092272578,0.09569422776911078,11.101489435400069,0.09007800312012482,15.866336633663364,0.06302652106084244,0.06283900156006238,1.0530100000000013,0.8730100000000012,0.006010000000001181,0,0,0,1,0
2024-02-01,32.16,768199747,24737827625.28,15.9683017294028,2.0139900000000033,3.067,3.067,2.887,1.87,1.870607228929483,2.887,TTM_EPSAct,2.02,EPSFR_LTM,10.485816759047928,0.09536691542288558,11.139591271215794,0.08976990049751245,15.920792079207919,0.06281094527363185,0.06262406716417922,1.053009999999997,0.8730099999999967,0.00600999999999674,0,0,0,1,0
2024-02-02,31.68,768199747,24368606317.4399,15.7299688677699,2.0139900000000064,3.067,3.067,2.887,1.87,1.870607228929483,2.887,TTM_EPSAct,2.02,EPSFR_LTM,10.329312031300946,0.0968118686868687,10.973328714928991,0.0911300505050505,15.683168316831683,0.06376262626262626,0.06357291666666687,1.0530099999999938,0.8730099999999936,0.0060099999999936315,0,0,0,1,0
2024-02-05,31.51,768199747,24237840437.58,15.6455593126083,2.0139900000000006,3.067,3.067,2.887,1.87,1.870607228929483,2.887,TTM_EPSAct,2.02,EPSFR_LTM,10.273883273557223,0.09733417962551572,10.914444059577416,0.09162170739447793,15.599009900990099,0.06410663281497937,0.0639158997143764,1.0530099999999996,0.8730099999999994,0.006009999999999405,0,0,0,1,0
2024-02-06,31.65,768199747,24345529985.6999,15.7150730639179,2.0139899999999993,3.067,3.067,2.887,1.87,1.870607228929483,2.887,TTM_EPSAct,2.02,EPSFR_LTM,10.319530485816758,0.09690363349131123,10.962937305161066,0.09121642969984203,15.668316831683168,0.06382306477093207,0.06363317535545021,1.053010000000001,0.8730100000000007,0.006010000000000737,0,0,0,1,0
2024-02-07,31.49,768199747,24222456216.4199,15.6356287767069,2.013990000000004,3.067,3.067,2.887,1.87,1.870607228929483,2.887,TTM_EPSAct,2.02,EPSFR_LTM,10.26736224323443,0.09739599872975549,10.907516453065465,0.09167989838043825,15.589108910891088,0.06414734836456018,0.06395649412511922,1.053009999999996,0.8730099999999958,0.006009999999995852,0,0,0,1,0
2024-02-08,27.74,768199747,21337914748.92,13.7736532952001,2.013989999999996,2.887,2.887,2.887,1.87,1.870607228929483,2.887,TTM_EPSAct,1.87,EPSFR_LTM,9.608590232074818,0.10407354001441961,9.608590232074818,0.10407354001441961,14.83422459893048,0.06741167988464312,0.0726023792357605,0.8730100000000038,0.8730100000000038,-0.14398999999999607,0,0,0,1,0
2024-02-09,26.98,768199747,20753314344.8399,13.396292930948,2.013990000000003,2.887,2.887,2.887,1.87,1.870607228929483,2.887,TTM_EPSAct,1.87,EPSFR_LTM,9.345341184620713,0.1070051890289103,9.345341184620713,0.1070051890289103,14.427807486631016,0.06931060044477391,0.0746475166790216,0.8730099999999972,0.8730099999999972,-0.14399000000000273,0,0,0,1,0
2024-02-12,27.29,768199747,20991769772.8199,13.5502162374192,2.0139900000000077,2.887,2.887,2.887,1.87,1.870607228929483,2.887,TTM_EPSAct,1.87,EPSFR_LTM,9.45271908555594,0.10578966654452181,9.45271908555594,0.10578966654452181,14.593582887700533,0.06852326859655553,0.07379956027849058,0.8730099999999923,0.8730099999999923,-0.1439900000000076,0,0,0,1,0
2024-02-13,27.57,768199747,21207148869.06,13.6892437400384,2.0139900000000046,2.887,2.887,2.887,1.87,1.870607228929483,2.887,TTM_EPSAct,1.87,EPSFR_LTM,9.549705576723243,0.10471527022125499,9.549705576723243,0.10471527022125499,14.74331550802139,0.06782734856728329,0.07305005440696426,0.8730099999999954,0.8730099999999954,-0.1439900000000045,0,0,0,1,0
2024-02-14,27.42,768199747,21091767210.36,13.6147647207782,2.0139899999999935,2.887,2.887,2.887,1.87,1.870607228929483,2.887,TTM_EPSAct,1.87,EPSFR_LTM,9.497748527883617,0.10528811086797957,9.497748527883617,0.10528811086797957,14.663101604278076,0.06819839533187455,0.07344967177242864,0.8730100000000065,0.8730100000000065,-0.1439899999999934,0,0,0,1,0
2024-02-15,27.13,768199747,20868696003.5399,13.4707719502083,2.013989999999999,2.887,2.887,2.887,1.87,1.870607228929483,2.887,TTM_EPSAct,1.87,EPSFR_LTM,9.397298233460338,0.10641356431994103,9.397298233460338,0.10641356431994103,14.50802139037433,0.06892738665683745,0.07423479542941389,0.8730100000000012,0.8730100000000012,-0.14398999999999873,0,0,0,1,0
2024-02-16,27.32,768199747,21014846104.5599,13.5651120412713,2.013990000000001,2.887,2.887,2.887,1.87,1.870607228929483,2.887,TTM_EPSAct,1.87,EPSFR_LTM,9.463110495323866,0.10567349926793558,9.463110495323866,0.10567349926793558,14.609625668449198,0.0684480234260615,0.07371852122986827,0.873009999999999,0.873009999999999,-0.14399000000000095,0,0,0,1,0
2024-02-19,27.33,768199747,21022538215.14,13.570077309222,2.013989999999999,2.887,2.887,2.887,1.87,1.870607228929483,2.887,TTM_EPSAct,1.87,EPSFR_LTM,9.46657429857984,0.10563483351628249,9.46657429857984,0.10563483351628249,14.614973262032084,0.06842297841200147,0.07369154774972553,0.8730100000000012,0.8730100000000012,-0.14398999999999873,0,0,0,1,0
2024-02-20,27.55,768199747,21191764647.9,13.6793132041371,2.0139899999999944,2.887,2.887,2.887,1.87,1.870607228929483,2.887,TTM_EPSAct,1.87,EPSFR_LTM,9.542777970211292,0.10479128856624319,9.542777970211292,0.10479128856624319,14.732620320855615,0.06787658802177858,0.07310308529945532,0.8730100000000056,0.8730100000000056,-0.1439899999999943,0,0,0,1,0
2024-02-21,27.5,768199747,21153304095.0,13.6544868643836,2.0139900000000055,2.887,2.887,2.887,1.87,1.870607228929483,2.887,TTM_EPSAct,1.87,EPSFR_LTM,9.525458953931416,0.10498181818181818,9.525458953931416,0.10498181818181818,14.705882352941176,0.068,0.0732360000000002,0.8730099999999945,0.8730099999999945,-0.1439900000000054,0,0,0,1,0
2024-02-22,27.6,768199747,21230225200.8,13.7041395438905,2.013989999999998,2.887,2.887,2.887,1.87,1.870607228929483,2.887,TTM_EPSAct,1.87,EPSFR_LTM,9.560096986491168,0.10460144927536232,9.560096986491168,0.10460144927536232,14.759358288770054,0.0677536231884058,0.07297065217391296,0.8730100000000021,0.8730100000000021,-0.14398999999999784,0,0,0,1,0
2024-02-23,26.91,768199747,20699469570.7799,13.3615360552932,2.0139900000000037,2.887,2.887,2.887,1.87,1.870607228929483,2.887,TTM_EPSAct,1.87,EPSFR_LTM,9.321094561828888,0.10728353771832033,9.321094561828888,0.10728353771832033,14.3903743315508,0.0694908955778521,0.07484169453734685,0.8730099999999963,0.8730099999999963,-0.14399000000000362,0,0,0,1,0
2024-02-26,26.25,768199747,20191790272.4999,13.033828370548,2.013990000000003,2.887,2.887,2.887,1.87,1.870607228929483,2.887,TTM_EPSAct,1.87,EPSFR_LTM,9.092483546934535,0.10998095238095239,9.092483546934535,0.10998095238095239,14.037433155080214,0.07123809523809524,0.07672342857142868,0.8730099999999972,0.8730099999999972,-0.14399000000000273,0,0,0,1,0
2024-02-27,26.6,768199747,20461014142.8,13.207612748822,2.013989999999999,2.887,2.887,2.887,1.87,1.870607228929483,2.887,TTM_EPSAct,1.87,EPSFR_LTM,9.213716660893661,0.10853383458646616,9.213716660893661,0.10853383458646616,14.224598930481283,0.07030075187969925,0.07571390977443604,0.8730100000000012,0.8730100000000012,-0.14398999999999873,0,0,0,1,0
2024-02-28,25.65,768199747,19730263637.7,12.7359122935069,2.013990000000003,2.887,2.887,2.887,1.87,1.870607228929483,2.887,TTM_EPSAct,1.87,EPSFR_LTM,8.88465535157603,0.11255360623781677,8.88465535157603,0.11255360623781677,13.71657754010695,0.07290448343079922,0.07851812865497088,0.8730099999999972,0.8730099999999972,-0.14399000000000273,0,0,0,1,0
2024-02-29,25.37,768199747,19514884541.4599,12.5968847908877,2.0139900000000064,2.887,2.887,2.887,1.87,1.870607228929483,2.887,TTM_EPSAct,1.87,EPSFR_LTM,8.78766886040873,0.11379582183681514,8.78766886040873,0.11379582183681514,13.566844919786096,0.0737091052424123,0.0793847063460783,0.8730099999999936,0.8730099999999936,-0.14399000000000628,0,0,0,1,0
2024-03-01,25.43,768199747,19561037204.94,12.6266763985919,2.0139899999999917,2.887,2.887,2.887,1.87,1.870607228929483,2.887,TTM_EPSAct,1.87,EPSFR_LTM,8.808451679944579,0.1135273299252851,8.808451679944579,0.1135273299252851,13.598930481283421,0.07353519465198585,0.07919740464018844,0.8730100000000083,0.8730100000000083,-0.14398999999999162,0,0,0,1,0
2024-03-04,25.0,768199747,19230276450.0,13.4013047510306,1.8654899999999945,2.887,2.887,2.887,1.87,1.870607228929483,2.887,TTM_EPSAct,1.87,EPSFR_LTM,8.659508139937651,0.11548,8.659508139937651,0.11548,13.36898395721925,0.0748,0.07461959999999979,1.0215100000000055,1.0215100000000055,0.004510000000005565,0,0,0,1,0
2024-03-05,24.83,768199747,19099510570.1399,13.3101758787236,1.8654899999999932,2.887,2.887,2.887,1.87,1.870607228929483,2.887,TTM_EPSAct,1.87,EPSFR_LTM,8.600623484586075,0.11627064035441,8.600623484586075,0.11627064035441,13.278074866310158,0.07531212243254129,0.07513048731373312,1.0215100000000068,1.0215100000000068,0.004510000000006897,0,0,0,1,0
2024-03-06,24.9,768199747,19153355344.2,13.3476995320264,1.8654900000000052,2.887,2.887,2.887,1.87,1.870607228929483,2.887,TTM_EPSAct,1.87,EPSFR_LTM,8.6248701073779,0.11594377510040162,8.6248701073779,0.11594377510040162,13.315508021390373,0.07510040160642571,0.07491927710843395,1.0215099999999948,1.0215099999999948,0.004509999999994907,0,0,0,1,0
2024-03-07,25.05,768199747,19268737002.9,13.4281073605326,1.865490000000003,2.887,2.887,2.887,1.87,1.870607228929483,2.887,TTM_EPSAct,1.87,EPSFR_LTM,8.676827156217527,0.11524950099800399,8.676827156217527,0.11524950099800399,13.395721925133689,0.07465069860279441,0.07447065868263485,1.021509999999997,1.021509999999997,0.004509999999997127,0,0,0,1,0
2024-03-08,25.29,768199747,19453347656.82,13.5567598861425,1.865490000000002,2.887,2.887,2.887,1.87,1.870607228929483,2.887,TTM_EPSAct,1.87,EPSFR_LTM,8.759958434360929,0.11415579280347964,8.759958434360929,0.11415579280347964,13.524064171122994,0.07394226967180705,0.07376393831553982,1.021509999999998,1.021509999999998,0.004509999999998016,0,0,0,1,0
2024-03-11,25.19,768199747,19376426551.0199,13.5031546671384,1.865489999999999,2.887,2.887,2.887,1.87,1.870607228929483,2.887,TTM_EPSAct,1.87,EPSFR_LTM,8.725320401801179,0.11460897181421198,8.725320401801179,0.11460897181421198,13.470588235294118,0.07423580786026202,0.07405676855895192,1.021510000000001,1.021510000000001,0.004510000000001124,0,0,0,1,0
2024-03-12,25.65,768199747,19730263637.7,13.7497386745574,1.8654899999999937,2.887,2.887,2.887,1.87,1.870607228929483,2.887,TTM_EPSAct,1.87,EPSFR_LTM,8.88465535157603,0.11255360623781677,8.88465535157603,0.11255360623781677,13.71657754010695,0.07290448343079922,0.07272865497075999,1.0215100000000064,1.0215100000000064,0.004510000000006453,0,0,0,1,0
2024-03-13,25.27,768199747,19437963435.66,13.5460388423417,1.8654899999999988,2.887,2.887,2.887,1.87,1.870607228929483,2.887,TTM_EPSAct,1.87,EPSFR_LTM,8.753030827848978,0.11424614166996439,8.753030827848978,0.11424614166996439,13.513368983957218,0.074000791452315,0.07382231895528289,1.0215100000000013,1.0215100000000013,0.004510000000001346,0,0,0,1,0
2024-03-14,24.7,768199747,18999513132.6,13.2404890940182,1.8654899999999992,2.887,2.887,2.887,1.87,1.870607228929483,2.887,TTM_EPSAct,1.87,EPSFR_LTM,8.555594042258399,0.11688259109311741,8.555594042258399,0.11688259109311741,13.208556149732619,0.07570850202429151,0.07552591093117406,1.0215100000000008,1.0215100000000008,0.004510000000000902,0,0,0,1,0
2024-03-15,24.78,768199747,19061050017.24,13.2833732692215,1.865489999999999,2.887,2.887,2.887,1.87,1.870607228929483,2.887,TTM_EPSAct,1.87,EPSFR_LTM,8.583304468306201,0.11650524616626311,8.583304468306201,0.11650524616626311,13.251336898395722,0.0754640839386602,0.07528208232445516,1.021510000000001,1.021510000000001,0.004510000000001124,0,0,0,1,0
2024-03-18,24.9,768199747,19153355344.2,13.3476995320264,1.8654900000000052,2.887,2.887,2.887,1.87,1.870607228929483,2.887,TTM_EPSAct,1.87,EPSFR_LTM,8.6248701073779,0.11594377510040162,8.6248701073779,0.11594377510040162,13.315508021390373,0.07510040160642571,0.07491927710843395,1.0215099999999948,1.0215099999999948,0.004509999999994907,0,0,0,1,0
2024-03-19,24.98,768199747,19214892228.84,13.3905837072297,1.865490000000005,2.887,2.887,2.887,1.87,1.870607228929483,2.887,TTM_EPSAct,1.87,EPSFR_LTM,8.652580533425702,0.1155724579663731,8.652580533425702,0.1155724579663731,13.358288770053475,0.07485988791032827,0.07467934347478003,1.021509999999995,1.021509999999995,0.004509999999995129,0,0,0,1,0
2024-03-20,24.69,768199747,18991821022.0199,13.2351285721178,1.8654899999999974,2.887,2.887,2.887,1.87,1.870607228929483,2.887,TTM_EPSAct,1.87,EPSFR_LTM,8.552130239002425,0.11692993114621304,8.552130239002425,0.11692993114621304,13.203208556149733,0.07573916565411097,0.07555650060753331,1.0215100000000026,1.0215100000000026,0.0045100000000026785,0,0,0,1,0
2024-03-21,24.12,768199747,18553370718.9599,12.9295788237943,1.8654899999999979,2.887,2.887,2.887,1.87,1.870607228929483,2.887,TTM_EPSAct,1.87,EPSFR_LTM,8.354693453411846,0.11969320066334992,8.354693453411846,0.11969320066334992,12.898395721925134,0.07752902155887231,0.07734203980099494,1.0215100000000021,1.0215100000000021,0.0045100000000022344,0,0,0,1,0
2024-03-22,24.68,768199747,18984128911.44,13.2297680502174,1.8654899999999957,2.887,2.887,2.887,1.87,1.870607228929483,2.887,TTM_EPSAct,1.87,EPSFR_LTM,8.54866643574645,0.1169773095623987,8.54866643574645,0.1169773095623987,13.197860962566844,0.07576985413290115,0.07558711507293338,1.0215100000000044,1.0215100000000044,0.004510000000004455,0,0,0,1,0
2024-03-25,25.67,768199747,19745647858.86,13.7604597183582,1.8654899999999972,2.887,2.887,2.887,1.87,1.870607228929483,2.887,TTM_EPSAct,1.87,EPSFR_LTM,8.891582958087982,0.11246591351772496,8.891582958087982,0.11246591351772496,13.727272727272727,0.0728476821192053,0.07267199065056475,1.0215100000000028,1.0215100000000028,0.004510000000002901,0,0,0,1,0
2024-03-26,25.4,768199747,19537960873.1999,13.615725627047,1.8654900000000065,2.887,2.887,2.887,1.87,1.870607228929483,2.887,TTM_EPSAct,1.87,EPSFR_LTM,8.798060270176654,0.11366141732283465,8.798060270176654,0.11366141732283465,13.582887700534759,0.07362204724409449,0.07344448818897664,1.0215099999999935,1.0215099999999935,0.004509999999993575,0,0,0,1,0
2024-03-27,25.71,768199747,19776416301.1799,13.7819018059598,1.8654900000000039,2.887,2.887,2.887,1.87,1.870607228929483,2.887,TTM_EPSAct,1.87,EPSFR_LTM,8.90543817111188,0.11229093737845196,8.90543817111188,0.11229093737845196,13.748663101604278,0.07273434461299105,0.0725589264877481,1.0215099999999961,1.0215099999999961,0.004509999999996239,0,0,0,1,0
2024-03-28,25.1,768199747,19307197555.7999,13.4549099700347,1.8654899999999977,2.887,2.887,2.887,1.87,1.870607228929483,2.887,TTM_EPSAct,1.87,EPSFR_LTM,8.694146172497403,0.1150199203187251,8.694146172497403,0.1150199203187251,13.422459893048128,0.07450199203187251,0.07432231075697202,1.0215100000000024,1.0215100000000024,0.0045100000000024565,0,0,0,1,0
2024-04-02,24.81,768213533,19084126348.98,13.2994548349227,1.8654900000000036,2.887,2.887,2.521,1.77,1.771642833061104,2.521,TTM_EPSAct,1.87,EPSFR_LTM,8.593695878074126,0.11636436920596534,9.84133280444268,0.10161225312374043,13.267379679144383,0.07537283353486499,0.07519105199516339,1.0215099999999964,0.6555099999999963,0.004509999999996461,0,0,0,1,0
2024-04-03,25.04,768213533,19261044892.3199,13.4227468386322,1.8654900000000012,2.887,2.887,2.521,1.77,1.771642833061104,2.521,TTM_EPSAct,1.87,EPSFR_LTM,8.673363352961552,0.11529552715654952,9.93256644188814,0.10067891373801917,13.3903743315508,0.07468051118210864,0.07450039936102242,1.0215099999999988,0.6555099999999987,0.004509999999998904,0,0,0,1,0
2024-04-04,25.05,768213533,19268737002.9,13.4281073605326,1.865490000000003,2.887,2.887,2.521,1.77,1.771642833061104,2.521,TTM_EPSAct,1.87,EPSFR_LTM,8.676827156217527,0.11524950099800399,9.936533121777073,0.10063872255489022,13.395721925133689,0.07465069860279441,0.07447065868263485,1.021509999999997,0.6555099999999969,0.004509999999997127,0,0,0,1,0
2024-04-05,26.72,768213533,20553319469.7599,14.3233145179015,1.8654899999999952,2.887,2.887,2.521,1.77,1.771642833061104,2.521,TTM_EPSAct,1.87,EPSFR_LTM,9.255282299965362,0.10804640718562875,10.598968663228877,0.09434880239520958,14.288770053475934,0.06998502994011976,0.06981624251496989,1.0215100000000048,0.6555100000000047,0.004510000000004899,0,0,0,1,0
2024-04-08,27.29,768213533,20991769772.8199,14.628864266225,1.8654899999999948,2.887,2.887,2.521,1.77,1.771642833061104,2.521,TTM_EPSAct,1.87,EPSFR_LTM,9.45271908555594,0.10578966654452181,10.825069416898057,0.09237816049835104,14.593582887700533,0.06852326859655553,0.06835800659582246,1.0215100000000052,0.6555100000000051,0.004510000000005343,0,0,0,1,0
2024-04-09,27.21,768213533,20930232888.18,14.5859800910217,1.8654899999999952,2.887,2.887,2.521,1.77,1.771642833061104,2.521,TTM_EPSAct,1.87,EPSFR_LTM,9.42500865950814,0.10610069827269386,10.793335977786594,0.0926497611172363,14.550802139037433,0.0687247335538405,0.068558985667034,1.0215100000000048,0.6555100000000047,0.004510000000004899,0,0,0,1,0
2024-04-10,27.99,768213533,21530217513.42,15.0041007992538,1.8654900000000019,2.887,2.887,2.521,1.77,1.771642833061104,2.521,TTM_EPSAct,1.87,EPSFR_LTM,9.695185313474195,0.1031439799928546,11.102737009123363,0.09006788138620936,14.967914438502673,0.06680957484816007,0.06664844587352632,1.0215099999999981,0.655509999999998,0.004509999999998238,0,0,0,1,0
2024-04-11,27.81,768213533,21391759522.98,14.9076114050464,1.8654899999999994,2.887,2.887,2.521,1.77,1.771642833061104,2.521,TTM_EPSAct,1.87,EPSFR_LTM,9.632836854866643,0.10381157856886013,11.03133677112257,0.09065084501977706,14.871657754010693,0.06724199928083424,0.06707982740021573,1.0215100000000006,0.6555100000000005,0.00451000000000068,0,0,0,1,0
2024-04-12,27.32,768213533,21014846104.5599,14.6449458319262,1.8654899999999994,2.887,2.887,2.521,1.77,1.771642833061104,2.521,TTM_EPSAct,1.87,EPSFR_LTM,9.463110495323866,0.10567349926793558,10.836969456564855,0.09227672035139092,14.609625668449198,0.0684480234260615,0.06828294289897509,1.0215100000000006,0.6555100000000005,0.00451000000000068,0,0,0,1,0
2024-04-15,26.6,768213533,20461014142.7999,14.2589882550965,1.865490000000002,2.887,2.887,2.521,1.77,1.771642833061104,2.521,TTM_EPSAct,1.87,EPSFR_LTM,9.213716660893661,0.10853383458646616,10.551368504561683,0.09477443609022555,14.224598930481283,0.07030075187969925,0.07013120300751888,1.021509999999998,0.6555099999999978,0.004509999999998016,0,0,0,1,0
2024-04-16,26.33,768213533,20253327157.14,14.1142541637854,1.865489999999998,2.887,2.887,2.521,1.77,1.771642833061104,2.521,TTM_EPSAct,1.87,EPSFR_LTM,9.120193972982333,0.10964679073300418,10.444268147560491,0.09574629699962021,14.080213903743314,0.07102164830991266,0.07085036080516514,1.021510000000002,0.6555100000000018,0.004510000000002012,0,0,0,1,0
2024-04-17,26.2,768213533,20153329719.5999,14.04456737908,1.8654900000000036,2.887,2.887,2.521,1.77,1.771642833061104,2.521,TTM_EPSAct,1.87,EPSFR_LTM,9.075164530654659,0.1101908396946565,10.392701309004364,0.09622137404580153,14.010695187165775,0.07137404580152672,0.0712019083969467,1.0215099999999964,0.6555099999999963,0.004509999999996461,0,0,0,1,0
2024-04-18,25.8,768213533,19845645296.4,13.8301465030635,1.8654900000000052,2.887,2.887,2.521,1.77,1.771642833061104,2.521,TTM_EPSAct,1.87,EPSFR_LTM,8.936612400415656,0.11189922480620154,10.234034113447045,0.09771317829457364,13.796791443850267,0.07248062015503876,0.07230581395348858,1.0215099999999948,0.6555099999999947,0.004509999999994907,0,0,0,1,0
2024-04-19,25.72,768213533,19784108411.7599,13.7872623278602,1.8654900000000054,2.887,2.887,2.521,1.77,1.771642833061104,2.521,TTM_EPSAct,1.87,EPSFR_LTM,8.908901974367856,0.11224727838258165,10.20230067433558,0.09801710730948678,13.754010695187164,0.07270606531881804,0.07253071539657875,1.0215099999999946,0.6555099999999945,0.004509999999994685,0,0,0,1,0
2024-04-22,26.22,768213533,20168713940.7599,14.0552884228808,1.8654900000000068,2.887,2.887,2.521,1.77,1.771642833061104,2.521,TTM_EPSAct,1.87,EPSFR_LTM,9.082092137166608,0.1101067887109077,10.40063466878223,0.09614797864225783,14.021390374331549,0.07131960335621663,0.07114759725400484,1.0215099999999933,0.6555099999999932,0.004509999999993353,0,0,0,1,0
2024-04-23,26.21,768213533,20161021830.1799,14.0499279009804,1.8654900000000054,2.887,2.887,2.521,1.77,1.771642833061104,2.521,TTM_EPSAct,1.87,EPSFR_LTM,9.078628333910634,0.11014879816863792,10.396667988893297,0.09618466234261731,14.016042780748663,0.0713468141930561,0.07117474246470833,1.0215099999999946,0.6555099999999945,0.004509999999994685,0,0,0,1,0
2024-04-24,25.85,768213533,19884105849.2999,13.8569491125656,1.86549,2.887,2.887,2.521,1.77,1.771642833061104,2.521,TTM_EPSAct,1.87,EPSFR_LTM,8.953931416695532,0.11168278529980658,10.253867512891711,0.09752417794970986,13.823529411764707,0.07234042553191489,0.07216595744680851,1.02151,0.6555099999999998,0.004510000000000014,0,0,0,1,0
2024-04-25,22.49,768213533,17299556694.4199,12.0558137540271,1.8654899999999985,2.521,2.521,2.521,1.77,1.771642833061104,2.521,TTM_EPSAct,1.77,EPSFR_LTM,8.921063070210234,0.1120942641173855,8.921063070210234,0.1120942641173855,12.706214689265536,0.07870164517563362,0.08294753223654952,0.6555100000000014,0.6555100000000014,-0.09548999999999852,0,0,0,1,0
2024-04-26,22.16,768213533,17045717045.2799,12.5352128610379,1.7678199999999984,2.521,2.521,2.521,1.77,1.771642833061104,2.521,TTM_EPSAct,1.77,EPSFR_LTM,8.790162633875447,0.11376353790613718,8.790162633875447,0.11376353790613718,12.519774011299434,0.07987364620938628,0.07977527075812267,0.7531800000000015,0.7531800000000015,0.002180000000001625,0,0,0,1,0
2024-04-29,21.56,768213533,16584190410.48,12.1958117907932,1.7678199999999968,2.521,2.521,2.521,1.77,1.771642833061104,2.521,TTM_EPSAct,1.77,EPSFR_LTM,8.552161840539469,0.11692949907235622,8.552161840539469,0.11692949907235622,12.180790960451976,0.08209647495361781,0.08199536178107593,0.7531800000000031,0.7531800000000031,0.0021800000000031794,0,0,0,1,0
2024-04-30,21.34,768213533,16414963977.72,12.0713647317035,1.7678199999999933,2.521,2.521,2.521,1.77,1.771642833061104,2.521,TTM_EPSAct,1.77,EPSFR_LTM,8.464894882982943,0.11813495782567947,8.464894882982943,0.11813495782567947,12.056497175141242,0.08294283036551078,0.08284067478912809,0.7531800000000066,0.7531800000000066,0.002180000000006732,0,0,0,1,0
2024-05-02,22.19,768213533,17068793377.0199,12.5521829145501,1.7678200000000035,2.521,2.521,2.521,1.77,1.771642833061104,2.521,TTM_EPSAct,1.77,EPSFR_LTM,8.802062673542245,0.11360973411446597,8.802062673542245,0.11360973411446597,12.536723163841808,0.07976566020730058,0.07966741775574598,0.7531799999999964,0.7531799999999964,0.002179999999996518,0,0,0,1,0
2024-05-03,22.07,768213533,16976488050.0599,12.4843027005012,1.7678199999999975,2.521,2.521,2.521,1.77,1.771642833061104,2.521,TTM_EPSAct,1.77,EPSFR_LTM,8.75446251487505,0.11422745808790212,8.75446251487505,0.11422745808790212,12.468926553672317,0.08019936565473493,0.08010058903488888,0.7531800000000024,0.7531800000000024,0.0021800000000025133,0,0,0,1,0
2024-05-06,22.57,768213533,17361093579.06,12.7671369257051,1.7678200000000006,2.521,2.521,2.521,1.77,1.771642833061104,2.521,TTM_EPSAct,1.77,EPSFR_LTM,8.952796509321699,0.11169694284448382,8.952796509321699,0.11169694284448382,12.751412429378531,0.07842268498006202,0.0783260965883917,0.7531799999999993,0.7531799999999993,0.0021799999999994046,0,0,0,1,0
2024-05-07,22.11,768213533,17007256492.38,12.5069294385175,1.7678199999999995,2.521,2.521,2.521,1.77,1.771642833061104,2.521,TTM_EPSAct,1.77,EPSFR_LTM,8.77032923443078,0.11402080506558118,8.77032923443078,0.11402080506558118,12.491525423728813,0.08005427408412483,0.07995567616463137,0.7531800000000004,0.7531800000000004,0.002180000000000515,0,0,0,1,0
2024-05-08,21.82,768213533,16784185285.56,12.3428855878992,1.7678200000000028,2.521,2.521,2.521,1.77,1.771642833061104,2.521,TTM_EPSAct,1.77,EPSFR_LTM,8.655295517651727,0.11553620531622365,8.655295517651727,0.11553620531622365,12.32768361581921,0.08111824014665445,0.08101833180568299,0.7531799999999971,0.7531799999999971,0.002179999999997184,0,0,0,1,0
2024-05-10,22.45,768213533,17268788252.1,12.6992567116562,1.7678199999999948,2.521,2.521,2.521,1.77,1.771642833061104,2.521,TTM_EPSAct,1.77,EPSFR_LTM,8.905196350654503,0.11229398663697104,8.905196350654503,0.11229398663697104,12.68361581920904,0.07884187082405346,0.07874476614699309,0.7531800000000051,0.7531800000000051,0.002180000000005178,0,0,0,1,0
2024-05-13,22.52,768213533,17322633026.1599,12.7388535031847,1.767820000000002,2.521,2.521,2.521,1.77,1.771642833061104,2.521,TTM_EPSAct,1.77,EPSFR_LTM,8.932963109877033,0.1119449378330373,8.932963109877033,0.1119449378330373,12.72316384180791,0.07859680284191829,0.07850000000000008,0.753179999999998,0.753179999999998,0.0021799999999980724,0,0,0,1,0
2024-05-14,22.18,768213533,17061101266.44,12.546526230046,1.7678200000000064,2.521,2.521,2.521,1.77,1.771642833061104,2.521,TTM_EPSAct,1.77,EPSFR_LTM,8.798095993653313,0.1136609558160505,8.798095993653313,0.1136609558160505,12.531073446327683,0.07980162308385934,0.07970333633904447,0.7531799999999935,0.7531799999999935,0.0021799999999936315,0,0,0,1,0
2024-05-15,18.88,768213533,14522704775.0399,10.6798203437001,1.7678200000000082,2.521,2.521,2.521,1.77,1.771642833061104,2.521,TTM_EPSAct,1.77,EPSFR_LTM,7.489091630305434,0.13352754237288136,7.489091630305434,0.13352754237288136,10.666666666666666,0.09375,0.09363453389830552,0.7531799999999917,0.7531799999999917,0.002179999999991855,0,0,0,1,0
2024-05-16,19.25,768213533,14807312866.5,10.8891176703511,1.7678199999999926,2.521,2.521,2.521,1.77,1.771642833061104,2.521,TTM_EPSAct,1.77,EPSFR_LTM,7.635858786195954,0.13096103896103894,7.635858786195954,0.13096103896103894,10.875706214689265,0.09194805194805195,0.0918348051948048,0.7531800000000073,0.7531800000000073,0.0021800000000073982,0,0,0,1,0
2024-05-17,18.92,768213533,14553473217.36,10.7024470817165,1.7678199999999944,2.521,2.521,2.521,1.77,1.771642833061104,2.521,TTM_EPSAct,1.77,EPSFR_LTM,7.504958349861167,0.13324524312896405,7.504958349861167,0.13324524312896405,10.689265536723164,0.09355179704016912,0.09343657505285381,0.7531800000000055,0.7531800000000055,0.002180000000005622,0,0,0,1,0
2024-05-20,19.445,768213533,14957309022.81,10.9994230181806,1.7678199999999975,2.521,2.521,2.521,1.77,1.771642833061104,2.521,TTM_EPSAct,1.77,EPSFR_LTM,7.7132090440301475,0.12964772435073282,7.7132090440301475,0.12964772435073282,10.985875706214689,0.09102597068655181,0.09091385960401117,0.7531800000000024,0.7531800000000024,0.0021800000000025133,0,0,0,1,0
2024-05-21,19.675,768213533,15134227566.1499,11.1295267617744,1.7678199999999982,2.521,2.521,2.521,1.77,1.771642833061104,2.521,TTM_EPSAct,1.77,EPSFR_LTM,7.804442681475606,0.12813214739517154,7.804442681475606,0.12813214739517154,11.115819209039548,0.08996188055908513,0.08985108005082583,0.7531800000000017,0.7531800000000017,0.002180000000001847,0,0,0,1,0
2024-05-22,20.03,768213533,15407297491.7399,11.3303390616692,1.7678199999999962,2.521,2.521,2.521,1.77,1.771642833061104,2.521,TTM_EPSAct,1.77,EPSFR_LTM,7.945259817532726,0.1258612081877184,7.945259817532726,0.1258612081877184,11.31638418079096,0.08836744882675986,0.08825861208187699,0.7531800000000037,0.7531800000000037,0.0021800000000038455,0,0,0,1,0
2024-05-23,19.775,768213533,15211148671.9499,11.1860936068152,1.7678199999999957,2.521,2.521,2.521,1.77,1.771642833061104,2.521,TTM_EPSAct,1.77,EPSFR_LTM,7.844109480364934,0.1274841972187105,7.844109480364934,0.1274841972187105,11.17231638418079,0.0895069532237674,0.08939671302149156,0.7531800000000042,0.7531800000000042,0.0021800000000042896,0,0,0,1,0
2024-05-24,19.82,768213533,15245763169.56,11.2115486870835,1.7678200000000042,2.521,2.521,2.521,1.77,1.771642833061104,2.521,TTM_EPSAct,1.77,EPSFR_LTM,7.861959539865134,0.12719475277497477,7.861959539865134,0.12719475277497477,11.19774011299435,0.08930373360242179,0.08919374369323936,0.7531799999999957,0.7531799999999957,0.002179999999995852,0,0,0,1,0
2024-05-27,20.15,768213533,15499602818.7,11.3982192757181,1.7678200000000024,2.521,2.521,2.521,1.77,1.771642833061104,2.521,TTM_EPSAct,1.77,EPSFR_LTM,7.99285997619992,0.12511166253101738,7.99285997619992,0.12511166253101738,11.384180790960452,0.08784119106699753,0.0877330024813897,0.7531799999999975,0.7531799999999975,0.0021799999999976283,0,0,0,1,0
2024-05-28,19.8,768213533,15230378948.4,11.2002353180754,1.7678199999999953,2.521,2.521,2.521,1.77,1.771642833061104,2.521,TTM_EPSAct,1.77,EPSFR_LTM,7.854026180087268,0.1273232323232323,7.854026180087268,0.1273232323232323,11.186440677966102,0.08939393939393939,0.08928383838383815,0.7531800000000046,0.7531800000000046,0.0021800000000047337,0,0,0,1,0
2024-05-29,19.245,768213533,14803466811.21,10.886289328099,1.7678200000000024,2.521,2.521,2.521,1.77,1.771642833061104,2.521,TTM_EPSAct,1.77,EPSFR_LTM,7.633875446251488,0.13099506365289684,7.633875446251488,0.13099506365289684,10.872881355932204,0.09197194076383476,0.09185866458820485,0.7531799999999975,0.7531799999999975,0.0021799999999976283,0,0,0,1,0
2024-05-30,19.02,768213533,14630394323.16,10.7590139267573,1.7678199999999917,2.521,2.521,2.521,1.77,1.771642833061104,2.521,TTM_EPSAct,1.77,EPSFR_LTM,7.544625148750496,0.1325446898002103,7.544625148750496,0.1325446898002103,10.745762711864407,0.09305993690851735,0.09294532071503636,0.7531800000000082,0.7531800000000082,0.0021800000000082864,0,0,0,1,0
2024-05-31,19.265,768213533,14818851032.37,10.8976026971072,1.7678199999999955,2.521,2.521,2.521,1.77,1.771642833061104,2.521,TTM_EPSAct,1.77,EPSFR_LTM,7.641808806029354,0.13085907085388007,7.641808806029354,0.13085907085388007,10.884180790960452,0.09187645990137555,0.09176330132364367,0.7531800000000044,0.7531800000000044,0.0021800000000045117,0,0,0,1,0
2024-06-03,18.935,768213533,14565011383.2299,10.7109321084726,1.767819999999997,2.521,2.521,2.521,1.77,1.771642833061104,2.521,TTM_EPSAct,1.77,EPSFR_LTM,7.510908369694565,0.1331396884077106,7.510908369694565,0.1331396884077106,10.69774011299435,0.09347768682334302,0.09336255611301807,0.7531800000000028,0.7531800000000028,0.0021800000000029573,0,0,0,1,0
2024-06-04,18.74,768213533,14415015226.92,10.6006267606431,1.7678199999999917,2.521,2.521,2.521,1.77,1.771642833061104,2.521,TTM_EPSAct,1.77,EPSFR_LTM,7.433558111860372,0.13452508004268945,7.433558111860372,0.13452508004268945,10.587570621468926,0.0944503735325507,0.09433404482390564,0.7531800000000082,0.7531800000000082,0.0021800000000082864,0,0,0,1,0
2024-06-05,18.77,768213533,14438091558.6599,10.6175968141553,1.7678199999999977,2.521,2.521,2.521,1.77,1.771642833061104,2.521,TTM_EPSAct,1.77,EPSFR_LTM,7.445458151527172,0.13431006925945657,7.445458151527172,0.13431006925945657,10.6045197740113,0.09429941395844432,0.09418327117741064,0.7531800000000022,0.7531800000000022,0.002180000000002291,0,0,0,1,0
2024-06-06,18.825,768213533,14480398166.85,10.6487085789277,1.767820000000003,2.521,2.521,2.521,1.77,1.771642833061104,2.521,TTM_EPSAct,1.77,EPSFR_LTM,7.467274890916303,0.1339176626826029,7.467274890916303,0.1339176626826029,10.635593220338983,0.09402390438247013,0.09390810092961505,0.7531799999999969,0.7531799999999969,0.002179999999996962,0,0,0,1,0
2024-06-07,18.945,768213533,14572703493.8099,10.7165887929767,1.7678199999999937,2.521,2.521,2.521,1.77,1.771642833061104,2.521,TTM_EPSAct,1.77,EPSFR_LTM,7.514875049583499,0.13306941145420956,7.514875049583499,0.13306941145420956,10.703389830508474,0.0934283452098179,0.0933132752705196,0.7531800000000062,0.7531800000000062,0.002180000000006288,0,0,0,1,0
2024-06-10,18.555,768213533,14272711181.19,10.4959780973176,1.76782,2.521,2.521,2.521,1.77,1.771642833061104,2.521,TTM_EPSAct,1.77,EPSFR_LTM,7.360174533915113,0.1358663433036917,7.360174533915113,0.1358663433036917,10.483050847457626,0.09539207760711399,0.09527458905955268,0.75318,0.75318,0.0021800000000000708,0,0,0,1,0
2024-06-11,18.55,768213533,14268865125.9,10.4931497550656,1.7678199999999935,2.521,2.521,2.521,1.77,1.771642833061104,2.521,TTM_EPSAct,1.77,EPSFR_LTM,7.358191193970647,0.13590296495956872,7.358191193970647,0.13590296495956872,10.480225988700566,0.0954177897574124,0.09530026954177861,0.7531800000000064,0.7531800000000064,0.00218000000000651,0,0,0,1,0
2024-06-12,18.45,768213533,14191944020.1,10.4365829100248,1.767819999999996,2.521,2.521,2.521,1.77,1.771642833061104,2.521,TTM_EPSAct,1.77,EPSFR_LTM,7.318524395081317,0.13663956639566396,7.318524395081317,0.13663956639566396,10.423728813559322,0.09593495934959351,0.09581680216802146,0.753180000000004,0.753180000000004,0.0021800000000040676,0,0,0,1,0
2024-06-13,18.03,768213533,13868875375.74,10.1990021608535,1.7678199999999968,2.521,2.521,2.521,1.77,1.771642833061104,2.521,TTM_EPSAct,1.77,EPSFR_LTM,7.151923839746133,0.13982251802551302,7.151923839746133,0.13982251802551302,10.186440677966102,0.09816971713810316,0.09804880754298373,0.7531800000000031,0.7531800000000031,0.0021800000000031794,0,0,0,1,0
2024-06-14,17.79,768213533,13684264721.82,10.0632417327556,1.7678199999999995,2.521,2.521,2.521,1.77,1.771642833061104,2.521,TTM_EPSAct,1.77,EPSFR_LTM,7.056723522411741,0.1417088251826869,7.056723522411741,0.1417088251826869,10.050847457627118,0.09949409780775717,0.099371557054525,0.7531800000000004,0.7531800000000004,0.002180000000000515,0,0,0,1,0
2024-06-17,17.44,768213533,13415040851.52,9.86525777511285,1.7678200000000002,2.521,2.521,2.521,1.77,1.771642833061104,2.521,TTM_EPSAct,1.77,EPSFR_LTM,6.917889726299088,0.14455275229357797,6.917889726299088,0.14455275229357797,9.853107344632768,0.10149082568807338,0.1013658256880734,0.7531799999999997,0.7531799999999997,0.0021799999999998487,0,0,0,1,0
2024-06-18,17.65,768213533,13576575173.7,9.9840481496985,1.7678199999999995,2.521,2.521,2.521,1.77,1.771642833061104,2.521,TTM_EPSAct,1.77,EPSFR_LTM,7.00119000396668,0.1428328611898017,7.00119000396668,0.1428328611898017,9.971751412429377,0.10028328611898017,0.1001597733711048,0.7531800000000004,0.7531800000000004,0.002180000000000515,0,0,0,1,0
2024-06-19,16.635,768213533,12795825949.83,9.40989467253454,1.767819999999999,2.521,2.521,2.521,1.77,1.771642833061104,2.521,TTM_EPSAct,1.77,EPSFR_LTM,6.598571995239985,0.1515479410880673,6.598571995239985,0.1515479410880673,9.398305084745763,0.10640216411181243,0.10627111511872551,0.7531800000000008,0.7531800000000008,0.002180000000000959,0,0,0,1,0
2024-06-20,17.045,768213533,13111202483.6099,9.64181873720175,1.7678200000000006,2.521,2.521,2.521,1.77,1.771642833061104,2.521,TTM_EPSAct,1.77,EPSFR_LTM,6.761205870686236,0.14790261073628627,6.761205870686236,0.14790261073628627,9.62994350282486,0.10384276914051041,0.10371487239659727,0.7531799999999993,0.7531799999999993,0.0021799999999994046,0,0,0,1,0
2024-06-24,16.785,768213533,12911207608.5299,9.49474494009571,1.7678200000000002,2.521,2.521,2.521,1.77,1.771642833061104,2.521,TTM_EPSAct,1.77,EPSFR_LTM,6.658072193573979,0.1501936252606494,6.658072193573979,0.1501936252606494,9.483050847457626,0.10545129579982127,0.10532141793267799,0.7531799999999997,0.7531799999999997,0.0021799999999998487,0,0,0,1,0
2024-06-25,16.855,768213533,12965052382.59,9.53434173162426,1.7678200000000002,2.521,2.521,2.521,1.77,1.771642833061104,2.521,TTM_EPSAct,1.77,EPSFR_LTM,6.68583895279651,0.14956986057549687,6.68583895279651,0.14956986057549687,9.522598870056497,0.10501334915455354,0.10488401067932365,0.7531799999999997,0.7531799999999997,0.0021799999999998487,0,0,0,1,0
2024-06-26,16.71,768213533,12853516779.1799,9.45231980631512,1.7678200000000004,2.521,2.521,2.521,1.77,1.771642833061104,2.521,TTM_EPSAct,1.77,EPSFR_LTM,6.628322094406982,0.15086774386594853,6.628322094406982,0.15086774386594853,9.440677966101696,0.1059245960502693,0.1057941352483543,0.7531799999999995,0.7531799999999995,0.0021799999999996267,0,0,0,1,0
2024-06-27,16.78,768213533,12907361553.24,9.49191659784367,1.7678200000000006,2.521,2.521,2.521,1.77,1.771642833061104,2.521,TTM_EPSAct,1.77,EPSFR_LTM,6.656088853629512,0.150238379022646,6.656088853629512,0.150238379022646,9.480225988700566,0.10548271752085815,0.10535280095351612,0.7531799999999993,0.7531799999999993,0.0021799999999994046,0,0,0,1,0
2024-06-28,16.625,768213533,12788133839.2499,9.40423798803046,1.7678199999999993,2.521,2.521,2.521,1.77,1.771642833061104,2.521,TTM_EPSAct,1.77,EPSFR_LTM,6.5946053153510515,0.1516390977443609,6.5946053153510515,0.1516390977443609,9.392655367231638,0.10646616541353383,0.10633503759398492,0.7531800000000006,0.7531800000000006,0.002180000000000737,0,0,0,1,0
2024-07-01,16.86,768215734,12968898437.88,9.5371700738763,1.7678199999999997,2.521,2.521,1.841,1.24,1.2457438160203056,1.841,TTM_EPSAct,1.77,EPSFR_LTM,6.687822292740976,0.14952550415183868,9.158066268332428,0.10919335705812575,9.525423728813559,0.10498220640569396,0.10485290628706997,0.7531800000000002,0.07318000000000024,0.002180000000000293,0,0,0,1,0
2024-07-02,17.46,768215734,13430425072.6799,9.87657114412101,1.7678199999999995,2.521,2.521,1.841,1.24,1.2457438160203056,1.841,TTM_EPSAct,1.77,EPSFR_LTM,6.925823086076954,0.14438717067583046,9.483976099945682,0.10544100801832759,9.864406779661017,0.1013745704467354,0.10124971363115691,0.7531800000000004,0.07318000000000047,0.002180000000000515,0,0,0,1,0
2024-07-03,17.53,768215734,13484269846.74,9.91616793564956,1.7678199999999997,2.521,2.521,1.841,1.24,1.2457438160203056,1.841,TTM_EPSAct,1.77,EPSFR_LTM,6.953589845299485,0.14381061038220191,9.521998913633896,0.10501996577296063,9.903954802259888,0.10096976611523102,0.10084540787221903,0.7531800000000002,0.07318000000000024,0.002180000000000293,0,0,0,1,0
2024-07-04,17.86,768215734,13738109495.8799,10.1028385242841,1.767820000000008,2.521,2.521,1.841,1.24,1.2457438160203056,1.841,TTM_EPSAct,1.77,EPSFR_LTM,7.084490281634272,0.14115341545352744,9.701249321021184,0.10307950727883539,10.090395480225988,0.09910414333706608,0.09898208286674177,0.753179999999992,0.07317999999999203,0.002179999999992077,0,0,0,1,0
2024-07-05,17.695,768215734,13611189671.3099,10.0095032299669,1.7678199999999917,2.521,2.521,1.841,1.24,1.2457438160203056,1.841,TTM_EPSAct,1.77,EPSFR_LTM,7.019040063466878,0.14246962418762363,9.61162411732754,0.10404068946029951,9.997175141242938,0.10002825656965245,0.09990505792596731,0.7531800000000082,0.07318000000000824,0.0021800000000082864,0,0,0,1,0
2024-07-08,17.35,768215734,13345811856.3,9.81434761457615,1.7678199999999993,2.521,2.521,1.841,1.24,1.2457438160203056,1.841,TTM_EPSAct,1.77,EPSFR_LTM,6.882189607298692,0.14530259365994236,9.424225964149919,0.10610951008645532,9.80225988700565,0.10201729106628242,0.10189164265129677,0.7531800000000006,0.07318000000000069,0.002180000000000737,0,0,0,1,0
2024-07-09,16.97,768215734,13053511654.26,9.59939360342116,1.7678200000000006,2.521,2.521,1.841,1.24,1.2457438160203056,1.841,TTM_EPSAct,1.77,EPSFR_LTM,6.731455771519238,0.14855627578078964,9.217816404128191,0.10848556275780791,9.587570621468926,0.1043017088980554,0.10417324690630528,0.7531799999999993,0.07317999999999936,0.0021799999999994046,0,0,0,1,0
2024-07-10,16.66,768215734,12815056226.28,9.42403638379473,1.76782,2.521,2.521,1.841,1.24,1.2457438160203056,1.841,TTM_EPSAct,1.77,EPSFR_LTM,6.6084886949623165,0.1513205282112845,9.049429657794677,0.11050420168067226,9.412429378531073,0.10624249699879952,0.10611164465786314,0.75318,0.07318000000000002,0.0021800000000000708,0,0,0,1,0
2024-07-11,16.475,768215734,12672752180.5499,9.31938772046928,1.76782,2.521,2.521,1.841,1.24,1.2457438160203056,1.841,TTM_EPSAct,1.77,EPSFR_LTM,6.535105117017057,0.15301972685887708,8.948940793047258,0.11174506828528072,9.307909604519775,0.10743550834597874,0.10730318664643398,0.75318,0.07318000000000002,0.0021800000000000708,0,0,0,1,0
2024-07-12,16.97,768215734,13053511654.26,9.59939360342116,1.7678200000000006,2.521,2.521,1.841,1.24,1.2457438160203056,1.841,TTM_EPSAct,1.77,EPSFR_LTM,6.731455771519238,0.14855627578078964,9.217816404128191,0.10848556275780791,9.587570621468926,0.1043017088980554,0.10417324690630528,0.7531799999999993,0.07317999999999936,0.0021799999999994046,0,0,0,1,0
2024-07-15,16.89,768215734,12991974769.62,9.55414012738854,1.7678199999999993,2.521,2.521,1.841,1.24,1.2457438160203056,1.841,TTM_EPSAct,1.77,EPSFR_LTM,6.6997223324077755,0.1492599171107164,9.174361759913092,0.10899940793368856,9.542372881355933,0.10479573712255773,0.10466666666666662,0.7531800000000006,0.07318000000000069,0.002180000000000737,0,0,0,1,0
2024-07-16,16.96,768215734,13045819543.68,9.59373691891708,1.767820000000001,2.521,2.521,1.841,1.24,1.2457438160203056,1.841,TTM_EPSAct,1.77,EPSFR_LTM,6.727489091630306,0.1486438679245283,9.212384573601303,0.10854952830188679,9.581920903954803,0.10436320754716981,0.1042346698113208,0.7531799999999989,0.07317999999999891,0.0021799999999989605,0,0,0,1,0
2024-07-17,17.35,768215734,13345811856.3,9.81434761457615,1.7678199999999993,2.521,2.521,1.841,1.24,1.2457438160203056,1.841,TTM_EPSAct,1.77,EPSFR_LTM,6.882189607298692,0.14530259365994236,9.424225964149919,0.10610951008645532,9.80225988700565,0.10201729106628242,0.10189164265129677,0.7531800000000006,0.07318000000000069,0.002180000000000737,0,0,0,1,0
2024-07-18,17.76,768215734,13661188390.08,10.0462716792434,1.7678199999999935,2.521,2.521,1.841,1.24,1.2457438160203056,1.841,TTM_EPSAct,1.77,EPSFR_LTM,7.044823482744944,0.14194819819819818,9.64693101575231,0.1036599099099099,10.033898305084746,0.09966216216216216,0.09953941441441404,0.7531800000000064,0.07318000000000646,0.00218000000000651,0,0,0,1,0
2024-07-19,17.4,768215734,13384272409.2,9.84263103709654,1.7678199999999993,2.521,2.521,1.841,1.24,1.2457438160203056,1.841,TTM_EPSAct,1.77,EPSFR_LTM,6.902023006743356,0.14488505747126437,9.451385116784357,0.10580459770114943,9.83050847457627,0.10172413793103449,0.10159885057471262,0.7531800000000006,0.07318000000000069,0.002180000000000737,0,0,0,1,0
2024-07-22,17.3,768215734,13307351303.4,9.78606419205575,1.7678200000000004,2.521,2.521,1.841,1.24,1.2457438160203056,1.841,TTM_EPSAct,1.77,EPSFR_LTM,6.862356207854027,0.14572254335260115,9.397066811515481,0.10641618497109825,9.774011299435028,0.10231213872832369,0.10218612716763008,0.7531799999999995,0.07317999999999958,0.0021799999999996267,0,0,0,1,0
2024-07-23,17.045,768215734,13111202483.6099,9.64181873720175,1.7678200000000006,2.521,2.521,1.841,1.24,1.2457438160203056,1.841,TTM_EPSAct,1.77,EPSFR_LTM,6.761205870686236,0.14790261073628627,9.258555133079849,0.10800821355236138,9.62994350282486,0.10384276914051041,0.10371487239659727,0.7531799999999993,0.07317999999999936,0.0021799999999994046,0,0,0,1,0
2024-07-24,17.3,768215734,13307351303.3999,9.78606419205575,1.7678200000000004,2.521,2.521,1.841,1.24,1.2457438160203056,1.841,TTM_EPSAct,1.77,EPSFR_LTM,6.862356207854027,0.14572254335260115,9.397066811515481,0.10641618497109825,9.774011299435028,0.10231213872832369,0.10218612716763008,0.7531799999999995,0.07317999999999958,0.0021799999999996267,0,0,0,1,0
2024-07-25,18.115,768215734,13934258315.67,10.2470839791381,1.767820000000008,1.841,1.841,1.841,1.24,1.2457438160203056,1.841,TTM_EPSAct,1.24,EPSFR_LTM,9.839760999456816,0.10162848468120343,9.839760999456816,0.10162848468120343,14.608870967741934,0.06845155948109302,0.0975887386144084,0.07317999999999203,0.07317999999999203,-0.527820000000008,0,0,0,1,0
2024-07-26,19.01,768215734,14622702212.5799,15.3065743387415,1.2419499999999997,1.841,1.841,1.841,1.24,1.2457438160203056,1.841,TTM_EPSAct,1.24,EPSFR_LTM,10.325909831613254,0.09684376643871645,10.325909831613254,0.09684376643871645,15.330645161290324,0.06522882693319305,0.06533140452393475,0.5990500000000003,0.5990500000000003,-0.0019499999999996742,0,0,0,1,0
2024-07-29,18.735,768215734,14411169171.6299,15.0851483554088,1.2419500000000028,1.841,1.841,1.841,1.24,1.2457438160203056,1.841,TTM_EPSAct,1.24,EPSFR_LTM,10.176534492123846,0.09826527888977848,10.176534492123846,0.09826527888977848,15.108870967741936,0.06618628235922071,0.06629036562583415,0.5990499999999972,0.5990499999999972,-0.0019500000000027828,0,0,0,1,0
2024-07-30,18.35,768215734,14115022914.3,14.7751519787431,1.2419500000000006,1.841,1.841,1.841,1.24,1.2457438160203056,1.841,TTM_EPSAct,1.24,EPSFR_LTM,9.967409016838676,0.10032697547683923,9.967409016838676,0.10032697547683923,14.798387096774194,0.06757493188010899,0.06768119891008177,0.5990499999999994,0.5990499999999994,-0.0019500000000005624,0,0,0,1,0
2024-07-31,18.66,768215734,14353478342.2799,15.0247594508636,1.2419499999999968,1.841,1.841,1.841,1.24,1.2457438160203056,1.841,TTM_EPSAct,1.24,EPSFR_LTM,10.135795763172188,0.09866023579849946,10.135795763172188,0.09866023579849946,15.048387096774194,0.06645230439442658,0.06655680600214345,0.5990500000000032,0.5990500000000032,-0.0019499999999967876,0,0,0,1,0
2024-08-01,18.43,768215734,14176559798.94,14.8395668102581,1.2419499999999968,1.841,1.841,1.841,1.24,1.2457438160203056,1.841,TTM_EPSAct,1.24,EPSFR_LTM,10.010863661053776,0.09989148128052089,10.010863661053776,0.09989148128052089,14.862903225806452,0.06728160607704829,0.06738741182854024,0.5990500000000032,0.5990500000000032,-0.0019499999999967876,0,0,0,1,0
2024-08-02,18.0,768215734,13845799044.0,14.4933370908652,1.2419499999999977,1.841,1.841,1.841,1.24,1.2457438160203056,1.841,TTM_EPSAct,1.24,EPSFR_LTM,9.77729494839761,0.10227777777777777,9.77729494839761,0.10227777777777777,14.516129032258064,0.06888888888888889,0.06899722222222208,0.5990500000000023,0.5990500000000023,-0.0019499999999976758,0,0,0,1,0
2024-08-05,17.525,768215734,13480423791.45,14.1108740287451,1.2419500000000017,1.841,1.841,1.841,1.24,1.2457438160203056,1.841,TTM_EPSAct,1.24,EPSFR_LTM,9.51928299837045,0.10504992867332383,9.51928299837045,0.10504992867332383,14.133064516129032,0.07075606276747504,0.07086733238231108,0.5990499999999983,0.5990499999999983,-0.0019500000000016726,0,0,0,1,0
2024-08-06,17.945,768215734,13803492435.81,14.4490518941986,1.2419500000000034,1.841,1.841,1.841,1.24,1.2457438160203056,1.841,TTM_EPSAct,1.24,EPSFR_LTM,9.747419880499729,0.10259125104485929,9.747419880499729,0.10259125104485929,14.471774193548388,0.06910002786291446,0.06920869322931197,0.5990499999999965,0.5990499999999965,-0.001950000000003449,0,0,0,1,0
2024-08-07,18.06,768215734,13891951707.4799,14.5416482145014,1.241949999999999,1.841,1.841,1.841,1.24,1.2457438160203056,1.841,TTM_EPSAct,1.24,EPSFR_LTM,9.809885931558934,0.10193798449612404,9.809885931558934,0.10193798449612404,14.564516129032258,0.06866002214839424,0.0687679955703211,0.599050000000001,0.599050000000001,-0.001949999999999008,0,0,0,1,0
2024-08-08,18.51,768215734,14238096683.58,14.903981641773,1.2419500000000014,1.841,1.841,1.841,1.24,1.2457438160203056,1.841,TTM_EPSAct,1.24,EPSFR_LTM,10.054318305268877,0.09945975148568341,10.054318305268877,0.09945975148568341,14.927419354838712,0.06699081577525662,0.06709616423554843,0.5990499999999985,0.5990499999999985,-0.0019500000000014506,0,0,0,1,0
2024-08-09,18.49,768215734,14222712462.42,14.8878779338943,1.241949999999998,1.841,1.841,1.841,1.24,1.2457438160203056,1.841,TTM_EPSAct,1.24,EPSFR_LTM,10.0434546442151,0.0995673336938886,10.0434546442151,0.0995673336938886,14.911290322580644,0.0670632774472688,0.06716873985938336,0.5990500000000019,0.5990500000000019,-0.00194999999999812,0,0,0,1,0
2024-08-12,18.205,768215734,14003487310.89,14.6584000966222,1.2419500000000039,1.841,1.841,1.841,1.24,1.2457438160203056,1.841,TTM_EPSAct,1.24,EPSFR_LTM,9.888647474198804,0.10112606426805823,9.888647474198804,0.10112606426805823,14.681451612903224,0.06811315572644878,0.06822026915682526,0.5990499999999961,0.5990499999999961,-0.001950000000003893,0,0,0,1,0
2024-08-13,19.36,768215734,14891926082.88,15.5883892266194,1.2419500000000023,1.841,1.841,1.841,1.24,1.2457438160203056,1.841,TTM_EPSAct,1.24,EPSFR_LTM,10.516023900054318,0.09509297520661157,10.516023900054318,0.09509297520661157,15.612903225806452,0.0640495867768595,0.06415030991735549,0.5990499999999976,0.5990499999999976,-0.0019500000000023388,0,0,0,1,0
2024-08-14,19.21,768215734,14776544424.1799,15.4676114175289,1.241949999999999,1.841,1.841,1.841,1.24,1.2457438160203056,1.841,TTM_EPSAct,1.24,EPSFR_LTM,10.434546442151005,0.09583550234252992,10.434546442151005,0.09583550234252992,15.491935483870968,0.06454971369078605,0.06465122332118682,0.599050000000001,0.599050000000001,-0.001949999999999008,0,0,0,1,0
2024-08-15,19.835,768215734,15257301335.43,15.9708522887395,1.2419499999999986,1.841,1.841,1.841,1.24,1.2457438160203056,1.841,TTM_EPSAct,1.24,EPSFR_LTM,10.774035850081479,0.09281572977060751,10.774035850081479,0.09281572977060751,15.995967741935484,0.06251575497857323,0.0626140660448701,0.5990500000000014,0.5990500000000014,-0.001949999999998564,0,0,0,1,0
2024-08-16,19.845,768215734,15264993446.01,15.9789041426789,1.2419499999999961,1.841,1.841,1.841,1.24,1.2457438160203056,1.841,TTM_EPSAct,1.24,EPSFR_LTM,10.779467680608365,0.0927689594356261,10.779467680608365,0.0927689594356261,16.004032258064516,0.06248425296044344,0.0625825144872762,0.5990500000000039,0.5990500000000039,-0.0019499999999961215,0,0,0,1,0
2024-08-19,20.22,768215734,15553447592.76,16.2808486654052,1.2419500000000008,1.841,1.841,1.841,1.24,1.2457438160203056,1.841,TTM_EPSAct,1.24,EPSFR_LTM,10.983161325366648,0.09104846686449061,10.983161325366648,0.09104846686449061,16.306451612903224,0.06132542037586548,0.06142185954500499,0.5990499999999992,0.5990499999999992,-0.0019500000000007844,0,0,0,1,0
2024-08-20,19.9,768215734,15307300054.2,16.0231893393454,1.2419499999999988,1.841,1.841,1.841,1.24,1.2457438160203056,1.841,TTM_EPSAct,1.24,EPSFR_LTM,10.809342748506246,0.09251256281407036,10.809342748506246,0.09251256281407036,16.048387096774192,0.062311557788944726,0.06240954773869341,0.5990500000000012,0.5990500000000012,-0.001949999999998786,0,0,0,1,0
2024-08-21,19.97,768215734,15361144828.26,16.079552316921,1.2419499999999977,1.841,1.841,1.841,1.24,1.2457438160203056,1.841,TTM_EPSAct,1.24,EPSFR_LTM,10.84736556219446,0.09218828242363546,10.84736556219446,0.09218828242363546,16.10483870967742,0.06209313970956435,0.06219078617926879,0.5990500000000023,0.5990500000000023,-0.0019499999999976758,0,0,0,1,0
2024-08-22,19.905,768215734,15311146109.4899,16.0272152663151,1.2419499999999977,1.841,1.841,1.841,1.24,1.2457438160203056,1.841,TTM_EPSAct,1.24,EPSFR_LTM,10.812058663769692,0.0924893242903793,10.812058663769692,0.0924893242903793,16.05241935483871,0.062295905551369,0.062393870886711764,0.5990500000000023,0.5990500000000023,-0.0019499999999976758,0,0,0,1,0
2024-08-23,20.17,768215734,15514987039.86,16.2405893957084,1.241949999999997,1.841,1.841,1.841,1.24,1.2457438160203056,1.841,TTM_EPSAct,1.24,EPSFR_LTM,10.956002172732212,0.09127416955875062,10.956002172732212,0.09127416955875062,16.266129032258068,0.06147744174516608,0.061574119980168415,0.599050000000003,0.599050000000003,-0.0019499999999970097,0,0,0,1,0
2024-08-26,20.12,768215734,15476526486.9599,16.2003301260115,1.241950000000001,1.841,1.841,1.841,1.24,1.2457438160203056,1.841,TTM_EPSAct,1.24,EPSFR_LTM,10.928843020097773,0.09150099403578528,10.928843020097773,0.09150099403578528,16.225806451612904,0.06163021868787276,0.061727137176938424,0.599049999999999,0.599049999999999,-0.0019500000000010065,0,0,0,1,0
2024-08-27,20.79,768215734,15991897895.8199,16.7398043399493,1.241949999999998,1.841,1.841,1.841,1.24,1.2457438160203056,1.841,TTM_EPSAct,1.24,EPSFR_LTM,11.292775665399239,0.08855218855218855,11.292775665399239,0.08855218855218855,16.766129032258064,0.059644059644059645,0.059737854737854645,0.5990500000000019,0.5990500000000019,-0.00194999999999812,0,0,0,1,0
2024-08-28,20.85,768215734,16038050559.3,16.7881154635855,1.2419499999999994,1.841,1.841,1.841,1.24,1.2457438160203056,1.841,TTM_EPSAct,1.24,EPSFR_LTM,11.325366648560566,0.08829736211031174,11.325366648560566,0.08829736211031174,16.81451612903226,0.059472422062350115,0.05956594724220621,0.5990500000000005,0.5990500000000005,-0.0019499999999994522,0,0,0,1,0
2024-08-29,21.84,768215734,16799569506.72,17.5852490035831,1.241949999999998,1.841,1.841,1.841,1.24,1.2457438160203056,1.841,TTM_EPSAct,1.24,EPSFR_LTM,11.863117870722434,0.0842948717948718,11.863117870722434,0.0842948717948718,17.612903225806452,0.056776556776556776,0.05686584249084241,0.5990500000000019,0.5990500000000019,-0.00194999999999812,0,0,0,1,0
2024-08-30,21.15,768215734,16268813876.7,17.0296710817666,1.241949999999998,1.841,1.841,1.841,1.24,1.2457438160203056,1.841,TTM_EPSAct,1.24,EPSFR_LTM,11.48832156436719,0.08704491725768322,11.48832156436719,0.08704491725768322,17.056451612903224,0.05862884160756501,0.05872104018912521,0.5990500000000019,0.5990500000000019,-0.00194999999999812,0,0,0,1,0
2024-09-02,20.79,768215734,15991897895.8199,16.7398043399493,1.241949999999998,1.841,1.841,1.841,1.24,1.2457438160203056,1.841,TTM_EPSAct,1.24,EPSFR_LTM,11.292775665399239,0.08855218855218855,11.292775665399239,0.08855218855218855,16.766129032258064,0.059644059644059645,0.059737854737854645,0.5990500000000019,0.5990500000000019,-0.00194999999999812,0,0,0,1,0
2024-09-03,20.23,768215734,15561139703.3399,16.2889005193446,1.2419499999999983,1.841,1.841,1.841,1.24,1.2457438160203056,1.841,TTM_EPSAct,1.24,EPSFR_LTM,10.988593155893536,0.09100346020761245,10.988593155893536,0.09100346020761245,16.31451612903226,0.06129510627780524,0.061391497775580735,0.5990500000000016,0.5990500000000016,-0.001949999999998342,0,0,0,1,0
2024-09-04,19.14,768215734,14722699650.12,15.4112484399533,1.24195,1.841,1.841,1.841,1.24,1.2457438160203056,1.841,TTM_EPSAct,1.24,EPSFR_LTM,10.396523628462793,0.09618599791013584,10.396523628462793,0.09618599791013584,15.435483870967742,0.06478578892371996,0.0648876698014629,0.5990499999999999,0.5990499999999999,-0.0019500000000001183,0,0,0,1,0
2024-09-05,19.13,768215734,14715007539.5399,15.4031965860139,1.2419500000000023,1.841,1.841,1.841,1.24,1.2457438160203056,1.841,TTM_EPSAct,1.24,EPSFR_LTM,10.391091797935903,0.09623627809722948,10.391091797935903,0.09623627809722948,15.427419354838708,0.06481965499215891,0.06492158912702574,0.5990499999999976,0.5990499999999976,-0.0019500000000023388,0,0,0,1,0
2024-09-06,18.26,768215734,14045793919.08,14.7026852932888,1.2419499999999983,1.841,1.841,1.841,1.24,1.2457438160203056,1.841,TTM_EPSAct,1.24,EPSFR_LTM,9.918522542096687,0.10082146768893756,9.918522542096687,0.10082146768893756,14.725806451612904,0.06790799561883899,0.06801478641840078,0.5990500000000016,0.5990500000000016,-0.001949999999998342,0,0,0,1,0
2024-09-09,18.05,768215734,13884259596.9,14.533596360562,1.2419500000000017,1.841,1.841,1.841,1.24,1.2457438160203056,1.841,TTM_EPSAct,1.24,EPSFR_LTM,9.804454101032048,0.10199445983379501,9.804454101032048,0.10199445983379501,14.556451612903226,0.06869806094182825,0.06880609418282557,0.5990499999999983,0.5990499999999983,-0.0019500000000016726,0,0,0,1,0
2024-09-10,17.75,768215734,13653496279.5,14.2920407423809,1.241950000000003,1.841,1.841,1.841,1.24,1.2457438160203056,1.841,TTM_EPSAct,1.24,EPSFR_LTM,9.64149918522542,0.10371830985915492,9.64149918522542,0.10371830985915492,14.314516129032258,0.06985915492957746,0.0699690140845072,0.599049999999997,0.599049999999997,-0.0019500000000030049,0,0,0,1,0
2024-09-11,16.055,768215734,12349683536.1899,12.9272514996578,1.2419499999999997,1.841,1.841,1.841,1.24,1.2457438160203056,1.841,TTM_EPSAct,1.24,EPSFR_LTM,8.72080391091798,0.11466832762379321,8.72080391091798,0.11466832762379321,12.94758064516129,0.07723450638430396,0.07735596387418248,0.5990500000000003,0.5990500000000003,-0.0019499999999996742,0,0,0,1,0
2024-09-12,15.585,768215734,11988154338.93,12.5488143645074,1.2419500000000028,1.841,1.841,1.841,1.24,1.2457438160203056,1.841,TTM_EPSAct,1.24,EPSFR_LTM,8.465507876154264,0.11812640359319858,8.465507876154264,0.11812640359319858,12.568548387096776,0.07956368302855309,0.07968880333654171,0.5990499999999972,0.5990499999999972,-0.0019500000000027828,0,0,0,1,0
2024-09-13,16.0,768215734,12307376927.9999,12.8829663029913,1.2419499999999966,1.841,1.841,1.841,1.24,1.2457438160203056,1.841,TTM_EPSAct,1.24,EPSFR_LTM,8.690928843020098,0.1150625,8.690928843020098,0.1150625,12.903225806451614,0.0775,0.07762187499999978,0.5990500000000034,0.5990500000000034,-0.0019499999999965656,0,0,0,1,0
2024-09-16,16.265,768215734,12511217858.37,13.0963404323846,1.241949999999996,1.841,1.841,1.841,1.24,1.2457438160203056,1.841,TTM_EPSAct,1.24,EPSFR_LTM,8.834872351982618,0.11318782662158007,8.834872351982618,0.11318782662158007,13.116935483870968,0.07623731939747924,0.07635720873040244,0.5990500000000041,0.5990500000000041,-0.0019499999999958995,0,0,0,1,0
2024-09-17,16.26,768215734,12507371803.0799,13.0923145054149,1.2419499999999974,1.841,1.841,1.841,1.24,1.2457438160203056,1.841,TTM_EPSAct,1.24,EPSFR_LTM,8.832156436719176,0.11322263222632226,8.832156436719176,0.11322263222632226,13.112903225806454,0.07626076260762607,0.0763806888068879,0.5990500000000025,0.5990500000000025,-0.0019499999999974538,0,0,0,1,0
2024-09-18,16.315,768215734,12549678411.27,13.1365997020814,1.2419500000000006,1.841,1.841,1.841,1.24,1.2457438160203056,1.841,TTM_EPSAct,1.24,EPSFR_LTM,8.862031504617057,0.11284094391664112,8.862031504617057,0.11284094391664112,13.15725806451613,0.07600367759730309,0.07612319950965372,0.5990499999999994,0.5990499999999994,-0.0019500000000005624,0,0,0,1,0
2024-09-19,16.795,768215734,12918899719.11,13.5230886911711,1.2419500000000039,1.841,1.841,1.841,1.24,1.2457438160203056,1.841,TTM_EPSAct,1.24,EPSFR_LTM,9.12275936990766,0.10961595713009822,9.12275936990766,0.10961595713009822,13.54435483870968,0.07383149746948496,0.07394760345340898,0.5990499999999961,0.5990499999999961,-0.001950000000003893,0,0,0,1,0
2024-09-20,16.72,768215734,12861208889.76,13.4626997866259,1.2419499999999972,1.841,1.841,1.841,1.24,1.2457438160203056,1.841,TTM_EPSAct,1.24,EPSFR_LTM,9.082020640956001,0.11010765550239235,9.082020640956001,0.11010765550239235,13.483870967741934,0.07416267942583732,0.07427930622009554,0.5990500000000027,0.5990500000000027,-0.0019499999999972317,0,0,0,1,0
2024-09-23,16.435,768215734,12641983738.2299,13.2332219493538,1.2419500000000037,1.841,1.841,1.841,1.24,1.2457438160203056,1.841,TTM_EPSAct,1.24,EPSFR_LTM,8.927213470939707,0.11201703681168239,8.927213470939707,0.11201703681168239,13.254032258064516,0.07544873745056282,0.07556738667477966,0.5990499999999963,0.5990499999999963,-0.001950000000003671,0,0,0,1,0
2024-09-24,16.725,768215734,12865054945.05,13.4667257135956,1.241949999999996,1.841,1.841,1.841,1.24,1.2457438160203056,1.841,TTM_EPSAct,1.24,EPSFR_LTM,9.084736556219447,0.11007473841554558,9.084736556219447,0.11007473841554558,13.487903225806454,0.0741405082212257,0.07425710014947658,0.5990500000000041,0.5990500000000041,-0.0019499999999958995,0,0,0,1,0
2024-09-25,16.465,768215734,12665060069.97,13.2573775111719,1.2419500000000046,1.841,1.841,1.841,1.24,1.2457438160203056,1.841,TTM_EPSAct,1.24,EPSFR_LTM,8.943508962520369,0.11181293653203765,8.943508962520369,0.11181293653203765,13.278225806451612,0.07531126632250228,0.0754296993622839,0.5990499999999954,0.5990499999999954,-0.0019500000000045592,0,0,0,1,0
2024-09-26,16.65,768215734,12807364115.7,13.4063368090503,1.2419499999999983,1.841,1.841,1.841,1.24,1.2457438160203056,1.841,TTM_EPSAct,1.24,EPSFR_LTM,9.04399782726779,0.11057057057057058,9.04399782726779,0.11057057057057058,13.427419354838708,0.07447447447447449,0.0745915915915915,0.5990500000000016,0.5990500000000016,-0.001949999999998342,0,0,0,1,0
2024-09-27,17.195,768215734,13226584142.31,13.8451628487459,1.241950000000002,1.841,1.841,1.841,1.24,1.2457438160203056,1.841,TTM_EPSAct,1.24,EPSFR_LTM,9.340032590983162,0.10706600756033731,9.340032590983162,0.10706600756033731,13.866935483870968,0.0721139866240186,0.07222739168362909,0.5990499999999979,0.5990499999999979,-0.0019500000000021167,0,0,0,1,0
2024-09-30,17.43,768215734,13407348740.94,14.0343814163211,1.2419500000000008,1.841,1.841,0.984,0.5700000000000001,0.5727557774806002,0.984,TTM_EPSAct,1.24,EPSFR_LTM,9.467680608365018,0.10562248995983936,17.713414634146343,0.05645438898450947,14.056451612903226,0.07114170969592656,0.0712535857716581,0.5990499999999992,-0.2579500000000008,-0.0019500000000007844,0,0,0,1,0
2024-10-01,16.47,768215734,12668906125.26,13.2614034381416,1.2419500000000028,1.841,1.841,0.984,0.5700000000000001,0.5727557774806002,0.984,TTM_EPSAct,1.24,EPSFR_LTM,8.946224877783813,0.11177899210686097,16.73780487804878,0.05974499089253188,13.282258064516128,0.07528840315725562,0.075406800242866,0.5990499999999972,-0.2579500000000028,-0.0019500000000027828,0,0,0,1,0
2024-10-02,16.765,768215734,12895823387.3699,13.498933129353,1.241950000000003,1.841,1.841,0.984,0.5700000000000001,0.5727557774806002,0.984,TTM_EPSAct,1.24,EPSFR_LTM,9.106463878326997,0.10981210855949895,17.03760162601626,0.05869370712794512,13.520161290322582,0.07396361467342678,0.07407992842230857,0.599049999999997,-0.257950000000003,-0.0019500000000030049,0,0,0,1,0
2024-10-03,16.845,768215734,12957360272.0099,13.563347960868,1.241949999999999,1.841,1.841,0.984,0.5700000000000001,0.5727557774806002,0.984,TTM_EPSAct,1.24,EPSFR_LTM,9.149918522542096,0.10929059067972693,17.11890243902439,0.05841495992876225,13.584677419354838,0.07361234787770853,0.07372810923122583,0.599050000000001,-0.257949999999999,-0.001949999999999008,0,0,0,1,0
2024-10-04,17.195,768215734,13226584142.3099,13.8451628487459,1.241950000000002,1.841,1.841,0.984,0.5700000000000001,0.5727557774806002,0.984,TTM_EPSAct,1.24,EPSFR_LTM,9.340032590983162,0.10706600756033731,17.47459349593496,0.057225937772608315,13.866935483870968,0.0721139866240186,0.07222739168362909,0.5990499999999979,-0.2579500000000021,-0.0019500000000021167,0,0,0,1,0
2024-10-07,17.275,768215734,13288121026.9499,13.9095776802609,1.241949999999998,1.841,1.841,0.984,0.5700000000000001,0.5727557774806002,0.984,TTM_EPSAct,1.24,EPSFR_LTM,9.383487235198261,0.10657018813314038,17.55589430894309,0.05696092619392185,13.931451612903224,0.07178002894356006,0.0718929088277857,0.5990500000000019,-0.2579499999999981,-0.00194999999999812,0,0,0,1,0
2024-10-08,16.47,768215734,12668906125.26,13.2614034381416,1.2419500000000028,1.841,1.841,0.984,0.5700000000000001,0.5727557774806002,0.984,TTM_EPSAct,1.24,EPSFR_LTM,8.946224877783813,0.11177899210686097,16.73780487804878,0.05974499089253188,13.282258064516128,0.07528840315725562,0.075406800242866,0.5990499999999972,-0.2579500000000028,-0.0019500000000027828,0,0,0,1,0
2024-10-09,16.5,768215734,12691982456.9999,13.2855589999597,1.2419500000000037,1.841,1.841,0.984,0.5700000000000001,0.5727557774806002,0.984,TTM_EPSAct,1.24,EPSFR_LTM,8.962520369364476,0.11157575757575758,16.76829268292683,0.05963636363636363,13.306451612903226,0.07515151515151515,0.0752696969696972,0.5990499999999963,-0.2579500000000037,-0.001950000000003671,0,0,0,1,0
2024-10-10,16.765,768215734,12895823387.37,13.498933129353,1.241950000000003,1.841,1.841,0.984,0.5700000000000001,0.5727557774806002,0.984,TTM_EPSAct,1.24,EPSFR_LTM,9.106463878326997,0.10981210855949895,17.03760162601626,0.05869370712794512,13.520161290322582,0.07396361467342678,0.07407992842230857,0.599049999999997,-0.257950000000003,-0.0019500000000030049,0,0,0,1,0
2024-10-11,17.14,768215734,13184277534.1199,13.8008776520794,1.2419499999999992,1.841,1.841,0.984,0.5700000000000001,0.5727557774806002,0.984,TTM_EPSAct,1.24,EPSFR_LTM,9.31015752308528,0.10740956826137689,17.41869918699187,0.05740956826137689,13.82258064516129,0.07234539089848308,0.07245915985997661,0.5990500000000007,-0.25794999999999924,-0.0019499999999992301,0,0,0,1,0
2024-10-14,16.995,768215734,13072741930.71,13.6841257699585,1.241950000000003,1.841,1.841,0.984,0.5700000000000001,0.5727557774806002,0.984,TTM_EPSAct,1.24,EPSFR_LTM,9.231395980445411,0.10832597822889084,17.271341463414636,0.05789938217122683,13.705645161290324,0.07296263606943218,0.0730773756987351,0.599049999999997,-0.257950000000003,-0.0019500000000030049,0,0,0,1,0
2024-10-15,16.19,768215734,12453527029.02,13.0359515278393,1.2419499999999986,1.841,1.841,0.984,0.5700000000000001,0.5727557774806002,0.984,TTM_EPSAct,1.24,EPSFR_LTM,8.794133623030962,0.11371216800494131,16.453252032520325,0.06077825818406423,13.056451612903228,0.0765904879555281,0.07671093267449033,0.5990500000000014,-0.25794999999999857,-0.001949999999998564,0,0,0,1,0
2024-10-16,16.0,768215734,12307376927.9999,12.8829663029913,1.2419499999999966,1.841,1.841,0.984,0.5700000000000001,0.5727557774806002,0.984,TTM_EPSAct,1.24,EPSFR_LTM,8.690928843020098,0.1150625,16.260162601626018,0.0615,12.903225806451614,0.0775,0.07762187499999978,0.5990500000000034,-0.25794999999999657,-0.0019499999999965656,0,0,0,1,0
2024-10-17,15.955,768215734,12272762430.3899,12.8467329602641,1.24195,1.841,1.841,0.984,0.5700000000000001,0.5727557774806002,0.984,TTM_EPSAct,1.24,EPSFR_LTM,8.666485605649104,0.11538702601065497,16.214430894308943,0.06167345659667815,12.866935483870968,0.07771858351613914,0.07784080225634597,0.5990499999999999,-0.2579500000000001,-0.0019500000000001183,0,0,0,1,0
2024-10-18,15.29,768215734,11761237076.8199,12.311284673296,1.2419500000000026,1.841,1.841,0.984,0.5700000000000001,0.5727557774806002,0.984,TTM_EPSAct,1.24,EPSFR_LTM,8.30526887561108,0.12040549378678876,15.53861788617886,0.06435578809679529,12.330645161290322,0.08109875735775017,0.08122629169391776,0.5990499999999974,-0.25795000000000257,-0.0019500000000025608,0,0,0,1,0
2024-10-21,15.115,768215734,11626625141.67,12.1703772293571,1.241949999999996,1.841,1.841,0.984,0.5700000000000001,0.5727557774806002,0.984,TTM_EPSAct,1.24,EPSFR_LTM,8.21021184139055,0.12179953688389017,15.360772357723578,0.06510089315249752,12.189516129032258,0.08203771088322857,0.0821667217995366,0.5990500000000041,-0.2579499999999959,-0.0019499999999958995,0,0,0,1,0
2024-10-22,15.375,768215734,11826620016.75,12.3797254317807,1.2419499999999968,1.841,1.841,0.984,0.5700000000000001,0.5727557774806002,0.984,TTM_EPSAct,1.24,EPSFR_LTM,8.351439435089626,0.11973983739837399,15.625,0.064,12.399193548387096,0.08065040650406503,0.08077723577235751,0.5990500000000032,-0.2579499999999968,-0.0019499999999967876,0,0,0,1,0
2024-10-23,15.24,768215734,11722776523.92,12.2710254035992,1.2419499999999979,1.841,1.841,0.984,0.5700000000000001,0.5727557774806002,0.984,TTM_EPSAct,1.24,EPSFR_LTM,8.278109722976643,0.1208005249343832,15.487804878048781,0.06456692913385827,12.290322580645162,0.08136482939632546,0.08149278215223082,0.5990500000000021,-0.2579499999999979,-0.0019499999999978979,0,0,0,1,0
2024-10-24,14.39,768215734,11068947124.62,11.5866178187528,1.2419499999999968,0.984,0.984,0.984,0.5700000000000001,0.5727557774806002,0.984,TTM_EPSAct,0.57,EPSFR_LTM,14.6239837398374,0.06838082001389853,14.6239837398374,0.06838082001389853,25.245614035087723,0.03961084086170952,0.08630646282140352,-0.2579499999999968,-0.2579499999999968,-0.6719499999999968,0,0,0,1,0
2024-10-25,14.79,768215734,11376631547.8199,25.875642954617,0.5715800000000005,0.984,0.984,0.984,0.5700000000000001,0.5727557774806002,0.984,TTM_EPSAct,0.57,EPSFR_LTM,15.030487804878048,0.0665314401622718,15.030487804878048,0.0665314401622718,25.947368421052634,0.038539553752535496,0.03864638269100748,0.41241999999999945,0.41241999999999945,-0.001580000000000581,0,0,0,1,0
2024-10-28,14.94,768215734,11492013206.52,26.1380734105462,0.5715800000000001,0.984,0.984,0.984,0.5700000000000001,0.5727557774806002,0.984,TTM_EPSAct,0.57,EPSFR_LTM,15.182926829268292,0.06586345381526104,15.182926829268292,0.06586345381526104,26.210526315789476,0.038152610441767064,0.03825836680053549,0.4124199999999999,0.4124199999999999,-0.0015800000000001369,0,0,0,1,0
2024-10-29,15.115,768215734,11626625141.67,26.4442422757969,0.5715800000000003,0.984,0.984,0.984,0.5700000000000001,0.5727557774806002,0.984,TTM_EPSAct,0.57,EPSFR_LTM,15.360772357723578,0.06510089315249752,15.360772357723578,0.06510089315249752,26.517543859649127,0.03771088322858088,0.03781541515051276,0.4124199999999997,0.4124199999999997,-0.001580000000000359,0,0,0,1,0
2024-10-30,14.685,768215734,11295864386.7299,25.6919416354666,0.5715800000000001,0.984,0.984,0.984,0.5700000000000001,0.5727557774806002,0.984,TTM_EPSAct,0.57,EPSFR_LTM,14.923780487804878,0.06700715015321757,14.923780487804878,0.06700715015321757,25.763157894736846,0.038815117466802856,0.03892271024855295,0.4124199999999999,0.4124199999999999,-0.0015800000000001369,0,0,0,1,0
2024-10-31,14.68,768215734,11292018331.4399,25.6831939536023,0.5715799999999999,0.984,0.984,0.984,0.5700000000000001,0.5727557774806002,0.984,TTM_EPSAct,0.57,EPSFR_LTM,14.91869918699187,0.0670299727520436,14.91869918699187,0.0670299727520436,25.75438596491228,0.0388283378746594,0.03893596730245231,0.4124200000000001,0.4124200000000001,-0.0015799999999999148,0,0,0,1,0
2024-11-01,13.995,768215734,10765108756.71,24.4847615381924,0.5715799999999994,0.984,0.984,0.984,0.5700000000000001,0.5727557774806002,0.984,TTM_EPSAct,0.57,EPSFR_LTM,14.222560975609756,0.07031082529474812,14.222560975609756,0.07031082529474812,24.55263157894737,0.04072883172561629,0.040841729188996034,0.41242000000000056,0.41242000000000056,-0.0015799999999994707,0,0,0,1,0
2024-11-04,14.09,768215734,10838183807.2199,24.6509674936142,0.5715799999999999,0.984,0.984,0.984,0.5700000000000001,0.5727557774806002,0.984,TTM_EPSAct,0.57,EPSFR_LTM,14.31910569105691,0.06983676366217176,14.31910569105691,0.06983676366217176,24.719298245614038,0.04045422285308729,0.04056635911994321,0.4124200000000001,0.4124200000000001,-0.0015799999999999148,0,0,0,1,0
2024-11-05,14.07,768215734,10822799586.06,24.615976766157,0.5715799999999993,0.984,0.984,0.984,0.5700000000000001,0.5727557774806002,0.984,TTM_EPSAct,0.57,EPSFR_LTM,14.298780487804878,0.06993603411513859,14.298780487804878,0.06993603411513859,24.68421052631579,0.04051172707889125,0.04062402274342568,0.4124200000000007,0.4124200000000007,-0.0015799999999993597,0,0,0,1,0
2024-11-06,13.035,768215734,10026666141.0299,22.8052066202456,0.5715800000000009,0.984,0.984,0.984,0.5700000000000001,0.5727557774806002,0.984,TTM_EPSAct,0.57,EPSFR_LTM,13.246951219512196,0.07548906789413118,13.246951219512196,0.07548906789413118,22.868421052631582,0.04372842347525891,0.04384963559647111,0.4124199999999991,0.4124199999999991,-0.001580000000000914,0,0,0,1,0
2024-11-07,13.27,768215734,10207430739.66,23.216347667868,0.5715800000000003,0.984,0.984,0.984,0.5700000000000001,0.5727557774806002,0.984,TTM_EPSAct,0.57,EPSFR_LTM,13.485772357723578,0.07415222305953278,13.485772357723578,0.07415222305953278,23.280701754385966,0.042954031650339106,0.04307309721175587,0.4124199999999997,0.4124199999999997,-0.001580000000000359,0,0,0,1,0
2024-11-08,12.83,768215734,9868977874.14,22.4465516638091,0.5715799999999998,0.984,0.984,0.984,0.5700000000000001,0.5727557774806002,0.984,TTM_EPSAct,0.57,EPSFR_LTM,13.038617886178862,0.07669524551831644,13.038617886178862,0.07669524551831644,22.508771929824565,0.04442712392829306,0.04455027279812936,0.41242000000000023,0.41242000000000023,-0.0015799999999998038,0,0,0,1,0
2024-11-11,13.115,768215734,10088203025.67,22.9451695300745,0.5715800000000008,0.984,0.984,0.984,0.5700000000000001,0.5727557774806002,0.984,TTM_EPSAct,0.57,EPSFR_LTM,13.328252032520325,0.07502859321387724,13.328252032520325,0.07502859321387724,23.008771929824565,0.04346168509340449,0.043582157834540655,0.41241999999999923,0.41241999999999923,-0.001580000000000803,0,0,0,1,0
2024-11-12,12.9,768215734,9922822648.19995,22.5690192099094,0.5715799999999994,0.984,0.984,0.984,0.5700000000000001,0.5727557774806002,0.984,TTM_EPSAct,0.57,EPSFR_LTM,13.109756097560977,0.07627906976744185,13.109756097560977,0.07627906976744185,22.631578947368425,0.0441860465116279,0.0443085271317829,0.41242000000000056,0.41242000000000056,-0.0015799999999994707,0,0,0,1,0
2024-11-13,13.34,768215734,10261275513.72,23.3388152139683,0.57158,0.984,0.984,0.984,0.5700000000000001,0.5727557774806002,0.984,TTM_EPSAct,0.57,EPSFR_LTM,13.55691056910569,0.07376311844077961,13.55691056910569,0.07376311844077961,23.403508771929825,0.04272863568215892,0.042847076461769114,0.41242,0.41242,-0.0015800000000000258,0,0,0,1,0
2024-11-14,13.765,768215734,10588190213.3699,24.0823681724343,0.5715800000000001,0.984,0.984,0.984,0.5700000000000001,0.5727557774806002,0.984,TTM_EPSAct,0.57,EPSFR_LTM,13.988821138211383,0.07148565201598256,13.988821138211383,0.07148565201598256,24.149122807017548,0.04140937159462404,0.04152415546676354,0.4124199999999999,0.4124199999999999,-0.0015800000000001369,0,0,0,1,0
2024-11-15,13.77,768215734,10592036268.6599,24.0911158542986,0.5715800000000002,0.984,0.984,0.984,0.5700000000000001,0.5727557774806002,0.984,TTM_EPSAct,0.57,EPSFR_LTM,13.99390243902439,0.07145969498910676,13.99390243902439,0.07145969498910676,24.157894736842106,0.04139433551198257,0.041509077705156154,0.4124199999999998,0.4124199999999998,-0.0015800000000002479,0,0,0,1,0
2024-11-18,13.9,768215734,10692033706.2,24.3185555827706,0.5715799999999992,0.984,0.984,0.984,0.5700000000000001,0.5727557774806002,0.984,TTM_EPSAct,0.57,EPSFR_LTM,14.126016260162602,0.07079136690647482,14.126016260162602,0.07079136690647482,24.385964912280706,0.04100719424460431,0.04112086330935246,0.4124200000000008,0.4124200000000008,-0.0015799999999992487,0,0,0,1,0
2024-11-19,13.66,768215734,10507423052.2799,23.8986668532839,0.5715799999999995,0.984,0.984,0.984,0.5700000000000001,0.5727557774806002,0.984,TTM_EPSAct,0.57,EPSFR_LTM,13.882113821138212,0.07203513909224012,13.882113821138212,0.07203513909224012,23.964912280701757,0.041727672035139086,0.04184333821376278,0.41242000000000045,0.41242000000000045,-0.0015799999999995817,0,0,0,1,0
2024-11-20,13.92,768215734,10707417927.3599,24.3535463102278,0.5715799999999998,0.984,0.984,0.984,0.5700000000000001,0.5727557774806002,0.984,TTM_EPSAct,0.57,EPSFR_LTM,14.146341463414634,0.0706896551724138,14.146341463414634,0.0706896551724138,24.42105263157895,0.040948275862068964,0.04106178160919539,0.41242000000000023,0.41242000000000023,-0.0015799999999998038,0,0,0,1,0
2024-11-21,14.215,768215734,10934335189.4699,24.8696595402218,0.571580000000001,0.984,0.984,0.984,0.5700000000000001,0.5727557774806002,0.984,TTM_EPSAct,0.57,EPSFR_LTM,14.446138211382113,0.06922265212803377,14.446138211382113,0.06922265212803377,24.938596491228072,0.04009848751319029,0.040209637706647976,0.412419999999999,0.412419999999999,-0.001580000000001025,0,0,0,1,0
2024-11-22,14.275,768215734,10980487852.9499,24.9746317225935,0.5715800000000003,0.984,0.984,0.984,0.5700000000000001,0.5727557774806002,0.984,TTM_EPSAct,0.57,EPSFR_LTM,14.507113821138212,0.06893169877408056,14.507113821138212,0.06893169877408056,25.04385964912281,0.039929947460595444,0.04004063047285466,0.4124199999999997,0.4124199999999997,-0.001580000000000359,0,0,0,1,0
2024-11-25,14.175,768215734,10903566747.15,24.7996780853074,0.5715799999999999,0.984,0.984,0.984,0.5700000000000001,0.5727557774806002,0.984,TTM_EPSAct,0.57,EPSFR_LTM,14.40548780487805,0.06941798941798942,14.40548780487805,0.06941798941798942,24.868421052631582,0.040211640211640205,0.04032310405643738,0.4124200000000001,0.4124200000000001,-0.0015799999999999148,0,0,0,1,0
2024-11-26,14.07,768215734,10822799586.0599,24.615976766157,0.5715799999999993,0.984,0.984,0.984,0.5700000000000001,0.5727557774806002,0.984,TTM_EPSAct,0.57,EPSFR_LTM,14.298780487804878,0.06993603411513859,14.298780487804878,0.06993603411513859,24.68421052631579,0.04051172707889125,0.04062402274342568,0.4124200000000007,0.4124200000000007,-0.0015799999999993597,0,0,0,1,0
2024-11-27,14.195,768215734,10918950968.31,24.8346688127646,0.5715800000000004,0.984,0.984,0.984,0.5700000000000001,0.5727557774806002,0.984,TTM_EPSAct,0.57,EPSFR_LTM,14.425813008130081,0.0693201831630856,14.425813008130081,0.0693201831630856,24.90350877192983,0.04015498414934836,0.040266290947516756,0.41241999999999956,0.41241999999999956,-0.00158000000000047,0,0,0,1,0
2024-11-28,14.24,768215734,10953565465.9199,24.9133979495434,0.5715799999999994,0.984,0.984,0.984,0.5700000000000001,0.5727557774806002,0.984,TTM_EPSAct,0.57,EPSFR_LTM,14.471544715447155,0.06910112359550562,14.471544715447155,0.06910112359550562,24.98245614035088,0.04002808988764044,0.04013904494382018,0.41242000000000056,0.41242000000000056,-0.0015799999999994707,0,0,0,1,0
2024-11-29,14.405,768215734,11080485290.49,25.2020714510655,0.5715799999999992,0.984,0.984,0.984,0.5700000000000001,0.5727557774806002,0.984,TTM_EPSAct,0.57,EPSFR_LTM,14.639227642276422,0.06830961471711211,14.639227642276422,0.06830961471711211,25.271929824561404,0.039569593891010064,0.039679278028462286,0.4124200000000008,0.4124200000000008,-0.0015799999999992487,0,0,0,1,0
2024-12-02,14.4,768215734,11076639235.2,25.1933237692012,0.5715799999999992,0.984,0.984,0.984,0.5700000000000001,0.5727557774806002,0.984,TTM_EPSAct,0.57,EPSFR_LTM,14.634146341463415,0.06833333333333333,14.634146341463415,0.06833333333333333,25.263157894736846,0.03958333333333333,0.039693055555555495,0.4124200000000008,0.4124200000000008,-0.0015799999999992487,0,0,0,1,0
2024-12-03,13.985,768215734,10757416646.13,24.4672661744638,0.5715799999999992,0.984,0.984,0.984,0.5700000000000001,0.5727557774806002,0.984,TTM_EPSAct,0.57,EPSFR_LTM,14.21239837398374,0.07036110117983554,14.21239837398374,0.07036110117983554,24.535087719298247,0.040757954951733996,0.04087093314265279,0.4124200000000008,0.4124200000000008,-0.0015799999999992487,0,0,0,1,0
2024-12-04,13.53,768215734,10407425614.74,23.6712271248119,0.5715800000000005,0.984,0.984,0.984,0.5700000000000001,0.5727557774806002,0.984,TTM_EPSAct,0.57,EPSFR_LTM,13.75,0.07272727272727272,13.75,0.07272727272727272,23.736842105263158,0.04212860310421286,0.04224538063562459,0.41241999999999945,0.41241999999999945,-0.001580000000000581,0,0,0,1,0
2024-12-05,13.175,768215734,10134355689.1499,23.0501417124462,0.5715800000000001,0.984,0.984,0.984,0.5700000000000001,0.5727557774806002,0.984,TTM_EPSAct,0.57,EPSFR_LTM,13.389227642276424,0.07468690702087286,13.389227642276424,0.07468690702087286,23.1140350877193,0.04326375711574952,0.04338368121442125,0.4124199999999999,0.4124199999999999,-0.0015800000000001369,0,0,0,1,0
2024-12-09,13.24,768215734,10184354407.92,23.1638615766822,0.5715799999999994,0.984,0.984,0.984,0.5700000000000001,0.5727557774806002,0.984,TTM_EPSAct,0.57,EPSFR_LTM,13.455284552845528,0.0743202416918429,13.455284552845528,0.0743202416918429,23.2280701754386,0.04305135951661631,0.043170694864048294,0.41242000000000056,0.41242000000000056,-0.0015799999999994707,0,0,0,1,0
2024-12-10,13.27,768215734,10207430739.66,23.216347667868,0.5715800000000003,0.984,0.984,0.984,0.5700000000000001,0.5727557774806002,0.984,TTM_EPSAct,0.57,EPSFR_LTM,13.485772357723578,0.07415222305953278,13.485772357723578,0.07415222305953278,23.280701754385966,0.042954031650339106,0.04307309721175587,0.4124199999999997,0.4124199999999997,-0.001580000000000359,0,0,0,1,0
2024-12-11,13.165,768215734,10126663578.57,23.0326463487176,0.5715799999999998,0.984,0.984,0.984,0.5700000000000001,0.5727557774806002,0.984,TTM_EPSAct,0.57,EPSFR_LTM,13.379065040650406,0.07474363843524497,13.379065040650406,0.07474363843524497,23.096491228070175,0.04329661982529434,0.043416635017090754,0.41242000000000023,0.41242000000000023,-0.0015799999999998038,0,0,0,1,0
2024-12-12,12.88,768215734,9907438427.03997,22.5340284824522,0.5715799999999988,0.984,0.984,0.984,0.5700000000000001,0.5727557774806002,0.984,TTM_EPSAct,0.57,EPSFR_LTM,13.089430894308943,0.07639751552795031,13.089430894308943,0.07639751552795031,22.596491228070178,0.04425465838509316,0.044377329192546486,0.41242000000000123,0.41242000000000123,-0.0015799999999988046,0,0,0,1,0
2024-12-13,12.645,768215734,9726673828.41,22.1228874348298,0.5715799999999992,0.984,0.984,0.984,0.5700000000000001,0.5727557774806002,0.984,TTM_EPSAct,0.57,EPSFR_LTM,12.85060975609756,0.07781731909845789,12.85060975609756,0.07781731909845789,22.18421052631579,0.045077105575326216,0.045202056148675306,0.4124200000000008,0.4124200000000008,-0.0015799999999992487,0,0,0,1,0
2024-12-16,12.315,768215734,9472834179.26999,21.5455404317856,0.5715799999999993,0.984,0.984,0.984,0.5700000000000001,0.5727557774806002,0.984,TTM_EPSAct,0.57,EPSFR_LTM,12.515243902439025,0.07990255785627284,12.515243902439025,0.07990255785627284,21.605263157894736,0.04628501827040195,0.046413317092976,0.4124200000000007,0.4124200000000007,-0.0015799999999993597,0,0,0,1,0
2024-12-17,12.24,768215734,9415143349.92,21.414325203821,0.5715799999999996,0.984,0.984,0.984,0.5700000000000001,0.5727557774806002,0.984,TTM_EPSAct,0.57,EPSFR_LTM,12.439024390243903,0.08039215686274509,12.439024390243903,0.08039215686274509,21.47368421052632,0.046568627450980386,0.046697712418300626,0.41242000000000034,0.41242000000000034,-0.0015799999999996928,0,0,0,1,0
2024-12-18,11.675,768215734,8980539102.14999,20.4258371531544,0.5715800000000004,0.984,0.984,0.984,0.5700000000000001,0.5727557774806002,0.984,TTM_EPSAct,0.57,EPSFR_LTM,11.864837398373984,0.08428265524625267,11.864837398373984,0.08428265524625267,20.48245614035088,0.04882226980728051,0.048957601713062134,0.41241999999999956,0.41241999999999956,-0.00158000000000047,0,0,0,1,0
2024-12-19,11.455,768215734,8811312669.39,20.040939151125,0.5715799999999986,0.984,0.984,0.984,0.5700000000000001,0.5727557774806002,0.984,TTM_EPSAct,0.57,EPSFR_LTM,11.641260162601625,0.0859013531209079,11.641260162601625,0.0859013531209079,20.096491228070178,0.04975993016150152,0.04989786119598417,0.41242000000000134,0.41242000000000134,-0.0015799999999986936,0,0,0,1,0
2024-12-20,11.225,768215734,8634394126.05,19.6385457853669,0.5715799999999993,0.984,0.984,0.984,0.5700000000000001,0.5727557774806002,0.984,TTM_EPSAct,0.57,EPSFR_LTM,11.407520325203253,0.08766146993318485,11.407520325203253,0.08766146993318485,19.692982456140353,0.05077951002227171,0.050920267260579,0.4124200000000007,0.4124200000000007,-0.0015799999999993597,0,0,0,1,0
2024-12-23,11.155,768215734,8580549351.98999,19.5160782392666,0.5715799999999998,0.984,0.984,0.984,0.5700000000000001,0.5727557774806002,0.984,TTM_EPSAct,0.57,EPSFR_LTM,11.336382113821138,0.08821156432093231,11.336382113821138,0.08821156432093231,19.570175438596493,0.051098162259076645,0.05123980277902284,0.41242000000000023,0.41242000000000023,-0.0015799999999998038,0,0,0,1,0
2024-12-27,11.785,768215734,9065152318.53,20.6182861541691,0.5715800000000013,0.984,0.984,0.984,0.5700000000000001,0.5727557774806002,0.984,TTM_EPSAct,0.57,EPSFR_LTM,11.976626016260163,0.0834959694526941,11.976626016260163,0.0834959694526941,20.67543859649123,0.04836656767076792,0.0485006364022063,0.4124199999999987,0.4124199999999987,-0.001580000000001358,0,0,0,1,0
2024-12-30,12.125,768215734,9326684078.25,21.213128520942,0.5715799999999986,0.984,0.984,0.984,0.5700000000000001,0.5727557774806002,0.984,TTM_EPSAct,0.57,EPSFR_LTM,12.322154471544716,0.08115463917525773,12.322154471544716,0.08115463917525773,21.271929824561404,0.04701030927835051,0.047140618556700924,0.41242000000000134,0.41242000000000134,-0.0015799999999986936,0,0,0,1,0
2025-01-02,12.455,768215734,9580523727.38999,21.7904755239861,0.5715800000000012,0.984,0.984,0.19399999999999998,-0.13,-0.12366317922876596,0.19399999999999998,TTM_EPSAct,0.57,EPSFR_LTM,12.657520325203253,0.07900441589723002,64.20103092783506,0.0155760738659173,21.85087719298246,0.04576475311120032,0.045891609795263036,0.4124199999999988,-0.37758000000000125,-0.001580000000001247,0,0,0,1,0
2025-01-03,13.06,768215734,10045896417.4799,22.8489450295672,0.5715799999999991,0.984,0.984,0.19399999999999998,-0.13,-0.12366317922876596,0.19399999999999998,TTM_EPSAct,0.57,EPSFR_LTM,13.272357723577237,0.07534456355283307,67.31958762886599,0.014854517611026031,22.91228070175439,0.04364471669218989,0.04376569678407344,0.4124200000000009,-0.37757999999999914,-0.0015799999999991376,0,0,0,1,0
2025-01-07,13.27,768215734,10207430739.6599,23.216347667868,0.5715800000000003,0.984,0.984,0.19399999999999998,-0.13,-0.12366317922876596,0.19399999999999998,TTM_EPSAct,0.57,EPSFR_LTM,13.485772357723578,0.07415222305953278,68.40206185567011,0.014619442351168048,23.280701754385966,0.042954031650339106,0.04307309721175587,0.4124199999999997,-0.37758000000000036,-0.001580000000000359,0,0,0,1,0
2025-01-08,12.805,768215734,9849747597.68991,22.4028132544876,0.571579999999999,0.984,0.984,0.19399999999999998,-0.13,-0.12366317922876596,0.19399999999999998,TTM_EPSAct,0.57,EPSFR_LTM,13.013211382113822,0.07684498242873877,66.00515463917526,0.015150331901600936,22.464912280701757,0.044513861772745016,0.04463725107379922,0.412420000000001,-0.377579999999999,-0.0015799999999990266,0,0,0,1,0
2025-01-09,12.705,768215734,9772826491.88992,22.2278596172014,0.5715800000000011,0.984,0.984,0.19399999999999998,-0.13,-0.12366317922876596,0.19399999999999998,TTM_EPSAct,0.57,EPSFR_LTM,12.911585365853659,0.07744982290436836,65.4896907216495,0.01526957890594254,22.289473684210527,0.0448642266824085,0.044988587170405436,0.4124199999999989,-0.37758000000000114,-0.001580000000001136,0,0,0,1,0
2025-01-10,12.29,768215734,9453603902.81999,21.501802022464,0.5715800000000013,0.984,0.984,0.19399999999999998,-0.13,-0.12366317922876596,0.19399999999999998,TTM_EPSAct,0.57,EPSFR_LTM,12.489837398373982,0.08006509357200976,63.35051546391753,0.015785191212367777,21.56140350877193,0.046379170056956874,0.04650772986167626,0.4124199999999987,-0.37758000000000136,-0.001580000000001358,0,0,0,1,0
2025-01-13,12.7,768215734,9768980436.59994,22.2191119353371,0.5715800000000009,0.984,0.984,0.19399999999999998,-0.13,-0.12366317922876596,0.19399999999999998,TTM_EPSAct,0.57,EPSFR_LTM,12.90650406504065,0.07748031496062993,65.4639175257732,0.015275590551181101,22.280701754385966,0.04488188976377953,0.045006299212598494,0.4124199999999991,-0.3775800000000009,-0.001580000000000914,0,0,0,1,0
2025-01-14,12.605,768215734,9695905386.08999,22.0529059799153,0.5715800000000005,0.984,0.984,0.19399999999999998,-0.13,-0.12366317922876596,0.19399999999999998,TTM_EPSAct,0.57,EPSFR_LTM,12.809959349593496,0.07806426021420071,64.97422680412372,0.015390717969059895,22.1140350877193,0.04522015073383578,0.04534549781832611,0.41241999999999945,-0.3775800000000006,-0.001580000000000581,0,0,0,1,0
2025-01-15,13.06,768215734,10045896417.48,22.8489450295672,0.5715799999999991,0.984,0.984,0.19399999999999998,-0.13,-0.12366317922876596,0.19399999999999998,TTM_EPSAct,0.57,EPSFR_LTM,13.272357723577237,0.07534456355283307,67.31958762886599,0.014854517611026031,22.91228070175439,0.04364471669218989,0.04376569678407344,0.4124200000000009,-0.37757999999999914,-0.0015799999999991376,0,0,0,1,0
2025-01-16,12.545,768215734,9649752722.61,21.9479337975437,0.5715799999999986,0.984,0.984,0.19399999999999998,-0.13,-0.12366317922876596,0.19399999999999998,TTM_EPSAct,0.57,EPSFR_LTM,12.7489837398374,0.07843762455161418,64.66494845360826,0.015464328417696292,22.00877192982456,0.04543642885611797,0.045562375448385706,0.41242000000000134,-0.3775799999999987,-0.0015799999999986936,0,0,0,1,0
2025-01-17,12.66,768215734,9738211994.27994,22.1491304804227,0.5715799999999998,0.984,0.984,0.19399999999999998,-0.13,-0.12366317922876596,0.19399999999999998,TTM_EPSAct,0.57,EPSFR_LTM,12.865853658536587,0.07772511848341232,65.25773195876289,0.015323854660347549,22.210526315789476,0.04502369668246445,0.04514849921011056,0.41242000000000023,-0.3775799999999998,-0.0015799999999998038,0,0,0,1,0
2025-01-20,12.72,768215734,9784364657.75992,22.2541026627944,0.571579999999999,0.984,0.984,0.19399999999999998,-0.13,-0.12366317922876596,0.19399999999999998,TTM_EPSAct,0.57,EPSFR_LTM,12.926829268292684,0.07735849056603773,65.56701030927836,0.015251572327044024,22.315789473684212,0.04481132075471698,0.04493553459119489,0.412420000000001,-0.377579999999999,-0.0015799999999990266,0,0,0,1,0
2025-01-21,12.87,768215734,9899746316.45997,22.5165331187235,0.5715800000000009,0.984,0.984,0.19399999999999998,-0.13,-0.12366317922876596,0.19399999999999998,TTM_EPSAct,0.57,EPSFR_LTM,13.079268292682926,0.07645687645687646,66.34020618556701,0.015073815073815073,22.578947368421055,0.04428904428904429,0.044411810411810485,0.4124199999999991,-0.3775800000000009,-0.001580000000000914,0,0,0,1,0
2025-01-22,12.745,768215734,9803594934.20992,22.2978410721159,0.5715799999999996,0.984,0.984,0.19399999999999998,-0.13,-0.12366317922876596,0.19399999999999998,TTM_EPSAct,0.57,EPSFR_LTM,12.952235772357723,0.07720674774421342,65.6958762886598,0.015221655551196547,22.359649122807017,0.04472342094939192,0.04484739113377793,0.41242000000000034,-0.3775799999999997,-0.0015799999999996928,0,0,0,1,0
2025-01-23,12.97,768215734,9976667422.25999,22.6914867560097,0.571579999999999,0.984,0.984,0.19399999999999998,-0.13,-0.12366317922876596,0.19399999999999998,TTM_EPSAct,0.57,EPSFR_LTM,13.18089430894309,0.07586738627602159,66.85567010309279,0.01495759444872783,22.754385964912284,0.04394757131842714,0.044069390902081645,0.412420000000001,-0.377579999999999,-0.0015799999999990266,0,0,0,1,0
2025-01-24,13.065,768215734,10049742472.77,22.8576927114315,0.5715799999999992,0.984,0.984,0.19399999999999998,-0.13,-0.12366317922876596,0.19399999999999998,TTM_EPSAct,0.57,EPSFR_LTM,13.277439024390244,0.07531572904707233,67.34536082474227,0.01484883275928052,22.92105263157895,0.04362801377726751,0.04374894756984304,0.4124200000000008,-0.37757999999999925,-0.0015799999999992487,0,0,0,1,0
2025-01-27,13.01,768215734,10007435864.58,22.7614682109241,0.5715800000000001,0.984,0.984,0.19399999999999998,-0.13,-0.12366317922876596,0.19399999999999998,TTM_EPSAct,0.57,EPSFR_LTM,13.221544715447154,0.07563412759415834,67.0618556701031,0.014911606456571866,22.824561403508774,0.043812451960030745,0.043933897002305926,0.4124199999999999,-0.37758000000000014,-0.0015800000000001369,0,0,0,1,0
2025-01-28,12.825,768215734,9865131818.84997,22.4378039819448,0.5715799999999995,0.984,0.984,0.19399999999999998,-0.13,-0.12366317922876596,0.19399999999999998,TTM_EPSAct,0.57,EPSFR_LTM,13.033536585365853,0.07672514619883042,66.10824742268042,0.015126705653021441,22.5,0.044444444444444446,0.044567641325536034,0.41242000000000045,-0.3775799999999996,-0.0015799999999995817,0,0,0,1,0
2025-01-29,12.455,768215734,9580523727.39,21.7904755239861,0.5715800000000012,0.984,0.984,0.19399999999999998,-0.13,-0.12366317922876596,0.19399999999999998,TTM_EPSAct,0.57,EPSFR_LTM,12.657520325203253,0.07900441589723002,64.20103092783506,0.0155760738659173,21.85087719298246,0.04576475311120032,0.045891609795263036,0.4124199999999988,-0.37758000000000125,-0.001580000000001247,0,0,0,1,0
2025-01-30,12.4,768215734,9538217119.2,21.6942510234788,0.5715799999999994,0.984,0.984,0.19399999999999998,-0.13,-0.12366317922876596,0.19399999999999998,TTM_EPSAct,0.57,EPSFR_LTM,12.601626016260163,0.07935483870967741,63.917525773195884,0.01564516129032258,21.754385964912284,0.04596774193548386,0.04609516129032254,0.41242000000000056,-0.37757999999999947,-0.0015799999999994707,0,0,0,1,0
2025-01-31,12.235,768215734,9411297294.63,21.4055775219567,0.5715799999999994,0.984,0.984,0.19399999999999998,-0.13,-0.12366317922876596,0.19399999999999998,TTM_EPSAct,0.57,EPSFR_LTM,12.433943089430894,0.08042501021659175,63.06701030927835,0.015856150388230485,21.464912280701757,0.046587658357172046,0.04671679607682873,0.41242000000000056,-0.37757999999999947,-0.0015799999999994707,0,0,0,1,0
2025-02-03,11.875,768215734,9134381313.75,20.7757444277267,0.5715799999999986,0.984,0.984,0.19399999999999998,-0.13,-0.12366317922876596,0.19399999999999998,TTM_EPSAct,0.57,EPSFR_LTM,12.06808943089431,0.08286315789473685,61.211340206185575,0.016336842105263157,20.833333333333336,0.047999999999999994,0.04813305263157884,0.41242000000000134,-0.3775799999999987,-0.0015799999999986936,0,0,0,1,0
2025-02-04,11.91,768215734,9161303700.78,20.8369782007768,0.5715799999999998,0.984,0.984,0.19399999999999998,-0.13,-0.12366317922876596,0.19399999999999998,TTM_EPSAct,0.57,EPSFR_LTM,12.103658536585366,0.08261964735516372,61.39175257731959,0.01628883291351805,20.894736842105264,0.047858942065491177,0.04799160369437446,0.41242000000000023,-0.3775799999999998,-0.0015799999999998038,0,0,0,1,0
2025-02-05,11.75,768215734,9038229931.5,20.557052381119,0.5715800000000001,0.984,0.984,0.19399999999999998,-0.13,-0.12366317922876596,0.19399999999999998,TTM_EPSAct,0.57,EPSFR_LTM,11.941056910569106,0.08374468085106383,60.56701030927836,0.01651063829787234,20.6140350877193,0.04851063829787234,0.04864510638297873,0.4124199999999999,-0.37758000000000014,-0.0015800000000001369,0,0,0,1,0
2025-02-06,11.72,768215734,9015153599.75999,20.5045662899332,0.5715799999999991,0.984,0.984,0.19399999999999998,-0.13,-0.12366317922876596,0.19399999999999998,TTM_EPSAct,0.57,EPSFR_LTM,11.910569105691058,0.08395904436860067,60.41237113402063,0.016552901023890784,20.56140350877193,0.048634812286689415,0.04876962457337876,0.4124200000000009,-0.37757999999999914,-0.0015799999999991376,0,0,0,1,0
2025-02-07,11.695,768215734,8995923323.31,20.4608278806116,0.5715800000000011,0.984,0.984,0.19399999999999998,-0.13,-0.12366317922876596,0.19399999999999998,TTM_EPSAct,0.57,EPSFR_LTM,11.885162601626016,0.08413852073535699,60.28350515463919,0.01658828559213339,20.517543859649123,0.04873877725523727,0.04887387772552382,0.4124199999999989,-0.37758000000000114,-0.001580000000001136,0,0,0,1,0
2025-02-10,11.865,768215734,9126689203.16999,20.758249063998,0.5715800000000011,0.984,0.984,0.19399999999999998,-0.13,-0.12366317922876596,0.19399999999999998,TTM_EPSAct,0.57,EPSFR_LTM,12.057926829268293,0.0829329962073325,61.159793814432994,0.016350611040876525,20.815789473684212,0.04804045512010113,0.048173619890434144,0.4124199999999989,-0.37758000000000114,-0.001580000000001136,0,0,0,1,0
2025-02-11,11.555,768215734,8888233775.18999,20.2158927884111,0.5715799999999992,0.984,0.984,0.19399999999999998,-0.13,-0.12366317922876596,0.19399999999999998,TTM_EPSAct,0.57,EPSFR_LTM,11.742886178861788,0.08515794028559065,59.5618556701031,0.016789268714842057,20.271929824561404,0.04932929467762873,0.049466032020770156,0.4124200000000008,-0.37757999999999925,-0.0015799999999992487,0,0,0,1,0
2025-02-12,11.4,768215734,8769006061.2,19.9447146506176,0.5715799999999996,0.984,0.984,0.19399999999999998,-0.13,-0.12366317922876596,0.19399999999999998,TTM_EPSAct,0.57,EPSFR_LTM,11.585365853658537,0.0863157894736842,58.762886597938156,0.01701754385964912,20.000000000000004,0.049999999999999996,0.05013859649122804,0.41242000000000034,-0.3775799999999997,-0.0015799999999996928,0,0,0,1,0
2025-02-13,10.2,768215734,7845952791.59999,17.8452710031842,0.5715799999999985,0.194,0.194,0.19399999999999998,-0.13,-0.12366317922876596,0.19399999999999998,TTM_EPSAct,-0.13,EPSFR_LTM,52.577319587628864,0.019019607843137255,52.57731958762887,0.019019607843137255,-78.46153846153845,-0.012745098039215688,0.05603725490196064,-0.37757999999999853,-0.3775799999999986,-0.7015799999999985,0,1,0,1,0
2025-02-14,10.47,768215734,8053639777.26,18.3176458238567,0.5715799999999993,0.194,0.194,0.19399999999999998,-0.13,-0.12366317922876596,0.19399999999999998,TTM_EPSAct,-0.13,EPSFR_LTM,53.96907216494846,0.018529130850047756,53.969072164948464,0.018529130850047752,-80.53846153846155,-0.012416427889207259,0.05459216809933135,-0.3775799999999993,-0.37757999999999936,-0.7015799999999993,0,1,0,1,0
2025-02-17,9.654,768215734,7425963553.932,16.8900241436019,0.5715800000000015,0.194,0.194,0.19399999999999998,-0.13,-0.12366317922876596,0.19399999999999998,TTM_EPSAct,-0.13,EPSFR_LTM,49.76288659793814,0.020095297286099028,49.76288659793815,0.020095297286099024,-74.26153846153846,-0.013465920861818935,0.05920654650921914,-0.3775800000000015,-0.3775800000000016,-0.7015800000000015,0,1,0,1,0
2025-02-18,9.63,768215734,7407502488.53999,16.8480352706533,0.5715799999999993,0.194,0.194,0.19399999999999998,-0.13,-0.12366317922876596,0.19399999999999998,TTM_EPSAct,-0.13,EPSFR_LTM,49.639175257731964,0.020145379023883695,49.63917525773197,0.02014537902388369,-74.07692307692308,-0.013499480789200415,0.05935410176531664,-0.3775799999999993,-0.37757999999999936,-0.7015799999999993,0,1,0,1,0
2025-02-19,9.108,768215734,7005974316.26399,15.9347772840197,0.5715800000000013,0.194,0.194,0.19399999999999998,-0.13,-0.12366317922876596,0.19399999999999998,TTM_EPSAct,-0.13,EPSFR_LTM,46.948453608247426,0.021299956082564776,46.94845360824743,0.021299956082564773,-70.06153846153846,-0.01427316644707949,0.06275581906016701,-0.3775800000000013,-0.37758000000000136,-0.7015800000000013,0,1,0,1,0
2025-02-20,8.97,768215734,6899823190.26,15.6933412645649,0.5715799999999996,0.194,0.194,0.19399999999999998,-0.13,-0.12366317922876596,0.19399999999999998,TTM_EPSAct,-0.13,EPSFR_LTM,46.23711340206186,0.021627647714604237,46.237113402061865,0.021627647714604233,-69.0,-0.014492753623188406,0.06372129319955402,-0.37757999999999964,-0.3775799999999997,-0.7015799999999996,0,1,0,1,0
2025-02-21,8.948,768215734,6882900546.98399,15.6548514643619,0.5715800000000016,0.194,0.194,0.19399999999999998,-0.13,-0.12366317922876596,0.19399999999999998,TTM_EPSAct,-0.13,EPSFR_LTM,46.123711340206185,0.02168082253017434,46.12371134020619,0.021680822530174337,-68.83076923076923,-0.014528386231560124,0.06387796155565507,-0.37758000000000164,-0.3775800000000017,-0.7015800000000016,0,1,0,1,0
2025-02-24,8.958,768215734,6890592657.56399,15.6723468280906,0.5715799999999984,0.194,0.194,0.19399999999999998,-0.13,-0.12366317922876596,0.19399999999999998,TTM_EPSAct,-0.13,EPSFR_LTM,46.175257731958766,0.02165661978120116,46.175257731958766,0.021656619781201158,-68.9076923076923,-0.014512167894619335,0.0638066532708192,-0.3775799999999984,-0.3775799999999985,-0.7015799999999984,0,1,0,1,0
2025-02-25,9.2,768215734,7076741733.6,16.095734630323,0.5715799999999986,0.194,0.194,0.19399999999999998,-0.13,-0.12366317922876596,0.19399999999999998,TTM_EPSAct,-0.13,EPSFR_LTM,47.42268041237113,0.02108695652173913,47.422680412371136,0.021086956521739128,-70.76923076923076,-0.014130434782608697,0.06212826086956508,-0.37757999999999864,-0.3775799999999987,-0.7015799999999986,0,1,0,1,0
2025-02-26,9.252,768215734,7116740708.616,16.1867105217117,0.5715800000000018,0.194,0.194,0.19399999999999998,-0.13,-0.12366317922876596,0.19399999999999998,TTM_EPSAct,-0.13,EPSFR_LTM,47.69072164948454,0.020968439256376998,47.690721649484544,0.020968439256376994,-71.16923076923077,-0.014051015996541287,0.06177907479463918,-0.37758000000000175,-0.3775800000000018,-0.7015800000000018,0,1,0,1,0
2025-02-27,8.79,768215734,6761365199.82,15.3784247174499,0.5715799999999991,0.194,0.194,0.19399999999999998,-0.13,-0.12366317922876596,0.19399999999999998,TTM_EPSAct,-0.13,EPSFR_LTM,45.309278350515456,0.02207053469852105,45.30927835051546,0.022070534698521046,-67.61538461538461,-0.014789533560864621,0.06502616609783836,-0.3775799999999991,-0.37757999999999914,-0.7015799999999991,0,1,0,1,0
2025-02-28,8.598,768215734,6613676676.684,15.0425137338605,0.5715800000000011,0.194,0.194,0.19399999999999998,-0.13,-0.12366317922876596,0.19399999999999998,TTM_EPSAct,-0.13,EPSFR_LTM,44.31958762886598,0.022563386834147475,44.31958762886599,0.02256338683414747,-66.13846153846154,-0.015119795301232844,0.06647825075598988,-0.3775800000000011,-0.37758000000000114,-0.7015800000000011,0,1,0,1,0
2025-03-03,8.666,768215734,6665983028.62799,15.0425137338605,0.5761005210514083,0.194,0.194,0.19399999999999998,-0.13,-0.12366317922876596,0.19399999999999998,TTM_EPSAct,-0.13,EPSFR_LTM,44.670103092783506,0.022386337410570042,44.67010309278351,0.02238633741057004,-66.66153846153846,-0.01500115393491807,0.06647825075598988,-0.3821005210514083,-0.38210052105140835,-0.7061005210514083,0,1,0,1,0
2025-03-04,8.644,768215734,6649060385.352,15.0425137338605,0.5746379995347766,0.194,0.194,0.19399999999999998,-0.13,-0.12366317922876596,0.19399999999999998,TTM_EPSAct,-0.13,EPSFR_LTM,44.55670103092783,0.02244331328088848,44.55670103092784,0.022443313280888475,-66.49230769230769,-0.015039333641832485,0.06647825075598988,-0.38063799953477656,-0.3806379995347766,-0.7046379995347766,0,1,0,1,0
2025-03-05,8.876,768215734,6827517350.808,15.0425137338605,0.5900609537101661,0.194,0.194,0.19399999999999998,-0.13,-0.12366317922876596,0.19399999999999998,TTM_EPSAct,-0.13,EPSFR_LTM,45.75257731958762,0.02185669220369536,45.75257731958763,0.021856692203695356,-68.27692307692307,-0.014646237043713387,0.06647825075598988,-0.3960609537101661,-0.39606095371016614,-0.7200609537101661,0,1,0,1,0
2025-03-06,9.088,768215734,6990590095.104,15.0425137338605,0.604154342870436,0.194,0.194,0.19399999999999998,-0.13,-0.12366317922876596,0.19399999999999998,TTM_EPSAct,-0.13,EPSFR_LTM,46.845360824742265,0.021346830985915496,46.84536082474227,0.021346830985915492,-69.9076923076923,-0.014304577464788734,0.06647825075598988,-0.410154342870436,-0.41015434287043606,-0.734154342870436,0,1,0,1,0
2025-03-07,8.986,768215734,6912130567.188,15.0425137338605,0.5973735612933251,0.194,0.194,0.19399999999999998,-0.13,-0.12366317922876596,0.19399999999999998,TTM_EPSAct,-0.13,EPSFR_LTM,46.31958762886598,0.02158913866013799,46.31958762886599,0.021589138660137987,-69.12307692307692,-0.014466948586690407,0.06647825075598988,-0.4033735612933251,-0.40337356129332513,-0.7273735612933251,0,1,0,1,0
2025-03-10,9.296,768215734,7150585995.168,15.0425137338605,0.6179818190276819,0.194,0.194,0.19399999999999998,-0.13,-0.12366317922876596,0.19399999999999998,TTM_EPSAct,-0.13,EPSFR_LTM,47.91752577319587,0.020869191049913943,47.91752577319588,0.02086919104991394,-71.5076923076923,-0.013984509466437178,0.06647825075598988,-0.4239818190276819,-0.42398181902768195,-0.7479818190276819,0,1,0,1,0
2025-03-11,9.122,768215734,7016743271.07599,,,0.194,0.194,0.19399999999999998,-0.13,-0.12366317922876596,0.19399999999999998,TTM_EPSAct,-0.13,EPSFR_LTM,47.02061855670103,0.021267265950449463,47.02061855670104,0.02126726595044946,-70.16923076923077,-0.014251260688445518,,,,,0,1,1,1,1
2025-03-12,9.032,768215734,6947514275.85599,,,0.194,0.194,0.19399999999999998,-0.13,-0.12366317922876596,0.19399999999999998,TTM_EPSAct,-0.13,EPSFR_LTM,46.55670103092783,0.021479185119574844,46.55670103092784,0.02147918511957484,-69.47692307692307,-0.014393268379096547,,,,,0,1,1,1,1
2025-03-13,8.8,768215734,6769057310.4,,,0.194,0.194,0.19399999999999998,-0.13,-0.12366317922876596,0.19399999999999998,TTM_EPSAct,-0.13,EPSFR_LTM,45.36082474226804,0.022045454545454545,45.36082474226805,0.02204545454545454,-67.6923076923077,-0.014772727272727272,,,,,0,1,1,1,1
2025-03-14,9.02,768215734,6938283743.16,,,0.194,0.194,0.19399999999999998,-0.13,-0.12366317922876596,0.19399999999999998,TTM_EPSAct,-0.13,EPSFR_LTM,46.49484536082474,0.02150776053215078,46.49484536082475,0.021507760532150776,-69.38461538461537,-0.014412416851441243,,,,,0,1,1,1,1
2025-03-17,9.49,768215734,7299812940.42,,,0.194,0.194,0.19399999999999998,-0.13,-0.12366317922876596,0.19399999999999998,TTM_EPSAct,-0.13,EPSFR_LTM,48.91752577319588,0.020442571127502633,48.917525773195884,0.020442571127502633,-73.0,-0.013698630136986302,,,,,0,1,1,1,1
2025-03-18,9.754,768215734,7502884659.73199,,,0.194,0.194,0.19399999999999998,-0.13,-0.12366317922876596,0.19399999999999998,TTM_EPSAct,-0.13,EPSFR_LTM,50.27835051546391,0.019889276194381793,50.27835051546392,0.01988927619438179,-75.03076923076922,-0.013327865491080584,,,,,0,1,1,1,1
2025-03-19,9.656,768215734,7427501976.048,,,0.194,0.194,0.19399999999999998,-0.13,-0.12366317922876596,0.19399999999999998,TTM_EPSAct,-0.13,EPSFR_LTM,49.77319587628866,0.02009113504556752,49.77319587628867,0.020091135045567518,-74.27692307692308,-0.013463131731565865,,,,,0,1,1,1,1
2025-03-20,9.514,768215734,7318274005.812,,,0.194,0.194,0.19399999999999998,-0.13,-0.12366317922876596,0.19399999999999998,TTM_EPSAct,-0.13,EPSFR_LTM,49.041237113402055,0.0203910027328148,49.04123711340206,0.020391002732814797,-73.18461538461538,-0.013664073996216103,,,,,0,1,1,1,1
2025-03-21,9.29,768215734,7145970728.82,,,0.194,0.194,0.19399999999999998,-0.13,-0.12366317922876596,0.19399999999999998,TTM_EPSAct,-0.13,EPSFR_LTM,47.88659793814433,0.02088266953713671,47.886597938144334,0.020882669537136706,-71.46153846153845,-0.013993541442411196,,,,,0,1,1,1,1
2025-03-24,9.14,768215734,7030589070.12,,,0.194,0.194,0.19399999999999998,-0.13,-0.12366317922876596,0.19399999999999998,TTM_EPSAct,-0.13,EPSFR_LTM,47.11340206185567,0.0212253829321663,47.11340206185568,0.021225382932166297,-70.3076923076923,-0.014223194748358862,,,,,0,1,1,1,1
2025-03-25,8.888,768215734,6836747883.50399,,,0.194,0.194,0.19399999999999998,-0.13,-0.12366317922876596,0.19399999999999998,TTM_EPSAct,-0.13,EPSFR_LTM,45.81443298969072,0.021827182718271828,45.81443298969073,0.021827182718271824,-68.36923076923077,-0.014626462646264627,,,,,0,1,1,1,1
2025-03-26,8.698,768215734,6690597782.48399,,,0.194,0.194,0.19399999999999998,-0.13,-0.12366317922876596,0.19399999999999998,TTM_EPSAct,-0.13,EPSFR_LTM,44.83505154639175,0.022303977925959992,44.83505154639176,0.02230397792595999,-66.90769230769232,-0.014945964589560818,,,,,0,1,1,1,1
2025-03-27,8.968,768215734,6898284768.144,,,0.194,0.194,0.19399999999999998,-0.13,-0.12366317922876596,0.19399999999999998,TTM_EPSAct,-0.13,EPSFR_LTM,46.22680412371134,0.021632471008028547,46.22680412371135,0.021632471008028543,-68.98461538461538,-0.014495985727029438,,,,,0,1,1,1,1
2025-03-28,8.754,768215734,6733673601.732,,,0.194,0.194,0.19399999999999998,-0.13,-0.12366317922876596,0.19399999999999998,TTM_EPSAct,-0.13,EPSFR_LTM,45.123711340206185,0.02216129769248344,45.123711340206185,0.022161297692483435,-67.33846153846153,-0.014850354123829108,,,,,0,1,1,1,1
2025-03-31,8.534,768243610,6564447168.972,,,0.194,0.194,-0.2,-0.38999999999999996,-0.3865961215089052,-0.2,TTM_EPSAct,-0.13,EPSFR_LTM,43.98969072164949,0.022732599015701897,-42.67,-0.02343566908835247,-65.64615384615385,-0.015233184907429106,,,,,1,1,1,1,1
2025-04-01,8.458,768243610,6505987128.564,,,0.194,0.194,-0.2,-0.38999999999999996,-0.3865961215089052,-0.2,TTM_EPSAct,-0.13,EPSFR_LTM,43.597938144329895,0.022936864506975643,-42.29,-0.023646252069047056,-65.06153846153846,-0.015370063844880587,,,,,1,1,1,1,1
2025-04-02,8.4,768243610,6461372887.2,,,0.194,0.194,-0.2,-0.38999999999999996,-0.3865961215089052,-0.2,TTM_EPSAct,-0.13,EPSFR_LTM,43.29896907216495,0.023095238095238096,-42.0,-0.023809523809523808,-64.61538461538461,-0.015476190476190477,,,,,1,1,1,1,1
2025-04-03,7.96,768243610,6122920021.68,,,0.194,0.194,-0.2,-0.38999999999999996,-0.3865961215089052,-0.2,TTM_EPSAct,-0.13,EPSFR_LTM,41.03092783505154,0.024371859296482414,-39.8,-0.02512562814070352,-61.230769230769226,-0.016331658291457288,,,,,1,1,1,1,1
2025-04-04,7.734,768243610,5949078322.57199,,,0.194,0.194,-0.2,-0.38999999999999996,-0.3865961215089052,-0.2,TTM_EPSAct,-0.13,EPSFR_LTM,39.865979381443296,0.02508404447892423,-38.669999999999995,-0.025859839668994054,-59.49230769230769,-0.016808895784846133,,,,,1,1,1,1,1
2025-04-07,7.42,768243610,5707546050.36,,,0.194,0.194,-0.2,-0.38999999999999996,-0.3865961215089052,-0.2,TTM_EPSAct,-0.13,EPSFR_LTM,38.24742268041237,0.026145552560646903,-37.099999999999994,-0.026954177897574125,-57.07692307692307,-0.01752021563342318,,,,,1,1,1,1,1
2025-04-08,7.216,768243610,5550626994.528,,,0.194,0.194,-0.2,-0.38999999999999996,-0.3865961215089052,-0.2,TTM_EPSAct,-0.13,EPSFR_LTM,37.1958762886598,0.02688470066518847,-36.08,-0.02771618625277162,-55.50769230769231,-0.018015521064301553,,,,,1,1,1,1,1
2025-04-09,7.04,768243610,5415245848.31999,,,0.194,0.194,-0.2,-0.38999999999999996,-0.3865961215089052,-0.2,TTM_EPSAct,-0.13,EPSFR_LTM,36.28865979381443,0.027556818181818182,-35.199999999999996,-0.02840909090909091,-54.15384615384615,-0.018465909090909092,,,,,1,1,1,1,1
2025-04-10,7.068,768243610,5436783757.94399,,,0.194,0.194,-0.2,-0.38999999999999996,-0.3865961215089052,-0.2,TTM_EPSAct,-0.13,EPSFR_LTM,36.43298969072165,0.027447651386530846,-35.339999999999996,-0.02829654782116582,-54.36923076923077,-0.01839275608375778,,,,,1,1,1,1,1
2025-04-11,7.326,768243610,5635240210.90799,,,0.194,0.194,-0.2,-0.38999999999999996,-0.3865961215089052,-0.2,TTM_EPSAct,-0.13,EPSFR_LTM,37.76288659793814,0.026481026481026484,-36.629999999999995,-0.027300027300027303,-56.35384615384615,-0.017745017745017747,,,,,1,1,1,1,1
2025-04-14,7.48,768243610,5753698713.84,,,0.194,0.194,-0.2,-0.38999999999999996,-0.3865961215089052,-0.2,TTM_EPSAct,-0.13,EPSFR_LTM,38.55670103092783,0.025935828877005348,-37.4,-0.026737967914438502,-57.53846153846154,-0.017379679144385027,,,,,1,1,1,1,1
2025-04-15,7.274,768243610,5595241235.892,,,0.194,0.194,-0.2,-0.38999999999999996,-0.3865961215089052,-0.2,TTM_EPSAct,-0.13,EPSFR_LTM,37.49484536082474,0.026670332691778938,-36.37,-0.027495188342040143,-55.95384615384615,-0.017871872422326095,,,,,1,1,1,1,1
2025-04-16,7.532,768243610,5793697688.85599,,,0.194,0.194,-0.2,-0.38999999999999996,-0.3865961215089052,-0.2,TTM_EPSAct,-0.13,EPSFR_LTM,38.824742268041234,0.02575677110993096,-37.66,-0.026553372278279343,-57.93846153846154,-0.01725969198088157,,,,,1,1,1,1,1
2025-04-17,7.53,768243610,5792159266.74,,,0.194,0.194,-0.2,-0.38999999999999996,-0.3865961215089052,-0.2,TTM_EPSAct,-0.13,EPSFR_LTM,38.81443298969072,0.025763612217795485,-37.65,-0.02656042496679947,-57.92307692307692,-0.017264276228419653,,,,,1,1,1,1,1
2025-04-22,7.854,768243610,6041383649.532,,,0.194,0.194,-0.2,-0.38999999999999996,-0.3865961215089052,-0.2,TTM_EPSAct,-0.13,EPSFR_LTM,40.48453608247423,0.02470078940667176,-39.269999999999996,-0.02546473134708429,-60.41538461538462,-0.016552075375604786,,,,,1,1,1,1,1
2025-04-23,7.996,768243610,6150611619.768,,,0.194,0.194,-0.2,-0.38999999999999996,-0.3865961215089052,-0.2,TTM_EPSAct,-0.13,EPSFR_LTM,41.21649484536083,0.024262131065532766,-39.98,-0.02501250625312656,-61.50769230769231,-0.016258129064532265,,,,,1,1,1,1,1
2025-04-24,8.068,768243610,6205994815.944,,,0.194,0.194,-0.2,-0.38999999999999996,-0.3865961215089052,-0.2,TTM_EPSAct,-0.13,EPSFR_LTM,41.587628865979376,0.02404561229548835,-40.339999999999996,-0.024789291026276652,-62.061538461538454,-0.01611303916707982,,,,,1,1,1,1,1
2025-04-25,7.978,768243610,6136765820.724,,,0.194,0.194,-0.2,-0.38999999999999996,-0.3865961215089052,-0.2,TTM_EPSAct,-0.13,EPSFR_LTM,41.123711340206185,0.024316871396339937,-39.88999999999999,-0.025068939583855605,-61.36923076923077,-0.016294810729506143,,,,,1,1,1,1,1
2025-04-28,7.95,768243610,6115227911.1,,,0.194,0.194,-0.2,-0.38999999999999996,-0.3865961215089052,-0.2,TTM_EPSAct,-0.13,EPSFR_LTM,40.97938144329897,0.02440251572327044,-39.75,-0.025157232704402517,-61.15384615384615,-0.016352201257861635,,,,,1,1,1,1,1
2025-04-29,8.9,768243610,6845978416.19999,,,-0.2,-0.2,-0.2,-0.38999999999999996,-0.3865961215089052,-0.2,TTM_EPSAct,-0.39,EPSFR_LTM,-44.5,-0.02247191011235955,-44.5,-0.02247191011235955,-22.82051282051282,-0.043820224719101124,,,,,1,1,1,1,1
2025-04-30,9.156,768243610,7042896447.04799,,,-0.2,-0.2,-0.2,-0.38999999999999996,-0.3865961215089052,-0.2,TTM_EPSAct,-0.39,EPSFR_LTM,-45.78,-0.021843599825251202,-45.78,-0.021843599825251202,-23.47692307692308,-0.04259501965923984,,,,,1,1,1,1,1
2025-05-02,9.332,768243610,7178277593.25599,,,-0.2,-0.2,-0.2,-0.38999999999999996,-0.3865961215089052,-0.2,TTM_EPSAct,-0.39,EPSFR_LTM,-46.660000000000004,-0.02143163309044149,-46.660000000000004,-0.02143163309044149,-23.92820512820513,-0.04179168452636091,,,,,1,1,1,1,1
2025-05-05,9.452,768243610,7270582920.21599,,,-0.2,-0.2,-0.2,-0.38999999999999996,-0.3865961215089052,-0.2,TTM_EPSAct,-0.39,EPSFR_LTM,-47.26,-0.021159542953872196,-47.26,-0.021159542953872196,-24.235897435897435,-0.041261108760050784,,,,,1,1,1,1,1
2025-05-06,9.17,768243610,7053665401.86,,,-0.2,-0.2,-0.2,-0.38999999999999996,-0.3865961215089052,-0.2,TTM_EPSAct,-0.39,EPSFR_LTM,-45.849999999999994,-0.021810250817884406,-45.849999999999994,-0.021810250817884406,-23.51282051282051,-0.04252998909487459,,,,,1,1,1,1,1
2025-05-07,8.84,768243610,6799825752.71999,,,-0.2,-0.2,-0.2,-0.38999999999999996,-0.3865961215089052,-0.2,TTM_EPSAct,-0.39,EPSFR_LTM,-44.199999999999996,-0.022624434389140274,-44.199999999999996,-0.022624434389140274,-22.666666666666664,-0.04411764705882353,,,,,1,1,1,1,1
2025-05-08,8.812,768243610,6778287843.096,,,-0.2,-0.2,-0.2,-0.38999999999999996,-0.3865961215089052,-0.2,TTM_EPSAct,-0.39,EPSFR_LTM,-44.059999999999995,-0.02269632319564231,-44.059999999999995,-0.02269632319564231,-22.594871794871793,-0.0442578302315025,,,,,1,1,1,1,1
2025-05-09,9.012,768243610,6932130054.696,,,-0.2,-0.2,-0.2,-0.38999999999999996,-0.3865961215089052,-0.2,TTM_EPSAct,-0.39,EPSFR_LTM,-45.06,-0.022192632046160676,-45.06,-0.022192632046160676,-23.107692307692307,-0.043275632490013316,,,,,1,1,1,1,1
2025-05-12,9.55,768243610,7345965603.9,,,-0.2,-0.2,-0.2,-0.38999999999999996,-0.3865961215089052,-0.2,TTM_EPSAct,-0.39,EPSFR_LTM,-47.75,-0.020942408376963352,-47.75,-0.020942408376963352,-24.48717948717949,-0.040837696335078534,,,,,1,1,1,1,1
2025-05-13,9.856,768243610,7581344187.64799,,,-0.2,-0.2,-0.2,-0.38999999999999996,-0.3865961215089052,-0.2,TTM_EPSAct,-0.39,EPSFR_LTM,-49.279999999999994,-0.020292207792207792,-49.279999999999994,-0.020292207792207792,-25.27179487179487,-0.0395698051948052,,,,,1,1,1,1,1
2025-05-14,9.596,768243610,7381349312.568,,,-0.2,-0.2,-0.2,-0.38999999999999996,-0.3865961215089052,-0.2,TTM_EPSAct,-0.39,EPSFR_LTM,-47.98,-0.020842017507294707,-47.98,-0.020842017507294707,-24.605128205128203,-0.04064193413922468,,,,,1,1,1,1,1
2025-05-15,9.3,768243610,7153662839.4,,,-0.2,-0.2,-0.2,-0.38999999999999996,-0.3865961215089052,-0.2,TTM_EPSAct,-0.39,EPSFR_LTM,-46.5,-0.02150537634408602,-46.5,-0.02150537634408602,-23.846153846153847,-0.04193548387096774,,,,,1,1,1,1,1
2025-05-16,9.518,768243610,7321350850.044,,,-0.2,-0.2,-0.2,-0.38999999999999996,-0.3865961215089052,-0.2,TTM_EPSAct,-0.39,EPSFR_LTM,-47.59,-0.02101281781886951,-47.59,-0.02101281781886951,-24.405128205128207,-0.04097499474679554,,,,,1,1,1,1,1
2025-05-19,9.448,768243610,7267506075.984,,,-0.2,-0.2,-0.2,-0.38999999999999996,-0.3865961215089052,-0.2,TTM_EPSAct,-0.39,EPSFR_LTM,-47.24,-0.021168501270110076,-47.24,-0.021168501270110076,-24.225641025641025,-0.04127857747671465,,,,,1,1,1,1,1
2025-05-20,9.868,768243610,7590574720.34399,,,-0.2,-0.2,-0.2,-0.38999999999999996,-0.3865961215089052,-0.2,TTM_EPSAct,-0.39,EPSFR_LTM,-49.339999999999996,-0.020267531414673693,-49.339999999999996,-0.020267531414673693,-25.3025641025641,-0.0395216862586137,,,,,1,1,1,1,1
2025-05-21,9.2,768243610,7076741733.6,,,-0.2,-0.2,-0.2,-0.38999999999999996,-0.3865961215089052,-0.2,TTM_EPSAct,-0.39,EPSFR_LTM,-45.99999999999999,-0.02173913043478261,-45.99999999999999,-0.02173913043478261,-23.589743589743588,-0.04239130434782609,,,,,1,1,1,1,1
2025-05-22,9.168,768243610,7052126979.744,,,-0.2,-0.2,-0.2,-0.38999999999999996,-0.3865961215089052,-0.2,TTM_EPSAct,-0.39,EPSFR_LTM,-45.839999999999996,-0.021815008726003494,-45.839999999999996,-0.021815008726003494,-23.507692307692306,-0.04253926701570681,,,,,1,1,1,1,1
2025-05-23,8.954,768243610,6887515813.332,,,-0.2,-0.2,-0.2,-0.38999999999999996,-0.3865961215089052,-0.2,TTM_EPSAct,-0.39,EPSFR_LTM,-44.77,-0.02233638597274961,-44.77,-0.02233638597274961,-22.95897435897436,-0.04355595264686173,,,,,1,1,1,1,1
2025-05-26,9.142,768243610,7032127492.236,,,-0.2,-0.2,-0.2,-0.38999999999999996,-0.3865961215089052,-0.2,TTM_EPSAct,-0.39,EPSFR_LTM,-45.709999999999994,-0.02187705097352877,-45.709999999999994,-0.02187705097352877,-23.44102564102564,-0.0426602493983811,,,,,1,1,1,1,1
2025-05-27,9.3,768243610,7153662839.4,,,-0.2,-0.2,-0.2,-0.38999999999999996,-0.3865961215089052,-0.2,TTM_EPSAct,-0.39,EPSFR_LTM,-46.5,-0.02150537634408602,-46.5,-0.02150537634408602,-23.846153846153847,-0.04193548387096774,,,,,1,1,1,1,1
2025-05-28,9.232,768243610,7101356487.45599,,,-0.2,-0.2,-0.2,-0.38999999999999996,-0.3865961215089052,-0.2,TTM_EPSAct,-0.39,EPSFR_LTM,-46.16,-0.021663778162911613,-46.16,-0.021663778162911613,-23.67179487179487,-0.04224436741767765,,,,,1,1,1,1,1
2025-05-30,9.45,768243610,7269044498.09999,,,-0.2,-0.2,-0.2,-0.38999999999999996,-0.3865961215089052,-0.2,TTM_EPSAct,-0.39,EPSFR_LTM,-47.24999999999999,-0.021164021164021166,-47.24999999999999,-0.021164021164021166,-24.230769230769226,-0.041269841269841276,,,,,1,1,1,1,1
2025-06-02,9.464,768243610,7279813452.912,,,-0.2,-0.2,-0.2,-0.38999999999999996,-0.3865961215089052,-0.2,TTM_EPSAct,-0.39,EPSFR_LTM,-47.32,-0.021132713440405747,-47.32,-0.021132713440405747,-24.266666666666666,-0.04120879120879121,,,,,1,1,1,1,1
2025-06-03,9.37,768243610,7207507613.46,,,-0.2,-0.2,-0.2,-0.38999999999999996,-0.3865961215089052,-0.2,TTM_EPSAct,-0.39,EPSFR_LTM,-46.849999999999994,-0.021344717182497336,-46.849999999999994,-0.021344717182497336,-24.025641025641022,-0.041622198505869804,,,,,1,1,1,1,1
2025-06-04,9.548,768243610,7344427181.78399,,,-0.2,-0.2,-0.2,-0.38999999999999996,-0.3865961215089052,-0.2,TTM_EPSAct,-0.39,EPSFR_LTM,-47.739999999999995,-0.02094679514034353,-47.739999999999995,-0.02094679514034353,-24.48205128205128,-0.04084625052366988,,,,,1,1,1,1,1
2025-06-05,9.4,768243610,7230583945.2,,,-0.2,-0.2,-0.2,-0.38999999999999996,-0.3865961215089052,-0.2,TTM_EPSAct,-0.39,EPSFR_LTM,-47.0,-0.02127659574468085,-47.0,-0.02127659574468085,-24.102564102564102,-0.04148936170212766,,,,,1,1,1,1,1
2025-06-06,9.544,768243610,7341350337.552,,,-0.2,-0.2,-0.2,-0.38999999999999996,-0.3865961215089052,-0.2,TTM_EPSAct,-0.39,EPSFR_LTM,-47.72,-0.020955574182732608,-47.72,-0.020955574182732608,-24.471794871794874,-0.040863369656328585,,,,,1,1,1,1,1
2025-06-09,9.912,768243610,7624420006.896,,,-0.2,-0.2,-0.2,-0.38999999999999996,-0.3865961215089052,-0.2,TTM_EPSAct,-0.39,EPSFR_LTM,-49.56,-0.020177562550443905,-49.56,-0.020177562550443905,-25.415384615384617,-0.03934624697336562,,,,,1,1,1,1,1
2025-06-10,10.86,768243610,8353632089.88,,,-0.2,-0.2,-0.2,-0.38999999999999996,-0.3865961215089052,-0.2,TTM_EPSAct,-0.39,EPSFR_LTM,-54.3,-0.01841620626151013,-54.3,-0.01841620626151013,-27.846153846153843,-0.03591160220994476,,,,,1,1,1,1,1
2025-06-11,10.775,768243610,8288249149.95,,,-0.2,-0.2,-0.2,-0.38999999999999996,-0.3865961215089052,-0.2,TTM_EPSAct,-0.39,EPSFR_LTM,-53.875,-0.018561484918793503,-53.875,-0.018561484918793503,-27.628205128205128,-0.03619489559164733,,,,,1,1,1,1,1
2025-06-12,10.715,768243610,8242096486.46999,,,-0.2,-0.2,-0.2,-0.38999999999999996,-0.3865961215089052,-0.2,TTM_EPSAct,-0.39,EPSFR_LTM,-53.574999999999996,-0.018665422305179657,-53.574999999999996,-0.018665422305179657,-27.474358974358974,-0.03639757349510033,,,,,1,1,1,1,1
2025-06-13,10.395,768243610,7995948947.91,,,-0.2,-0.2,-0.2,-0.38999999999999996,-0.3865961215089052,-0.2,TTM_EPSAct,-0.39,EPSFR_LTM,-51.974999999999994,-0.01924001924001924,-51.974999999999994,-0.01924001924001924,-26.653846153846153,-0.03751803751803752,,,,,1,1,1,1,1
2025-06-16,10.805,768243610,8311325481.69,,,-0.2,-0.2,-0.2,-0.38999999999999996,-0.3865961215089052,-0.2,TTM_EPSAct,-0.39,EPSFR_LTM,-54.025,-0.018509949097639984,-54.025,-0.018509949097639984,-27.705128205128204,-0.036094400740397964,,,,,1,1,1,1,1
2025-06-17,10.94,768243610,8415168974.51999,,,-0.2,-0.2,-0.2,-0.38999999999999996,-0.3865961215089052,-0.2,TTM_EPSAct,-0.39,EPSFR_LTM,-54.699999999999996,-0.018281535648994516,-54.699999999999996,-0.018281535648994516,-28.051282051282048,-0.03564899451553931,,,,,1,1,1,1,1
2025-06-18,11.06,768243610,8507474301.48,,,-0.2,-0.2,-0.2,-0.38999999999999996,-0.3865961215089052,-0.2,TTM_EPSAct,-0.39,EPSFR_LTM,-55.3,-0.018083182640144666,-55.3,-0.018083182640144666,-28.358974358974358,-0.0352622061482821,,,,,1,1,1,1,1
2025-06-19,11.47,768243610,8822850835.25999,,,-0.2,-0.2,-0.2,-0.38999999999999996,-0.3865961215089052,-0.2,TTM_EPSAct,-0.39,EPSFR_LTM,-57.35,-0.017436791630340016,-57.35,-0.017436791630340016,-29.410256410256412,-0.03400174367916303,,,,,1,1,1,1,1
2025-06-23,11.715,768243610,9011307544.46997,,,-0.2,-0.2,-0.2,-0.38999999999999996,-0.3865961215089052,-0.2,TTM_EPSAct,-0.39,EPSFR_LTM,-58.574999999999996,-0.017072129748186088,-58.574999999999996,-0.017072129748186088,-30.038461538461537,-0.03329065300896287,,,,,1,1,1,1,1
2025-06-24,11.45,768243610,8807466614.1,,,-0.2,-0.2,-0.2,-0.38999999999999996,-0.3865961215089052,-0.2,TTM_EPSAct,-0.39,EPSFR_LTM,-57.24999999999999,-0.017467248908296946,-57.24999999999999,-0.017467248908296946,-29.358974358974358,-0.034061135371179045,,,,,1,1,1,1,1
2025-06-25,11.51,768243610,8853619277.57995,,,-0.2,-0.2,-0.2,-0.38999999999999996,-0.3865961215089052,-0.2,TTM_EPSAct,-0.39,EPSFR_LTM,-57.55,-0.01737619461337967,-57.55,-0.01737619461337967,-29.51282051282051,-0.03388357949609036,,,,,1,1,1,1,1
2025-06-26,11.69,768243610,8992077268.01995,,,-0.2,-0.2,-0.2,-0.38999999999999996,-0.3865961215089052,-0.2,TTM_EPSAct,-0.39,EPSFR_LTM,-58.449999999999996,-0.01710863986313088,-58.449999999999996,-0.01710863986313088,-29.97435897435897,-0.03336184773310522,,,,,1,1,1,1,1
2025-06-27,11.455,768243610,8811312669.39,,,-0.2,-0.2,-0.2,-0.38999999999999996,-0.3865961215089052,-0.2,TTM_EPSAct,-0.39,EPSFR_LTM,-57.275,-0.017459624618070713,-57.275,-0.017459624618070713,-29.371794871794872,-0.03404626800523789,,,,,1,1,1,1,1
2025-06-30,11.52,768243610,8861311388.15997,,,-0.2,-0.2,-0.07300000000000001,-0.25,-0.24601571368748515,-0.07300000000000001,TTM_EPSAct,-0.39,EPSFR_LTM,-57.599999999999994,-0.017361111111111112,-157.80821917808217,-0.0063368055555555565,-29.538461538461537,-0.03385416666666667,,,,,1,1,1,1,1
2025-07-01,11.825,768243610,9095920760.84999,,,-0.2,-0.2,-0.07300000000000001,-0.25,-0.24601571368748515,-0.07300000000000001,TTM_EPSAct,-0.39,EPSFR_LTM,-59.12499999999999,-0.016913319238900635,-161.98630136986299,-0.006173361522198733,-30.320512820512818,-0.03298097251585624,,,,,1,1,1,1,1
2025-07-02,11.995,768243610,9226686640.71,,,-0.2,-0.2,-0.07300000000000001,-0.25,-0.24601571368748515,-0.07300000000000001,TTM_EPSAct,-0.39,EPSFR_LTM,-59.974999999999994,-0.016673614005835766,-164.31506849315065,-0.006085869112130055,-30.756410256410252,-0.032513547311379745,,,,,1,1,1,1,1
2025-07-03,12.46,768243610,9584369782.68,,,-0.2,-0.2,-0.07300000000000001,-0.25,-0.24601571368748515,-0.07300000000000001,TTM_EPSAct,-0.39,EPSFR_LTM,-62.300000000000004,-0.016051364365971106,-170.6849315068493,-0.005858747993579455,-31.94871794871795,-0.031300160513643656,,,,,1,1,1,1,1
2025-07-04,12.25,768243610,9422835460.49992,,,-0.2,-0.2,-0.07300000000000001,-0.25,-0.24601571368748515,-0.07300000000000001,TTM_EPSAct,-0.39,EPSFR_LTM,-61.25,-0.0163265306122449,-167.80821917808217,-0.005959183673469389,-31.41025641025641,-0.03183673469387755,,,,,1,1,1,1,1
2025-07-07,12.235,768243610,9411297294.63,,,-0.2,-0.2,-0.07300000000000001,-0.25,-0.24601571368748515,-0.07300000000000001,TTM_EPSAct,-0.39,EPSFR_LTM,-61.175,-0.016346546791990192,-167.60273972602738,-0.0059664895790764215,-31.37179487179487,-0.031875766244380876,,,,,1,1,1,1,1
2025-07-08,12.435,768243610,9565139506.22997,,,-0.2,-0.2,-0.07300000000000001,-0.25,-0.24601571368748515,-0.07300000000000001,TTM_EPSAct,-0.39,EPSFR_LTM,-62.175,-0.016083634901487738,-170.34246575342465,-0.005870526739043024,-31.884615384615383,-0.031363088057901084,,,,,1,1,1,1,1
2025-07-09,12.295,768243610,9457449958.10994,,,-0.2,-0.2,-0.07300000000000001,-0.25,-0.24601571368748515,-0.07300000000000001,TTM_EPSAct,-0.39,EPSFR_LTM,-61.474999999999994,-0.01626677511183408,-168.42465753424656,-0.005937372915819439,-31.525641025641026,-0.03172021146807646,,,,,1,1,1,1,1
2025-07-10,12.775,768243610,9826671265.94993,,,-0.2,-0.2,-0.07300000000000001,-0.25,-0.24601571368748515,-0.07300000000000001,TTM_EPSAct,-0.39,EPSFR_LTM,-63.875,-0.015655577299412915,-174.99999999999997,-0.005714285714285715,-32.756410256410255,-0.030528375733855185,,,,,1,1,1,1,1
2025-07-11,12.72,768243610,9784364657.75994,,,-0.2,-0.2,-0.07300000000000001,-0.25,-0.24601571368748515,-0.07300000000000001,TTM_EPSAct,-0.39,EPSFR_LTM,-63.6,-0.015723270440251572,-174.24657534246575,-0.005738993710691824,-32.61538461538461,-0.030660377358490566,,,,,1,1,1,1,1
2025-07-14,12.655,768243610,9734365938.98993,,,-0.2,-0.2,-0.07300000000000001,-0.25,-0.24601571368748515,-0.07300000000000001,TTM_EPSAct,-0.39,EPSFR_LTM,-63.27499999999999,-0.015804030027657054,-173.3561643835616,-0.005768470960094825,-32.44871794871795,-0.030817858553931255,,,,,1,1,1,1,1
2025-07-15,12.535,768243610,9642060612.03,,,-0.2,-0.2,-0.07300000000000001,-0.25,-0.24601571368748515,-0.07300000000000001,TTM_EPSAct,-0.39,EPSFR_LTM,-62.675,-0.015955325089748704,-171.71232876712327,-0.005823693657758277,-32.14102564102564,-0.031112883925009972,,,,,1,1,1,1,1
2025-07-16,12.47,768243610,9592061893.25992,,,-0.2,-0.2,-0.07300000000000001,-0.25,-0.24601571368748515,-0.07300000000000001,TTM_EPSAct,-0.39,EPSFR_LTM,-62.35,-0.01603849238171612,-170.82191780821915,-0.005854049719326384,-31.974358974358974,-0.03127506014434643,,,,,1,1,1,1,1
2025-07-17,12.5,768243610,9615138224.99994,,,-0.2,-0.2,-0.07300000000000001,-0.25,-0.24601571368748515,-0.07300000000000001,TTM_EPSAct,-0.39,EPSFR_LTM,-62.5,-0.016,-171.23287671232873,-0.005840000000000001,-32.05128205128205,-0.031200000000000002,,,,,1,1,1,1,1
2025-07-18,13.075,768243610,10057434583.35,,,-0.2,-0.2,-0.07300000000000001,-0.25,-0.24601571368748515,-0.07300000000000001,TTM_EPSAct,-0.39,EPSFR_LTM,-65.37499999999999,-0.015296367112810709,-179.10958904109586,-0.005583173996175909,-33.52564102564102,-0.029827915869980882,,,,,1,1,1,1,1
2025-07-21,12.975,768243610,9980513477.54997,,,-0.2,-0.2,-0.07300000000000001,-0.25,-0.24601571368748515,-0.07300000000000001,TTM_EPSAct,-0.39,EPSFR_LTM,-64.875,-0.015414258188824664,-177.73972602739724,-0.005626204238921003,-33.26923076923077,-0.030057803468208095,,,,,1,1,1,1,1
2025-07-22,13.105,768243610,10080510915.0899,,,-0.2,-0.2,-0.07300000000000001,-0.25,-0.24601571368748515,-0.07300000000000001,TTM_EPSAct,-0.39,EPSFR_LTM,-65.52499999999999,-0.015261350629530714,-179.52054794520546,-0.005570392979778711,-33.6025641025641,-0.029759633727584892,,,,,1,1,1,1,1
2025-07-23,13.13,768243610,10099741191.5399,,,-0.2,-0.2,-0.07300000000000001,-0.25,-0.24601571368748515,-0.07300000000000001,TTM_EPSAct,-0.39,EPSFR_LTM,-65.65,-0.015232292460015232,-179.8630136986301,-0.00555978674790556,-33.666666666666664,-0.0297029702970297,,,,,1,1,1,1,1
2025-07-24,14.815,768243610,11395861824.2699,,,-0.073,-0.073,-0.07300000000000001,-0.25,-0.24601571368748515,-0.07300000000000001,TTM_EPSAct,-0.25,EPSFR_LTM,-202.94520547945206,-0.004927438407019912,-202.94520547945203,-0.004927438407019913,-59.26,-0.016874789065136685,,,,,1,1,1,1,1
2025-07-25,14.535,768243610,11180482728.0299,,,-0.073,-0.073,-0.07300000000000001,-0.25,-0.24601571368748515,-0.07300000000000001,TTM_EPSAct,-0.25,EPSFR_LTM,-199.10958904109592,-0.005022359821121431,-199.10958904109586,-0.005022359821121432,-58.14,-0.01719986240110079,,,,,1,1,1,1,1
2025-07-28,14.505,768243610,11157406396.2899,,,-0.073,-0.073,-0.07300000000000001,-0.25,-0.24601571368748515,-0.07300000000000001,TTM_EPSAct,-0.25,EPSFR_LTM,-198.69863013698634,-0.00503274732850741,-198.69863013698628,-0.005032747328507412,-58.02,-0.01723543605653223,,,,,1,1,1,1,1
2025-07-29,14.09,768243610,10838183807.2199,,,-0.073,-0.073,-0.07300000000000001,-0.25,-0.24601571368748515,-0.07300000000000001,TTM_EPSAct,-0.25,EPSFR_LTM,-193.013698630137,-0.005180979418026969,-193.01369863013696,-0.00518097941802697,-56.36,-0.017743080198722498,,,,,1,1,1,1,1
2025-07-30,14.025,768243610,10788185088.4499,,,-0.073,-0.073,-0.07300000000000001,-0.25,-0.24601571368748515,-0.07300000000000001,TTM_EPSAct,-0.25,EPSFR_LTM,-192.1232876712329,-0.005204991087344028,-192.12328767123284,-0.005204991087344029,-56.1,-0.017825311942959002,,,,,1,1,1,1,1
2025-07-31,13.835,768243610,10642034987.43,,,-0.073,-0.073,-0.07300000000000001,-0.25,-0.24601571368748515,-0.07300000000000001,TTM_EPSAct,-0.25,EPSFR_LTM,-189.5205479452055,-0.005276472714130827,-189.52054794520546,-0.005276472714130828,-55.34,-0.018070112034694615,,,,,1,1,1,1,1
2025-08-01,13.75,768243610,10576652047.5,,,-0.073,-0.073,-0.07300000000000001,-0.25,-0.24601571368748515,-0.07300000000000001,TTM_EPSAct,-0.25,EPSFR_LTM,-188.35616438356166,-0.005309090909090909,-188.35616438356163,-0.00530909090909091,-55.0,-0.01818181818181818,,,,,1,1,1,1,1
2025-08-04,13.565,768243610,10434348001.7699,,,-0.073,-0.073,-0.07300000000000001,-0.25,-0.24601571368748515,-0.07300000000000001,TTM_EPSAct,-0.25,EPSFR_LTM,-185.82191780821918,-0.005381496498341319,-185.82191780821915,-0.005381496498341321,-54.26,-0.018429782528566165,,,,,1,1,1,1,1
2025-08-05,14.21,768243610,10930489134.18,,,-0.073,-0.073,-0.07300000000000001,-0.25,-0.24601571368748515,-0.07300000000000001,TTM_EPSAct,-0.25,EPSFR_LTM,-194.65753424657535,-0.005137227304714989,-194.65753424657532,-0.00513722730471499,-56.84,-0.017593244194229415,,,,,1,1,1,1,1
2025-08-06,14.31,768243610,11007410239.98,,,-0.073,-0.073,-0.07300000000000001,-0.25,-0.24601571368748515,-0.07300000000000001,TTM_EPSAct,-0.25,EPSFR_LTM,-196.027397260274,-0.0051013277428371764,-196.02739726027394,-0.005101327742837177,-57.24,-0.017470300489168412,,,,,1,1,1,1,1
2025-08-07,14.66,768243610,11276634110.2799,,,-0.073,-0.073,-0.07300000000000001,-0.25,-0.24601571368748515,-0.07300000000000001,TTM_EPSAct,-0.25,EPSFR_LTM,-200.82191780821918,-0.0049795361527967255,-200.82191780821915,-0.004979536152796726,-58.64,-0.017053206002728513,,,,,1,1,1,1,1
2025-08-08,14.735,768243610,11334324939.63,,,-0.073,-0.073,-0.07300000000000001,-0.25,-0.24601571368748515,-0.07300000000000001,TTM_EPSAct,-0.25,EPSFR_LTM,-201.84931506849315,-0.0049541907024092295,-201.84931506849313,-0.00495419070240923,-58.94,-0.0169664065151001,,,,,1,1,1,1,1
2025-08-11,14.385,768243610,11065101069.3299,,,-0.073,-0.073,-0.07300000000000001,-0.25,-0.24601571368748515,-0.07300000000000001,TTM_EPSAct,-0.25,EPSFR_LTM,-197.05479452054794,-0.005074730622175877,-197.05479452054792,-0.005074730622175878,-57.54,-0.01737921445950643,,,,,1,1,1,1,1
2025-08-12,14.36,768243610,11045870792.88,,,-0.073,-0.073,-0.07300000000000001,-0.25,-0.24601571368748515,-0.07300000000000001,TTM_EPSAct,-0.25,EPSFR_LTM,-196.7123287671233,-0.005083565459610028,-196.71232876712327,-0.005083565459610029,-57.44,-0.017409470752089137,,,,,1,1,1,1,1
2025-08-13,14.455,768243610,11118945843.39,,,-0.073,-0.073,-0.07300000000000001,-0.25,-0.24601571368748515,-0.07300000000000001,TTM_EPSAct,-0.25,EPSFR_LTM,-198.013698630137,-0.005050155655482532,-198.01369863013696,-0.005050155655482533,-57.82,-0.017295053614666205,,,,,1,1,1,1,1
2025-08-14,14.735,768243610,11334324939.6299,,,-0.073,-0.073,-0.07300000000000001,-0.25,-0.24601571368748515,-0.07300000000000001,TTM_EPSAct,-0.25,EPSFR_LTM,-201.84931506849315,-0.0049541907024092295,-201.84931506849313,-0.00495419070240923,-58.94,-0.0169664065151001,,,,,1,1,1,1,1
2025-08-15,14.635,768243610,11257403833.83,,,-0.073,-0.073,-0.07300000000000001,-0.25,-0.24601571368748515,-0.07300000000000001,TTM_EPSAct,-0.25,EPSFR_LTM,-200.47945205479454,-0.004988042364195422,-200.47945205479448,-0.004988042364195423,-58.54,-0.01708233686368295,,,,,1,1,1,1,1
2025-08-18,14.32,768243610,11015102350.56,,,-0.073,-0.073,-0.07300000000000001,-0.25,-0.24601571368748515,-0.07300000000000001,TTM_EPSAct,-0.25,EPSFR_LTM,-196.16438356164386,-0.0050977653631284914,-196.1643835616438,-0.005097765363128492,-57.28,-0.017458100558659217,,,,,1,1,1,1,1
2025-08-19,14.86,768243610,11430476321.88,,,-0.073,-0.073,-0.07300000000000001,-0.25,-0.24601571368748515,-0.07300000000000001,TTM_EPSAct,-0.25,EPSFR_LTM,-203.56164383561645,-0.004912516823687752,-203.5616438356164,-0.004912516823687753,-59.44,-0.016823687752355317,,,,,1,1,1,1,1
2025-08-20,14.705,768243610,11311248607.89,,,-0.073,-0.073,-0.07300000000000001,-0.25,-0.24601571368748515,-0.07300000000000001,TTM_EPSAct,-0.25,EPSFR_LTM,-201.43835616438358,-0.004964297857871472,-201.43835616438355,-0.004964297857871473,-58.82,-0.017001020061203673,,,,,1,1,1,1,1
2025-08-21,14.82,768243610,11399707879.56,,,-0.073,-0.073,-0.07300000000000001,-0.25,-0.24601571368748515,-0.07300000000000001,TTM_EPSAct,-0.25,EPSFR_LTM,-203.01369863013701,-0.004925775978407557,-203.01369863013696,-0.0049257759784075575,-59.28,-0.016869095816464237,,,,,1,1,1,1,1
2025-08-22,15.825,768243610,12172764992.85,,,-0.073,-0.073,-0.07300000000000001,-0.25,-0.24601571368748515,-0.07300000000000001,TTM_EPSAct,-0.25,EPSFR_LTM,-216.78082191780823,-0.004612954186413902,-216.78082191780817,-0.004612954186413903,-63.3,-0.015797788309636653,,,,,1,1,1,1,1
2025-08-25,16.145,768243610,12418912531.41,,,-0.073,-0.073,-0.07300000000000001,-0.25,-0.24601571368748515,-0.07300000000000001,TTM_EPSAct,-0.25,EPSFR_LTM,-221.16438356164383,-0.00452152369154537,-221.1643835616438,-0.004521523691545371,-64.58,-0.01548467017652524,,,,,1,1,1,1,1
2025-08-26,15.905,768243610,12234301877.49,,,-0.073,-0.073,-0.07300000000000001,-0.25,-0.24601571368748515,-0.07300000000000001,TTM_EPSAct,-0.25,EPSFR_LTM,-217.87671232876713,-0.0045897516504243945,-217.8767123287671,-0.004589751650424395,-63.62,-0.01571832756994656,,,,,1,1,1,1,1
2025-08-27,16.035,768243610,12334299315.03,,,-0.073,-0.073,-0.07300000000000001,-0.25,-0.24601571368748515,-0.07300000000000001,TTM_EPSAct,-0.25,EPSFR_LTM,-219.65753424657535,-0.0045525413158715305,-219.65753424657532,-0.004552541315871531,-64.14,-0.015590894917368257,,,,,1,1,1,1,1
2025-08-28,15.905,768243610,12234301877.49,,,-0.073,-0.073,-0.07300000000000001,-0.25,-0.24601571368748515,-0.07300000000000001,TTM_EPSAct,-0.25,EPSFR_LTM,-217.87671232876713,-0.0045897516504243945,-217.8767123287671,-0.004589751650424395,-63.62,-0.01571832756994656,,,,,1,1,1,1,1
2025-08-29,15.69,768243610,12068921500.02,,,-0.073,-0.073,-0.07300000000000001,-0.25,-0.24601571368748515,-0.07300000000000001,TTM_EPSAct,-0.25,EPSFR_LTM,-214.93150684931507,-0.004652644996813257,-214.93150684931504,-0.004652644996813258,-62.76,-0.015933715742511154,,,,,1,1,1,1,1
2025-09-01,16.025,768243610,12326607204.45,,,-0.073,-0.073,-0.07300000000000001,-0.25,-0.24601571368748515,-0.07300000000000001,TTM_EPSAct,-0.25,EPSFR_LTM,-219.52054794520546,-0.004555382215288612,-219.52054794520544,-0.004555382215288613,-64.1,-0.015600624024960999,,,,,1,1,1,1,1
2025-09-02,15.895,768243610,12226609766.91,,,-0.073,-0.073,-0.07300000000000001,-0.25,-0.24601571368748515,-0.07300000000000001,TTM_EPSAct,-0.25,EPSFR_LTM,-217.73972602739727,-0.004592639194715319,-217.73972602739724,-0.00459263919471532,-63.58,-0.015728216420257943,,,,,1,1,1,1,1
2025-09-03,16.19,768243610,12453527029.02,,,-0.073,-0.073,-0.07300000000000001,-0.25,-0.24601571368748515,-0.07300000000000001,TTM_EPSAct,-0.25,EPSFR_LTM,-221.78082191780825,-0.004508956145768993,-221.7808219178082,-0.004508956145768994,-64.76,-0.015441630636195181,,,,,1,1,1,1,1
2025-09-04,16.275,768243610,12518909968.95,,,-0.073,-0.073,-0.07300000000000001,-0.25,-0.24601571368748515,-0.07300000000000001,TTM_EPSAct,-0.25,EPSFR_LTM,-222.94520547945206,-0.004485407066052227,-222.945205479452,-0.004485407066052228,-65.1,-0.015360983102918589,,,,,1,1,1,1,1
2025-09-05,16.775,768243610,12903515497.95,,,-0.073,-0.073,-0.07300000000000001,-0.25,-0.24601571368748515,-0.07300000000000001,TTM_EPSAct,-0.25,EPSFR_LTM,-229.7945205479452,-0.004351713859910581,-229.79452054794515,-0.004351713859910582,-67.1,-0.01490312965722802,,,,,1,1,1,1,1
2025-09-08,16.71,768243610,12853516779.18,,,-0.073,-0.073,-0.07300000000000001,-0.25,-0.24601571368748515,-0.07300000000000001,TTM_EPSAct,-0.25,EPSFR_LTM,-228.90410958904113,-0.004368641532016756,-228.90410958904107,-0.0043686415320167565,-66.84,-0.014961101137043686,,,,,1,1,1,1,1
2025-09-09,16.795,768243610,12918899719.11,,,-0.073,-0.073,-0.07300000000000001,-0.25,-0.24601571368748515,-0.07300000000000001,TTM_EPSAct,-0.25,EPSFR_LTM,-230.06849315068496,-0.00434653170586484,-230.06849315068493,-0.004346531705864841,-67.18,-0.014885382554331646,,,,,1,1,1,1,1
2025-09-10,16.57,768243610,12745827231.06,,,-0.073,-0.073,-0.07300000000000001,-0.25,-0.24601571368748515,-0.07300000000000001,TTM_EPSAct,-0.25,EPSFR_LTM,-226.98630136986304,-0.004405552202776101,-226.98630136986299,-0.0044055522027761015,-66.28,-0.015087507543753771,,,,,1,1,1,1,1
2025-09-11,16.81,768243610,12930437884.98,,,-0.073,-0.073,-0.07300000000000001,-0.25,-0.24601571368748515,-0.07300000000000001,TTM_EPSAct,-0.25,EPSFR_LTM,-230.27397260273972,-0.0043426531826293874,-230.2739726027397,-0.004342653182629388,-67.24,-0.0148720999405116,,,,,1,1,1,1,1
2025-09-12,16.635,768243610,12795825949.83,,,-0.073,-0.073,-0.07300000000000001,-0.25,-0.24601571368748515,-0.07300000000000001,TTM_EPSAct,-0.25,EPSFR_LTM,-227.87671232876716,-0.004388337841899608,-227.87671232876713,-0.004388337841899609,-66.54,-0.015028554253080853,,,,,1,1,1,1,1
2025-09-15,16.84,768243610,12953514216.72,,,-0.073,-0.073,-0.07300000000000001,-0.25,-0.24601571368748515,-0.07300000000000001,TTM_EPSAct,-0.25,EPSFR_LTM,-230.68493150684932,-0.0043349168646080755,-230.6849315068493,-0.004334916864608076,-67.36,-0.01484560570071259,,,,,1,1,1,1,1
2025-09-16,17.28,768243610,13291967082.24,,,-0.073,-0.073,-0.07300000000000001,-0.25,-0.24601571368748515,-0.07300000000000001,TTM_EPSAct,-0.25,EPSFR_LTM,-236.71232876712332,-0.004224537037037036,-236.71232876712327,-0.004224537037037037,-69.12,-0.014467592592592591,,,,,1,1,1,1,1
2025-09-17,17.02,768243610,13091972207.16,,,-0.073,-0.073,-0.07300000000000001,-0.25,-0.24601571368748515,-0.07300000000000001,TTM_EPSAct,-0.25,EPSFR_LTM,-233.15068493150685,-0.004289071680376028,-233.15068493150682,-0.004289071680376029,-68.08,-0.014688601645123384,,,,,1,1,1,1,1
2025-09-18,16.415,768243610,12626599517.07,,,-0.073,-0.073,-0.07300000000000001,-0.25,-0.24601571368748515,-0.07300000000000001,TTM_EPSAct,-0.25,EPSFR_LTM,-224.86301369863014,-0.004447151995126409,-224.86301369863008,-0.00444715199512641,-65.66,-0.015229972586049346,,,,,1,1,1,1,1
2025-09-19,15.985,768243610,12295838762.13,,,-0.073,-0.073,-0.07300000000000001,-0.25,-0.24601571368748515,-0.07300000000000001,TTM_EPSAct,-0.25,EPSFR_LTM,-218.97260273972603,-0.004566781357522677,-218.972602739726,-0.004566781357522678,-63.94,-0.01563966218329684,,,,,1,1,1,1,1
2025-09-22,16.065,768243610,12357375646.77,,,-0.073,-0.073,-0.07300000000000001,-0.25,-0.24601571368748515,-0.07300000000000001,TTM_EPSAct,-0.25,EPSFR_LTM,-220.06849315068496,-0.004544039838157485,-220.06849315068493,-0.004544039838157486,-64.26,-0.015561780267662619,,,,,1,1,1,1,1
2025-09-23,16.56,768243610,12738135120.48,,,-0.073,-0.073,-0.07300000000000001,-0.25,-0.24601571368748515,-0.07300000000000001,TTM_EPSAct,-0.25,EPSFR_LTM,-226.84931506849315,-0.004408212560386473,-226.8493150684931,-0.004408212560386474,-66.24,-0.015096618357487924,,,,,1,1,1,1,1
2025-09-24,16.815,768243610,12934283940.27,,,-0.073,-0.073,-0.07300000000000001,-0.25,-0.24601571368748515,-0.07300000000000001,TTM_EPSAct,-0.25,EPSFR_LTM,-230.34246575342468,-0.004341361879274456,-230.34246575342465,-0.004341361879274457,-67.26,-0.014867677668748141,,,,,1,1,1,1,1
2025-09-25,16.83,768243610,12945822106.14,,,-0.073,-0.073,-0.07300000000000001,-0.25,-0.24601571368748515,-0.07300000000000001,TTM_EPSAct,-0.25,EPSFR_LTM,-230.54794520547944,-0.0043374925727866906,-230.5479452054794,-0.004337492572786691,-67.32,-0.014854426619132503,,,,,1,1,1,1,1
2025-09-26,16.21,768243610,12468911250.18,,,-0.073,-0.073,-0.07300000000000001,-0.25,-0.24601571368748515,-0.07300000000000001,TTM_EPSAct,-0.25,EPSFR_LTM,-222.05479452054797,-0.004503392967304133,-222.05479452054792,-0.004503392967304134,-64.84,-0.015422578655151141,,,,,1,1,1,1,1
2025-09-29,16.085,768243610,12372759867.93,,,-0.073,-0.073,-0.07300000000000001,-0.25,-0.24601571368748515,-0.07300000000000001,TTM_EPSAct,-0.25,EPSFR_LTM,-220.34246575342468,-0.004538389804165371,-220.34246575342465,-0.004538389804165372,-64.34,-0.015542430836182779,,,,,1,1,1,1,1
2025-09-30,15.585,768243610,11988154338.93,,,-0.073,-0.073,0.156,-0.14,-0.1366753964930473,0.156,TTM_EPSAct,-0.25,EPSFR_LTM,-213.49315068493152,-0.004683991017003528,99.90384615384616,0.010009624639076033,-62.34,-0.016041065126724412,,,,,0,1,1,1,1
2025-10-01,15.975,768243610,12288146651.55,,,-0.073,-0.073,0.156,-0.14,-0.1366753964930473,0.156,TTM_EPSAct,-0.25,EPSFR_LTM,-218.83561643835617,-0.004569640062597809,102.40384615384615,0.009765258215962441,-63.9,-0.01564945226917058,,,,,0,1,1,1,1
2025-10-02,16.305,768243610,12541986300.69,,,-0.073,-0.073,0.156,-0.14,-0.1366753964930473,0.156,TTM_EPSAct,-0.25,EPSFR_LTM,-223.35616438356166,-0.0044771542471634465,104.51923076923077,0.009567617295308188,-65.22,-0.015332720024532353,,,,,0,1,1,1,1
2025-10-03,16.155,768243610,12426604641.99,,,-0.073,-0.073,0.156,-0.14,-0.1366753964930473,0.156,TTM_EPSAct,-0.25,EPSFR_LTM,-221.30136986301372,-0.004518724852986691,103.55769230769232,0.009656453110492107,-64.62,-0.01547508511296812,,,,,0,1,1,1,1
2025-10-06,16.275,768243610,12518909968.95,,,-0.073,-0.073,0.156,-0.14,-0.1366753964930473,0.156,TTM_EPSAct,-0.25,EPSFR_LTM,-222.94520547945206,-0.004485407066052227,104.32692307692307,0.009585253456221198,-65.1,-0.015360983102918589,,,,,0,1,1,1,1
2025-10-07,16.115,768243610,12395836199.67,,,-0.073,-0.073,0.156,-0.14,-0.1366753964930473,0.156,TTM_EPSAct,-0.25,EPSFR_LTM,-220.75342465753423,-0.00452994104871238,103.30128205128204,0.009680421967111387,-64.46,-0.015513496742165686,,,,,0,1,1,1,1
2025-10-08,16.08,768243610,12368913812.64,,,-0.073,-0.073,0.156,-0.14,-0.1366753964930473,0.156,TTM_EPSAct,-0.25,EPSFR_LTM,-220.27397260273972,-0.004539800995024876,103.07692307692307,0.009701492537313434,-64.32,-0.015547263681592042,,,,,0,1,1,1,1
2025-10-09,16.275,768243610,12518909968.95,,,-0.073,-0.073,0.156,-0.14,-0.1366753964930473,0.156,TTM_EPSAct,-0.25,EPSFR_LTM,-222.94520547945206,-0.004485407066052227,104.32692307692307,0.009585253456221198,-65.1,-0.015360983102918589,,,,,0,1,1,1,1
2025-10-10,16.21,768243610,12468911250.18,,,-0.073,-0.073,0.156,-0.14,-0.1366753964930473,0.156,TTM_EPSAct,-0.25,EPSFR_LTM,-222.05479452054797,-0.004503392967304133,103.91025641025641,0.009623689080814311,-64.84,-0.015422578655151141,,,,,0,1,1,1,1
2025-10-13,16.875,768243610,12980436603.75,,,-0.073,-0.073,0.156,-0.14,-0.1366753964930473,0.156,TTM_EPSAct,-0.25,EPSFR_LTM,-231.16438356164386,-0.004325925925925926,108.17307692307692,0.009244444444444444,-67.5,-0.014814814814814815,,,,,0,1,1,1,1
2025-10-14,16.805,768243610,12926591829.69,,,-0.073,-0.073,0.156,-0.14,-0.1366753964930473,0.156,TTM_EPSAct,-0.25,EPSFR_LTM,-230.20547945205482,-0.0043439452543885745,107.72435897435898,0.009282951502529009,-67.22,-0.01487652484379649,,,,,0,1,1,1,1
2025-10-15,16.695,768243610,12841978613.31,,,-0.073,-0.073,0.156,-0.14,-0.1366753964930473,0.156,TTM_EPSAct,-0.25,EPSFR_LTM,-228.6986301369863,-0.00437256663671758,107.01923076923077,0.009344115004492363,-66.78,-0.014974543276430068,,,,,0,1,1,1,1
2025-10-16,16.685,768243610,12834286502.73,,,-0.073,-0.073,0.156,-0.14,-0.1366753964930473,0.156,TTM_EPSAct,-0.25,EPSFR_LTM,-228.56164383561642,-0.004375187293976626,106.95512820512819,0.009349715313155529,-66.74,-0.014983518130056939,,,,,0,1,1,1,1
2025-10-17,16.5,768243610,12691982457.0,,,-0.073,-0.073,0.156,-0.14,-0.1366753964930473,0.156,TTM_EPSAct,-0.25,EPSFR_LTM,-226.027397260274,-0.004424242424242424,105.76923076923077,0.009454545454545455,-66.0,-0.015151515151515152,,,,,0,1,1,1,1
2025-10-20,16.82,768243610,12938129995.56,,,-0.073,-0.073,0.156,-0.14,-0.1366753964930473,0.156,TTM_EPSAct,-0.25,EPSFR_LTM,-230.4109589041096,-0.004340071343638526,107.82051282051282,0.009274673008323424,-67.28,-0.014863258026159334,,,,,0,1,1,1,1
2025-10-21,16.425,768243610,12634291627.65,,,-0.073,-0.073,0.156,-0.14,-0.1366753964930473,0.156,TTM_EPSAct,-0.25,EPSFR_LTM,-225.00000000000003,-0.004444444444444444,105.28846153846155,0.009497716894977169,-65.7,-0.015220700152207,,,,,0,1,1,1,1
2025-10-22,17.075,768243610,13134278815.35,,,-0.073,-0.073,0.156,-0.14,-0.1366753964930473,0.156,TTM_EPSAct,-0.25,EPSFR_LTM,-233.9041095890411,-0.004275256222547584,109.4551282051282,0.009136163982430454,-68.3,-0.014641288433382138,,,,,0,1,1,1,1
2025-10-23,17.53,768243610,13484269846.74,,,-0.073,-0.073,0.156,-0.14,-0.1366753964930473,0.156,TTM_EPSAct,-0.25,EPSFR_LTM,-240.1369863013699,-0.004164289788933257,112.37179487179488,0.008899030233884768,-70.12,-0.014261266400456359,,,,,0,1,1,1,1
2025-10-24,18.3,768243610,14076562361.4,,,-0.073,-0.073,0.156,-0.14,-0.1366753964930473,0.156,TTM_EPSAct,-0.25,EPSFR_LTM,-250.68493150684935,-0.003989071038251366,117.3076923076923,0.008524590163934425,-73.2,-0.01366120218579235,,,,,0,1,1,1,1
2025-10-27,18.4,768243610,14153483467.2,,,-0.073,-0.073,0.156,-0.14,-0.1366753964930473,0.156,TTM_EPSAct,-0.25,EPSFR_LTM,-252.05479452054794,-0.003967391304347826,117.94871794871794,0.008478260869565218,-73.6,-0.013586956521739132,,,,,0,1,1,1,1
2025-10-28,18.425,768243610,14172713743.65,,,-0.073,-0.073,0.156,-0.14,-0.1366753964930473,0.156,TTM_EPSAct,-0.25,EPSFR_LTM,-252.39726027397262,-0.0039620081411126185,118.10897435897436,0.00846675712347354,-73.7,-0.013568521031207597,,,,,0,1,1,1,1
2025-10-29,18.92,768243610,14553473217.36,,,0.156,0.156,0.156,-0.14,-0.1366753964930473,0.156,TTM_EPSAct,-0.14,EPSFR_LTM,121.2820512820513,0.00824524312896406,121.2820512820513,0.00824524312896406,-135.14285714285714,-0.007399577167019027,,,,,0,1,1,1,1
2025-10-30,18.6,768243610,14307325678.8,,,0.156,0.156,0.156,-0.14,-0.1366753964930473,0.156,TTM_EPSAct,-0.14,EPSFR_LTM,119.23076923076924,0.008387096774193548,119.23076923076924,0.008387096774193548,-132.85714285714286,-0.007526881720430108,,,,,0,1,1,1,1
2025-10-31,17.955,768243610,13811184546.39,,,0.156,0.156,0.156,-0.14,-0.1366753964930473,0.156,TTM_EPSAct,-0.14,EPSFR_LTM,115.09615384615384,0.008688387635756058,115.09615384615384,0.008688387635756058,-128.24999999999997,-0.007797270955165693,,,,,0,1,1,1,1
2025-11-03,17.8,768243610,13691956832.4,,,0.156,0.156,0.156,-0.14,-0.1366753964930473,0.156,TTM_EPSAct,-0.14,EPSFR_LTM,114.1025641025641,0.008764044943820224,114.1025641025641,0.008764044943820224,-127.14285714285714,-0.007865168539325843,,,,,0,1,1,1,1
2025-11-04,17.145,768243610,13188123589.41,,,0.156,0.156,0.156,-0.14,-0.1366753964930473,0.156,TTM_EPSAct,-0.14,EPSFR_LTM,109.90384615384615,0.00909886264216973,109.90384615384615,0.00909886264216973,-122.4642857142857,-0.008165645960921553,,,,,0,1,1,1,1
2025-11-05,17.065,768243610,13126586704.77,,,0.156,0.156,0.156,-0.14,-0.1366753964930473,0.156,TTM_EPSAct,-0.14,EPSFR_LTM,109.39102564102565,0.009141517726340462,109.39102564102565,0.009141517726340462,-121.89285714285714,-0.008203926164664518,,,,,0,1,1,1,1
2025-11-06,17.845,768243610,13726571330.01,,,0.156,0.156,0.156,-0.14,-0.1366753964930473,0.156,TTM_EPSAct,-0.14,EPSFR_LTM,114.39102564102564,0.008741944522275148,114.39102564102564,0.008741944522275148,-127.4642857142857,-0.007845334827682826,,,,,0,1,1,1,1
2025-11-07,17.54,768243610,13491961957.32,,,0.156,0.156,0.156,-0.14,-0.1366753964930473,0.156,TTM_EPSAct,-0.14,EPSFR_LTM,112.43589743589743,0.008893956670467502,112.43589743589743,0.008893956670467502,-125.28571428571426,-0.007981755986316992,,,,,0,1,1,1,1
2025-11-10,17.395,768243610,13380426353.91,,,0.156,0.156,0.156,-0.14,-0.1366753964930473,0.156,TTM_EPSAct,-0.14,EPSFR_LTM,111.50641025641025,0.008968094279965507,111.50641025641025,0.008968094279965507,-124.24999999999999,-0.008048289738430584,,,,,0,1,1,1,1
2025-11-11,18.265,768243610,14049639974.37,,,0.156,0.156,0.156,-0.14,-0.1366753964930473,0.156,TTM_EPSAct,-0.14,EPSFR_LTM,117.08333333333334,0.008540925266903913,117.08333333333334,0.008540925266903913,-130.4642857142857,-0.007664932931836847,,,,,0,1,1,1,1
2025-11-12,17.825,768243610,13711187108.85,,,0.156,0.156,0.156,-0.14,-0.1366753964930473,0.156,TTM_EPSAct,-0.14,EPSFR_LTM,114.26282051282051,0.008751753155680225,114.26282051282051,0.008751753155680225,-127.32142857142856,-0.00785413744740533,,,,,0,1,1,1,1
2025-11-13,18.15,768243610,13961180702.7,,,0.156,0.156,0.156,-0.14,-0.1366753964930473,0.156,TTM_EPSAct,-0.14,EPSFR_LTM,116.34615384615384,0.00859504132231405,116.34615384615384,0.00859504132231405,-129.6428571428571,-0.007713498622589533,,,,,0,1,1,1,1
2025-11-14,18.305,768243610,14080408416.69,,,0.156,0.156,0.156,-0.14,-0.1366753964930473,0.156,TTM_EPSAct,-0.14,EPSFR_LTM,117.33974358974359,0.008522261677137394,117.33974358974359,0.008522261677137394,-130.74999999999997,-0.007648183556405354,,,,,0,1,1,1,1
2025-11-17,17.925,768243610,13788108214.65,,,0.156,0.156,0.156,-0.14,-0.1366753964930473,0.156,TTM_EPSAct,-0.14,EPSFR_LTM,114.90384615384616,0.008702928870292887,114.90384615384616,0.008702928870292887,-128.03571428571428,-0.007810320781032078,,,,,0,1,1,1,1
2025-11-18,17.675,768243610,13595805450.15,,,0.156,0.156,0.156,-0.14,-0.1366753964930473,0.156,TTM_EPSAct,-0.14,EPSFR_LTM,113.30128205128206,0.008826025459688826,113.30128205128206,0.008826025459688826,-126.25,-0.007920792079207921,,,,,0,1,1,1,1
2025-11-19,17.175,768243610,13211199921.15,,,0.156,0.156,0.156,-0.14,-0.1366753964930473,0.156,TTM_EPSAct,-0.14,EPSFR_LTM,110.09615384615385,0.00908296943231441,110.09615384615385,0.00908296943231441,-122.67857142857142,-0.008151382823871907,,,,,0,1,1,1,1
2025-11-20,17.36,768243610,13353503966.88,,,0.156,0.156,0.156,-0.14,-0.1366753964930473,0.156,TTM_EPSAct,-0.14,EPSFR_LTM,111.28205128205128,0.008986175115207374,111.28205128205128,0.008986175115207374,-123.99999999999999,-0.00806451612903226,,,,,0,1,1,1,1
2025-11-21,16.725,768243610,12865054945.05,,,0.156,0.156,0.156,-0.14,-0.1366753964930473,0.156,TTM_EPSAct,-0.14,EPSFR_LTM,107.21153846153847,0.009327354260089685,107.21153846153847,0.009327354260089685,-119.46428571428571,-0.00837070254110613,,,,,0,1,1,1,1
2025-11-24,16.1,768243610,12384298033.8,,,0.156,0.156,0.156,-0.14,-0.1366753964930473,0.156,TTM_EPSAct,-0.14,EPSFR_LTM,103.20512820512822,0.00968944099378882,103.20512820512822,0.00968944099378882,-115.0,-0.008695652173913044,,,,,0,1,1,1,1
2025-11-25,15.965,768243610,12280454540.97,,,0.156,0.156,0.156,-0.14,-0.1366753964930473,0.156,TTM_EPSAct,-0.14,EPSFR_LTM,102.33974358974359,0.00977137488255559,102.33974358974359,0.00977137488255559,-114.03571428571428,-0.008769182586908864,,,,,0,1,1,1,1
2025-11-26,16.5,768243610,12691982457.0,,,0.156,0.156,0.156,-0.14,-0.1366753964930473,0.156,TTM_EPSAct,-0.14,EPSFR_LTM,105.76923076923077,0.009454545454545455,105.76923076923077,0.009454545454545455,-117.85714285714285,-0.008484848484848486,,,,,0,1,1,1,1
2025-11-27,16.72,768243610,12861208889.76,,,0.156,0.156,0.156,-0.14,-0.1366753964930473,0.156,TTM_EPSAct,-0.14,EPSFR_LTM,107.17948717948717,0.009330143540669857,107.17948717948717,0.009330143540669857,-119.4285714285714,-0.008373205741626796,,,,,0,1,1,1,1
2025-11-28,16.64,768243610,12799672005.12,,,0.156,0.156,0.156,-0.14,-0.1366753964930473,0.156,TTM_EPSAct,-0.14,EPSFR_LTM,106.66666666666667,0.009375,106.66666666666667,0.009375,-118.85714285714285,-0.00841346153846154,,,,,0,1,1,1,1
2025-12-01,16.89,768243610,12991974769.62,,,0.156,0.156,0.156,-0.14,-0.1366753964930473,0.156,TTM_EPSAct,-0.14,EPSFR_LTM,108.26923076923077,0.009236234458259324,108.26923076923077,0.009236234458259324,-120.64285714285714,-0.008288928359976317,,,,,0,1,1,1,1
2025-12-02,17.14,768243610,13184277534.12,,,0.156,0.156,0.156,-0.14,-0.1366753964930473,0.156,TTM_EPSAct,-0.14,EPSFR_LTM,109.87179487179488,0.009101516919486581,109.87179487179488,0.009101516919486581,-122.42857142857142,-0.008168028004667444,,,,,0,1,1,1,1
2025-12-03,17.655,768243610,13580421228.99,,,0.156,0.156,0.156,-0.14,-0.1366753964930473,0.156,TTM_EPSAct,-0.14,EPSFR_LTM,113.17307692307693,0.008836023789294817,113.17307692307693,0.008836023789294817,-126.10714285714285,-0.007929764939110734,,,,,0,1,1,1,1
2025-12-04,17.365,768243610,13357350022.17,,,0.156,0.156,0.156,-0.14,-0.1366753964930473,0.156,TTM_EPSAct,-0.14,EPSFR_LTM,111.31410256410255,0.008983587676360497,111.31410256410255,0.008983587676360497,-124.03571428571426,-0.008062194068528651,,,,,0,1,1,1,1
2025-12-05,18.305,768243610,14080408416.69,,,0.156,0.156,0.156,-0.14,-0.1366753964930473,0.156,TTM_EPSAct,-0.14,EPSFR_LTM,117.33974358974359,0.008522261677137394,117.33974358974359,0.008522261677137394,-130.74999999999997,-0.007648183556405354,,,,,0,1,1,1,1
2025-12-08,18.34,768243610,14107330803.72,,,0.156,0.156,0.156,-0.14,-0.1366753964930473,0.156,TTM_EPSAct,-0.14,EPSFR_LTM,117.56410256410257,0.008505997818974919,117.56410256410257,0.008505997818974919,-131.0,-0.0076335877862595426,,,,,0,1,1,1,1
2025-12-09,18.045,768243610,13880413541.61,,,0.156,0.156,0.156,-0.14,-0.1366753964930473,0.156,TTM_EPSAct,-0.14,EPSFR_LTM,115.67307692307693,0.008645054031587697,115.67307692307693,0.008645054031587697,-128.89285714285714,-0.0077583818232197285,,,,,0,1,1,1,1
2025-12-10,19.08,768243610,14676546986.64,,,0.156,0.156,0.156,-0.14,-0.1366753964930473,0.156,TTM_EPSAct,-0.14,EPSFR_LTM,122.30769230769229,0.008176100628930818,122.30769230769229,0.008176100628930818,-136.28571428571425,-0.007337526205450735,,,,,0,1,1,1,1
2025-12-11,18.98,768243610,14599625880.84,,,0.156,0.156,0.156,-0.14,-0.1366753964930473,0.156,TTM_EPSAct,-0.14,EPSFR_LTM,121.66666666666667,0.00821917808219178,121.66666666666667,0.00821917808219178,-135.57142857142856,-0.007376185458377239,,,,,0,1,1,1,1
2025-12-12,18.315,768243610,14088100527.27,,,0.156,0.156,0.156,-0.14,-0.1366753964930473,0.156,TTM_EPSAct,-0.14,EPSFR_LTM,117.40384615384616,0.008517608517608516,117.40384615384616,0.008517608517608516,-130.82142857142856,-0.0076440076440076445,,,,,0,1,1,1,1
2025-12-15,18.6,768243610,14307325678.8,,,0.156,0.156,0.156,-0.14,-0.1366753964930473,0.156,TTM_EPSAct,-0.14,EPSFR_LTM,119.23076923076924,0.008387096774193548,119.23076923076924,0.008387096774193548,-132.85714285714286,-0.007526881720430108,,,,,0,1,1,1,1
2025-12-16,18.215,768243610,14011179421.47,,,0.156,0.156,0.156,-0.14,-0.1366753964930473,0.156,TTM_EPSAct,-0.14,EPSFR_LTM,116.76282051282051,0.008564370024704913,116.76282051282051,0.008564370024704913,-130.10714285714283,-0.007685973099094154,,,,,0,1,1,1,1
2025-12-17,18.355,768243610,14118868969.59,,,0.156,0.156,0.156,-0.14,-0.1366753964930473,0.156,TTM_EPSAct,-0.14,EPSFR_LTM,117.66025641025641,0.008499046581312994,117.66025641025641,0.008499046581312994,-131.10714285714286,-0.007627349496050123,,,,,0,1,1,1,1
2025-12-18,18.42,768243610,14168867688.36,,,0.156,0.156,0.156,-0.14,-0.1366753964930473,0.156,TTM_EPSAct,-0.14,EPSFR_LTM,118.0769230769231,0.008469055374592834,118.0769230769231,0.008469055374592834,-131.57142857142858,-0.00760043431053203,,,,,0,1,1,1,1
2025-12-19,18.5,768243610,14230404573.0,,,0.156,0.156,0.156,-0.14,-0.1366753964930473,0.156,TTM_EPSAct,-0.14,EPSFR_LTM,118.58974358974359,0.008432432432432432,118.58974358974359,0.008432432432432432,-132.14285714285714,-0.007567567567567568,,,,,0,1,1,1,1
2025-12-22,18.685,768243610,14372708618.73,,,0.156,0.156,0.156,-0.14,-0.1366753964930473,0.156,TTM_EPSAct,-0.14,EPSFR_LTM,119.77564102564102,0.008348943002408349,119.77564102564102,0.008348943002408349,-133.4642857142857,-0.007492641156007494,,,,,0,1,1,1,1
2025-12-23,18.885,768243610,14526550830.33,,,0.156,0.156,0.156,-0.14,-0.1366753964930473,0.156,TTM_EPSAct,-0.14,EPSFR_LTM,121.05769230769232,0.008260524225575853,121.05769230769232,0.008260524225575853,-134.89285714285714,-0.007413290971670638,,,,,0,1,1,1,1
2025-12-29,19.24,768243610,14799620755.92,,,0.156,0.156,0.156,-0.14,-0.1366753964930473,0.156,TTM_EPSAct,-0.14,EPSFR_LTM,123.33333333333333,0.008108108108108109,123.33333333333333,0.008108108108108109,-137.42857142857142,-0.007276507276507278,,,,,0,1,1,1,1
2025-12-30,19.41,768243610,14930386635.78,,,0.156,0.156,0.156,-0.14,-0.1366753964930473,0.156,TTM_EPSAct,-0.14,EPSFR_LTM,124.42307692307692,0.0080370942812983,124.42307692307692,0.0080370942812983,-138.64285714285714,-0.007212776919113859,,,,,0,1,1,1,1
