Date,Price,Shares,MktCap,REF_PCF,Implied_CFPS_REF,Implied_CFPS_fiscal_REF,CFPS_from_CF,REF_PCF_fiscal,CFPS_fiscal,CFOpToShareTtm,OperatingCFTtm,OperatingCFTtm_per_share,PCF_from_CFPS_fiscal,PCF_from_CFOpToShareTtm,PCF_from_OperatingCFTtm_per_share,PCF_from_TTM_OpCFAct,PCF_from_TTM_OpCF,CFP_from_CFPS_fiscal,CFP_from_CFOpToShareTtm,CFP_from_OperatingCFTtm_per_share,CFP_from_TTM_OpCFAct,CFP_from_TTM_OpCF,CFPS_from_OpCF,TTM_CFPS_from_OpCFAct,TTM_CFPS_from_OpCF,Implied_CFPS_self,Implied_CFPS_self_source,Implied_CFPS_trial,Implied_CFPS_trial_source,PCF_self,CFP_self,PCF_trial,CFP_trial,REF_CFP,REF_CFP_fiscal,Self_diff_vs_REF,Trial_diff_vs_REF,neg_cfps_self_flag,neg_cfps_trial_flag,ref_pcf_is_nan,trial_available,ref_pcf_missing_but_trial_available
2024-01-02,32.48,768199747,24983975163.84,10.7227361218197,3.029077618902365,,3.2895090240116938,,,,,,,,,,10.943477097614034,,,,,0.09137863506088265,1.5581884850581706,,2.967978066777468,2.967978066777468,TTM_CFPS_from_OpCF,2.967978066777468,TTM_CFPS_from_OpCF,10.943477097614034,0.09137863506088265,10.943477097614034,0.09137863506088265,0.09325977890709253,,-0.06109955212489693,-0.06109955212489693,0,0,0,1,0
2024-01-03,31.8,768199747,24460911644.4,10.4982453409442,3.029077618902355,,3.2895090240116938,,,,,,,,,,10.71436489236842,,,,,0.09333264360935434,1.5581884850581706,,2.967978066777468,2.967978066777468,TTM_CFPS_from_OpCF,2.967978066777468,TTM_CFPS_from_OpCF,10.71436489236842,0.09333264360935434,10.71436489236842,0.09333264360935434,0.09525401317303003,,-0.06109955212488716,-0.06109955212488716,0,0,0,1,0
2024-01-04,32.27,768199747,24822440841.66,10.6534080865494,3.0290776189023414,,3.2895090240116938,,,,,,,,,,10.872721857758773,,,,,0.09197328995281896,1.5581884850581706,,2.967978066777468,2.967978066777468,TTM_CFPS_from_OpCF,2.967978066777468,TTM_CFPS_from_OpCF,10.872721857758773,0.09197328995281896,10.872721857758773,0.09197328995281896,0.09386667551603164,,-0.06109955212487339,-0.06109955212487339,0,0,0,1,0
2024-01-05,32.4,768199747,24922438279.1999,10.6963254417167,3.029077618902364,,3.2895090240116938,,,,,,,,,,10.916522720526315,,,,,0.09160426132029223,1.5581884850581706,,2.967978066777468,2.967978066777468,TTM_CFPS_from_OpCF,2.967978066777468,TTM_CFPS_from_OpCF,10.916522720526315,0.09160426132029223,10.916522720526315,0.09160426132029223,0.09349004996612234,,-0.06109955212489604,-0.06109955212489604,0,0,0,1,0
2024-01-08,32.27,768199747,24822440841.6599,10.6534080865494,3.0290776189023414,,3.2895090240116938,,,,,,,,,,10.872721857758773,,,,,0.09197328995281896,1.5581884850581706,,2.967978066777468,2.967978066777468,TTM_CFPS_from_OpCF,2.967978066777468,TTM_CFPS_from_OpCF,10.872721857758773,0.09197328995281896,10.872721857758773,0.09197328995281896,0.09386667551603164,,-0.06109955212487339,-0.06109955212487339,0,0,0,1,0
2024-01-09,32.15,768199747,24730135514.7,10.6137920663949,3.0290776189023387,,3.2895090240116938,,,,,,,,,,10.832290292127192,,,,,0.0923165806151623,1.5581884850581706,,2.967978066777468,2.967978066777468,TTM_CFPS_from_OpCF,2.967978066777468,TTM_CFPS_from_OpCF,10.832290292127192,0.0923165806151623,10.832290292127192,0.0923165806151623,0.09421703324735113,,-0.061099552124870726,-0.061099552124870726,0,0,0,1,0
2024-01-10,31.97,768199747,24591677524.2599,10.5543680361631,3.0290776189023507,,3.2895090240116938,,,,,,,,,,10.771642943679824,,,,,0.09283634866366806,1.5581884850581706,,2.967978066777468,2.967978066777468,TTM_CFPS_from_OpCF,2.967978066777468,TTM_CFPS_from_OpCF,10.771642943679824,0.09283634866366806,10.771642943679824,0.09283634866366806,0.09474750137323587,,-0.06109955212488272,-0.06109955212488272,0,0,0,1,0
2024-01-11,32.09,768199747,24683982851.2199,10.5939840563176,3.0290776189023525,,3.2895090240116938,,,,,,,,,,10.812074509311405,,,,,0.0924891887434549,1.5581884850581706,,2.967978066777468,2.967978066777468,TTM_CFPS_from_OpCF,2.967978066777468,TTM_CFPS_from_OpCF,10.812074509311405,0.0924891887434549,10.812074509311405,0.0924891887434549,0.09439319473051892,,-0.06109955212488449,-0.06109955212488449,0,0,0,1,0
2024-01-12,32.48,768199747,24983975163.8399,10.7227361218197,3.029077618902365,,3.2895090240116938,,,,,,,,,,10.943477097614034,,,,,0.09137863506088265,1.5581884850581706,,2.967978066777468,2.967978066777468,TTM_CFPS_from_OpCF,2.967978066777468,TTM_CFPS_from_OpCF,10.943477097614034,0.09137863506088265,10.943477097614034,0.09137863506088265,0.09325977890709253,,-0.06109955212489693,-0.06109955212489693,0,0,0,1,0
2024-01-15,32.32,768199747,24860901394.56,10.6699147616137,3.0290776189023627,,3.2895090240116938,,,,,,,,,,10.889568343438597,,,,,0.09183100454138206,1.5581884850581706,,2.967978066777468,2.967978066777468,TTM_CFPS_from_OpCF,2.967978066777468,TTM_CFPS_from_OpCF,10.889568343438597,0.09183100454138206,10.889568343438597,0.09183100454138206,0.09372146098088995,,-0.06109955212489471,-0.06109955212489471,0,0,0,1,0
2024-01-16,32.7,768199747,25153201596.6,10.795365492103,3.0290776189023547,,3.2895090240116938,,,,,,,,,,11.017601634605263,,,,,0.09076385525313357,1.5581884850581706,,2.967978066777468,2.967978066777468,TTM_CFPS_from_OpCF,2.967978066777468,TTM_CFPS_from_OpCF,11.017601634605263,0.09076385525313357,11.017601634605263,0.09076385525313357,0.09263234308569891,,-0.061099552124886714,-0.061099552124886714,0,0,0,1,0
2024-01-17,32.24,768199747,24799364509.9199,10.6435040815107,3.029077618902362,,3.2895090240116938,,,,,,,,,,10.862613966350878,,,,,0.09205887303900334,1.5581884850581706,,2.967978066777468,2.967978066777468,TTM_CFPS_from_OpCF,2.967978066777468,TTM_CFPS_from_OpCF,10.862613966350878,0.09205887303900334,10.862613966350878,0.09205887303900334,0.09395402043741817,,-0.06109955212489382,-0.06109955212489382,0,0,0,1,0
2024-01-18,31.75,768199747,24422451091.5,10.4817386658798,3.029077618902362,,3.2895090240116938,,,,,,,,,,10.697518406688596,,,,,0.09347962415047144,1.5581884850581706,,2.967978066777468,2.967978066777468,TTM_CFPS_from_OpCF,2.967978066777468,TTM_CFPS_from_OpCF,10.697518406688596,0.09347962415047144,10.697518406688596,0.09347962415047144,0.09540401949298777,,-0.06109955212489382,-0.06109955212489382,0,0,0,1,0
2024-01-19,31.16,768199747,23968616567.2799,10.2869599001202,3.029077618902345,,3.2895090240116938,,,,,,,,,,10.498729875666667,,,,,0.09524961703393671,1.5581884850581706,,2.967978066777468,2.967978066777468,TTM_CFPS_from_OpCF,2.967978066777468,TTM_CFPS_from_OpCF,10.498729875666667,0.09524961703393671,10.498729875666667,0.09524961703393671,0.09721044990058873,,-0.061099552124876944,-0.061099552124876944,0,0,0,1,0
2024-01-22,31.16,768199747,23968616567.28,10.2869599001202,3.029077618902345,,3.2895090240116938,,,,,,,,,,10.498729875666667,,,,,0.09524961703393671,1.5581884850581706,,2.967978066777468,2.967978066777468,TTM_CFPS_from_OpCF,2.967978066777468,TTM_CFPS_from_OpCF,10.498729875666667,0.09524961703393671,10.498729875666667,0.09524961703393671,0.09721044990058873,,-0.061099552124876944,-0.061099552124876944,0,0,0,1,0
2024-01-23,31.71,768199747,24391682649.18,10.4685333258283,3.029077618902361,,3.2895090240116938,,,,,,,,,,10.684041218144737,,,,,0.09359754231401665,1.5581884850581706,,2.967978066777468,2.967978066777468,TTM_CFPS_from_OpCF,2.967978066777468,TTM_CFPS_from_OpCF,10.684041218144737,0.09359754231401665,10.684041218144737,0.09359754231401665,0.09552436514986946,,-0.06109955212489293,-0.06109955212489293,0,0,0,1,0
2024-01-24,32.14,768199747,24722443404.1199,10.610490731382,3.029077618902346,,3.2895090240116938,,,,,,,,,,10.828920994991227,,,,,0.09234530388231077,1.5581884850581706,,2.967978066777468,2.967978066777468,TTM_CFPS_from_OpCF,2.967978066777468,TTM_CFPS_from_OpCF,10.828920994991227,0.09234530388231077,10.828920994991227,0.09234530388231077,0.09424634781899022,,-0.06109955212487783,-0.06109955212487783,0,0,0,1,0
2024-01-25,31.91,768199747,24545524860.78,10.5345600260858,3.029077618902364,,3.2895090240116938,,,,,,,,,,10.751427160864035,,,,,0.09301090776488462,1.5581884850581706,,2.967978066777468,2.967978066777468,TTM_CFPS_from_OpCF,2.967978066777468,TTM_CFPS_from_OpCF,10.751427160864035,0.09301090776488462,10.751427160864035,0.09301090776488462,0.09492565399255294,,-0.06109955212489604,-0.06109955212489604,0,0,0,1,0
2024-01-26,32.48,768199747,24983975163.8399,10.7227361218197,3.029077618902365,,3.2895090240116938,,,,,,,,,,10.943477097614034,,,,,0.09137863506088265,1.5581884850581706,,2.967978066777468,2.967978066777468,TTM_CFPS_from_OpCF,2.967978066777468,TTM_CFPS_from_OpCF,10.943477097614034,0.09137863506088265,10.943477097614034,0.09137863506088265,0.09325977890709253,,-0.06109955212489693,-0.06109955212489693,0,0,0,1,0
2024-01-29,32.85,768199747,25268583255.3,10.8448855172961,3.0290776189023636,,3.2895090240116938,,,,,,,,,,11.068141091644737,,,,,0.09034940842549369,1.5581884850581706,,2.967978066777468,2.967978066777468,TTM_CFPS_from_OpCF,2.967978066777468,TTM_CFPS_from_OpCF,11.068141091644737,0.09034940842549369,11.068141091644737,0.09034940842549369,0.09220936435014805,,-0.061099552124895595,-0.061099552124895595,0,0,0,1,0
2024-01-30,32.64,768199747,25107048933.12,10.7755574820258,3.0290776189023396,,3.2895090240116938,,,,,,,,,,10.997385851789474,,,,,0.09093070057529007,1.5581884850581706,,2.967978066777468,2.967978066777468,TTM_CFPS_from_OpCF,2.967978066777468,TTM_CFPS_from_OpCF,10.997385851789474,0.09093070057529007,10.997385851789474,0.09093070057529007,0.0928026231281354,,-0.061099552124871614,-0.061099552124871614,0,0,0,1,0
2024-01-31,32.05,768199747,24653214408.8999,10.5807787162661,3.0290776189023516,,3.2895090240116938,,,,,,,,,,10.798597320767543,,,,,0.09260461986825173,1.5581884850581706,,2.967978066777468,2.967978066777468,TTM_CFPS_from_OpCF,2.967978066777468,TTM_CFPS_from_OpCF,10.798597320767543,0.09260461986825173,10.798597320767543,0.09260461986825173,0.09451100214983937,,-0.061099552124883605,-0.061099552124883605,0,0,0,1,0
2024-02-01,32.16,768199747,24737827625.28,10.6170934014077,3.02907761890236,,3.2895090240116938,,,,,,,,,,10.835659589263157,,,,,0.09228787521074218,1.5581884850581706,,2.967978066777468,2.967978066777468,TTM_CFPS_from_OpCF,2.967978066777468,TTM_CFPS_from_OpCF,10.835659589263157,0.09228787521074218,10.835659589263157,0.09228787521074218,0.09418773690616793,,-0.06109955212489204,-0.06109955212489204,0,0,0,1,0
2024-02-02,31.68,768199747,24368606317.4399,10.4586293207897,3.029077618902353,,3.2895090240116938,,,,,,,,,,10.673933326736842,,,,,0.09368617635029887,1.5581884850581706,,2.967978066777468,2.967978066777468,TTM_CFPS_from_OpCF,2.967978066777468,TTM_CFPS_from_OpCF,10.673933326736842,0.09368617635029887,10.673933326736842,0.09368617635029887,0.09561482382898842,,-0.06109955212488494,-0.06109955212488494,0,0,0,1,0
2024-02-05,31.51,768199747,24237840437.58,10.4025066255708,3.0290776189023583,,3.2895090240116938,,,,,,,,,,10.616655275425439,,,,,0.09419162382664131,1.5581884850581706,,2.967978066777468,2.967978066777468,TTM_CFPS_from_OpCF,2.967978066777468,TTM_CFPS_from_OpCF,10.616655275425439,0.09419162382664131,10.616655275425439,0.09419162382664131,0.09613067657576509,,-0.061099552124890266,-0.061099552124890266,0,0,0,1,0
2024-02-06,31.65,768199747,24345529985.6999,10.4487253157511,3.0290776189023454,,3.2895090240116938,,,,,,,,,,10.663825435328947,,,,,0.09377497841319014,1.5581884850581706,,2.967978066777468,2.967978066777468,TTM_CFPS_from_OpCF,2.967978066777468,TTM_CFPS_from_OpCF,10.663825435328947,0.09377497841319014,10.663825435328947,0.09377497841319014,0.09570545399375499,,-0.06109955212487739,-0.06109955212487739,0,0,0,1,0
2024-02-07,31.49,768199747,24222456216.4199,10.3959039555451,3.0290776189023427,,3.2895090240116938,,,,,,,,,,10.609916681153509,,,,,0.09425144702373668,1.5581884850581706,,2.967978066777468,2.967978066777468,TTM_CFPS_from_OpCF,2.967978066777468,TTM_CFPS_from_OpCF,10.609916681153509,0.09425144702373668,10.609916681153509,0.09425144702373668,0.09619173130842626,,-0.06109955212487472,-0.06109955212487472,0,0,0,1,0
2024-02-08,27.74,768199747,21337914748.92,9.15790332571674,3.0290776189023525,,2.996616451632338,,,,,,,,,,9.346430255166666,,,,,0.10699272050387412,2.9666763220113377,,2.967978066777468,2.967978066777468,TTM_CFPS_from_OpCF,2.967978066777468,TTM_CFPS_from_OpCF,9.346430255166666,0.10699272050387412,9.346430255166666,0.10699272050387412,0.10919529988833283,,-0.06109955212488449,-0.06109955212488449,0,0,0,1,0
2024-02-09,26.98,768199747,20753314344.8399,8.9070018647382,3.0290776189023525,,2.996616451632338,,,,,,,,,,9.090363672833334,,,,,0.11000659995468746,2.9666763220113377,,2.967978066777468,2.967978066777468,TTM_CFPS_from_OpCF,2.967978066777468,TTM_CFPS_from_OpCF,9.090363672833334,0.11000659995468746,9.090363672833334,0.11000659995468746,0.11227122382884923,,-0.06109955212488449,-0.06109955212488449,0,0,0,1,0
2024-02-12,27.29,768199747,20991769772.8199,9.00934325013734,3.029077618902353,,2.996616451632338,,,,,,,,,,9.194811884048246,,,,,0.10875698302592408,2.9666763220113377,,2.967978066777468,2.967978066777468,TTM_CFPS_from_OpCF,2.967978066777468,TTM_CFPS_from_OpCF,9.194811884048246,0.10875698302592408,9.194811884048246,0.10875698302592408,0.11099588196783998,,-0.06109955212488494,-0.06109955212488494,0,0,0,1,0
2024-02-13,27.57,768199747,21207148869.06,9.10178063049786,3.0290776189023516,,2.996616451632338,,,,,,,,,,9.289152203855263,,,,,0.10765245073549032,2.9666763220113377,,2.967978066777468,2.967978066777468,TTM_CFPS_from_OpCF,2.967978066777468,TTM_CFPS_from_OpCF,9.289152203855263,0.10765245073549032,9.289152203855263,0.10765245073549032,0.10986861149446324,,-0.061099552124883605,-0.061099552124883605,0,0,0,1,0
2024-02-14,27.42,768199747,21091767210.36,9.05226060530473,3.0290776189023507,,2.996616451632338,,,,,,,,,,9.23861274681579,,,,,0.10824135910931684,2.9666763220113377,,2.967978066777468,2.967978066777468,TTM_CFPS_from_OpCF,2.967978066777468,TTM_CFPS_from_OpCF,9.23861274681579,0.10824135910931684,9.23861274681579,0.10824135910931684,0.1104696432860084,,-0.06109955212488272,-0.06109955212488272,0,0,0,1,0
2024-02-15,27.13,768199747,20868696003.5399,8.95652188993134,3.0290776189023503,,2.996616451632338,,,,,,,,,,9.140903129872807,,,,,0.10939838064052591,2.9666763220113377,,2.967978066777468,2.967978066777468,TTM_CFPS_from_OpCF,2.967978066777468,TTM_CFPS_from_OpCF,9.140903129872807,0.10939838064052591,9.140903129872807,0.10939838064052591,0.11165048355703465,,-0.06109955212488227,-0.06109955212488227,0,0,0,1,0
2024-02-16,27.32,768199747,21014846104.5599,9.01924725517597,3.029077618902352,,2.996616451632338,,,,,,,,,,9.20491977545614,,,,,0.10863755734910205,2.9666763220113377,,2.967978066777468,2.967978066777468,TTM_CFPS_from_OpCF,2.967978066777468,TTM_CFPS_from_OpCF,9.20491977545614,0.10863755734910205,9.20491977545614,0.10863755734910205,0.11087399776362929,,-0.06109955212488405,-0.06109955212488405,0,0,0,1,0
2024-02-19,27.33,768199747,21022538215.14,9.02254859018885,3.0290776189023503,,2.996616451632338,,,,,,,,,,9.208289072592105,,,,,0.10859780705369441,2.9666763220113377,,2.967978066777468,2.967978066777468,TTM_CFPS_from_OpCF,2.967978066777468,TTM_CFPS_from_OpCF,9.208289072592105,0.10859780705369441,9.208289072592105,0.10859780705369441,0.11083342915851996,,-0.06109955212488227,-0.06109955212488227,0,0,0,1,0
2024-02-20,27.55,768199747,21191764647.9,9.09517796047211,3.029077618902351,,2.996616451632338,,,,,,,,,,9.282413609583333,,,,,0.10773060133493531,2.9666763220113377,,2.967978066777468,2.967978066777468,TTM_CFPS_from_OpCF,2.967978066777468,TTM_CFPS_from_OpCF,9.282413609583333,0.10773060133493531,9.282413609583333,0.10773060133493531,0.1099483709220454,,-0.06109955212488316,-0.06109955212488316,0,0,0,1,0
2024-02-21,27.5,768199747,21153304095.0,9.07867128540773,3.029077618902352,,2.996616451632338,,,,,,,,,,9.265567123903509,,,,,0.1079264751555443,2.9666763220113377,,2.967978066777468,2.967978066777468,TTM_CFPS_from_OpCF,2.967978066777468,TTM_CFPS_from_OpCF,9.265567123903509,0.1079264751555443,9.265567123903509,0.1079264751555443,0.11014827705099461,,-0.06109955212488405,-0.06109955212488405,0,0,0,1,0
2024-02-22,27.6,768199747,21230225200.8,9.11168463553649,3.0290776189023507,,2.996616451632338,,,,,,,,,,9.299260095263158,,,,,0.10753543720208217,2.9666763220113377,,2.967978066777468,2.967978066777468,TTM_CFPS_from_OpCF,2.967978066777468,TTM_CFPS_from_OpCF,9.299260095263158,0.10753543720208217,9.299260095263158,0.10753543720208217,0.10974918909066488,,-0.06109955212488272,-0.06109955212488272,0,0,0,1,0
2024-02-23,26.91,768199747,20699469570.7799,8.88389251964808,3.0290776189023494,,2.996616451632338,,,,,,,,,,9.06677859288158,,,,,0.11029275610469967,2.9666763220113377,,2.967978066777468,2.967978066777468,TTM_CFPS_from_OpCF,2.967978066777468,TTM_CFPS_from_OpCF,9.06677859288158,0.11029275610469967,9.06677859288158,0.11029275610469967,0.11256327086222034,,-0.061099552124881384,-0.061099552124881384,0,0,0,1,0
2024-02-26,26.25,768199747,20191790272.4999,8.66600440879829,3.0290776189023507,,2.996616451632338,,,,,,,,,,8.844404981907894,,,,,0.11306583111533211,2.9666763220113377,,2.967978066777468,2.967978066777468,TTM_CFPS_from_OpCF,2.967978066777468,TTM_CFPS_from_OpCF,8.844404981907894,0.11306583111533211,8.844404981907894,0.11306583111533211,0.11539343310104194,,-0.06109955212488272,-0.06109955212488272,0,0,0,1,0
2024-02-27,26.6,768199747,20461014142.8,8.78155113424894,3.0290776189023494,,2.996616451632338,,,,,,,,,,8.962330381666668,,,,,0.111578122811183,2.9666763220113377,,2.967978066777468,2.967978066777468,TTM_CFPS_from_OpCF,2.967978066777468,TTM_CFPS_from_OpCF,8.962330381666668,0.111578122811183,8.962330381666668,0.111578122811183,0.11387509845497552,,-0.061099552124881384,-0.061099552124881384,0,0,0,1,0
2024-02-28,25.65,768199747,19730263637.7,8.46792430802576,3.0290776189023503,,2.996616451632338,,,,,,,,,,8.642247153749999,,,,,0.11571064587826387,2.9666763220113377,,2.967978066777468,2.967978066777468,TTM_CFPS_from_OpCF,2.967978066777468,TTM_CFPS_from_OpCF,8.642247153749999,0.11571064587826387,8.642247153749999,0.11571064587826387,0.11809269469404875,,-0.06109955212488227,-0.06109955212488227,0,0,0,1,0
2024-02-29,25.37,768199747,19514884541.4599,8.37548692766524,3.0290776189023525,,2.996616451632338,,,,,,,,,,8.547906833942983,,,,,0.11698770464239132,2.9666763220113377,,2.967978066777468,2.967978066777468,TTM_CFPS_from_OpCF,2.967978066777468,TTM_CFPS_from_OpCF,8.547906833942983,0.11698770464239132,8.547906833942983,0.11698770464239132,0.11939604331503162,,-0.06109955212488449,-0.06109955212488449,0,0,0,1,0
2024-03-01,25.43,768199747,19561037204.94,8.3952949377425,3.0290776189023494,,2.996616451632338,,,,,,,,,,8.568122616758771,,,,,0.11671168174508328,2.9666763220113377,,2.967978066777468,2.967978066777468,TTM_CFPS_from_OpCF,2.967978066777468,TTM_CFPS_from_OpCF,8.568122616758771,0.11671168174508328,8.568122616758771,0.11671168174508328,0.11911433814008451,,-0.061099552124881384,-0.061099552124881384,0,0,0,1,0
2024-03-04,25.0,768199747,19230276450.0,8.43803266783678,2.962775919947835,,2.996616451632338,,,,,,,,,,8.42324283991228,,,,,0.11871912267109871,2.9666763220113377,,2.967978066777468,2.967978066777468,TTM_CFPS_from_OpCF,2.967978066777468,TTM_CFPS_from_OpCF,8.42324283991228,0.11871912267109871,8.42324283991228,0.11871912267109871,0.1185110367979134,,0.0052021468296330475,0.0052021468296330475,0,0,0,1,0
2024-03-05,24.83,768199747,19099510570.1399,8.38065404569549,2.962775919947835,,2.996616451632338,,,,,,,,,,8.365964788600877,,,,,0.11953193986216143,2.9666763220113377,,2.967978066777468,2.967978066777468,TTM_CFPS_from_OpCF,2.967978066777468,TTM_CFPS_from_OpCF,8.365964788600877,0.11953193986216143,8.365964788600877,0.11953193986216143,0.11932242931727084,,0.0052021468296330475,0.0052021468296330475,0,0,0,1,0
2024-03-06,24.9,768199747,19153355344.2,8.40428053716543,2.962775919947836,,2.996616451632338,,,,,,,,,,8.389549868552631,,,,,0.11919590629628386,2.9666763220113377,,2.967978066777468,2.967978066777468,TTM_CFPS_from_OpCF,2.967978066777468,TTM_CFPS_from_OpCF,8.389549868552631,0.11919590629628386,8.389549868552631,0.11919590629628386,0.11898698473686088,,0.005202146829632159,0.005202146829632159,0,0,0,1,0
2024-03-07,25.05,768199747,19268737002.9,8.45490873317245,2.9627759199478363,,2.996616451632338,,,,,,,,,,8.440089325592105,,,,,0.11848215835438994,2.9666763220113377,,2.967978066777468,2.967978066777468,TTM_CFPS_from_OpCF,2.967978066777468,TTM_CFPS_from_OpCF,8.440089325592105,0.11848215835438994,8.440089325592105,0.11848215835438994,0.1182744878222689,,0.005202146829631715,0.005202146829631715,0,0,0,1,0
2024-03-08,25.29,768199747,19453347656.82,8.53591384678368,2.962775919947837,,2.996616451632338,,,,,,,,,,8.520952456855262,,,,,0.11735777250998292,2.9666763220113377,,2.967978066777468,2.967978066777468,TTM_CFPS_from_OpCF,2.967978066777468,TTM_CFPS_from_OpCF,8.520952456855262,0.11735777250998292,8.520952456855262,0.11735777250998292,0.11715207275396747,,0.005202146829630827,0.005202146829630827,0,0,0,1,0
2024-03-11,25.19,768199747,19376426551.0199,8.50216171611234,2.962775919947835,,2.996616451632338,,,,,,,,,,8.487259485495615,,,,,0.11782366283356363,2.9666763220113377,,2.967978066777468,2.967978066777468,TTM_CFPS_from_OpCF,2.967978066777468,TTM_CFPS_from_OpCF,8.487259485495615,0.11782366283356363,8.487259485495615,0.11782366283356363,0.1176171464846302,,0.0052021468296330475,0.0052021468296330475,0,0,0,1,0
2024-03-12,25.65,768199747,19730263637.7,8.65742151720053,2.9627759199478367,,2.996616451632338,,,,,,,,,,8.642247153749999,,,,,0.11571064587826387,2.9666763220113377,,2.967978066777468,2.967978066777468,TTM_CFPS_from_OpCF,2.967978066777468,TTM_CFPS_from_OpCF,8.642247153749999,0.11571064587826387,8.642247153749999,0.11571064587826387,0.11550783313636791,,0.005202146829631271,0.005202146829631271,0,0,0,1,0
2024-03-13,25.27,768199747,19437963435.66,8.52916342064941,2.9627759199478376,,2.996616451632338,,,,,,,,,,8.514213862583333,,,,,0.11745065559071896,2.9666763220113377,,2.967978066777468,2.967978066777468,TTM_CFPS_from_OpCF,2.967978066777468,TTM_CFPS_from_OpCF,8.514213862583333,0.11745065559071896,8.514213862583333,0.11745065559071896,0.11724479303315544,,0.005202146829630383,0.005202146829630383,0,0,0,1,0
2024-03-14,24.7,768199747,18999513132.6,8.33677627582274,2.9627759199478345,,2.996616451632338,,,,,,,,,,8.322163925833333,,,,,0.12016105533512017,2.9666763220113377,,2.967978066777468,2.967978066777468,TTM_CFPS_from_OpCF,2.967978066777468,TTM_CFPS_from_OpCF,8.322163925833333,0.12016105533512017,8.322163925833333,0.12016105533512017,0.1199504421031512,,0.005202146829633492,0.005202146829633492,0,0,0,1,0
2024-03-15,24.78,768199747,19061050017.24,8.36377798035981,2.962775919947837,,2.996616451632338,,,,,,,,,,8.349118302921053,,,,,0.11977312618149588,2.9666763220113377,,2.967978066777468,2.967978066777468,TTM_CFPS_from_OpCF,2.967978066777468,TTM_CFPS_from_OpCF,8.349118302921053,0.11977312618149588,8.349118302921053,0.11977312618149588,0.11956319289539295,,0.005202146829630827,0.005202146829630827,0,0,0,1,0
2024-03-18,24.9,768199747,19153355344.2,8.40428053716543,2.962775919947836,,2.996616451632338,,,,,,,,,,8.389549868552631,,,,,0.11919590629628386,2.9666763220113377,,2.967978066777468,2.967978066777468,TTM_CFPS_from_OpCF,2.967978066777468,TTM_CFPS_from_OpCF,8.389549868552631,0.11919590629628386,8.389549868552631,0.11919590629628386,0.11898698473686088,,0.005202146829632159,0.005202146829632159,0,0,0,1,0
2024-03-19,24.98,768199747,19214892228.84,8.43128224170251,2.9627759199478354,,2.996616451632338,,,,,,,,,,8.41650424564035,,,,,0.11881417401030696,2.9666763220113377,,2.967978066777468,2.967978066777468,TTM_CFPS_from_OpCF,2.967978066777468,TTM_CFPS_from_OpCF,8.41650424564035,0.11881417401030696,8.41650424564035,0.11881417401030696,0.11860592153514152,,0.0052021468296326034,0.0052021468296326034,0,0,0,1,0
2024-03-20,24.69,768199747,18991821022.0199,8.3334010627556,2.9627759199478363,,2.996616451632338,,,,,,,,,,8.318794628697368,,,,,0.12020972323926561,2.9666763220113377,,2.967978066777468,2.967978066777468,TTM_CFPS_from_OpCF,2.967978066777468,TTM_CFPS_from_OpCF,8.318794628697368,0.12020972323926561,8.318794628697368,0.12020972323926561,0.1199990247042461,,0.005202146829631715,0.005202146829631715,0,0,0,1,0
2024-03-21,24.12,768199747,18553370718.9599,8.14101391792892,2.962775919947837,,2.996616451632338,,,,,,,,,,8.12674469194737,,,,,0.12305050028098954,2.9666763220113377,,2.967978066777468,2.967978066777468,TTM_CFPS_from_OpCF,2.967978066777468,TTM_CFPS_from_OpCF,8.12674469194737,0.12305050028098954,8.12674469194737,0.12305050028098954,0.12283482255173454,,0.005202146829630827,0.005202146829630827,0,0,0,1,0
2024-03-22,24.68,768199747,18984128911.44,8.33002584968847,2.9627759199478345,,2.996616451632338,,,,,,,,,,8.315425331561404,,,,,0.12025843058255543,2.9666763220113377,,2.967978066777468,2.967978066777468,TTM_CFPS_from_OpCF,2.967978066777468,TTM_CFPS_from_OpCF,8.315425331561404,0.12025843058255543,8.315425331561404,0.12025843058255543,0.12004764667535797,,0.005202146829633492,0.005202146829633492,0,0,0,1,0
2024-03-25,25.67,768199747,19745647858.86,8.6641719433348,2.962775919947837,,2.996616451632338,,,,,,,,,,8.64898574802193,,,,,0.11562049344672644,2.9666763220113377,,2.967978066777468,2.967978066777468,TTM_CFPS_from_OpCF,2.967978066777468,TTM_CFPS_from_OpCF,8.64898574802193,0.11562049344672644,8.64898574802193,0.11562049344672644,0.1154178387202118,,0.005202146829630827,0.005202146829630827,0,0,0,1,0
2024-03-26,25.4,768199747,19537960873.1999,8.57304119052217,2.962775919947834,,2.996616451632338,,,,,,,,,,8.558014725350876,,,,,0.1168495301880893,2.9666763220113377,,2.967978066777468,2.967978066777468,TTM_CFPS_from_OpCF,2.967978066777468,TTM_CFPS_from_OpCF,8.558014725350876,0.1168495301880893,8.558014725350876,0.1168495301880893,0.11664472125778876,,0.005202146829633936,0.005202146829633936,0,0,0,1,0
2024-03-27,25.71,768199747,19776416301.1799,8.67767279560334,2.9627759199478363,,2.996616451632338,,,,,,,,,,8.66246293656579,,,,,0.11544060936512905,2.9666763220113377,,2.967978066777468,2.967978066777468,TTM_CFPS_from_OpCF,2.967978066777468,TTM_CFPS_from_OpCF,8.66246293656579,0.11544060936512905,8.66246293656579,0.11544060936512905,0.11523826993184894,,0.005202146829631715,0.005202146829631715,0,0,0,1,0
2024-03-28,25.1,768199747,19307197555.7999,8.47178479850813,2.962775919947834,,2.996616451632338,,,,,,,,,,8.456935811271931,,,,,0.11824613811862422,2.9666763220113377,,2.967978066777468,2.967978066777468,TTM_CFPS_from_OpCF,2.967978066777468,TTM_CFPS_from_OpCF,8.456935811271931,0.11824613811862422,8.456935811271931,0.11824613811862422,0.11803888127282207,,0.005202146829633936,0.005202146829633936,0,0,0,1,0
2024-04-02,24.81,768213533,19084126348.98,8.37390361956122,2.962775919947835,,2.9965626757580175,,,,,,,,,,10.252489378015062,,,,,0.09753728710456909,2.9666230834285496,,2.419900093064359,2.419900093064359,TTM_CFPS_from_OpCF,2.419900093064359,TTM_CFPS_from_OpCF,10.252489378015062,0.09753728710456909,10.252489378015062,0.09753728710456909,0.11941861829697037,,-0.5428758268834759,-0.5428758268834759,0,0,0,1,0
2024-04-03,25.04,768213533,19261044892.3199,8.45153352010532,2.9627759199478345,,2.9965626757580175,,,,,,,,,,10.347534624163528,,,,,0.0966413775185447,2.9666230834285496,,2.419900093064359,2.419900093064359,TTM_CFPS_from_OpCF,2.419900093064359,TTM_CFPS_from_OpCF,10.347534624163528,0.0966413775185447,10.347534624163528,0.0966413775185447,0.11832172204264516,,-0.5428758268834755,-0.5428758268834755,0,0,0,1,0
2024-04-04,25.05,768213533,19268737002.9,8.45490873317245,2.9627759199478363,,2.9965626757580175,,,,,,,,,,10.351667026169984,,,,,0.09660279812632172,2.9666230834285496,,2.419900093064359,2.419900093064359,TTM_CFPS_from_OpCF,2.419900093064359,TTM_CFPS_from_OpCF,10.351667026169984,0.09660279812632172,10.351667026169984,0.09660279812632172,0.1182744878222689,,-0.5428758268834772,-0.5428758268834772,0,0,0,1,0
2024-04-05,26.72,768213533,20553319469.7599,9.01856931538395,2.962775919947835,,2.9965626757580175,,,,,,,,,,11.041778161247983,,,,,0.09056512324342661,2.9666230834285496,,2.419900093064359,2.419900093064359,TTM_CFPS_from_OpCF,2.419900093064359,TTM_CFPS_from_OpCF,11.041778161247983,0.09056512324342661,11.041778161247983,0.09056512324342661,0.11088233233337708,,-0.5428758268834759,-0.5428758268834759,0,0,0,1,0
2024-04-08,27.29,768213533,20991769772.8199,9.21095646021062,2.962775919947838,,2.9965626757580175,,,,,,,,,,11.277325075615922,,,,,0.08867351018923998,2.9666230834285496,,2.419900093064359,2.419900093064359,TTM_CFPS_from_OpCF,2.419900093064359,TTM_CFPS_from_OpCF,11.277325075615922,0.08867351018923998,11.277325075615922,0.08867351018923998,0.10856635837111903,,-0.542875826883479,-0.542875826883479,0,0,0,1,0
2024-04-09,27.21,768213533,20930232888.18,9.18395475567355,2.9627759199478354,,2.9965626757580175,,,,,,,,,,11.244265859564281,,,,,0.08893421878222561,2.9666230834285496,,2.419900093064359,2.419900093064359,TTM_CFPS_from_OpCF,2.419900093064359,TTM_CFPS_from_OpCF,11.244265859564281,0.08893421878222561,11.244265859564281,0.08893421878222561,0.1088855538385827,,-0.5428758268834764,-0.5428758268834764,0,0,0,1,0
2024-04-10,27.99,768213533,21530217513.42,9.44722137491006,2.9627759199478345,,2.9965626757580175,,,,,,,,,,11.566593216067778,,,,,0.0864558804238785,2.9666230834285496,,2.419900093064359,2.419900093064359,TTM_CFPS_from_OpCF,2.419900093064359,TTM_CFPS_from_OpCF,11.566593216067778,0.0864558804238785,11.566593216067778,0.0864558804238785,0.10585122972303804,,-0.5428758268834755,-0.5428758268834755,0,0,0,1,0
2024-04-11,27.81,768213533,21391759522.98,9.38646753970163,2.962775919947836,,2.9965626757580175,,,,,,,,,,11.492209979951586,,,,,0.08701546541044082,2.9666230834285496,,2.419900093064359,2.419900093064359,TTM_CFPS_from_OpCF,2.419900093064359,TTM_CFPS_from_OpCF,11.492209979951586,0.08701546541044082,11.492209979951586,0.08701546541044082,0.10653635095101892,,-0.5428758268834768,-0.5428758268834768,0,0,0,1,0
2024-04-12,27.32,768213533,21014846104.5599,9.22108209941203,2.9627759199478363,,2.9965626757580175,,,,,,,,,,11.289722281635287,,,,,0.08857613810630889,2.9666230834285496,,2.419900093064359,2.419900093064359,TTM_CFPS_from_OpCF,2.419900093064359,TTM_CFPS_from_OpCF,11.289722281635287,0.08857613810630889,11.289722281635287,0.08857613810630889,0.10844714201858843,,-0.5428758268834772,-0.5428758268834772,0,0,0,1,0
2024-04-15,26.6,768213533,20461014142.7999,8.97806675857833,2.9627759199478367,,2.9965626757580175,,,,,,,,,,10.992189337170522,,,,,0.09097368770918643,2.9666230834285496,,2.419900093064359,2.419900093064359,TTM_CFPS_from_OpCF,2.419900093064359,TTM_CFPS_from_OpCF,10.992189337170522,0.09097368770918643,10.992189337170522,0.09097368770918643,0.11138255338149762,,-0.5428758268834777,-0.5428758268834777,0,0,0,1,0
2024-04-16,26.33,768213533,20253327157.14,8.88693600576569,2.9627759199478367,,2.9965626757580175,,,,,,,,,,10.880614482996233,,,,,0.09190657398649295,2.9666230834285496,,2.419900093064359,2.419900093064359,TTM_CFPS_from_OpCF,2.419900093064359,TTM_CFPS_from_OpCF,10.880614482996233,0.09190657398649295,10.880614482996233,0.09190657398649295,0.1125247216083493,,-0.5428758268834777,-0.5428758268834777,0,0,0,1,0
2024-04-17,26.2,768213533,20153329719.5999,8.84305823589294,2.9627759199478367,,2.9965626757580175,,,,,,,,,,10.826893256912317,,,,,0.0923625989719221,2.9666230834285496,,2.419900093064359,2.419900093064359,TTM_CFPS_from_OpCF,2.419900093064359,TTM_CFPS_from_OpCF,10.826893256912317,0.0923625989719221,10.826893256912317,0.0923625989719221,0.11308305037968842,,-0.5428758268834777,-0.5428758268834777,0,0,0,1,0
2024-04-18,25.8,768213533,19845645296.4,8.70804971320756,2.962775919947834,,2.9965626757580175,,,,,,,,,,10.661597176654116,,,,,0.09379457725055655,2.9666230834285496,,2.419900093064359,2.419900093064359,TTM_CFPS_from_OpCF,2.419900093064359,TTM_CFPS_from_OpCF,10.661597176654116,0.09379457725055655,10.661597176654116,0.09379457725055655,0.11483627596697031,,-0.542875826883475,-0.542875826883475,0,0,0,1,0
2024-04-19,25.72,768213533,19784108411.7599,8.68104800867048,2.9627759199478345,,2.9965626757580175,,,,,,,,,,10.628537960602474,,,,,0.09408631777077602,2.9666230834285496,,2.419900093064359,2.419900093064359,TTM_CFPS_from_OpCF,2.419900093064359,TTM_CFPS_from_OpCF,10.628537960602474,0.09408631777077602,10.628537960602474,0.09408631777077602,0.11519346500574786,,-0.5428758268834755,-0.5428758268834755,0,0,0,1,0
2024-04-22,26.22,768213533,20168713940.7599,8.84980866202721,2.9627759199478367,,2.9965626757580175,,,,,,,,,,10.835158060925227,,,,,0.09229214695134856,2.9666230834285496,,2.419900093064359,2.419900093064359,TTM_CFPS_from_OpCF,2.419900093064359,TTM_CFPS_from_OpCF,10.835158060925227,0.09229214695134856,10.835158060925227,0.09229214695134856,0.1129967932855773,,-0.5428758268834777,-0.5428758268834777,0,0,0,1,0
2024-04-23,26.21,768213533,20161021830.1799,8.84643344896008,2.962775919947835,,2.9965626757580175,,,,,,,,,,10.831025658918774,,,,,0.09232735952172297,2.9666230834285496,,2.419900093064359,2.419900093064359,TTM_CFPS_from_OpCF,2.419900093064359,TTM_CFPS_from_OpCF,10.831025658918774,0.09232735952172297,10.831025658918774,0.09232735952172297,0.11303990537763582,,-0.5428758268834759,-0.5428758268834759,0,0,0,1,0
2024-04-24,25.85,768213533,19884105849.2999,8.72492577854323,2.962775919947835,,2.9965626757580175,,,,,,,,,,10.682259186686391,,,,,0.09361315640481079,2.9666230834285496,,2.419900093064359,2.419900093064359,TTM_CFPS_from_OpCF,2.419900093064359,TTM_CFPS_from_OpCF,10.682259186686391,0.09361315640481079,10.682259186686391,0.09361315640481079,0.11461415551055454,,-0.5428758268834759,-0.5428758268834759,0,0,0,1,0
2024-04-25,22.49,768213533,17299556694.4199,7.59085418798596,2.9627759199478376,,2.9965626757580175,,,,,,,,,,9.293772112517482,,,,,0.10759893699708134,2.9666230834285496,,2.419900093064359,2.419900093064359,TTM_CFPS_from_OpCF,2.419900093064359,TTM_CFPS_from_OpCF,9.293772112517482,0.10759893699708134,9.293772112517482,0.10759893699708134,0.13173747976646677,,-0.5428758268834786,-0.5428758268834786,0,0,0,1,0
2024-04-26,22.16,768213533,17045717045.2799,9.17422876495157,2.4154618952448783,,2.9965626757580175,,,,,,,,,,9.157402846304464,,,,,0.10920126773756132,2.9666230834285496,,2.419900093064359,2.419900093064359,TTM_CFPS_from_OpCF,2.419900093064359,TTM_CFPS_from_OpCF,9.157402846304464,0.10920126773756132,9.157402846304464,0.10920126773756132,0.10900098805256672,,0.004438197819480738,0.004438197819480738,0,0,0,1,0
2024-04-29,21.56,768213533,16584190410.48,8.92582906914963,2.4154618952448788,,2.9965626757580175,,,,,,,,,,8.909458725917158,,,,,0.11224026405678846,2.9666230834285496,,2.419900093064359,2.419900093064359,TTM_CFPS_from_OpCF,2.419900093064359,TTM_CFPS_from_OpCF,8.909458725917158,0.11224026405678846,8.909458725917158,0.11224026405678846,0.11203441072564374,,0.004438197819480294,0.004438197819480294,0,0,0,1,0
2024-04-30,21.34,768213533,16414963977.72,8.83474918068892,2.4154618952448788,,2.9965626757580175,,,,,,,,,,8.818545881775147,,,,,0.11339738018108524,2.9666230834285496,,2.419900093064359,2.419900093064359,TTM_CFPS_from_OpCF,2.419900093064359,TTM_CFPS_from_OpCF,8.818545881775147,0.11339738018108524,8.818545881775147,0.11339738018108524,0.11318940465065037,,0.004438197819480294,0.004438197819480294,0,0,0,1,0
2024-05-02,22.19,768213533,17068793377.0199,9.18664874974166,2.41546189524488,,2.9965626757580175,,,,,,,,,,9.169800052323831,,,,,0.10905363195422979,2.9666230834285496,,2.419900093064359,2.419900093064359,TTM_CFPS_from_OpCF,2.419900093064359,TTM_CFPS_from_OpCF,9.169800052323831,0.10905363195422979,9.169800052323831,0.10905363195422979,0.10885362303942678,,0.004438197819478962,0.004438197819478962,0,0,0,1,0
2024-05-03,22.07,768213533,16976488050.0599,9.13696881058128,2.4154618952448783,,2.9965626757580175,,,,,,,,,,9.120211228246369,,,,,0.10964658328338736,2.9666230834285496,,2.419900093064359,2.419900093064359,TTM_CFPS_from_OpCF,2.419900093064359,TTM_CFPS_from_OpCF,9.120211228246369,0.10964658328338736,9.120211228246369,0.10964658328338736,0.10944548687108646,,0.004438197819480738,0.004438197819480738,0,0,0,1,0
2024-05-06,22.57,768213533,17361093579.06,9.34396855708289,2.4154618952448796,,2.9965626757580175,,,,,,,,,,9.326831328569122,,,,,0.10721754953763221,2.9666230834285496,,2.419900093064359,2.419900093064359,TTM_CFPS_from_OpCF,2.419900093064359,TTM_CFPS_from_OpCF,9.326831328569122,0.10721754953763221,9.326831328569122,0.10721754953763221,0.10702090807465128,,0.004438197819479406,0.004438197819479406,0,0,0,1,0
2024-05-07,22.11,768213533,17007256492.38,9.15352879030141,2.415461895244878,,2.9965626757580175,,,,,,,,,,9.136740836272189,,,,,0.1094482176872166,2.9666230834285496,,2.419900093064359,2.419900093064359,TTM_CFPS_from_OpCF,2.419900093064359,TTM_CFPS_from_OpCF,9.136740836272189,0.1094482176872166,9.136740836272189,0.1094482176872166,0.10924748508570231,,0.004438197819481182,0.004438197819481182,0,0,0,1,0
2024-05-08,21.82,768213533,16784185285.56,9.03346893733047,2.4154618952448788,,2.9965626757580175,,,,,,,,,,9.016901178084991,,,,,0.1109028456949752,2.9666230834285496,,2.419900093064359,2.419900093064359,TTM_CFPS_from_OpCF,2.419900093064359,TTM_CFPS_from_OpCF,9.016901178084991,0.1109028456949752,9.016901178084991,0.1109028456949752,0.1106994452449532,,0.004438197819480294,0.004438197819480294,0,0,0,1,0
2024-05-10,22.45,768213533,17268788252.1,9.29428861792251,2.415461895244878,,2.9965626757580175,,,,,,,,,,9.277242504491662,,,,,0.10779065002513849,2.9666230834285496,,2.419900093064359,2.419900093064359,TTM_CFPS_from_OpCF,2.419900093064359,TTM_CFPS_from_OpCF,9.277242504491662,0.10779065002513849,9.277242504491662,0.10779065002513849,0.10759295747193219,,0.004438197819481182,0.004438197819481182,0,0,0,1,0
2024-05-13,22.52,768213533,17322633026.1599,9.32326858243273,2.415461895244879,,2.9965626757580175,,,,,,,,,,9.306169318536847,,,,,0.10745559915916338,2.9666230834285496,,2.419900093064359,2.419900093064359,TTM_CFPS_from_OpCF,2.419900093064359,TTM_CFPS_from_OpCF,9.306169318536847,0.10745559915916338,9.306169318536847,0.10745559915916338,0.10725852110323619,,0.00443819781947985,0.00443819781947985,0,0,0,1,0
2024-05-14,22.18,768213533,17061101266.44,9.18250875481163,2.4154618952448796,,2.9965626757580175,,,,,,,,,,9.165667650317374,,,,,0.10910279950695938,2.9666230834285496,,2.419900093064359,2.419900093064359,TTM_CFPS_from_OpCF,2.419900093064359,TTM_CFPS_from_OpCF,9.165667650317374,0.10910279950695938,9.165667650317374,0.10910279950695938,0.10890270041681152,,0.004438197819479406,0.004438197819479406,0,0,0,1,0
2024-05-15,18.88,768213533,14522704775.0399,7.81631042790097,2.41546189524488,,2.9965626757580175,,,,,,,,,,7.8019749881871965,,,,,0.12817267442078173,2.9666230834285496,,2.419900093064359,2.419900093064359,TTM_CFPS_from_OpCF,2.419900093064359,TTM_CFPS_from_OpCF,7.8019749881871965,0.12817267442078173,7.8019749881871965,0.12817267442078173,0.12793760038373309,,0.004438197819478962,0.004438197819478962,0,0,0,1,0
2024-05-16,19.25,768213533,14807312866.5,7.96949024031217,2.415461895244879,,2.9965626757580175,,,,,,,,,,7.954873862426036,,,,,0.12570909574360306,2.9666230834285496,,2.419900093064359,2.419900093064359,TTM_CFPS_from_OpCF,2.419900093064359,TTM_CFPS_from_OpCF,7.954873862426036,0.12570909574360306,7.954873862426036,0.12570909574360306,0.125478540012721,,0.00443819781947985,0.00443819781947985,0,0,0,1,0
2024-05-17,18.92,768213533,14553473217.36,7.83287040762111,2.4154618952448774,,2.9965626757580175,,,,,,,,,,7.818504596213018,,,,,0.12790169625075892,2.9666230834285496,,2.419900093064359,2.419900093064359,TTM_CFPS_from_OpCF,2.419900093064359,TTM_CFPS_from_OpCF,7.818504596213018,0.12790169625075892,7.818504596213018,0.12790169625075892,0.1276671191989893,,0.004438197819481626,0.004438197819481626,0,0,0,1,0
2024-05-20,19.445,768213533,14957309022.81,8.0502201414478,2.4154618952448788,,2.9965626757580175,,,,,,,,,,8.035455701551909,,,,,0.12444844911619228,2.9666230834285496,,2.419900093064359,2.419900093064359,TTM_CFPS_from_OpCF,2.419900093064359,TTM_CFPS_from_OpCF,8.035455701551909,0.12444844911619228,8.035455701551909,0.12444844911619228,0.12422020546386622,,0.004438197819480294,0.004438197819480294,0,0,0,1,0
2024-05-21,19.675,768213533,15134227566.1499,8.14544002483854,2.4154618952448796,,2.9965626757580175,,,,,,,,,,8.130500947700376,,,,,0.1229936514899293,2.9666230834285496,,2.419900093064359,2.419900093064359,TTM_CFPS_from_OpCF,2.419900093064359,TTM_CFPS_from_OpCF,8.130500947700376,0.1229936514899293,8.130500947700376,0.1229936514899293,0.12276807599719845,,0.004438197819479406,0.004438197819479406,0,0,0,1,0
2024-05-22,20.03,768213533,15407297491.7399,8.29240984485469,2.4154618952448788,,2.9965626757580175,,,,,,,,,,8.277201218929532,,,,,0.12081378397725206,2.9666230834285496,,2.419900093064359,2.419900093064359,TTM_CFPS_from_OpCF,2.419900093064359,TTM_CFPS_from_OpCF,8.277201218929532,0.12081378397725206,8.277201218929532,0.12081378397725206,0.12059220645256508,,0.004438197819480294,0.004438197819480294,0,0,0,1,0
2024-05-23,19.775,768213533,15211148671.9499,8.18683997413887,2.4154618952448774,,2.9965626757580175,,,,,,,,,,8.171824967764927,,,,,0.1223716861220915,2.9666230834285496,,2.419900093064359,2.419900093064359,TTM_CFPS_from_OpCF,2.419900093064359,TTM_CFPS_from_OpCF,8.171824967764927,0.1223716861220915,8.171824967764927,0.1223716861220915,0.12214725133981683,,0.004438197819481626,0.004438197819481626,0,0,0,1,0
2024-05-24,19.82,768213533,15245763169.56,8.20546995132401,2.415461895244879,,2.9965626757580175,,,,,,,,,,8.190420776793975,,,,,0.12209384929688996,2.9666230834285496,,2.419900093064359,2.419900093064359,TTM_CFPS_from_OpCF,2.419900093064359,TTM_CFPS_from_OpCF,8.190420776793975,0.12209384929688996,8.190420776793975,0.12209384929688996,0.12186992407895454,,0.00443819781947985,0.00443819781947985,0,0,0,1,0
2024-05-27,20.15,768213533,15499602818.7,8.34208978401507,2.415461895244881,,2.9965626757580175,,,,,,,,,,8.326790043006993,,,,,0.12009429742254885,2.9666230834285496,,2.419900093064359,2.419900093064359,TTM_CFPS_from_OpCF,2.419900093064359,TTM_CFPS_from_OpCF,8.326790043006993,0.12009429742254885,8.326790043006993,0.12009429742254885,0.1198740394662472,,0.004438197819478074,0.004438197819478074,0,0,0,1,0
2024-05-28,19.8,768213533,15230378948.4,8.19718996146395,2.415461895244878,,2.9965626757580175,,,,,,,,,,8.182155972781064,,,,,0.12221717641739187,2.9666230834285496,,2.419900093064359,2.419900093064359,TTM_CFPS_from_OpCF,2.419900093064359,TTM_CFPS_from_OpCF,8.182155972781064,0.12221717641739187,8.182155972781064,0.12221717641739187,0.12199302501236757,,0.004438197819481182,0.004438197819481182,0,0,0,1,0
2024-05-29,19.245,768213533,14803466811.21,7.96742024284716,2.4154618952448774,,2.9965626757580175,,,,,,,,,,7.952807661422808,,,,,0.1257417559399511,2.9666230834285496,,2.419900093064359,2.419900093064359,TTM_CFPS_from_OpCF,2.419900093064359,TTM_CFPS_from_OpCF,7.952807661422808,0.1257417559399511,7.952807661422808,0.1257417559399511,0.12551114030890503,,0.004438197819481626,0.004438197819481626,0,0,0,1,0
2024-05-30,19.02,768213533,14630394323.16,7.87427035692143,2.415461895244878,,2.9965626757580175,,,,,,,,,,7.859828616277568,,,,,0.12722923727993476,2.9666230834285496,,2.419900093064359,2.419900093064359,TTM_CFPS_from_OpCF,2.419900093064359,TTM_CFPS_from_OpCF,7.859828616277568,0.12722923727993476,7.859828616277568,0.12722923727993476,0.1269958935459978,,0.004438197819481182,0.004438197819481182,0,0,0,1,0
2024-05-31,19.265,768213533,14818851032.37,7.97570023270722,2.4154618952448783,,2.9965626757580175,,,,,,,,,,7.961072465435718,,,,,0.12561121687331217,2.9666230834285496,,2.419900093064359,2.419900093064359,TTM_CFPS_from_OpCF,2.419900093064359,TTM_CFPS_from_OpCF,7.961072465435718,0.12561121687331217,7.961072465435718,0.12561121687331217,0.12538084065636534,,0.004438197819480738,0.004438197819480738,0,0,0,1,0
2024-06-03,18.935,768213533,14565011383.2299,7.83908040001615,2.4154618952448796,,2.9965626757580175,,,,,,,,,,7.824703199222699,,,,,0.12780037460070554,2.9666230834285496,,2.419900093064359,2.419900093064359,TTM_CFPS_from_OpCF,2.419900093064359,TTM_CFPS_from_OpCF,7.824703199222699,0.12780037460070554,7.824703199222699,0.12780037460070554,0.12756598337707314,,0.004438197819479406,0.004438197819479406,0,0,0,1,0
2024-06-04,18.74,768213533,14415015226.92,7.75835049888052,2.4154618952448796,,2.9965626757580175,,,,,,,,,,7.744121360096825,,,,,0.12913020774089431,2.9666230834285496,,2.419900093064359,2.419900093064359,TTM_CFPS_from_OpCF,2.419900093064359,TTM_CFPS_from_OpCF,7.744121360096825,0.12913020774089431,7.744121360096825,0.12913020774089431,0.1288933775477524,,0.004438197819479406,0.004438197819479406,0,0,0,1,0
2024-06-05,18.77,768213533,14438091558.6599,7.77077048367062,2.4154618952448788,,2.9965626757580175,,,,,,,,,,7.756518566116191,,,,,0.12892381955590618,2.9666230834285496,,2.419900093064359,2.419900093064359,TTM_CFPS_from_OpCF,2.419900093064359,TTM_CFPS_from_OpCF,7.756518566116191,0.12892381955590618,7.756518566116191,0.12892381955590618,0.12868736788731375,,0.004438197819480294,0.004438197819480294,0,0,0,1,0
2024-06-06,18.825,768213533,14480398166.85,7.7935404557858,2.415461895244878,,2.9965626757580175,,,,,,,,,,7.779246777151694,,,,,0.12854714969797393,2.9666230834285496,,2.419900093064359,2.419900093064359,TTM_CFPS_from_OpCF,2.419900093064359,TTM_CFPS_from_OpCF,7.779246777151694,0.12854714969797393,7.779246777151694,0.12854714969797393,0.12831138885762963,,0.004438197819481182,0.004438197819481182,0,0,0,1,0
2024-06-07,18.945,768213533,14572703493.8099,7.84322039494618,2.4154618952448805,,2.9965626757580175,,,,,,,,,,7.828835601229155,,,,,0.12773291597067082,2.9666230834285496,,2.419900093064359,2.419900093064359,TTM_CFPS_from_OpCF,2.419900093064359,TTM_CFPS_from_OpCF,7.828835601229155,0.12773291597067082,7.828835601229155,0.12773291597067082,0.12749864846898287,,0.004438197819478518,0.004438197819478518,0,0,0,1,0
2024-06-10,18.555,768213533,14272711181.19,7.68176059267492,2.4154618952448805,,2.9965626757580175,,,,,,,,,,7.667671922977407,,,,,0.13041768219155803,2.9666230834285496,,2.419900093064359,2.419900093064359,TTM_CFPS_from_OpCF,2.419900093064359,TTM_CFPS_from_OpCF,7.667671922977407,0.13041768219155803,7.667671922977407,0.13041768219155803,0.13017849071651202,,0.004438197819478518,0.004438197819478518,0,0,0,1,0
2024-06-11,18.55,768213533,14268865125.9,7.67969059520991,2.4154618952448788,,2.9965626757580175,,,,,,,,,,7.665605721974179,,,,,0.1304528352056258,2.9666230834285496,,2.419900093064359,2.419900093064359,TTM_CFPS_from_OpCF,2.419900093064359,TTM_CFPS_from_OpCF,7.665605721974179,0.1304528352056258,7.665605721974179,0.1304528352056258,0.13021357925848404,,0.004438197819480294,0.004438197819480294,0,0,0,1,0
2024-06-12,18.45,768213533,14191944020.1,7.63829064590959,2.4154618952448774,,2.9965626757580175,,,,,,,,,,7.624281701909628,,,,,0.1311598966430547,2.9666230834285496,,2.419900093064359,2.419900093064359,TTM_CFPS_from_OpCF,2.419900093064359,TTM_CFPS_from_OpCF,7.624281701909628,0.1311598966430547,7.624281701909628,0.1311598966430547,0.13091934391571153,,0.004438197819481626,0.004438197819481626,0,0,0,1,0
2024-06-13,18.03,768213533,13868875375.74,7.46441085884823,2.415461895244879,,2.9965626757580175,,,,,,,,,,7.450720817638516,,,,,0.13421520205570486,2.9666230834285496,,2.419900093064359,2.419900093064359,TTM_CFPS_from_OpCF,2.419900093064359,TTM_CFPS_from_OpCF,7.450720817638516,0.13421520205570486,7.450720817638516,0.13421520205570486,0.1339690457706533,,0.00443819781947985,0.00443819781947985,0,0,0,1,0
2024-06-14,17.79,768213533,13684264721.82,7.36505098052745,2.41546189524488,,2.9965626757580175,,,,,,,,,,7.351543169483593,,,,,0.13602586245443277,2.9666230834285496,,2.419900093064359,2.419900093064359,TTM_CFPS_from_OpCF,2.419900093064359,TTM_CFPS_from_OpCF,7.351543169483593,0.13602586245443277,7.351543169483593,0.13602586245443277,0.13577638534260147,,0.004438197819478962,0.004438197819478962,0,0,0,1,0
2024-06-17,17.44,768213533,13415040851.52,7.22015115797633,2.415461895244877,,2.9965626757580175,,,,,,,,,,7.206909099257666,,,,,0.13875573928121324,2.9666230834285496,,2.419900093064359,2.419900093064359,TTM_CFPS_from_OpCF,2.419900093064359,TTM_CFPS_from_OpCF,7.206909099257666,0.13875573928121324,7.206909099257666,0.13875573928121324,0.13850125546128883,,0.00443819781948207,0.00443819781948207,0,0,0,1,0
2024-06-18,17.65,768213533,13576575173.7,7.307091051507,2.4154618952448796,,2.9965626757580175,,,,,,,,,,7.2936895413932215,,,,,0.1371048211367909,2.9666230834285496,,2.419900093064359,2.419900093064359,TTM_CFPS_from_OpCF,2.419900093064359,TTM_CFPS_from_OpCF,7.2936895413932215,0.1371048211367909,7.2936895413932215,0.1371048211367909,0.13685336516968158,,0.004438197819479406,0.004438197819479406,0,0,0,1,0
2024-06-19,16.635,768213533,12795825949.83,6.88688156610873,2.415461895244877,,2.9965626757580175,,,,,,,,,,6.8742507377380315,,,,,0.1454703993426125,2.9666230834285496,,2.419900093064359,2.419900093064359,TTM_CFPS_from_OpCF,2.419900093064359,TTM_CFPS_from_OpCF,6.8742507377380315,0.1454703993426125,6.8742507377380315,0.1454703993426125,0.14520360055574855,,0.00443819781948207,0.00443819781948207,0,0,0,1,0
2024-06-20,17.045,768213533,13111202483.6099,7.05662135824005,2.4154618952448788,,2.9965626757580175,,,,,,,,,,7.04367922000269,,,,,0.14197125802665642,2.9666230834285496,,2.419900093064359,2.419900093064359,TTM_CFPS_from_OpCF,2.419900093064359,TTM_CFPS_from_OpCF,7.04367922000269,0.14197125802665642,7.04367922000269,0.14197125802665642,0.14171087681108116,,0.004438197819480294,0.004438197819480294,0,0,0,1,0
2024-06-24,16.785,768213533,12911207608.5299,6.94898149005921,2.4154618952448788,,2.9965626757580175,,,,,,,,,,6.936236767834857,,,,,0.1441703957738671,2.9666230834285496,,2.419900093064359,2.419900093064359,TTM_CFPS_from_OpCF,2.419900093064359,TTM_CFPS_from_OpCF,6.936236767834857,0.1441703957738671,6.936236767834857,0.1441703957738671,0.1439059812478331,,0.004438197819480294,0.004438197819480294,0,0,0,1,0
2024-06-25,16.855,768213533,12965052382.59,6.97796145456944,2.415461895244877,,2.9965626757580175,,,,,,,,,,6.965163581880043,,,,,0.14357164598423963,2.9666230834285496,,2.419900093064359,2.419900093064359,TTM_CFPS_from_OpCF,2.419900093064359,TTM_CFPS_from_OpCF,6.965163581880043,0.14357164598423963,6.965163581880043,0.14357164598423963,0.143308329590322,,0.00443819781948207,0.00443819781948207,0,0,0,1,0
2024-06-26,16.71,768213533,12853516779.1799,6.91793152808397,2.415461895244878,,2.9965626757580175,,,,,,,,,,6.905243752786444,,,,,0.1448174801355092,2.9666230834285496,,2.419900093064359,2.419900093064359,TTM_CFPS_from_OpCF,2.419900093064359,TTM_CFPS_from_OpCF,6.905243752786444,0.1448174801355092,6.905243752786444,0.1448174801355092,0.14455187882973536,,0.004438197819481182,0.004438197819481182,0,0,0,1,0
2024-06-27,16.78,768213533,12907361553.24,6.9469114925942,2.4154618952448765,,2.9965626757580175,,,,,,,,,,6.9341705668316305,,,,,0.1442133547714159,2.9666230834285496,,2.419900093064359,2.419900093064359,TTM_CFPS_from_OpCF,2.419900093064359,TTM_CFPS_from_OpCF,6.9341705668316305,0.1442133547714159,6.9341705668316305,0.1442133547714159,0.14394886145678643,,0.0044381978194825145,0.0044381978194825145,0,0,0,1,0
2024-06-28,16.625,768213533,12788133839.2499,6.88274157117869,2.4154618952448796,,2.9965626757580175,,,,,,,,,,6.870118335731576,,,,,0.1455579003346983,2.9666230834285496,,2.419900093064359,2.419900093064359,TTM_CFPS_from_OpCF,2.419900093064359,TTM_CFPS_from_OpCF,6.870118335731576,0.1455579003346983,6.870118335731576,0.1455579003346983,0.14529094106736118,,0.004438197819479406,0.004438197819479406,0,0,0,1,0
2024-07-01,16.86,768215734,12968898437.88,6.98003145203445,2.415461895244879,,2.996554090364413,,,,,,,,,,8.92019096090909,,,,,0.11210522335029542,2.966614583814291,,1.8900940656859808,1.8900940656859808,TTM_CFPS_from_OpCF,1.8900940656859808,TTM_CFPS_from_OpCF,8.92019096090909,0.11210522335029542,8.92019096090909,0.11210522335029542,0.14326583008569865,,-0.5253678295588984,-0.5253678295588984,0,0,0,1,0
2024-07-02,17.46,768215734,13430425072.6799,7.22843114783639,2.4154618952448788,,2.996554090364413,,,,,,,,,,9.23763547909091,,,,,0.10825281017674575,2.966614583814291,,1.8900940656859808,1.8900940656859808,TTM_CFPS_from_OpCF,1.8900940656859808,TTM_CFPS_from_OpCF,9.23763547909091,0.10825281017674575,9.23763547909091,0.10825281017674575,0.1383426056841282,,-0.5253678295588979,-0.5253678295588979,0,0,0,1,0
2024-07-03,17.53,768215734,13484269846.74,7.25741111234662,2.4154618952448774,,2.996554090364413,,,,,,,,,,9.27467067287879,,,,,0.10782053997067774,2.966614583814291,,1.8900940656859808,1.8900940656859808,TTM_CFPS_from_OpCF,1.8900940656859808,TTM_CFPS_from_OpCF,9.27467067287879,0.10782053997067774,9.27467067287879,0.10782053997067774,0.13779018227295364,,-0.5253678295588966,-0.5253678295588966,0,0,0,1,0
2024-07-04,17.86,768215734,13738109495.8799,7.39403094503768,2.415461895244879,,2.996554090364413,,,,,,,,,,9.449265157878788,,,,,0.10582833514479176,2.966614583814291,,1.8900940656859808,1.8900940656859808,TTM_CFPS_from_OpCF,1.8900940656859808,TTM_CFPS_from_OpCF,9.449265157878788,0.10582833514479176,9.449265157878788,0.10582833514479176,0.13524422705738406,,-0.5253678295588984,-0.5253678295588984,0,0,0,1,0
2024-07-05,17.695,768215734,13611189671.3099,7.32572102869215,2.4154618952448783,,2.996554090364413,,,,,,,,,,9.361967915378788,,,,,0.1068151492334547,2.966614583814291,,1.8900940656859808,1.8900940656859808,TTM_CFPS_from_OpCF,1.8900940656859808,TTM_CFPS_from_OpCF,9.361967915378788,0.1068151492334547,9.361967915378788,0.1068151492334547,0.13650533457162353,,-0.5253678295588975,-0.5253678295588975,0,0,0,1,0
2024-07-08,17.35,768215734,13345811856.3,7.18289120360604,2.415461895244877,,2.996554090364413,,,,,,,,,,9.179437317424243,,,,,0.10893913923262136,2.966614583814291,,1.8900940656859808,1.8900940656859808,TTM_CFPS_from_OpCF,1.8900940656859808,TTM_CFPS_from_OpCF,9.179437317424243,0.10893913923262136,9.179437317424243,0.10893913923262136,0.1392197057778027,,-0.5253678295588962,-0.5253678295588962,0,0,0,1,0
2024-07-09,16.97,768215734,13053511654.26,7.02557139626481,2.415461895244878,,2.996554090364413,,,,,,,,,,8.978389122575757,,,,,0.11137855425374077,2.966614583814291,,1.8900940656859808,1.8900940656859808,TTM_CFPS_from_OpCF,1.8900940656859808,TTM_CFPS_from_OpCF,8.978389122575757,0.11137855425374077,8.978389122575757,0.11137855425374077,0.1423371770916251,,-0.525367829558897,-0.525367829558897,0,0,0,1,0
2024-07-10,16.66,768215734,12815056226.28,6.89723155343381,2.4154618952448774,,2.996554090364413,,,,,,,,,,8.814376121515151,,,,,0.11345102435089921,2.966614583814291,,1.8900940656859808,1.8900940656859808,TTM_CFPS_from_OpCF,1.8900940656859808,TTM_CFPS_from_OpCF,8.814376121515151,0.11345102435089921,8.814376121515151,0.11345102435089921,0.14498570799789182,,-0.5253678295588966,-0.5253678295588966,0,0,0,1,0
2024-07-11,16.475,768215734,12672752180.5499,6.82064164722821,2.4154618952448783,,2.996554090364413,,,,,,,,,,8.71649739507576,,,,,0.11472498122524921,2.966614583814291,,1.8900940656859808,1.8900940656859808,TTM_CFPS_from_OpCF,1.8900940656859808,TTM_CFPS_from_OpCF,8.71649739507576,0.11472498122524921,8.71649739507576,0.11472498122524921,0.14661377209377105,,-0.5253678295588975,-0.5253678295588975,0,0,0,1,0
2024-07-12,16.97,768215734,13053511654.26,7.02557139626481,2.415461895244878,,2.996554090364413,,,,,,,,,,8.978389122575757,,,,,0.11137855425374077,2.966614583814291,,1.8900940656859808,1.8900940656859808,TTM_CFPS_from_OpCF,1.8900940656859808,TTM_CFPS_from_OpCF,8.978389122575757,0.11137855425374077,8.978389122575757,0.11137855425374077,0.1423371770916251,,-0.525367829558897,-0.525367829558897,0,0,0,1,0
2024-07-15,16.89,768215734,12991974769.62,6.99245143682455,2.4154618952448783,,2.996554090364413,,,,,,,,,,8.936063186818183,,,,,0.11190610217205334,2.966614583814291,,1.8900940656859808,1.8900940656859808,TTM_CFPS_from_OpCF,1.8900940656859808,TTM_CFPS_from_OpCF,8.936063186818183,0.11190610217205334,8.936063186818183,0.11190610217205334,0.14301136147098156,,-0.5253678295588975,-0.5253678295588975,0,0,0,1,0
2024-07-16,16.96,768215734,13045819543.68,7.02143140133477,2.4154618952448805,,2.996554090364413,,,,,,,,,,8.97309838060606,,,,,0.11144422557110735,2.966614583814291,,1.8900940656859808,1.8900940656859808,TTM_CFPS_from_OpCF,1.8900940656859808,TTM_CFPS_from_OpCF,8.97309838060606,0.11144422557110735,8.97309838060606,0.11144422557110735,0.142421102313967,,-0.5253678295588997,-0.5253678295588997,0,0,0,1,0
2024-07-17,17.35,768215734,13345811856.3,7.18289120360604,2.415461895244877,,2.996554090364413,,,,,,,,,,9.179437317424243,,,,,0.10893913923262136,2.966614583814291,,1.8900940656859808,1.8900940656859808,TTM_CFPS_from_OpCF,1.8900940656859808,TTM_CFPS_from_OpCF,9.179437317424243,0.10893913923262136,9.179437317424243,0.10893913923262136,0.1392197057778027,,-0.5253678295588962,-0.5253678295588962,0,0,0,1,0
2024-07-18,17.76,768215734,13661188390.08,7.35263099573736,2.4154618952448788,,2.996554090364413,,,,,,,,,,9.39635773818182,,,,,0.10642421541024666,2.966614583814291,,1.8900940656859808,1.8900940656859808,TTM_CFPS_from_OpCF,1.8900940656859808,TTM_CFPS_from_OpCF,9.39635773818182,0.10642421541024666,9.39635773818182,0.10642421541024666,0.1360057373448693,,-0.5253678295588979,-0.5253678295588979,0,0,0,1,0
2024-07-19,17.4,768215734,13384272409.2,7.2035911782562,2.415461895244877,,2.996554090364413,,,,,,,,,,9.205891027272727,,,,,0.10862609572907937,2.966614583814291,,1.8900940656859808,1.8900940656859808,TTM_CFPS_from_OpCF,1.8900940656859808,TTM_CFPS_from_OpCF,9.205891027272727,0.10862609572907937,9.205891027272727,0.10862609572907937,0.13881964915200443,,-0.5253678295588962,-0.5253678295588962,0,0,0,1,0
2024-07-22,17.3,768215734,13307351303.4,7.16219122895587,2.4154618952448796,,2.996554090364413,,,,,,,,,,9.152983607575758,,,,,0.10925399223618386,2.966614583814291,,1.8900940656859808,1.8900940656859808,TTM_CFPS_from_OpCF,1.8900940656859808,TTM_CFPS_from_OpCF,9.152983607575758,0.10925399223618386,9.152983607575758,0.10925399223618386,0.13962207486964623,,-0.5253678295588988,-0.5253678295588988,0,0,0,1,0
2024-07-23,17.045,768215734,13111202483.6099,7.05662135824005,2.4154618952448788,,2.996554090364413,,,,,,,,,,9.018069687348486,,,,,0.11088847554625876,2.966614583814291,,1.8900940656859808,1.8900940656859808,TTM_CFPS_from_OpCF,1.8900940656859808,TTM_CFPS_from_OpCF,9.018069687348486,0.11088847554625876,9.018069687348486,0.11088847554625876,0.14171087681108116,,-0.5253678295588979,-0.5253678295588979,0,0,0,1,0
2024-07-24,17.3,768215734,13307351303.3999,7.16219122895587,2.4154618952448796,,2.996554090364413,,,,,,,,,,9.152983607575758,,,,,0.10925399223618386,2.966614583814291,,1.8900940656859808,1.8900940656859808,TTM_CFPS_from_OpCF,1.8900940656859808,TTM_CFPS_from_OpCF,9.152983607575758,0.10925399223618386,9.152983607575758,0.10925399223618386,0.13962207486964623,,-0.5253678295588988,-0.5253678295588988,0,0,0,1,0
2024-07-25,18.115,768215734,13934258315.67,7.49960081575351,2.415461895244877,,2.996554090364413,,,,,,,,,,9.58417907810606,,,,,0.10433861803400392,2.966614583814291,,1.8900940656859808,1.8900940656859808,TTM_CFPS_from_OpCF,1.8900940656859808,TTM_CFPS_from_OpCF,9.58417907810606,0.10433861803400392,9.58417907810606,0.10433861803400392,0.13334043031989384,,-0.5253678295588962,-0.5253678295588962,0,0,0,1,0
2024-07-26,19.01,768215734,14622702212.5799,10.1055302091085,1.88114820367026,,2.996554090364413,,,,,,,,,,10.05770048439394,,,,,0.0994263054016823,2.966614583814291,,1.8900940656859808,1.8900940656859808,TTM_CFPS_from_OpCF,1.8900940656859808,TTM_CFPS_from_OpCF,10.05770048439394,0.0994263054016823,10.05770048439394,0.0994263054016823,0.09895571823620515,,0.008945862015720785,0.008945862015720785,0,0,0,1,0
2024-07-29,18.735,768215734,14411169171.6299,9.95934289677264,1.8811482036702585,,2.996554090364413,,,,,,,,,,9.912205080227272,,,,,0.10088572541691918,2.966614583814291,,1.8900940656859808,1.8900940656859808,TTM_CFPS_from_OpCF,1.8900940656859808,TTM_CFPS_from_OpCF,9.912205080227272,0.10088572541691918,9.912205080227272,0.10088572541691918,0.10040823078037142,,0.008945862015722339,0.008945862015722339,0,0,0,1,0
2024-07-30,18.35,768215734,14115022914.3,9.75468065950243,1.8811482036702578,,2.996554090364413,,,,,,,,,,9.70851151439394,,,,,0.10300240139978097,2.966614583814291,,1.8900940656859808,1.8900940656859808,TTM_CFPS_from_OpCF,1.8900940656859808,TTM_CFPS_from_OpCF,9.70851151439394,0.10300240139978097,9.70851151439394,0.10300240139978097,0.10251488848339278,,0.008945862015723005,0.008945862015723005,0,0,0,1,0
2024-07-31,18.66,768215734,14353478342.2799,9.91947362977195,1.8811482036702583,,2.996554090364413,,,,,,,,,,9.872524515454545,,,,,0.10129121466698718,2.966614583814291,,1.8900940656859808,1.8900940656859808,TTM_CFPS_from_OpCF,1.8900940656859808,TTM_CFPS_from_OpCF,9.872524515454545,0.10129121466698718,9.872524515454545,0.10129121466698718,0.10081180083977805,,0.008945862015722561,0.008945862015722561,0,0,0,1,0
2024-08-01,18.43,768215734,14176559798.94,9.7972078776365,1.8811482036702576,,2.996554090364413,,,,,,,,,,9.750837450151515,,,,,0.10255529385165388,2.966614583814291,,1.8900940656859808,1.8900940656859808,TTM_CFPS_from_OpCF,1.8900940656859808,TTM_CFPS_from_OpCF,9.750837450151515,0.10255529385165388,9.750837450151515,0.10255529385165388,0.10206989710636233,,0.008945862015723227,0.008945862015723227,0,0,0,1,0
2024-08-02,18.0,768215734,13845799044.0,9.56862408016587,1.8811482036702578,,2.996554090364413,,,,,,,,,,9.523335545454545,,,,,0.10500522587144338,2.966614583814291,,1.8900940656859808,1.8900940656859808,TTM_CFPS_from_OpCF,1.8900940656859808,TTM_CFPS_from_OpCF,9.523335545454545,0.10500522587144338,9.523335545454545,0.10500522587144338,0.10450823353723655,,0.008945862015723005,0.008945862015723005,0,0,0,1,0
2024-08-05,17.525,768215734,13480423791.45,9.31611872249483,1.8811482036702571,,2.996554090364413,,,,,,,,,,9.272025301893938,,,,,0.10785130189363658,2.966614583814291,,1.8900940656859808,1.8900940656859808,TTM_CFPS_from_OpCF,1.8900940656859808,TTM_CFPS_from_OpCF,9.272025301893938,0.10785130189363658,9.272025301893938,0.10785130189363658,0.10734083901114164,,0.008945862015723671,0.008945862015723671,0,0,0,1,0
2024-08-06,17.945,768215734,13803492435.81,9.53938661769869,1.8811482036702591,,2.996554090364413,,,,,,,,,,9.494236464621212,,,,,0.10532705855034721,2.966614583814291,,1.8900940656859808,1.8900940656859808,TTM_CFPS_from_OpCF,1.8900940656859808,TTM_CFPS_from_OpCF,9.494236464621212,0.10532705855034721,9.494236464621212,0.10532705855034721,0.10482854297410192,,0.008945862015721673,0.008945862015721673,0,0,0,1,0
2024-08-07,18.06,768215734,13891951707.4799,9.60051949376642,1.8811482036702583,,2.996554090364413,,,,,,,,,,9.555079997272728,,,,,0.10465637130044192,2.966614583814291,,1.8900940656859808,1.8900940656859808,TTM_CFPS_from_OpCF,1.8900940656859808,TTM_CFPS_from_OpCF,9.555079997272728,0.10465637130044192,9.555079997272728,0.10465637130044192,0.10416103010355805,,0.008945862015722561,0.008945862015722561,0,0,0,1,0
2024-08-08,18.51,768215734,14238096683.58,9.83973509577057,1.881148203670258,,2.996554090364413,,,,,,,,,,9.793163385909091,,,,,0.10211205109054461,2.966614583814291,,1.8900940656859808,1.8900940656859808,TTM_CFPS_from_OpCF,1.8900940656859808,TTM_CFPS_from_OpCF,9.793163385909091,0.10211205109054461,9.793163385909091,0.10211205109054461,0.10162875222421706,,0.008945862015722783,0.008945862015722783,0,0,0,1,0
2024-08-09,18.49,768215734,14222712462.42,9.82910329123705,1.881148203670258,,2.996554090364413,,,,,,,,,,9.782581901969696,,,,,0.10222250220043164,2.966614583814291,,1.8900940656859808,1.8900940656859808,TTM_CFPS_from_OpCF,1.8900940656859808,TTM_CFPS_from_OpCF,9.782581901969696,0.10222250220043164,9.782581901969696,0.10222250220043164,0.10173868056626599,,0.008945862015722783,0.008945862015722783,0,0,0,1,0
2024-08-12,18.205,768215734,14003487310.89,9.67760007663443,1.8811482036702567,,2.996554090364413,,,,,,,,,,9.631795755833332,,,,,0.10382279954331124,2.966614583814291,,1.8900940656859808,1.8900940656859808,TTM_CFPS_from_OpCF,1.8900940656859808,TTM_CFPS_from_OpCF,9.631795755833332,0.10382279954331124,9.631795755833332,0.10382279954331124,0.10333140366219484,,0.008945862015724115,0.008945862015724115,0,0,0,1,0
2024-08-13,19.36,768215734,14891926082.88,10.2915867884451,1.8811482036702523,,2.996554090364413,,,,,,,,,,10.242876453333333,,,,,0.0976288257069205,2.966614583814291,,1.8900940656859808,1.8900940656859808,TTM_CFPS_from_OpCF,1.8900940656859808,TTM_CFPS_from_OpCF,10.242876453333333,0.0976288257069205,10.242876453333333,0.0976288257069205,0.09716674605734774,,0.008945862015728556,0.008945862015728556,0,0,0,1,0
2024-08-14,19.21,768215734,14776544424.1799,10.2118482544437,1.8811482036702556,,2.996554090364413,,,,,,,,,,10.163515323787879,,,,,0.09839115386184179,2.966614583814291,,1.8900940656859808,1.8900940656859808,TTM_CFPS_from_OpCF,1.8900940656859808,TTM_CFPS_from_OpCF,10.163515323787879,0.09839115386184179,10.163515323787879,0.09839115386184179,0.09792546609423507,,0.008945862015725226,0.008945862015725226,0,0,0,1,0
2024-08-15,19.835,768215734,15257301335.43,10.5440921461161,1.8811482036702603,,2.996554090364413,,,,,,,,,,10.49418669689394,,,,,0.09529085282006457,2.966614583814291,,1.8900940656859808,1.8900940656859808,TTM_CFPS_from_OpCF,1.8900940656859808,TTM_CFPS_from_OpCF,10.49418669689394,0.09529085282006457,10.49418669689394,0.09529085282006457,0.094839838854059,,0.008945862015720563,0.008945862015720563,0,0,0,1,0
2024-08-16,19.845,768215734,15264993446.01,10.5494080483829,1.881148203670253,,2.996554090364413,,,,,,,,,,10.499477438863636,,,,,0.09524283525754502,2.966614583814291,,1.8900940656859808,1.8900940656859808,TTM_CFPS_from_OpCF,1.8900940656859808,TTM_CFPS_from_OpCF,10.499477438863636,0.09524283525754502,10.499477438863636,0.09524283525754502,0.0947920485598515,,0.00894586201572789,0.00894586201572789,0,0,0,1,0
2024-08-19,20.22,768215734,15553447592.76,10.7487543833863,1.8811482036702625,,2.996554090364413,,,,,,,,,,10.697880262727272,,,,,0.09347646220009796,2.966614583814291,,1.8900940656859808,1.8900940656859808,TTM_CFPS_from_OpCF,1.8900940656859808,TTM_CFPS_from_OpCF,10.697880262727272,0.09347646220009796,10.697880262727272,0.09347646220009796,0.09303403578982505,,0.008945862015718342,0.008945862015718342,0,0,0,1,0
2024-08-20,19.9,768215734,15307300054.2,10.57864551085,1.8811482036702658,,2.996554090364413,,,,,,,,,,10.52857651969697,,,,,0.09497960129075281,2.966614583814291,,1.8900940656859808,1.8900940656859808,TTM_CFPS_from_OpCF,1.8900940656859808,TTM_CFPS_from_OpCF,10.52857651969697,0.09497960129075281,10.52857651969697,0.09497960129075281,0.09453006048594301,,0.008945862015715011,0.008945862015715011,0,0,0,1,0
2024-08-21,19.97,768215734,15361144828.26,10.6158568267174,1.8811482036702503,,2.996554090364413,,,,,,,,,,10.565611713484849,,,,,0.09464667329424041,2.966614583814291,,1.8900940656859808,1.8900940656859808,TTM_CFPS_from_OpCF,1.8900940656859808,TTM_CFPS_from_OpCF,10.565611713484849,0.09464667329424041,10.565611713484849,0.09464667329424041,0.09419870824588134,,0.008945862015730555,0.008945862015730555,0,0,0,1,0
2024-08-22,19.905,768215734,15311146109.4899,10.5813034619834,1.8811482036702625,,2.996554090364413,,,,,,,,,,10.531221890681818,,,,,0.09495574306385234,2.966614583814291,,1.8900940656859808,1.8900940656859808,TTM_CFPS_from_OpCF,1.8900940656859808,TTM_CFPS_from_OpCF,10.531221890681818,0.09495574306385234,10.531221890681818,0.09495574306385234,0.09450631518062107,,0.008945862015718342,0.008945862015718342,0,0,0,1,0
2024-08-23,20.17,768215734,15514987039.86,10.7221748720525,1.8811482036702638,,2.996554090364413,,,,,,,,,,10.671426552878788,,,,,0.09370818372265645,2.966614583814291,,1.8900940656859808,1.8900940656859808,TTM_CFPS_from_OpCF,1.8900940656859808,TTM_CFPS_from_OpCF,10.671426552878788,0.09370818372265645,10.671426552878788,0.09370818372265645,0.09326466056867941,,0.00894586201571701,0.00894586201571701,0,0,0,1,0
2024-08-26,20.12,768215734,15476526486.9599,10.6955953607187,1.881148203670265,,2.996554090364413,,,,,,,,,,10.644972843030304,,,,,0.09394105694264318,2.966614583814291,,1.8900940656859808,1.8900940656859808,TTM_CFPS_from_OpCF,1.8900940656859808,TTM_CFPS_from_OpCF,10.644972843030304,0.09394105694264318,10.644972843030304,0.09394105694264318,0.09349643159394953,,0.0089458620157159,0.0089458620157159,0,0,0,1,0
2024-08-27,20.79,768215734,15991897895.8199,11.0517608125916,1.8811482036702545,,2.996554090364413,,,,,,,,,,10.999452555,,,,,0.09091361547311115,2.966614583814291,,1.8900940656859808,1.8900940656859808,TTM_CFPS_from_OpCF,1.8900940656859808,TTM_CFPS_from_OpCF,10.999452555,0.09091361547311115,10.999452555,0.09091361547311115,0.09048331907985832,,0.008945862015726336,0.008945862015726336,0,0,0,1,0
2024-08-28,20.85,768215734,16038050559.3,11.0836562261921,1.8811482036702638,,2.996554090364413,,,,,,,,,,11.031197006818182,,,,,0.09065199355808061,2.966614583814291,,1.8900940656859808,1.8900940656859808,TTM_CFPS_from_OpCF,1.8900940656859808,TTM_CFPS_from_OpCF,11.031197006818182,0.09065199355808061,11.031197006818182,0.09065199355808061,0.09022293542783039,,0.00894586201571701,0.00894586201571701,0,0,0,1,0
2024-08-29,21.84,768215734,16799569506.72,11.6099305506013,1.8811482036702507,,2.996554090364413,,,,,,,,,,11.554980461818182,,,,,0.08654276857536543,2.966614583814291,,1.8900940656859808,1.8900940656859808,TTM_CFPS_from_OpCF,1.8900940656859808,TTM_CFPS_from_OpCF,11.554980461818182,0.08654276857536543,11.554980461818182,0.08654276857536543,0.08613315950871112,,0.00894586201573011,0.00894586201573011,0,0,0,1,0
2024-08-30,21.15,768215734,16268813876.7,11.2431332941949,1.8811482036702574,,2.996554090364413,,,,,,,,,,11.18991926590909,,,,,0.08936614967782416,2.966614583814291,,1.8900940656859808,1.8900940656859808,TTM_CFPS_from_OpCF,1.8900940656859808,TTM_CFPS_from_OpCF,11.18991926590909,0.08936614967782416,11.18991926590909,0.08936614967782416,0.08894317747849917,,0.00894586201572345,0.00894586201572345,0,0,0,1,0
2024-09-02,20.79,768215734,15991897895.8199,11.0517608125916,1.8811482036702545,,2.996554090364413,,,,,,,,,,10.999452555,,,,,0.09091361547311115,2.966614583814291,,1.8900940656859808,1.8900940656859808,TTM_CFPS_from_OpCF,1.8900940656859808,TTM_CFPS_from_OpCF,10.999452555,0.09091361547311115,10.999452555,0.09091361547311115,0.09048331907985832,,0.008945862015726336,0.008945862015726336,0,0,0,1,0
2024-09-03,20.23,768215734,15561139703.3399,10.7540702856531,1.8811482036702556,,2.996554090364413,,,,,,,,,,10.703171004696971,,,,,0.09343025534779935,2.966614583814291,,1.8900940656859808,1.8900940656859808,TTM_CFPS_from_OpCF,1.8900940656859808,TTM_CFPS_from_OpCF,10.703171004696971,0.09343025534779935,10.703171004696971,0.09343025534779935,0.0929880476357022,,0.008945862015725226,0.008945862015725226,0,0,0,1,0
2024-09-04,19.14,768215734,14722699650.12,10.1746369385764,1.8811482036702534,,2.996554090364413,,,,,,,,,,10.126480130000001,,,,,0.09875099611734486,2.966614583814291,,1.8900940656859808,1.8900940656859808,TTM_CFPS_from_OpCF,1.8900940656859808,TTM_CFPS_from_OpCF,10.126480130000001,0.09875099611734486,10.126480130000001,0.09875099611734486,0.09828360520743225,,0.008945862015727446,0.008945862015727446,0,0,0,1,0
2024-09-05,19.13,768215734,14715007539.5399,10.1693210363096,1.8811482036702607,,2.996554090364413,,,,,,,,,,10.121189388030302,,,,,0.09880261712942921,2.966614583814291,,1.8900940656859808,1.8900940656859808,TTM_CFPS_from_OpCF,1.8900940656859808,TTM_CFPS_from_OpCF,10.121189388030302,0.09880261712942921,10.121189388030302,0.09880261712942921,0.09833498189598854,,0.008945862015720119,0.008945862015720119,0,0,0,1,0
2024-09-06,18.26,768215734,14045793919.08,9.7068375391016,1.8811482036702578,,2.996554090364413,,,,,,,,,,9.660894836666667,,,,,0.10351008026757835,2.966614583814291,,1.8900940656859808,1.8900940656859808,TTM_CFPS_from_OpCF,1.8900940656859808,TTM_CFPS_from_OpCF,9.660894836666667,0.10351008026757835,9.660894836666667,0.10351008026757835,0.10302016449453766,,0.008945862015723005,0.008945862015723005,0,0,0,1,0
2024-09-09,18.05,768215734,13884259596.9,9.59520359149966,1.881148203670259,,2.996554090364413,,,,,,,,,,9.54978925530303,,,,,0.10471435266958343,2.966614583814291,,1.8900940656859808,1.8900940656859808,TTM_CFPS_from_OpCF,1.8900940656859808,TTM_CFPS_from_OpCF,9.54978925530303,0.10471435266958343,9.54978925530303,0.10471435266958343,0.1042187370454437,,0.008945862015721895,0.008945862015721895,0,0,0,1,0
2024-09-10,17.75,768215734,13653496279.5,9.4357265234969,1.8811482036702578,,2.996554090364413,,,,,,,,,,9.391066996212121,,,,,0.10648417271470315,2.966614583814291,,1.8900940656859808,1.8900940656859808,TTM_CFPS_from_OpCF,1.8900940656859808,TTM_CFPS_from_OpCF,9.391066996212121,0.10648417271470315,9.391066996212121,0.10648417271470315,0.10598018048846523,,0.008945862015723005,0.008945862015723005,0,0,0,1,0
2024-09-11,16.055,768215734,12349683536.1899,8.53468108928128,1.8811482036702578,,2.996554090364413,,,,,,,,,,8.494286232348484,,,,,0.11772619530899912,2.966614583814291,,1.8900940656859808,1.8900940656859808,TTM_CFPS_from_OpCF,1.8900940656859808,TTM_CFPS_from_OpCF,8.494286232348484,0.11772619530899912,8.494286232348484,0.11772619530899912,0.11716899431144552,,0.008945862015723005,0.008945862015723005,0,0,0,1,0
2024-09-12,15.585,768215734,11988154338.93,8.28483368274362,1.881148203670257,,2.996554090364413,,,,,,,,,,8.245621359772727,,,,,0.1212764880132166,2.966614583814291,,1.8900940656859808,1.8900940656859808,TTM_CFPS_from_OpCF,1.8900940656859808,TTM_CFPS_from_OpCF,8.245621359772727,0.1212764880132166,8.245621359772727,0.1212764880132166,0.12070248339238093,,0.008945862015723893,0.008945862015723893,0,0,0,1,0
2024-09-13,16.0,768215734,12307376927.9999,8.5054436268141,1.8811482036702591,,2.996554090364413,,,,,,,,,,8.46518715151515,,,,,0.1181308791053738,2.966614583814291,,1.8900940656859808,1.8900940656859808,TTM_CFPS_from_OpCF,1.8900940656859808,TTM_CFPS_from_OpCF,8.46518715151515,0.1181308791053738,8.46518715151515,0.1181308791053738,0.1175717627293912,,0.008945862015721673,0.008945862015721673,0,0,0,1,0
2024-09-16,16.265,768215734,12511217858.37,8.64631503688322,1.881148203670257,,2.996554090364413,,,,,,,,,,8.605391813712123,,,,,0.11620621369111471,2.966614583814291,,1.8900940656859808,1.8900940656859808,TTM_CFPS_from_OpCF,1.8900940656859808,TTM_CFPS_from_OpCF,8.605391813712123,0.11620621369111471,8.605391813712123,0.11620621369111471,0.11565620680419655,,0.008945862015723893,0.008945862015723893,0,0,0,1,0
2024-09-17,16.26,768215734,12507371803.0799,8.64365708574983,1.8811482036702594,,2.996554090364413,,,,,,,,,,8.602746442727273,,,,,0.1162419474591624,2.966614583814291,,1.8900940656859808,1.8900940656859808,TTM_CFPS_from_OpCF,1.8900940656859808,TTM_CFPS_from_OpCF,8.602746442727273,0.1162419474591624,8.602746442727273,0.1162419474591624,0.11569177144343538,,0.00894586201572145,0.00894586201572145,0,0,0,1,0
2024-09-18,16.315,768215734,12549678411.27,8.67289454821701,1.8811482036702578,,2.996554090364413,,,,,,,,,,8.631845523560607,,,,,0.11585008064272023,2.966614583814291,,1.8900940656859808,1.8900940656859808,TTM_CFPS_from_OpCF,1.8900940656859808,TTM_CFPS_from_OpCF,8.631845523560607,0.11585008064272023,8.631845523560607,0.11585008064272023,0.1153017593423388,,0.008945862015723005,0.008945862015723005,0,0,0,1,0
2024-09-19,16.795,768215734,12918899719.11,8.92805785702143,1.8811482036702585,,2.996554090364413,,,,,,,,,,8.885801138106062,,,,,0.11253909292563148,2.966614583814291,,1.8900940656859808,1.8900940656859808,TTM_CFPS_from_OpCF,1.8900940656859808,TTM_CFPS_from_OpCF,8.885801138106062,0.11253909292563148,8.885801138106062,0.11253909292563148,0.11200644261210231,,0.008945862015722339,0.008945862015722339,0,0,0,1,0
2024-09-20,16.72,768215734,12861208889.76,8.88818859002074,1.8811482036702583,,2.996554090364413,,,,,,,,,,8.846120573333334,,,,,0.11304390345011847,2.966614583814291,,1.8900940656859808,1.8900940656859808,TTM_CFPS_from_OpCF,1.8900940656859808,TTM_CFPS_from_OpCF,8.846120573333334,0.11304390345011847,8.846120573333334,0.11304390345011847,0.11250886385587669,,0.008945862015722561,0.008945862015722561,0,0,0,1,0
2024-09-23,16.435,768215734,12641983738.2299,8.73668537541811,1.8811482036702587,,2.996554090364413,,,,,,,,,,8.695334427196968,,,,,0.11500420235387776,2.966614583814291,,1.8900940656859808,1.8900940656859808,TTM_CFPS_from_OpCF,1.8900940656859808,TTM_CFPS_from_OpCF,8.695334427196968,0.11500420235387776,8.695334427196968,0.11500420235387776,0.11445988461638326,,0.008945862015722117,0.008945862015722117,0,0,0,1,0
2024-09-24,16.725,768215734,12865054945.05,8.89084654115412,1.881148203670258,,2.996554090364413,,,,,,,,,,8.848765944318183,,,,,0.11301010856119466,2.966614583814291,,1.8900940656859808,1.8900940656859808,TTM_CFPS_from_OpCF,1.8900940656859808,TTM_CFPS_from_OpCF,8.848765944318183,0.11301010856119466,8.848765944318183,0.11301010856119466,0.11247522891899898,,0.008945862015722783,0.008945862015722783,0,0,0,1,0
2024-09-25,16.465,768215734,12665060069.97,8.75263308221839,1.8811482036702583,,2.996554090364413,,,,,,,,,,8.71120665310606,,,,,0.11479465931891776,2.966614583814291,,1.8900940656859808,1.8900940656859808,TTM_CFPS_from_OpCF,1.8900940656859808,TTM_CFPS_from_OpCF,8.71120665310606,0.11479465931891776,8.71120665310606,0.11479465931891776,0.11425133335379643,,0.008945862015722561,0.008945862015722561,0,0,0,1,0
2024-09-26,16.65,768215734,12807364115.7,8.85097727415343,1.8811482036702578,,2.996554090364413,,,,,,,,,,8.809085379545454,,,,,0.11351916310426312,2.966614583814291,,1.8900940656859808,1.8900940656859808,TTM_CFPS_from_OpCF,1.8900940656859808,TTM_CFPS_from_OpCF,8.809085379545454,0.11351916310426312,8.809085379545454,0.11351916310426312,0.11298187409430979,,0.008945862015723005,0.008945862015723005,0,0,0,1,0
2024-09-27,17.195,768215734,13226584142.31,9.14069394769178,1.881148203670259,,2.996554090364413,,,,,,,,,,9.09743081689394,,,,,0.10992114368630304,2.966614583814291,,1.8900940656859808,1.8900940656859808,TTM_CFPS_from_OpCF,1.8900940656859808,TTM_CFPS_from_OpCF,9.09743081689394,0.10992114368630304,9.09743081689394,0.10992114368630304,0.10940088419134975,,0.008945862015721895,0.008945862015721895,0,0,0,1,0
2024-09-30,17.43,768215734,13407348740.94,9.26561765096062,1.8811482036702574,,2.996554090364413,,,,,,,,,,13.677221903595507,,,,,0.07311426304614661,2.966614583814291,,1.2743816048943355,1.2743816048943355,TTM_CFPS_from_OpCF,1.2743816048943355,TTM_CFPS_from_OpCF,13.677221903595507,0.07311426304614661,13.677221903595507,0.07311426304614661,0.10792588661332515,,-0.6067665987759219,-0.6067665987759219,0,0,0,1,0
2024-10-01,16.47,768215734,12668906125.26,8.75529103335177,1.8811482036702578,,2.996554090364413,,,,,,,,,,12.923915361573034,,,,,0.07737593229473805,2.966614583814291,,1.2743816048943355,1.2743816048943355,TTM_CFPS_from_OpCF,1.2743816048943355,TTM_CFPS_from_OpCF,12.923915361573034,0.07737593229473805,12.923915361573034,0.07737593229473805,0.11421664867457547,,-0.6067665987759223,-0.6067665987759223,0,0,0,1,0
2024-10-02,16.765,768215734,12895823387.3699,8.91211015022116,1.8811482036702571,,2.996554090364413,,,,,,,,,,13.155400184382025,,,,,0.07601441126718374,2.966614583814291,,1.2743816048943355,1.2743816048943355,TTM_CFPS_from_OpCF,1.2743816048943355,TTM_CFPS_from_OpCF,13.155400184382025,0.07601441126718374,13.155400184382025,0.07601441126718374,0.11220687167731924,,-0.6067665987759217,-0.6067665987759217,0,0,0,1,0
2024-10-03,16.845,768215734,12957360272.0099,8.95463736835522,1.8811482036702591,,2.996554090364413,,,,,,,,,,13.218175729550563,,,,,0.07565340486164059,2.966614583814291,,1.2743816048943355,1.2743816048943355,TTM_CFPS_from_OpCF,1.2743816048943355,TTM_CFPS_from_OpCF,13.218175729550563,0.07565340486164059,13.218175729550563,0.07565340486164059,0.1116739806275013,,-0.6067665987759236,-0.6067665987759236,0,0,0,1,0
2024-10-04,17.195,768215734,13226584142.3099,9.14069394769178,1.881148203670259,,2.996554090364413,,,,,,,,,,13.492818739662923,,,,,0.07411349839455281,2.966614583814291,,1.2743816048943355,1.2743816048943355,TTM_CFPS_from_OpCF,1.2743816048943355,TTM_CFPS_from_OpCF,13.492818739662923,0.07411349839455281,13.492818739662923,0.07411349839455281,0.10940088419134975,,-0.6067665987759234,-0.6067665987759234,0,0,0,1,0
2024-10-07,17.275,768215734,13288121026.9499,9.18322116582585,1.881148203670259,,2.996554090364413,,,,,,,,,,13.55559428483146,,,,,0.07377028103585155,2.966614583814291,,1.2743816048943355,1.2743816048943355,TTM_CFPS_from_OpCF,1.2743816048943355,TTM_CFPS_from_OpCF,13.55559428483146,0.07377028103585155,13.55559428483146,0.07377028103585155,0.10889425202143323,,-0.6067665987759234,-0.6067665987759234,0,0,0,1,0
2024-10-08,16.47,768215734,12668906125.26,8.75529103335177,1.8811482036702578,,2.996554090364413,,,,,,,,,,12.923915361573034,,,,,0.07737593229473805,2.966614583814291,,1.2743816048943355,1.2743816048943355,TTM_CFPS_from_OpCF,1.2743816048943355,TTM_CFPS_from_OpCF,12.923915361573034,0.07737593229473805,12.923915361573034,0.07737593229473805,0.11421664867457547,,-0.6067665987759223,-0.6067665987759223,0,0,0,1,0
2024-10-09,16.5,768215734,12691982456.9999,8.77123874015205,1.8811482036702574,,2.996554090364413,,,,,,,,,,12.947456191011236,,,,,0.07723524878147488,2.966614583814291,,1.2743816048943355,1.2743816048943355,TTM_CFPS_from_OpCF,1.2743816048943355,TTM_CFPS_from_OpCF,12.947456191011236,0.07723524878147488,12.947456191011236,0.07723524878147488,0.11400898204062165,,-0.6067665987759219,-0.6067665987759219,0,0,0,1,0
2024-10-10,16.765,768215734,12895823387.37,8.91211015022116,1.8811482036702571,,2.996554090364413,,,,,,,,,,13.155400184382025,,,,,0.07601441126718374,2.966614583814291,,1.2743816048943355,1.2743816048943355,TTM_CFPS_from_OpCF,1.2743816048943355,TTM_CFPS_from_OpCF,13.155400184382025,0.07601441126718374,13.155400184382025,0.07601441126718374,0.11220687167731924,,-0.6067665987759217,-0.6067665987759217,0,0,0,1,0
2024-10-11,17.14,768215734,13184277534.1199,9.11145648522461,1.8811482036702585,,2.996554090364413,,,,,,,,,,13.449660552359552,,,,,0.07435131883864267,2.966614583814291,,1.2743816048943355,1.2743816048943355,TTM_CFPS_from_OpCF,1.2743816048943355,TTM_CFPS_from_OpCF,13.449660552359552,0.07435131883864267,13.449660552359552,0.07435131883864267,0.10975193720363234,,-0.606766598775923,-0.606766598775923,0,0,0,1,0
2024-10-14,16.995,768215734,13072741930.71,9.03437590235661,1.8811482036702578,,2.996554090364413,,,,,,,,,,13.335879876741574,,,,,0.07498567842861638,2.966614583814291,,1.2743816048943355,1.2743816048943355,TTM_CFPS_from_OpCF,1.2743816048943355,TTM_CFPS_from_OpCF,13.335879876741574,0.07498567842861638,13.335879876741574,0.07498567842861638,0.11068833207827347,,-0.6067665987759223,-0.6067665987759223,0,0,0,1,0
2024-10-15,16.19,768215734,12453527029.02,8.60644576988252,1.8811482036702591,,2.996554090364413,,,,,,,,,,12.704200953483149,,,,,0.07871412012935981,2.966614583814291,,1.2743816048943355,1.2743816048943355,TTM_CFPS_from_OpCF,1.2743816048943355,TTM_CFPS_from_OpCF,12.704200953483149,0.07871412012935981,12.704200953483149,0.07871412012935981,0.11619198293207282,,-0.6067665987759236,-0.6067665987759236,0,0,0,1,0
2024-10-16,16.0,768215734,12307376927.9999,8.5054436268141,1.8811482036702591,,2.996554090364413,,,,,,,,,,12.555109033707867,,,,,0.07964885030589597,2.966614583814291,,1.2743816048943355,1.2743816048943355,TTM_CFPS_from_OpCF,1.2743816048943355,TTM_CFPS_from_OpCF,12.555109033707867,0.07964885030589597,12.555109033707867,0.07964885030589597,0.1175717627293912,,-0.6067665987759236,-0.6067665987759236,0,0,0,1,0
2024-10-17,15.955,768215734,12272762430.3899,8.48152206661369,1.8811482036702583,,2.996554090364413,,,,,,,,,,12.519797789550562,,,,,0.0798734945092031,2.966614583814291,,1.2743816048943355,1.2743816048943355,TTM_CFPS_from_OpCF,1.2743816048943355,TTM_CFPS_from_OpCF,12.519797789550562,0.0798734945092031,12.519797789550562,0.0798734945092031,0.11790336594611459,,-0.6067665987759228,-0.6067665987759228,0,0,0,1,0
2024-10-18,15.29,768215734,11761237076.8199,8.12801456587423,1.881148203670258,,2.996554090364413,,,,,,,,,,11.997976070337078,,,,,0.08334739077137578,2.966614583814291,,1.2743816048943355,1.2743816048943355,TTM_CFPS_from_OpCF,1.2743816048943355,TTM_CFPS_from_OpCF,11.997976070337078,0.08334739077137578,11.997976070337078,0.08334739077137578,0.12303127558340472,,-0.6067665987759225,-0.6067665987759225,0,0,0,1,0
2024-10-21,15.115,768215734,11626625141.67,8.03498627620595,1.881148203670258,,2.996554090364413,,,,,,,,,,11.8606545652809,,,,,0.08431237875582769,2.966614583814291,,1.2743816048943355,1.2743816048943355,TTM_CFPS_from_OpCF,1.2743816048943355,TTM_CFPS_from_OpCF,11.8606545652809,0.08431237875582769,11.8606545652809,0.08431237875582769,0.12445571972677857,,-0.6067665987759225,-0.6067665987759225,0,0,0,1,0
2024-10-22,15.375,768215734,11826620016.75,8.17319973514168,1.8811482036702583,,2.996554090364413,,,,,,,,,,12.064675087078653,,,,,0.08288660844841206,2.966614583814291,,1.2743816048943355,1.2743816048943355,TTM_CFPS_from_OpCF,1.2743816048943355,TTM_CFPS_from_OpCF,12.064675087078653,0.08288660844841206,12.064675087078653,0.08288660844841206,0.12235110267774037,,-0.6067665987759228,-0.6067665987759228,0,0,0,1,0
2024-10-23,15.24,768215734,11722776523.92,8.10143505454043,1.8811482036702596,,2.996554090364413,,,,,,,,,,11.958741354606742,,,,,0.08362084021616374,2.966614583814291,,1.2743816048943355,1.2743816048943355,TTM_CFPS_from_OpCF,1.2743816048943355,TTM_CFPS_from_OpCF,11.958741354606742,0.08362084021616374,11.958741354606742,0.08362084021616374,0.1234349215006732,,-0.6067665987759241,-0.6067665987759241,0,0,0,1,0
2024-10-24,14.39,768215734,11068947124.62,7.64958336186594,1.8811482036702574,,2.996554090364413,,,,,,,,,,11.291751187191013,,,,,0.08856022271677105,2.966614583814291,,1.2743816048943355,1.2743816048943355,TTM_CFPS_from_OpCF,1.2743816048943355,TTM_CFPS_from_OpCF,11.291751187191013,0.08856022271677105,11.291751187191013,0.08856022271677105,0.13072607391732155,,-0.6067665987759219,-0.6067665987759219,0,0,0,1,0
2024-10-25,14.79,768215734,11376631547.8199,11.6803198642916,1.2662324466999515,,2.996554090364413,,,,,,,,,,11.605628913033708,,,,,0.0861650848474872,2.966614583814291,,1.2743816048943355,1.2743816048943355,TTM_CFPS_from_OpCF,1.2743816048943355,TTM_CFPS_from_OpCF,11.605628913033708,0.0861650848474872,11.605628913033708,0.0861650848474872,0.08561409375929355,,0.008149158194383999,0.008149158194383999,0,0,0,1,0
2024-10-28,14.94,768215734,11492013206.52,11.7987815262012,1.266232446699957,,2.996554090364413,,,,,,,,,,11.72333306022472,,,,,0.08529997355383773,2.966614583814291,,1.2743816048943355,1.2743816048943355,TTM_CFPS_from_OpCF,1.2743816048943355,TTM_CFPS_from_OpCF,11.72333306022472,0.08529997355383773,11.72333306022472,0.08529997355383773,0.08475451450468253,,0.008149158194378447,0.008149158194378447,0,0,0,1,0
2024-10-29,15.115,768215734,11626625141.67,11.9369867984292,1.2662324466999493,,2.996554090364413,,,,,,,,,,11.8606545652809,,,,,0.08431237875582769,2.966614583814291,,1.2743816048943355,1.2743816048943355,TTM_CFPS_from_OpCF,1.2743816048943355,TTM_CFPS_from_OpCF,11.8606545652809,0.08431237875582769,11.8606545652809,0.08431237875582769,0.08377323497849483,,0.008149158194386219,0.008149158194386219,0,0,0,1,0
2024-10-30,14.685,768215734,11295864386.7299,11.5973967009548,1.2662324466999566,,2.996554090364413,,,,,,,,,,11.523236010000002,,,,,0.08678117840615154,2.966614583814291,,1.2743816048943355,1.2743816048943355,TTM_CFPS_from_OpCF,1.2743816048943355,TTM_CFPS_from_OpCF,11.523236010000002,0.08678117840615154,11.523236010000002,0.08678117840615154,0.08622624764725614,,0.008149158194378892,0.008149158194378892,0,0,0,1,0
2024-10-31,14.68,768215734,11292018331.4399,11.5934479788912,1.2662324466999504,,2.996554090364413,,,,,,,,,,11.519312538426966,,,,,0.08681073602822449,2.966614583814291,,1.2743816048943355,1.2743816048943355,TTM_CFPS_from_OpCF,1.2743816048943355,TTM_CFPS_from_OpCF,11.519312538426966,0.08681073602822449,11.519312538426966,0.08681073602822449,0.08625561626021461,,0.008149158194385109,0.008149158194385109,0,0,0,1,0
2024-11-01,13.995,768215734,10765108756.71,11.0524730561704,1.266232446699957,,2.996554090364413,,,,,,,,,,10.981796932921348,,,,,0.09105977884203899,2.966614583814291,,1.2743816048943355,1.2743816048943355,TTM_CFPS_from_OpCF,1.2743816048943355,TTM_CFPS_from_OpCF,10.981796932921348,0.09105977884203899,10.981796932921348,0.09105977884203899,0.0904774881529087,,0.008149158194378447,0.008149158194378447,0,0,0,1,0
2024-11-04,14.09,768215734,10838183807.2199,11.1274987753799,1.266232446699951,,2.996554090364413,,,,,,,,,,11.05634289280899,,,,,0.09044582007766754,2.966614583814291,,1.2743816048943355,1.2743816048943355,TTM_CFPS_from_OpCF,1.2743816048943355,TTM_CFPS_from_OpCF,11.05634289280899,0.09044582007766754,11.05634289280899,0.09044582007766754,0.08986745540808737,,0.008149158194384443,0.008149158194384443,0,0,0,1,0
2024-11-05,14.07,768215734,10822799586.06,11.1117038871253,1.2662324466999488,,2.996554090364413,,,,,,,,,,11.040649006516855,,,,,0.09057438556462939,2.966614583814291,,1.2743816048943355,1.2743816048943355,TTM_CFPS_from_OpCF,1.2743816048943355,TTM_CFPS_from_OpCF,11.040649006516855,0.09057438556462939,11.040649006516855,0.09057438556462939,0.08999519877042991,,0.008149158194386663,0.008149158194386663,0,0,0,1,0
2024-11-06,13.035,768215734,10026666141.0299,10.2943184199487,1.2662324466999495,,2.996554090364413,,,,,,,,,,10.228490390898877,,,,,0.09776613769806947,2.966614583814291,,1.2743816048943355,1.2743816048943355,TTM_CFPS_from_OpCF,1.2743816048943355,TTM_CFPS_from_OpCF,10.228490390898877,0.09776613769806947,10.228490390898877,0.09776613769806947,0.09714096253931334,,0.008149158194385997,0.008149158194385997,0,0,0,1,0
2024-11-07,13.27,768215734,10207430739.66,10.4799083569405,1.2662324466999477,,2.996554090364413,,,,,,,,,,10.412893554831461,,,,,0.09603478559866885,2.966614583814291,,1.2743816048943355,1.2743816048943355,TTM_CFPS_from_OpCF,1.2743816048943355,TTM_CFPS_from_OpCF,10.412893554831461,0.09603478559866885,10.412893554831461,0.09603478559866885,0.09542068174076472,,0.008149158194387773,0.008149158194387773,0,0,0,1,0
2024-11-08,12.83,768215734,9868977874.14,10.1324208153388,1.2662324466999548,,2.996554090364413,,,,,,,,,,10.067628056404494,,,,,0.09932826226768009,2.966614583814291,,1.2743816048943355,1.2743816048943355,TTM_CFPS_from_OpCF,1.2743816048943355,TTM_CFPS_from_OpCF,10.067628056404494,0.09932826226768009,10.067628056404494,0.09932826226768009,0.09869309795011338,,0.008149158194380668,0.008149158194380668,0,0,0,1,0
2024-11-11,13.115,768215734,10088203025.67,10.3574979729672,1.266232446699947,,2.996554090364413,,,,,,,,,,10.291265936067417,,,,,0.09716977543990359,2.966614583814291,,1.2743816048943355,1.2743816048943355,TTM_CFPS_from_OpCF,1.2743816048943355,TTM_CFPS_from_OpCF,10.291265936067417,0.09716977543990359,10.291265936067417,0.09716977543990359,0.09654841377811262,,0.00814915819438844,0.00814915819438844,0,0,0,1,0
2024-11-12,12.9,768215734,9922822648.19995,10.18770292423,1.266232446699951,,2.996554090364413,,,,,,,,,,10.122556658426968,,,,,0.09878927169723531,2.966614583814291,,1.2743816048943355,1.2743816048943355,TTM_CFPS_from_OpCF,1.2743816048943355,TTM_CFPS_from_OpCF,10.122556658426968,0.09878927169723531,10.122556658426968,0.09878927169723531,0.09815755400774814,,0.008149158194384443,0.008149158194384443,0,0,0,1,0
2024-11-13,13.34,768215734,10261275513.72,10.5351904658316,1.2662324466999564,,2.996554090364413,,,,,,,,,,10.467822156853932,,,,,0.09553085493960536,2.966614583814291,,1.2743816048943355,1.2743816048943355,TTM_CFPS_from_OpCF,1.2743816048943355,TTM_CFPS_from_OpCF,10.467822156853932,0.09553085493960536,10.467822156853932,0.09553085493960536,0.09491997351573887,,0.008149158194379114,0.008149158194379114,0,0,0,1,0
2024-11-14,13.765,768215734,10588190213.3699,10.8708318412423,1.2662324466999537,,2.996554090364413,,,,,,,,,,10.801317240561799,,,,,0.0925813007551279,2.966614583814291,,1.2743816048943355,1.2743816048943355,TTM_CFPS_from_OpCF,1.2743816048943355,TTM_CFPS_from_OpCF,10.801317240561799,0.0925813007551279,10.801317240561799,0.0925813007551279,0.09198928054485679,,0.008149158194381778,0.008149158194381778,0,0,0,1,0
2024-11-15,13.77,768215734,10592036268.6599,10.874780563306,1.2662324466999484,,2.996554090364413,,,,,,,,,,10.805240712134832,,,,,0.09254768372507884,2.966614583814291,,1.2743816048943355,1.2743816048943355,TTM_CFPS_from_OpCF,1.2743816048943355,TTM_CFPS_from_OpCF,10.805240712134832,0.09254768372507884,10.805240712134832,0.09254768372507884,0.09195587848220395,,0.008149158194387107,0.008149158194387107,0,0,0,1,0
2024-11-18,13.9,768215734,10692033706.2,10.977447336961,1.2662324466999522,,2.996554090364413,,,,,,,,,,10.907250973033708,,,,,0.09168212984851334,2.966614583814291,,1.2743816048943355,1.2743816048943355,TTM_CFPS_from_OpCF,1.2743816048943355,TTM_CFPS_from_OpCF,10.907250973033708,0.09168212984851334,10.907250973033708,0.09168212984851334,0.0910958594748167,,0.008149158194383332,0.008149158194383332,0,0,0,1,0
2024-11-19,13.66,768215734,10507423052.2799,10.7879086779056,1.2662324466999473,,2.996554090364413,,,,,,,,,,10.71892433752809,,,,,0.093292943257272,2.966614583814291,,1.2743816048943355,1.2743816048943355,TTM_CFPS_from_OpCF,1.2743816048943355,TTM_CFPS_from_OpCF,10.71892433752809,0.093292943257272,10.71892433752809,0.093292943257272,0.0926963723792055,,0.008149158194388217,0.008149158194388217,0,0,0,1,0
2024-11-20,13.92,768215734,10707417927.3599,10.9932422252156,1.2662324466999544,,2.996554090364413,,,,,,,,,,10.922944859325844,,,,,0.09155040265045514,2.966614583814291,,1.2743816048943355,1.2743816048943355,TTM_CFPS_from_OpCF,1.2743816048943355,TTM_CFPS_from_OpCF,10.922944859325844,0.09155040265045514,10.922944859325844,0.09155040265045514,0.0909649746192496,,0.008149158194381112,0.008149158194381112,0,0,0,1,0
2024-11-21,14.215,768215734,10934335189.4699,11.2262168269713,1.2662324466999484,,2.996554090364413,,,,,,,,,,11.154429682134833,,,,,0.0896504822296402,2.966614583814291,,1.2743816048943355,1.2743816048943355,TTM_CFPS_from_OpCF,1.2743816048943355,TTM_CFPS_from_OpCF,11.154429682134833,0.0896504822296402,11.154429682134833,0.0896504822296402,0.08907720342595486,,0.008149158194387107,0.008149158194387107,0,0,0,1,0
2024-11-22,14.275,768215734,10980487852.9499,11.2736014917351,1.2662324466999553,,2.996554090364413,,,,,,,,,,11.201511341011237,,,,,0.08927366759329845,2.966614583814291,,1.2743816048943355,1.2743816048943355,TTM_CFPS_from_OpCF,1.2743816048943355,TTM_CFPS_from_OpCF,11.201511341011237,0.08927366759329845,11.201511341011237,0.08927366759329845,0.08870279836777269,,0.008149158194380224,0.008149158194380224,0,0,0,1,0
2024-11-25,14.175,768215734,10903566747.15,11.194627050462,1.2662324466999553,,2.996554090364413,,,,,,,,,,11.123041909550563,,,,,0.08990346419007657,2.966614583814291,,1.2743816048943355,1.2743816048943355,TTM_CFPS_from_OpCF,1.2743816048943355,TTM_CFPS_from_OpCF,11.123041909550563,0.08990346419007657,11.123041909550563,0.08990346419007657,0.08932856766842717,,0.008149158194380224,0.008149158194380224,0,0,0,1,0
2024-11-26,14.07,768215734,10822799586.0599,11.1117038871253,1.2662324466999488,,2.996554090364413,,,,,,,,,,11.040649006516855,,,,,0.09057438556462939,2.966614583814291,,1.2743816048943355,1.2743816048943355,TTM_CFPS_from_OpCF,1.2743816048943355,TTM_CFPS_from_OpCF,11.040649006516855,0.09057438556462939,11.040649006516855,0.09057438556462939,0.08999519877042991,,0.008149158194386663,0.008149158194386663,0,0,0,1,0
2024-11-27,14.195,768215734,10918950968.31,11.2104219387166,1.2662324466999575,,2.996554090364413,,,,,,,,,,11.138735795842697,,,,,0.08977679499079504,2.966614583814291,,1.2743816048943355,1.2743816048943355,TTM_CFPS_from_OpCF,1.2743816048943355,TTM_CFPS_from_OpCF,11.138735795842697,0.08977679499079504,11.138735795842697,0.08977679499079504,0.08920270846776734,,0.008149158194378003,0.008149158194378003,0,0,0,1,0
2024-11-28,14.24,768215734,10953565465.9199,11.2459604372895,1.2662324466999568,,2.996554090364413,,,,,,,,,,11.174047040000001,,,,,0.08949309023134379,2.966614583814291,,1.2743816048943355,1.2743816048943355,TTM_CFPS_from_OpCF,1.2743816048943355,TTM_CFPS_from_OpCF,11.174047040000001,0.08949309023134379,11.174047040000001,0.08949309023134379,0.08892081788623292,,0.00814915819437867,0.00814915819437867,0,0,0,1,0
2024-11-29,14.405,768215734,11080485290.49,11.3762682653902,1.2662324466999473,,2.996554090364413,,,,,,,,,,11.303521601910113,,,,,0.08846800450498685,2.966614583814291,,1.2743816048943355,1.2743816048943355,TTM_CFPS_from_OpCF,1.2743816048943355,TTM_CFPS_from_OpCF,11.303521601910113,0.08846800450498685,11.303521601910113,0.08846800450498685,0.08790228717111749,,0.008149158194388217,0.008149158194388217,0,0,0,1,0
2024-12-02,14.4,768215734,11076639235.2,11.3723195433265,1.2662324466999526,,2.996554090364413,,,,,,,,,,11.29959813033708,,,,,0.08849872256210663,2.966614583814291,,1.2743816048943355,1.2743816048943355,TTM_CFPS_from_OpCF,1.2743816048943355,TTM_CFPS_from_OpCF,11.29959813033708,0.08849872256210663,11.29959813033708,0.08849872256210663,0.08793280879860782,,0.008149158194382888,0.008149158194382888,0,0,0,1,0
2024-12-03,13.985,768215734,10757416646.13,11.0445756120431,1.266232446699956,,2.996554090364413,,,,,,,,,,10.973949989775281,,,,,0.09112489130456457,2.966614583814291,,1.2743816048943355,1.2743816048943355,TTM_CFPS_from_OpCF,1.2743816048943355,TTM_CFPS_from_OpCF,10.973949989775281,0.09112489130456457,10.973949989775281,0.09112489130456457,0.09054218424740479,,0.008149158194379558,0.008149158194379558,0,0,0,1,0
2024-12-04,13.53,768215734,10407425614.74,10.6852419042505,1.2662324466999553,,2.996554090364413,,,,,,,,,,10.616914076629214,,,,,0.09418932778228645,2.966614583814291,,1.2743816048943355,1.2743816048943355,TTM_CFPS_from_OpCF,1.2743816048943355,TTM_CFPS_from_OpCF,10.616914076629214,0.09418932778228645,10.616914076629214,0.09418932778228645,0.09358702488543647,,0.008149158194380224,0.008149158194380224,0,0,0,1,0
2024-12-05,13.175,768215734,10134355689.1499,10.404882637731,1.2662324466999546,,2.996554090364413,,,,,,,,,,10.338347594943821,,,,,0.09672725653846949,2.966614583814291,,1.2743816048943355,1.2743816048943355,TTM_CFPS_from_OpCF,1.2743816048943355,TTM_CFPS_from_OpCF,10.338347594943821,0.09672725653846949,10.338347594943821,0.09672725653846949,0.09610872460720718,,0.00814915819438089,0.00814915819438089,0,0,0,1,0
2024-12-09,13.24,768215734,10184354407.92,10.4562160245585,1.2662324466999564,,2.996554090364413,,,,,,,,,,10.389352725393259,,,,,0.09625238707661143,2.966614583814291,,1.2743816048943355,1.2743816048943355,TTM_CFPS_from_OpCF,1.2743816048943355,TTM_CFPS_from_OpCF,10.389352725393259,0.09625238707661143,10.389352725393259,0.09625238707661143,0.09563689174470968,,0.008149158194379114,0.008149158194379114,0,0,0,1,0
2024-12-10,13.27,768215734,10207430739.66,10.4799083569405,1.2662324466999477,,2.996554090364413,,,,,,,,,,10.412893554831461,,,,,0.09603478559866885,2.966614583814291,,1.2743816048943355,1.2743816048943355,TTM_CFPS_from_OpCF,1.2743816048943355,TTM_CFPS_from_OpCF,10.412893554831461,0.09603478559866885,10.412893554831461,0.09603478559866885,0.09542068174076472,,0.008149158194387773,0.008149158194387773,0,0,0,1,0
2024-12-11,13.165,768215734,10126663578.57,10.3969851936037,1.2662324466999533,,2.996554090364413,,,,,,,,,,10.330500651797752,,,,,0.09680072957799739,2.966614583814291,,1.2743816048943355,1.2743816048943355,TTM_CFPS_from_OpCF,1.2743816048943355,TTM_CFPS_from_OpCF,10.330500651797752,0.09680072957799739,10.330500651797752,0.09680072957799739,0.09618172781617572,,0.008149158194382222,0.008149158194382222,0,0,0,1,0
2024-12-12,12.88,768215734,9907438427.03997,10.1719080359754,1.2662324466999486,,2.996554090364413,,,,,,,,,,10.106862772134832,,,,,0.0989426711874484,2.966614583814291,,1.2743816048943355,1.2743816048943355,TTM_CFPS_from_OpCF,1.2743816048943355,TTM_CFPS_from_OpCF,10.106862772134832,0.0989426711874484,10.106862772134832,0.0989426711874484,0.09830997256987178,,0.008149158194386885,0.008149158194386885,0,0,0,1,0
2024-12-13,12.645,768215734,9726673828.41,9.98631809898358,1.2662324466999528,,2.996554090364413,,,,,,,,,,9.922459608202248,,,,,0.10078146341592215,2.966614583814291,,1.2743816048943355,1.2743816048943355,TTM_CFPS_from_OpCF,1.2743816048943355,TTM_CFPS_from_OpCF,9.922459608202248,0.10078146341592215,9.922459608202248,0.10078146341592215,0.10013700646104808,,0.008149158194382666,0.008149158194382666,0,0,0,1,0
2024-12-16,12.315,768215734,9472834179.26999,9.72570244278235,1.2662324466999526,,2.996554090364413,,,,,,,,,,9.663510484382023,,,,,0.10348206292280435,2.966614583814291,,1.2743816048943355,1.2743816048943355,TTM_CFPS_from_OpCF,1.2743816048943355,TTM_CFPS_from_OpCF,9.663510484382023,0.10348206292280435,9.663510484382023,0.10348206292280435,0.10282033671944397,,0.008149158194382888,0.008149158194382888,0,0,0,1,0
2024-12-17,12.24,768215734,9415143349.92,9.66647161182753,1.2662324466999517,,2.996554090364413,,,,,,,,,,9.604658410786518,,,,,0.10411614419071369,2.966614583814291,,1.2743816048943355,1.2743816048943355,TTM_CFPS_from_OpCF,1.2743816048943355,TTM_CFPS_from_OpCF,9.604658410786518,0.10411614419071369,9.604658410786518,0.10411614419071369,0.10345036329247971,,0.008149158194383777,0.008149158194383777,0,0,0,1,0
2024-12-18,11.675,768215734,8980539102.14999,9.22026601863451,1.266232446699952,,2.996554090364413,,,,,,,,,,9.16130612303371,,,,,0.10915474131857263,2.966614583814291,,1.2743816048943355,1.2743816048943355,TTM_CFPS_from_OpCF,1.2743816048943355,TTM_CFPS_from_OpCF,9.16130612303371,0.10915474131857263,9.16130612303371,0.10915474131857263,0.10845674061669824,,0.008149158194383554,0.008149158194383554,0,0,0,1,0
2024-12-19,11.455,768215734,8811312669.39,9.04652224783368,1.266232446699953,,2.996554090364413,,,,,,,,,,8.988673373820225,,,,,0.111251122208148,2.966614583814291,,1.2743816048943355,1.2743816048943355,TTM_CFPS_from_OpCF,1.2743816048943355,TTM_CFPS_from_OpCF,8.988673373820225,0.111251122208148,8.988673373820225,0.111251122208148,0.11053971599301206,,0.008149158194382444,0.008149158194382444,0,0,0,1,0
2024-12-20,11.225,768215734,8634394126.05,8.86488103290555,1.2662324466999528,,2.996554090364413,,,,,,,,,,8.808193681460674,,,,,0.1135306552244397,2.966614583814291,,1.2743816048943355,1.2743816048943355,TTM_CFPS_from_OpCF,1.2743816048943355,TTM_CFPS_from_OpCF,8.808193681460674,0.1135306552244397,8.808193681460674,0.1135306552244397,0.1128046723117998,,0.008149158194382666,0.008149158194382666,0,0,0,1,0
2024-12-23,11.155,768215734,8580549351.98999,8.80959892401438,1.2662324466999526,,2.996554090364413,,,,,,,,,,8.753265079438203,,,,,0.11424308425767239,2.966614583814291,,1.2743816048943355,1.2743816048943355,TTM_CFPS_from_OpCF,1.2743816048943355,TTM_CFPS_from_OpCF,8.753265079438203,0.11424308425767239,8.753265079438203,0.11424308425767239,0.11351254564768738,,0.008149158194382888,0.008149158194382888,0,0,0,1,0
2024-12-27,11.785,768215734,9065152318.53,9.30713790403491,1.2662324466999535,,2.996554090364413,,,,,,,,,,9.24762249764045,,,,,0.10813590198509423,2.966614583814291,,1.2743816048943355,1.2743816048943355,TTM_CFPS_from_OpCF,1.2743816048943355,TTM_CFPS_from_OpCF,9.24762249764045,0.10813590198509423,9.24762249764045,0.10813590198509423,0.10744441635129007,,0.008149158194382,0.008149158194382,0,0,0,1,0
2024-12-30,12.125,768215734,9326684078.25,9.57565100436346,1.2662324466999524,,2.996554090364413,,,,,,,,,,9.514418564606743,,,,,0.1051036375170586,2.966614583814291,,1.2743816048943355,1.2743816048943355,TTM_CFPS_from_OpCF,1.2743816048943355,TTM_CFPS_from_OpCF,9.514418564606743,0.1051036375170586,9.514418564606743,0.1051036375170586,0.10443154199587236,,0.00814915819438311,0.00814915819438311,0,0,0,1,0
2025-01-02,12.455,768215734,9580523727.38999,9.83626666056469,1.2662324466999528,,2.996554090364413,,,,,,,,,,7.966800139025811,,,,,0.12552090959348217,2.966614583814291,,1.5633629289868203,1.5633629289868203,TTM_CFPS_from_OpCF,1.5633629289868203,TTM_CFPS_from_OpCF,7.966800139025811,0.12552090959348217,7.966800139025811,0.12552090959348217,0.10166458825370957,,0.29713048228686745,0.29713048228686745,0,0,0,1,0
2025-01-03,13.06,768215734,10045896417.4799,10.314062030267,1.2662324466999466,,2.996554090364413,,,,,,,,,,8.353786416353039,,,,,0.11970619670649466,2.966614583814291,,1.5633629289868203,1.5633629289868203,TTM_CFPS_from_OpCF,1.5633629289868203,TTM_CFPS_from_OpCF,8.353786416353039,0.11970619670649466,8.353786416353039,0.11970619670649466,0.09695501123276773,,0.29713048228687367,0.29713048228687367,0,0,0,1,0
2025-01-07,13.27,768215734,10207430739.6599,10.4799083569405,1.2662324466999477,,2.996554090364413,,,,,,,,,,8.488112231623646,,,,,0.11781182584678375,2.966614583814291,,1.5633629289868203,1.5633629289868203,TTM_CFPS_from_OpCF,1.5633629289868203,TTM_CFPS_from_OpCF,8.488112231623646,0.11781182584678375,8.488112231623646,0.11781182584678375,0.09542068174076472,,0.29713048228687255,0.29713048228687255,0,0,0,1,0
2025-01-08,12.805,768215734,9849747597.68991,10.1126772050205,1.266232446699958,,2.996554090364413,,,,,,,,,,8.190676497810157,,,,,0.12209003740623353,2.966614583814291,,1.5633629289868203,1.5633629289868203,TTM_CFPS_from_OpCF,1.5633629289868203,TTM_CFPS_from_OpCF,8.190676497810157,0.12209003740623353,8.190676497810157,0.12209003740623353,0.09888578263959062,,0.29713048228686234,0.29713048228686234,0,0,0,1,0
2025-01-09,12.705,768215734,9772826491.88992,10.0337027637474,1.266232446699958,,2.996554090364413,,,,,,,,,,8.126711823871773,,,,,0.12305099795252422,2.966614583814291,,1.5633629289868203,1.5633629289868203,TTM_CFPS_from_OpCF,1.5633629289868203,TTM_CFPS_from_OpCF,8.126711823871773,0.12305099795252422,8.126711823871773,0.12305099795252422,0.09966410442345203,,0.29713048228686234,0.29713048228686234,0,0,0,1,0
2025-01-10,12.29,768215734,9453603902.81999,9.70595883246408,1.2662324466999517,,2.996554090364413,,,,,,,,,,7.861258427027477,,,,,0.12720609674424901,2.966614583814291,,1.5633629289868203,1.5633629289868203,TTM_CFPS_from_OpCF,1.5633629289868203,TTM_CFPS_from_OpCF,7.861258427027477,0.12720609674424901,7.861258427027477,0.12720609674424901,0.10302949118795376,,0.29713048228686856,0.29713048228686856,0,0,0,1,0
2025-01-13,12.7,768215734,9768980436.59994,10.0297540416838,1.2662324466999508,,2.996554090364413,,,,,,,,,,8.123513590174854,,,,,0.12309944322730869,2.966614583814291,,1.5633629289868203,1.5633629289868203,TTM_CFPS_from_OpCF,1.5633629289868203,TTM_CFPS_from_OpCF,8.123513590174854,0.12309944322730869,8.123513590174854,0.12309944322730869,0.09970334225983866,,0.29713048228686945,0.29713048228686945,0,0,0,1,0
2025-01-14,12.605,768215734,9695905386.08999,9.95472832247434,1.2662324466999528,,2.996554090364413,,,,,,,,,,8.062747149933388,,,,,0.12402720579030704,2.966614583814291,,1.5633629289868203,1.5633629289868203,TTM_CFPS_from_OpCF,1.5633629289868203,TTM_CFPS_from_OpCF,8.062747149933388,0.12402720579030704,8.062747149933388,0.12402720579030704,0.10045477562078166,,0.29713048228686745,0.29713048228686745,0,0,0,1,0
2025-01-15,13.06,768215734,10045896417.48,10.314062030267,1.2662324466999466,,2.996554090364413,,,,,,,,,,8.353786416353039,,,,,0.11970619670649466,2.966614583814291,,1.5633629289868203,1.5633629289868203,TTM_CFPS_from_OpCF,1.5633629289868203,TTM_CFPS_from_OpCF,8.353786416353039,0.11970619670649466,8.353786416353039,0.11970619670649466,0.09695501123276773,,0.29713048228687367,0.29713048228687367,0,0,0,1,0
2025-01-16,12.545,768215734,9649752722.61,9.90734365771048,1.2662324466999526,,2.996554090364413,,,,,,,,,,8.024368345570357,,,,,0.12462040087579276,2.966614583814291,,1.5633629289868203,1.5633629289868203,TTM_CFPS_from_OpCF,1.5633629289868203,TTM_CFPS_from_OpCF,8.024368345570357,0.12462040087579276,8.024368345570357,0.12462040087579276,0.10093522891191332,,0.29713048228686767,0.29713048228686767,0,0,0,1,0
2025-01-17,12.66,768215734,9738211994.27994,9.99816426517455,1.2662324466999522,,2.996554090364413,,,,,,,,,,8.0979277205995,,,,,0.12348838301633651,2.966614583814291,,1.5633629289868203,1.5633629289868203,TTM_CFPS_from_OpCF,1.5633629289868203,TTM_CFPS_from_OpCF,8.0979277205995,0.12348838301633651,8.0979277205995,0.12348838301633651,0.1000183607187956,,0.2971304822868681,0.2971304822868681,0,0,0,1,0
2025-01-20,12.72,768215734,9784364657.75992,10.0455489299384,1.2662324466999535,,2.996554090364413,,,,,,,,,,8.136306524962531,,,,,0.12290589064361794,2.966614583814291,,1.5633629289868203,1.5633629289868203,TTM_CFPS_from_OpCF,1.5633629289868203,TTM_CFPS_from_OpCF,8.136306524962531,0.12290589064361794,8.136306524962531,0.12290589064361794,0.09954657599842401,,0.2971304822868668,0.2971304822868668,0,0,0,1,0
2025-01-21,12.87,768215734,9899746316.45997,10.1640105918481,1.2662324466999473,,2.996554090364413,,,,,,,,,,8.232253535870107,,,,,0.121473421055697,2.966614583814291,,1.5633629289868203,1.5633629289868203,TTM_CFPS_from_OpCF,1.5633629289868203,TTM_CFPS_from_OpCF,8.232253535870107,0.121473421055697,8.232253535870107,0.121473421055697,0.0983863594949454,,0.297130482286873,0.297130482286873,0,0,0,1,0
2025-01-22,12.745,768215734,9803594934.20992,10.0652925402567,1.2662324466999504,,2.996554090364413,,,,,,,,,,8.152297693447126,,,,,0.12266480415745942,2.966614583814291,,1.5633629289868203,1.5633629289868203,TTM_CFPS_from_OpCF,1.5633629289868203,TTM_CFPS_from_OpCF,8.152297693447126,0.12266480415745942,8.152297693447126,0.12266480415745942,0.09935131005884272,,0.2971304822868699,0.2971304822868699,0,0,0,1,0
2025-01-23,12.97,768215734,9976667422.25999,10.2429850331212,1.2662324466999477,,2.996554090364413,,,,,,,,,,8.296218209808494,,,,,0.1205368488039183,2.966614583814291,,1.5633629289868203,1.5633629289868203,TTM_CFPS_from_OpCF,1.5633629289868203,TTM_CFPS_from_OpCF,8.296218209808494,0.1205368488039183,8.296218209808494,0.1205368488039183,0.09762779080184639,,0.29713048228687255,0.29713048228687255,0,0,0,1,0
2025-01-24,13.065,768215734,10049742472.77,10.3180107523306,1.266232446699953,,2.996554090364413,,,,,,,,,,8.356984650049958,,,,,0.11966038492053734,2.966614583814291,,1.5633629289868203,1.5633629289868203,TTM_CFPS_from_OpCF,1.5633629289868203,TTM_CFPS_from_OpCF,8.356984650049958,0.11966038492053734,8.356984650049958,0.11966038492053734,0.09691790636815562,,0.2971304822868672,0.2971304822868672,0,0,0,1,0
2025-01-27,13.01,768215734,10007435864.58,10.2745748096304,1.2662324466999526,,2.996554090364413,,,,,,,,,,8.321804079383847,,,,,0.12016625126724215,2.966614583814291,,1.5633629289868203,1.5633629289868203,TTM_CFPS_from_OpCF,1.5633629289868203,TTM_CFPS_from_OpCF,8.321804079383847,0.12016625126724215,8.321804079383847,0.12016625126724215,0.09732762849346292,,0.29713048228686767,0.29713048228686767,0,0,0,1,0
2025-01-28,12.825,768215734,9865131818.84997,10.1284720932752,1.266232446699948,,2.996554090364413,,,,,,,,,,8.203469432597835,,,,,0.12189964358571699,2.966614583814291,,1.5633629289868203,1.5633629289868203,TTM_CFPS_from_OpCF,1.5633629289868203,TTM_CFPS_from_OpCF,8.203469432597835,0.12189964358571699,8.203469432597835,0.12189964358571699,0.09873157479141895,,0.29713048228687233,0.29713048228687233,0,0,0,1,0
2025-01-29,12.455,768215734,9580523727.39,9.83626666056469,1.2662324466999528,,2.996554090364413,,,,,,,,,,7.966800139025811,,,,,0.12552090959348217,2.966614583814291,,1.5633629289868203,1.5633629289868203,TTM_CFPS_from_OpCF,1.5633629289868203,TTM_CFPS_from_OpCF,7.966800139025811,0.12552090959348217,7.966800139025811,0.12552090959348217,0.10166458825370957,,0.29713048228686745,0.29713048228686745,0,0,0,1,0
2025-01-30,12.4,768215734,9538217119.2,9.79283071786448,1.2662324466999533,,2.996554090364413,,,,,,,,,,7.9316195683597,,,,,0.12607765556345324,2.966614583814291,,1.5633629289868203,1.5633629289868203,TTM_CFPS_from_OpCF,1.5633629289868203,TTM_CFPS_from_OpCF,7.9316195683597,0.12607765556345324,7.9316195683597,0.12607765556345324,0.10211551989515752,,0.297130482286867,0.297130482286867,0,0,0,1,0
2025-01-31,12.235,768215734,9411297294.63,9.66252288976387,1.2662324466999524,,2.996554090364413,,,,,,,,,,7.826077856361365,,,,,0.1277779263577295,2.966614583814291,,1.5633629289868203,1.5633629289868203,TTM_CFPS_from_OpCF,1.5633629289868203,TTM_CFPS_from_OpCF,7.826077856361365,0.1277779263577295,7.826077856361365,0.1277779263577295,0.10349263969758499,,0.2971304822868679,0.2971304822868679,0,0,0,1,0
2025-02-03,11.875,768215734,9134381313.75,9.37821490118071,1.2662324466999522,,2.996554090364413,,,,,,,,,,7.595805030183181,,,,,0.13165161507257434,2.966614583814291,,1.5633629289868203,1.5633629289868203,TTM_CFPS_from_OpCF,1.5633629289868203,TTM_CFPS_from_OpCF,7.595805030183181,0.13165161507257434,7.595805030183181,0.13165161507257434,0.10663010077473281,,0.2971304822868681,0.2971304822868681,0,0,0,1,0
2025-02-04,11.91,768215734,9161303700.78,9.40585595562629,1.2662324466999528,,2.996554090364413,,,,,,,,,,7.618192666061615,,,,,0.13126472955388918,2.966614583814291,,1.5633629289868203,1.5633629289868203,TTM_CFPS_from_OpCF,1.5633629289868203,TTM_CFPS_from_OpCF,7.618192666061615,0.13126472955388918,7.618192666061615,0.13126472955388918,0.10631674615448806,,0.29713048228686745,0.29713048228686745,0,0,0,1,0
2025-02-05,11.75,768215734,9038229931.5,9.27949684958933,1.2662324466999526,,2.996554090364413,,,,,,,,,,7.5158491877602,,,,,0.13305216416909108,2.966614583814291,,1.5633629289868203,1.5633629289868203,TTM_CFPS_from_OpCF,1.5633629289868203,TTM_CFPS_from_OpCF,7.5158491877602,0.13305216416909108,7.5158491877602,0.13305216416909108,0.10776446354893214,,0.29713048228686767,0.29713048228686767,0,0,0,1,0
2025-02-06,11.72,768215734,9015153599.75999,9.2558045172074,1.2662324466999526,,2.996554090364413,,,,,,,,,,7.496659785578685,,,,,0.133392741381128,2.966614583814291,,1.5633629289868203,1.5633629289868203,TTM_CFPS_from_OpCF,1.5633629289868203,TTM_CFPS_from_OpCF,7.496659785578685,0.133392741381128,7.496659785578685,0.133392741381128,0.1080403111518731,,0.29713048228686767,0.29713048228686767,0,0,0,1,0
2025-02-07,11.695,768215734,8995923323.31,9.23606090688913,1.2662324466999522,,2.996554090364413,,,,,,,,,,7.480668617094088,,,,,0.13367789046488415,2.966614583814291,,1.5633629289868203,1.5633629289868203,TTM_CFPS_from_OpCF,1.5633629289868203,TTM_CFPS_from_OpCF,7.480668617094088,0.13367789046488415,7.480668617094088,0.13367789046488415,0.10827126521590014,,0.2971304822868681,0.2971304822868681,0,0,0,1,0
2025-02-10,11.865,768215734,9126689203.16999,9.3703174570534,1.2662324466999522,,2.996554090364413,,,,,,,,,,7.589408562789342,,,,,0.13176257302880912,2.966614583814291,,1.5633629289868203,1.5633629289868203,TTM_CFPS_from_OpCF,1.5633629289868203,TTM_CFPS_from_OpCF,7.589408562789342,0.13176257302880912,7.589408562789342,0.13176257302880912,0.10671997022334194,,0.2971304822868681,0.2971304822868681,0,0,0,1,0
2025-02-11,11.555,768215734,8888233775.18999,9.12549668910679,1.266232446699952,,2.996554090364413,,,,,,,,,,7.3911180735803494,,,,,0.13529752738959933,2.966614583814291,,1.5633629289868203,1.5633629289868203,TTM_CFPS_from_OpCF,1.5633629289868203,TTM_CFPS_from_OpCF,7.3911180735803494,0.13529752738959933,7.3911180735803494,0.13529752738959933,0.10958307630462587,,0.29713048228686834,0.29713048228686834,0,0,0,1,0
2025-02-12,11.4,768215734,8769006061.2,9.00308630513348,1.2662324466999522,,2.996554090364413,,,,,,,,,,7.291972828975854,,,,,0.1371370990339316,2.966614583814291,,1.5633629289868203,1.5633629289868203,TTM_CFPS_from_OpCF,1.5633629289868203,TTM_CFPS_from_OpCF,7.291972828975854,0.1371370990339316,7.291972828975854,0.1371370990339316,0.11107302164034669,,0.2971304822868681,0.2971304822868681,0,0,0,1,0
2025-02-13,10.2,768215734,7845952791.59999,8.05539300985627,1.2662324466999526,,1.152020143341662,,,,,,,,,,6.524396741715237,,,,,0.15327087539086473,1.5399320108171592,,1.5633629289868203,1.5633629289868203,TTM_CFPS_from_OpCF,1.5633629289868203,TTM_CFPS_from_OpCF,6.524396741715237,0.15327087539086473,6.524396741715237,0.15327087539086473,0.12414043595097575,,0.29713048228686767,0.29713048228686767,0,0,0,1,0
2025-02-14,10.47,768215734,8053639777.26,8.26862400129364,1.266232446699953,,1.152020143341662,,,,,,,,,,6.697101361348876,,,,,0.14931833132634387,1.5399320108171592,,1.5633629289868203,1.5633629289868203,TTM_CFPS_from_OpCF,1.5633629289868203,TTM_CFPS_from_OpCF,6.697101361348876,0.14931833132634387,6.697101361348876,0.14931833132634387,0.12093910665711106,,0.2971304822868672,0.2971304822868672,0,0,0,1,0
2025-02-17,9.654,768215734,7425963553.932,7.62419256050514,1.2662324466999526,,1.152020143341662,,,,,,,,,,6.175149622011657,,,,,0.16193939600029214,1.5399320108171592,,1.5633629289868203,1.5633629289868203,TTM_CFPS_from_OpCF,1.5633629289868203,TTM_CFPS_from_OpCF,6.175149622011657,0.16193939600029214,6.175149622011657,0.16193939600029214,0.13116143015329942,,0.29713048228686767,0.29713048228686767,0,0,0,1,0
2025-02-18,9.63,768215734,7407502488.53999,7.6052386945996,1.266232446699952,,1.152020143341662,,,,,,,,,,6.159798100266445,,,,,0.16234298328004362,1.5399320108171592,,1.5633629289868203,1.5633629289868203,TTM_CFPS_from_OpCF,1.5633629289868203,TTM_CFPS_from_OpCF,6.159798100266445,0.16234298328004362,6.159798100266445,0.16234298328004362,0.13148831222221724,,0.29713048228686834,0.29713048228686834,0,0,0,1,0
2025-02-19,9.108,768215734,7005974316.26399,7.19299211115401,1.2662324466999528,,1.152020143341662,,,,,,,,,,5.825902502308077,,,,,0.17164722540478922,1.5399320108171592,,1.5633629289868203,1.5633629289868203,TTM_CFPS_from_OpCF,1.5633629289868203,TTM_CFPS_from_OpCF,5.825902502308077,0.17164722540478922,5.825902502308077,0.17164722540478922,0.13902420363416257,,0.29713048228686745,0.29713048228686745,0,0,0,1,0
2025-02-20,8.97,768215734,6899823190.26,7.08400738219713,1.266232446699953,,1.152020143341662,,,,,,,,,,5.737631252273106,,,,,0.17428795194947827,1.5399320108171592,,1.5633629289868203,1.5633629289868203,TTM_CFPS_from_OpCF,1.5633629289868203,TTM_CFPS_from_OpCF,5.737631252273106,0.17428795194947827,5.737631252273106,0.17428795194947827,0.14116303753622664,,0.2971304822868672,0.2971304822868672,0,0,0,1,0
2025-02-21,8.948,768215734,6882900546.98399,7.06663300511705,1.2662324466999524,,1.152020143341662,,,,,,,,,,5.723559024006661,,,,,0.1747164650186433,1.5399320108171592,,1.5633629289868203,1.5633629289868203,TTM_CFPS_from_OpCF,1.5633629289868203,TTM_CFPS_from_OpCF,5.723559024006661,0.1747164650186433,5.723559024006661,0.1747164650186433,0.14151010803530983,,0.2971304822868679,0.2971304822868679,0,0,0,1,0
2025-02-24,8.958,768215734,6890592657.56399,7.07453044924436,1.2662324466999524,,1.152020143341662,,,,,,,,,,5.729955491400499,,,,,0.17452142542831214,1.5399320108171592,,1.5633629289868203,1.5633629289868203,TTM_CFPS_from_OpCF,1.5633629289868203,TTM_CFPS_from_OpCF,5.729955491400499,0.17452142542831214,5.729955491400499,0.17452142542831214,0.14135213738557184,,0.2971304822868679,0.2971304822868679,0,0,0,1,0
2025-02-25,9.2,768215734,7076741733.6,7.26564859712526,1.266232446699953,,1.152020143341662,,,,,,,,,,5.88475000233139,,,,,0.16993075315074135,1.5399320108171592,,1.5633629289868203,1.5633629289868203,TTM_CFPS_from_OpCF,1.5633629289868203,TTM_CFPS_from_OpCF,5.88475000233139,0.16993075315074135,5.88475000233139,0.16993075315074135,0.137633961597821,,0.2971304822868672,0.2971304822868672,0,0,0,1,0
2025-02-26,9.252,768215734,7116740708.616,7.30671530658728,1.266232446699952,,1.152020143341662,,,,,,,,,,5.918011632779351,,,,,0.16897567325841117,1.5399320108171592,,1.5633629289868203,1.5633629289868203,TTM_CFPS_from_OpCF,1.5633629289868203,TTM_CFPS_from_OpCF,5.918011632779351,0.16897567325841117,5.918011632779351,0.16897567325841117,0.13686040279938952,,0.29713048228686834,0.29713048228686834,0,0,0,1,0
2025-02-27,8.79,768215734,6761365199.82,6.94185338790555,1.2662324466999524,,1.152020143341662,,,,,,,,,,5.622494839184013,,,,,0.1778569885081707,1.5399320108171592,,1.5633629289868203,1.5633629289868203,TTM_CFPS_from_OpCF,1.5633629289868203,TTM_CFPS_from_OpCF,5.622494839184013,0.1778569885081707,5.622494839184013,0.1778569885081707,0.14405374820249744,,0.2971304822868679,0.2971304822868679,0,0,0,1,0
2025-02-28,8.598,768215734,6613676676.684,6.7902224606612,1.2662324466999522,,1.152020143341662,,,,,,,,,,5.499682665222315,,,,,0.181828672829358,1.5399320108171592,,1.5633629289868203,1.5633629289868203,TTM_CFPS_from_OpCF,1.5633629289868203,TTM_CFPS_from_OpCF,5.499682665222315,0.181828672829358,5.499682665222315,0.181828672829358,0.14727057998371157,,0.2971304822868681,0.2971304822868681,0,0,0,1,0
2025-03-03,8.666,768215734,6665983028.62799,5.63481236570415,1.5379394090821799,,1.152020143341662,,,,,,,,,,5.543178643500417,,,,,0.18040190733750522,1.5399320108171592,,1.5633629289868203,1.5633629289868203,TTM_CFPS_from_OpCF,1.5633629289868203,TTM_CFPS_from_OpCF,5.543178643500417,0.18040190733750522,5.543178643500417,0.18040190733750522,0.17746819860168242,,0.025423519904640424,0.025423519904640424,0,0,0,1,0
2025-03-04,8.644,768215734,6649060385.352,5.62050751086391,1.5379394090821807,,1.152020143341662,,,,,,,,,,5.529106415233971,,,,,0.1808610514792712,1.5399320108171592,,1.5633629289868203,1.5633629289868203,TTM_CFPS_from_OpCF,1.5633629289868203,TTM_CFPS_from_OpCF,5.529106415233971,0.1808610514792712,5.529106415233971,0.1808610514792712,0.17791987610853546,,0.025423519904639535,0.025423519904639535,0,0,0,1,0
2025-03-05,8.876,768215734,6827517350.808,5.77135870736095,1.5379394090821812,,1.152020143341662,,,,,,,,,,5.677504458771024,,,,,0.17613372340996172,1.5399320108171592,,1.5633629289868203,1.5633629289868203,TTM_CFPS_from_OpCF,1.5633629289868203,TTM_CFPS_from_OpCF,5.677504458771024,0.17613372340996172,5.677504458771024,0.17613372340996172,0.17326942418681626,,0.02542351990463909,0.02542351990463909,0,0,0,1,0
2025-03-06,9.088,768215734,6990590095.104,5.90920549036687,1.5379394090821803,,1.152020143341662,,,,,,,,,,5.813109567520399,,,,,0.17202497017900753,1.5399320108171592,,1.5633629289868203,1.5633629289868203,TTM_CFPS_from_OpCF,1.5633629289868203,TTM_CFPS_from_OpCF,5.813109567520399,0.17202497017900753,5.813109567520399,0.17202497017900753,0.1692274877951343,,0.02542351990463998,0.02542351990463998,0,0,0,1,0
2025-03-07,8.986,768215734,6912130567.188,5.84288298156213,1.5379394090821823,,1.152020143341662,,,,,,,,,,5.747865600103248,,,,,0.17397762396915425,1.5399320108171592,,1.5633629289868203,1.5633629289868203,TTM_CFPS_from_OpCF,1.5633629289868203,TTM_CFPS_from_OpCF,5.747865600103248,0.17397762396915425,5.747865600103248,0.17397762396915425,0.17114838738951504,,0.02542351990463798,0.02542351990463798,0,0,0,1,0
2025-03-10,9.296,768215734,7150585995.168,6.04445139067456,1.537939409082181,,1.152020143341662,,,,,,,,,,5.94615608931224,,,,,0.16817587446071647,1.5399320108171592,,1.5633629289868203,1.5633629289868203,TTM_CFPS_from_OpCF,1.5633629289868203,TTM_CFPS_from_OpCF,5.94615608931224,0.16817587446071647,5.94615608931224,0.16817587446071647,0.16544098634705046,,0.025423519904639313,0.025423519904639313,0,0,0,1,0
2025-03-11,9.122,768215734,7016743271.07599,5.93131299330178,1.5379394090821807,,1.152020143341662,,,,,,,,,,5.8348575566594505,,,,,0.1713837896280224,1.5399320108171592,,1.5633629289868203,1.5633629289868203,TTM_CFPS_from_OpCF,1.5633629289868203,TTM_CFPS_from_OpCF,5.8348575566594505,0.1713837896280224,5.8348575566594505,0.1713837896280224,0.1685967341681847,,0.025423519904639535,0.025423519904639535,0,0,0,1,0
2025-03-12,9.032,768215734,6947514275.85599,5.87279313259172,1.5379394090821807,,1.152020143341662,,,,,,,,,,5.777289350114904,,,,,0.17309155546798277,1.5399320108171592,,1.5633629289868203,1.5633629289868203,TTM_CFPS_from_OpCF,1.5633629289868203,TTM_CFPS_from_OpCF,5.777289350114904,0.17309155546798277,5.777289350114904,0.17309155546798277,0.17027672819776138,,0.025423519904639535,0.025423519904639535,0,0,0,1,0
2025-03-13,8.8,768215734,6769057310.4,5.72194193609468,1.5379394090821805,,1.152020143341662,,,,,,,,,,5.628891306577852,,,,,0.17765487829395685,1.5399320108171592,,1.5633629289868203,1.5633629289868203,TTM_CFPS_from_OpCF,1.5633629289868203,TTM_CFPS_from_OpCF,5.628891306577852,0.17765487829395685,5.628891306577852,0.17765487829395685,0.17476584194115688,,0.025423519904639758,0.025423519904639758,0,0,0,1,0
2025-03-14,9.02,768215734,6938283743.16,5.86499048449705,1.5379394090821796,,1.152020143341662,,,,,,,,,,5.769613589242298,,,,,0.17332183248190913,1.5399320108171592,,1.5633629289868203,1.5633629289868203,TTM_CFPS_from_OpCF,1.5633629289868203,TTM_CFPS_from_OpCF,5.769613589242298,0.17332183248190913,5.769613589242298,0.17332183248190913,0.17050326043039685,,0.025423519904640646,0.025423519904640646,0,0,0,1,0
2025-03-17,9.49,768215734,7299812940.42,6.17059420153847,1.5379394090821799,,1.152020143341662,,,,,,,,,,6.070247556752706,,,,,0.1647379271851233,1.5399320108171592,,1.5633629289868203,1.5633629289868203,TTM_CFPS_from_OpCF,1.5633629289868203,TTM_CFPS_from_OpCF,6.070247556752706,0.1647379271851233,6.070247556752706,0.1647379271851233,0.16205894721624656,,0.025423519904640424,0.025423519904640424,0,0,0,1,0
2025-03-18,9.754,768215734,7502884659.73199,6.34225245962131,1.5379394090821799,,1.152020143341662,,,,,,,,,,6.239114295950041,,,,,0.16027916024060082,1.5399320108171592,,1.5633629289868203,1.5633629289868203,TTM_CFPS_from_OpCF,1.5633629289868203,TTM_CFPS_from_OpCF,6.239114295950041,0.16027916024060082,6.239114295950041,0.16027916024060082,0.15767268905907114,,0.025423519904640424,0.025423519904640424,0,0,0,1,0
2025-03-19,9.656,768215734,7427501976.048,6.2785308335148,1.5379394090821803,,1.152020143341662,,,,,,,,,,6.176428915490425,,,,,0.1619058542861247,1.5399320108171592,,1.5633629289868203,1.5633629289868203,TTM_CFPS_from_OpCF,1.5633629289868203,TTM_CFPS_from_OpCF,6.176428915490425,0.1619058542861247,6.176428915490425,0.1619058542861247,0.15927292968953813,,0.02542351990463998,0.02542351990463998,0,0,0,1,0
2025-03-20,9.514,768215734,7318274005.812,6.18619949772782,1.5379394090821794,,1.152020143341662,,,,,,,,,,6.085599078497918,,,,,0.16432235957397734,1.5399320108171592,,1.5633629289868203,1.5633629289868203,TTM_CFPS_from_OpCF,1.5633629289868203,TTM_CFPS_from_OpCF,6.085599078497918,0.16432235957397734,6.085599078497918,0.16432235957397734,0.16165013759535207,,0.025423519904640868,0.025423519904640868,0,0,0,1,0
2025-03-21,9.29,768215734,7145970728.82,6.04055006662722,1.5379394090821816,,1.152020143341662,,,,,,,,,,5.942318208875936,,,,,0.16828449181774172,1.5399320108171592,,1.5633629289868203,1.5633629289868203,TTM_CFPS_from_OpCF,1.5633629289868203,TTM_CFPS_from_OpCF,5.942318208875936,0.16828449181774172,5.942318208875936,0.16828449181774172,0.16554783736083764,,0.025423519904638647,0.025423519904638647,0,0,0,1,0
2025-03-24,9.14,768215734,7030589070.12,5.94301696544379,1.5379394090821814,,1.152020143341662,,,,,,,,,,5.84637119796836,,,,,0.17104627231803285,1.5399320108171592,,1.5633629289868203,1.5633629289868203,TTM_CFPS_from_OpCF,1.5633629289868203,TTM_CFPS_from_OpCF,5.84637119796836,0.17104627231803285,5.84637119796836,0.17104627231803285,0.1682647055888601,,0.02542351990463887,0.02542351990463887,0,0,0,1,0
2025-03-25,8.888,768215734,6836747883.50399,5.77916135545563,1.5379394090821799,,1.152020143341662,,,,,,,,,,5.68518021964363,,,,,0.17589591910292757,1.5399320108171592,,1.5633629289868203,1.5633629289868203,TTM_CFPS_from_OpCF,1.5633629289868203,TTM_CFPS_from_OpCF,5.68518021964363,0.17589591910292757,5.68518021964363,0.17589591910292757,0.17303548707045227,,0.025423519904640424,0.025423519904640424,0,0,0,1,0
2025-03-26,8.698,768215734,6690597782.48399,5.65561942728995,1.5379394090821796,,1.152020143341662,,,,,,,,,,5.5636473391607,,,,,0.17973820751745462,1.5399320108171592,,1.5633629289868203,1.5633629289868203,TTM_CFPS_from_OpCF,1.5633629289868203,TTM_CFPS_from_OpCF,5.5636473391607,0.17973820751745462,5.5636473391607,0.17973820751745462,0.17681529191563342,,0.025423519904640646,0.025423519904640646,0,0,0,1,0
2025-03-27,8.968,768215734,6898284768.144,5.83117900942012,1.5379394090821814,,1.152020143341662,,,,,,,,,,5.736351958794338,,,,,0.17432682080584525,1.5399320108171592,,1.5633629289868203,1.5633629289868203,TTM_CFPS_from_OpCF,1.5633629289868203,TTM_CFPS_from_OpCF,5.736351958794338,0.17432682080584525,5.736351958794338,0.17432682080584525,0.17149190556224148,,0.02542351990463887,0.02542351990463887,0,0,0,1,0
2025-03-28,8.754,768215734,6733673601.732,5.69203178506509,1.5379394090821814,,1.152020143341662,,,,,,,,,,5.599467556566195,,,,,0.17858840861169983,1.5399320108171592,,1.5633629289868203,1.5633629289868203,TTM_CFPS_from_OpCF,1.5633629289868203,TTM_CFPS_from_OpCF,5.599467556566195,0.17858840861169983,5.599467556566195,0.17858840861169983,0.1756841911220221,,0.02542351990463887,0.02542351990463887,0,0,0,1,0
2025-03-31,8.534,768243610,6564447168.972,5.54898323666273,1.5379394090821799,,1.15197834186997,,,,,,,,,,5.106067731884735,,,,,0.19584542401494606,1.5398761338216662,,1.6713448485435498,1.6713448485435498,TTM_CFPS_from_OpCF,1.6713448485435498,TTM_CFPS_from_OpCF,5.106067731884735,0.19584542401494606,5.106067731884735,0.19584542401494606,0.18021319534593153,,0.13340543946136996,0.13340543946136996,0,0,0,1,0
2025-04-01,8.458,768243610,6505987128.564,5.49956646539645,1.5379394090821819,,1.15197834186997,,,,,,,,,,5.060595368676013,,,,,0.19760520791482025,1.5398761338216662,,1.6713448485435498,1.6713448485435498,TTM_CFPS_from_OpCF,1.6713448485435498,TTM_CFPS_from_OpCF,5.060595368676013,0.19760520791482025,5.060595368676013,0.19760520791482025,0.18183251467039274,,0.13340543946136796,0.13340543946136796,0,0,0,1,0
2025-04-02,8.4,768243610,6461372887.2,5.46185366627219,1.5379394090821819,,1.15197834186997,,,,,,,,,,5.025892775700935,,,,,0.19896962482661307,1.5398761338216662,,1.6713448485435498,1.6713448485435498,TTM_CFPS_from_OpCF,1.6713448485435498,TTM_CFPS_from_OpCF,5.025892775700935,0.19896962482661307,5.025892775700935,0.19896962482661307,0.18308802489073592,,0.13340543946136796,0.13340543946136796,0,0,0,1,0
2025-04-03,7.96,768243610,6122920021.68,5.17575656946746,1.5379394090821807,,1.15197834186997,,,,,,,,,,4.762631725545171,,,,,0.20996794579692837,1.5398761338216662,,1.6713448485435498,1.6713448485435498,TTM_CFPS_from_OpCF,1.6713448485435498,TTM_CFPS_from_OpCF,4.762631725545171,0.20996794579692837,4.762631725545171,0.20996794579692837,0.1932084684776609,,0.13340543946136907,0.13340543946136907,0,0,0,1,0
2025-04-04,7.734,768243610,5949078322.57199,5.02880669701776,1.5379394090821792,,1.15197834186997,,,,,,,,,,4.627411277056075,,,,,0.21610354907467672,1.5398761338216662,,1.6713448485435498,1.6713448485435498,TTM_CFPS_from_OpCF,1.6713448485435498,TTM_CFPS_from_OpCF,4.627411277056075,0.21610354907467672,4.627411277056075,0.21610354907467672,0.19885433269746305,,0.13340543946137062,0.13340543946137062,0,0,0,1,0
2025-04-07,7.42,768243610,5707546050.36,4.8246374052071,1.537939409082182,,1.15197834186997,,,,,,,,,,4.439538618535826,,,,,0.22524863187918462,1.5398761338216662,,1.6713448485435498,1.6713448485435498,TTM_CFPS_from_OpCF,1.6713448485435498,TTM_CFPS_from_OpCF,4.439538618535826,0.22524863187918462,4.439538618535826,0.22524863187918462,0.20726946214045583,,0.13340543946136774,0.13340543946136774,0,0,0,1,0
2025-04-08,7.216,768243610,5550626994.528,4.69199238759764,1.5379394090821796,,1.15197834186997,,,,,,,,,,4.317481222554518,,,,,0.231616525574217,1.5398761338216662,,1.6713448485435498,1.6713448485435498,TTM_CFPS_from_OpCF,1.6713448485435498,TTM_CFPS_from_OpCF,4.317481222554518,0.231616525574217,4.317481222554518,0.231616525574217,0.21312907553799607,,0.13340543946137018,0.13340543946137018,0,0,0,1,0
2025-04-09,7.04,768243610,5415245848.31999,4.57755354887574,1.5379394090821816,,1.15197834186997,,,,,,,,,,4.212176802492212,,,,,0.2374069387135724,1.5398761338216662,,1.6713448485435498,1.6713448485435498,TTM_CFPS_from_OpCF,1.6713448485435498,TTM_CFPS_from_OpCF,4.212176802492212,0.2374069387135724,4.212176802492212,0.2374069387135724,0.21845730242644626,,0.13340543946136818,0.13340543946136818,0,0,0,1,0
2025-04-10,7.068,768243610,5436783757.94399,4.59575972776332,1.5379394090821799,,1.15197834186997,,,,,,,,,,4.2289297784112145,,,,,0.2364664471623585,1.5398761338216662,,1.6713448485435498,1.6713448485435498,TTM_CFPS_from_OpCF,1.6713448485435498,TTM_CFPS_from_OpCF,4.2289297784112145,0.2364664471623585,4.2289297784112145,0.2364664471623585,0.21759188017574702,,0.13340543946136996,0.13340543946136996,0,0,0,1,0
2025-04-11,7.326,768243610,5635240210.90799,4.76351666179882,1.5379394090821807,,1.15197834186997,,,,,,,,,,4.3832964850934575,,,,,0.22813879996499453,1.5398761338216662,,1.6713448485435498,1.6713448485435498,TTM_CFPS_from_OpCF,1.6713448485435498,TTM_CFPS_from_OpCF,4.3832964850934575,0.22813879996499453,4.3832964850934575,0.22813879996499453,0.20992893926865694,,0.13340543946136907,0.13340543946136907,0,0,0,1,0
2025-04-14,7.48,768243610,5753698713.84,4.86365064568048,1.53793940908218,,1.15197834186997,,,,,,,,,,4.475437852647976,,,,,0.22344182467159757,1.5398761338216662,,1.6713448485435498,1.6713448485435498,TTM_CFPS_from_OpCF,1.6713448485435498,TTM_CFPS_from_OpCF,4.475437852647976,0.22344182467159757,4.475437852647976,0.22344182467159757,0.2056068728719492,,0.13340543946136973,0.13340543946136973,0,0,0,1,0
2025-04-15,7.274,768243610,5595241235.892,4.7297051867219,1.5379394090821799,,1.15197834186997,,,,,,,,,,4.352183815529595,,,,,0.22976970697601728,1.5398761338216662,,1.6713448485435498,1.6713448485435498,TTM_CFPS_from_OpCF,1.6713448485435498,TTM_CFPS_from_OpCF,4.352183815529595,0.22976970697601728,4.352183815529595,0.22976970697601728,0.21142966855680229,,0.13340543946136996,0.13340543946136996,0,0,0,1,0
2025-04-16,7.532,768243610,5793697688.85599,4.8974621207574,1.537939409082181,,1.15197834186997,,,,,,,,,,4.506550522211838,,,,,0.2218992098438064,1.5398761338216662,,1.6713448485435498,1.6713448485435498,TTM_CFPS_from_OpCF,1.6713448485435498,TTM_CFPS_from_OpCF,4.506550522211838,0.2218992098438064,4.506550522211838,0.2218992098438064,0.20418738835398048,,0.13340543946136885,0.13340543946136885,0,0,0,1,0
2025-04-17,7.53,768243610,5792159266.74,4.89616167940829,1.5379394090821803,,1.15197834186997,,,,,,,,,,4.505353881074766,,,,,0.22195814721693888,1.5398761338216662,,1.6713448485435498,1.6713448485435498,TTM_CFPS_from_OpCF,1.6713448485435498,TTM_CFPS_from_OpCF,4.505353881074766,0.22195814721693888,4.505353881074766,0.22195814721693888,0.2042416213920558,,0.1334054394613695,0.1334054394613695,0,0,0,1,0
2025-04-22,7.854,768243610,6041383649.532,5.1068331779645,1.5379394090821812,,1.15197834186997,,,,,,,,,,4.699209745280374,,,,,0.21280173778247388,1.5398761338216662,,1.6713448485435498,1.6713448485435498,TTM_CFPS_from_OpCF,1.6713448485435498,TTM_CFPS_from_OpCF,4.699209745280374,0.21280173778247388,4.699209745280374,0.21280173778247388,0.19581606940185653,,0.13340543946136862,0.13340543946136862,0,0,0,1,0
2025-04-23,7.996,768243610,6150611619.768,5.19916451375148,1.5379394090821819,,1.15197834186997,,,,,,,,,,4.784171266012462,,,,,0.20902261737663203,1.5398761338216662,,1.6713448485435498,1.6713448485435498,TTM_CFPS_from_OpCF,1.6713448485435498,TTM_CFPS_from_OpCF,4.784171266012462,0.20902261737663203,4.784171266012462,0.20902261737663203,0.1923385954329892,,0.13340543946136796,0.13340543946136796,0,0,0,1,0
2025-04-24,8.068,768243610,6205994815.944,5.24598040231953,1.537939409082181,,1.15197834186997,,,,,,,,,,4.82725034694704,,,,,0.20715726927907163,1.5398761338216662,,1.6713448485435498,1.6713448485435498,TTM_CFPS_from_OpCF,1.6713448485435498,TTM_CFPS_from_OpCF,4.82725034694704,0.20715726927907163,4.82725034694704,0.20715726927907163,0.19062213796259062,,0.13340543946136885,0.13340543946136885,0,0,0,1,0
2025-04-25,7.978,768243610,6136765820.724,5.18746054160947,1.5379394090821812,,1.15197834186997,,,,,,,,,,4.773401495778816,,,,,0.20949421515963274,1.5398761338216662,,1.6713448485435498,1.6713448485435498,TTM_CFPS_from_OpCF,1.6713448485435498,TTM_CFPS_from_OpCF,4.773401495778816,0.20949421515963274,4.773401495778816,0.20949421515963274,0.19277255064955895,,0.13340543946136862,0.13340543946136862,0,0,0,1,0
2025-04-28,7.95,768243610,6115227911.1,5.1692543627219,1.53793940908218,,1.15197834186997,,,,,,,,,,4.756648519859813,,,,,0.2102320564205723,1.5398761338216662,,1.6713448485435498,1.6713448485435498,TTM_CFPS_from_OpCF,1.6713448485435498,TTM_CFPS_from_OpCF,4.756648519859813,0.2102320564205723,4.756648519859813,0.2102320564205723,0.1934514979977585,,0.13340543946136973,0.13340543946136973,0,0,0,1,0
2025-04-29,8.9,768243610,6845978416.19999,5.7869640035503,1.537939409082181,,1.15197834186997,,,,,,,,,,5.325053059968848,,,,,0.18779155601612918,1.5398761338216662,,1.6713448485435498,1.6713448485435498,TTM_CFPS_from_OpCF,1.6713448485435498,TTM_CFPS_from_OpCF,5.325053059968848,0.18779155601612918,5.325053059968848,0.18779155601612918,0.17280218079575066,,0.13340543946136885,0.13340543946136885,0,0,0,1,0
2025-04-30,9.156,768243610,7042896447.04799,5.56310935785783,1.64584217404737,,1.15197834186997,,,,,,,,,,5.4782231255140195,,,,,0.1825409402079019,1.5398761338216662,,1.6713448485435498,1.6713448485435498,TTM_CFPS_from_OpCF,1.6713448485435498,TTM_CFPS_from_OpCF,5.4782231255140195,0.1825409402079019,5.4782231255140195,0.1825409402079019,0.17975558912706094,,0.02550267449617971,0.02550267449617971,0,0,0,1,0
2025-05-02,9.332,768243610,7178277593.25599,5.67004549230332,1.6458421740473725,,1.15197834186997,,,,,,,,,,5.583527545576325,,,,,0.1790982478079243,1.5398761338216662,,1.6713448485435498,1.6713448485435498,TTM_CFPS_from_OpCF,1.6713448485435498,TTM_CFPS_from_OpCF,5.583527545576325,0.1790982478079243,5.583527545576325,0.1790982478079243,0.17636542799478916,,0.02550267449617727,0.02550267449617727,0,0,0,1,0
2025-05-05,9.452,768243610,7270582920.21599,5.74295649306162,1.6458421740473705,,1.15197834186997,,,,,,,,,,5.655326013800623,,,,,0.17682446556745132,1.5398761338216662,,1.6713448485435498,1.6713448485435498,TTM_CFPS_from_OpCF,1.6713448485435498,TTM_CFPS_from_OpCF,5.655326013800623,0.17682446556745132,5.655326013800623,0.17682446556745132,0.17412634088524867,,0.025502674496179267,0.025502674496179267,0,0,0,1,0
2025-05-06,9.17,768243610,7053665401.86,5.57161564127962,1.6458421740473732,,1.15197834186997,,,,,,,,,,5.48659961347352,,,,,0.18226225174956923,1.5398761338216662,,1.6713448485435498,1.6713448485435498,TTM_CFPS_from_OpCF,1.6713448485435498,TTM_CFPS_from_OpCF,5.48659961347352,0.18226225174956923,5.48659961347352,0.18226225174956923,0.17948115311312687,,0.025502674496176603,0.025502674496176603,0,0,0,1,0
2025-05-07,8.84,768243610,6799825752.71999,5.37111038919432,1.6458421740473708,,1.15197834186997,,,,,,,,,,5.289153825856698,,,,,0.18906615933750565,1.5398761338216662,,1.6713448485435498,1.6713448485435498,TTM_CFPS_from_OpCF,1.6713448485435498,TTM_CFPS_from_OpCF,5.289153825856698,0.18906615933750565,5.289153825856698,0.18906615933750565,0.18618124140807363,,0.025502674496179045,0.025502674496179045,0,0,0,1,0
2025-05-08,8.812,768243610,6778287843.096,5.35409782235071,1.6458421740473734,,1.15197834186997,,,,,,,,,,5.272400849937695,,,,,0.18966691426958124,1.5398761338216662,,1.6713448485435498,1.6713448485435498,TTM_CFPS_from_OpCF,1.6713448485435498,TTM_CFPS_from_OpCF,5.272400849937695,0.18966691426958124,5.272400849937695,0.18966691426958124,0.1867728295559888,,0.02550267449617638,0.02550267449617638,0,0,0,1,0
2025-05-09,9.012,768243610,6932130054.696,5.47561615694787,1.6458421740473723,,1.15197834186997,,,,,,,,,,5.39206496364486,,,,,0.1854577062298657,1.5398761338216662,,1.6713448485435498,1.6713448485435498,TTM_CFPS_from_OpCF,1.6713448485435498,TTM_CFPS_from_OpCF,5.39206496364486,0.1854577062298657,5.39206496364486,0.1854577062298657,0.18262784887343234,,0.02550267449617749,0.02550267449617749,0,0,0,1,0
2025-05-12,9.55,768243610,7345965603.9,5.80250047701422,1.6458421740473725,,1.15197834186997,,,,,,,,,,5.713961429517135,,,,,0.1750099317846649,1.5398761338216662,,1.6713448485435498,1.6713448485435498,TTM_CFPS_from_OpCF,1.6713448485435498,TTM_CFPS_from_OpCF,5.713961429517135,0.1750099317846649,5.713961429517135,0.1750099317846649,0.17233949466464632,,0.02550267449617727,0.02550267449617727,0,0,0,1,0
2025-05-13,9.856,768243610,7581344187.64799,5.98842352894787,1.6458421740473725,,1.15197834186997,,,,,,,,,,5.897047523489097,,,,,0.16957638479540887,1.5398761338216662,,1.6713448485435498,1.6713448485435498,TTM_CFPS_from_OpCF,1.6713448485435498,TTM_CFPS_from_OpCF,5.897047523489097,0.16957638479540887,5.897047523489097,0.16957638479540887,0.16698885694474153,,0.02550267449617727,0.02550267449617727,0,0,0,1,0
2025-05-14,9.596,768243610,7381349312.568,5.83044969397157,1.6458421740473714,,1.15197834186997,,,,,,,,,,5.7414841756697825,,,,,0.17417099297035743,1.5398761338216662,,1.6713448485435498,1.6713448485435498,TTM_CFPS_from_OpCF,1.6713448485435498,TTM_CFPS_from_OpCF,5.7414841756697825,0.17417099297035743,5.7414841756697825,0.17417099297035743,0.1715133570286965,,0.02550267449617838,0.02550267449617838,0,0,0,1,0
2025-05-15,9.3,768243610,7153662839.4,5.65060255876778,1.6458421740473712,,1.15197834186997,,,,,,,,,,5.564381287383179,,,,,0.17971449984339244,1.5398761338216662,,1.6713448485435498,1.6713448485435498,TTM_CFPS_from_OpCF,1.6713448485435498,TTM_CFPS_from_OpCF,5.564381287383179,0.17971449984339244,5.564381287383179,0.17971449984339244,0.1769722767792872,,0.0255026744961786,0.0255026744961786,0,0,0,1,0
2025-05-16,9.518,768243610,7321350850.044,5.78305754347868,1.6458421740473712,,1.15197834186997,,,,,,,,,,5.694815171323988,,,,,0.1755983240747583,1.5398761338216662,,1.6713448485435498,1.6713448485435498,TTM_CFPS_from_OpCF,1.6713448485435498,TTM_CFPS_from_OpCF,5.694815171323988,0.1755983240747583,5.694815171323988,0.1755983240747583,0.17291890880934765,,0.0255026744961786,0.0255026744961786,0,0,0,1,0
2025-05-19,9.448,768243610,7267506075.984,5.74052612636967,1.6458421740473725,,1.15197834186997,,,,,,,,,,5.65293273152648,,,,,0.17689932774593034,1.5398761338216662,,1.6713448485435498,1.6713448485435498,TTM_CFPS_from_OpCF,1.6713448485435498,TTM_CFPS_from_OpCF,5.65293273152648,0.17689932774593034,5.65293273152648,0.17689932774593034,0.17420006075861266,,0.02550267449617727,0.02550267449617727,0,0,0,1,0
2025-05-20,9.868,768243610,7590574720.34399,5.9957146290237,1.645842174047372,,1.15197834186997,,,,,,,,,,5.904227370311527,,,,,0.1693701711130472,1.5398761338216662,,1.6713448485435498,1.6713448485435498,TTM_CFPS_from_OpCF,1.6713448485435498,TTM_CFPS_from_OpCF,5.904227370311527,0.1693701711130472,5.904227370311527,0.1693701711130472,0.1667857898304998,,0.025502674496177713,0.025502674496177713,0,0,0,1,0
2025-05-21,9.2,768243610,7076741733.6,5.5898433914692,1.6458421740473712,,1.15197834186997,,,,,,,,,,5.504549230529594,,,,,0.18166791831995108,1.5398761338216662,,1.6713448485435498,1.6713448485435498,TTM_CFPS_from_OpCF,1.6713448485435498,TTM_CFPS_from_OpCF,5.504549230529594,0.18166791831995108,5.504549230529594,0.18166791831995108,0.17889588848340993,,0.0255026744961786,0.0255026744961786,0,0,0,1,0
2025-05-22,9.168,768243610,7052126979.744,5.57040045793365,1.6458421740473725,,1.15197834186997,,,,,,,,,,5.485402972336448,,,,,0.18230201227569262,1.5398761338216662,,1.6713448485435498,1.6713448485435498,TTM_CFPS_from_OpCF,1.6713448485435498,TTM_CFPS_from_OpCF,5.485402972336448,0.18230201227569262,5.485402972336448,0.18230201227569262,0.17952030694233997,,0.02550267449617727,0.02550267449617727,0,0,0,1,0
2025-05-23,8.954,768243610,6887515813.332,5.4403758399147,1.6458421740473708,,1.15197834186997,,,,,,,,,,5.357362370669782,,,,,0.18665901815317731,1.5398761338216662,,1.6713448485435498,1.6713448485435498,TTM_CFPS_from_OpCF,1.6713448485435498,TTM_CFPS_from_OpCF,5.357362370669782,0.18665901815317731,5.357362370669782,0.18665901815317731,0.18381083024875705,,0.025502674496179045,0.025502674496179045,0,0,0,1,0
2025-05-26,9.142,768243610,7032127492.236,5.55460307443602,1.6458421740473725,,1.15197834186997,,,,,,,,,,5.469846637554517,,,,,0.1828204822296598,1.5398761338216662,,1.6713448485435498,1.6713448485435498,TTM_CFPS_from_OpCF,1.6713448485435498,TTM_CFPS_from_OpCF,5.469846637554517,0.1828204822296598,5.469846637554517,0.1828204822296598,0.18003086568008891,,0.02550267449617727,0.02550267449617727,0,0,0,1,0
2025-05-27,9.3,768243610,7153662839.4,5.65060255876778,1.6458421740473712,,1.15197834186997,,,,,,,,,,5.564381287383179,,,,,0.17971449984339244,1.5398761338216662,,1.6713448485435498,1.6713448485435498,TTM_CFPS_from_OpCF,1.6713448485435498,TTM_CFPS_from_OpCF,5.564381287383179,0.17971449984339244,5.564381287383179,0.17971449984339244,0.1769722767792872,,0.0255026744961786,0.0255026744961786,0,0,0,1,0
2025-05-28,9.232,768243610,7101356487.45599,5.60928632500474,1.645842174047373,,1.15197834186997,,,,,,,,,,5.523695488722741,,,,,0.18103822016286286,1.5398761338216662,,1.6713448485435498,1.6713448485435498,TTM_CFPS_from_OpCF,1.6713448485435498,TTM_CFPS_from_OpCF,5.523695488722741,0.18103822016286286,5.523695488722741,0.18103822016286286,0.17827579874863225,,0.025502674496176825,0.025502674496176825,0,0,0,1,0
2025-05-30,9.45,768243610,7269044498.09999,5.74174130971564,1.645842174047373,,1.15197834186997,,,,,,,,,,5.654129372663551,,,,,0.1768618887347672,1.5398761338216662,,1.6713448485435498,1.6713448485435498,TTM_CFPS_from_OpCF,1.6713448485435498,TTM_CFPS_from_OpCF,5.654129372663551,0.1768618887347672,5.654129372663551,0.1768618887347672,0.17416319302088604,,0.025502674496176825,0.025502674496176825,0,0,0,1,0
2025-06-02,9.464,768243610,7279813452.912,5.75024759313745,1.6458421740473705,,1.15197834186997,,,,,,,,,,5.662505860623053,,,,,0.17660025872184593,1.5398761338216662,,1.6713448485435498,1.6713448485435498,TTM_CFPS_from_OpCF,1.6713448485435498,TTM_CFPS_from_OpCF,5.662505860623053,0.17660025872184593,5.662505860623053,0.17660025872184593,0.1739055551613874,,0.025502674496179267,0.025502674496179267,0,0,0,1,0
2025-06-03,9.37,768243610,7207507613.46,5.69313397587678,1.6458421740473723,,1.15197834186997,,,,,,,,,,5.606263727180685,,,,,0.17837191553292955,1.5398761338216662,,1.6713448485435498,1.6713448485435498,TTM_CFPS_from_OpCF,1.6713448485435498,TTM_CFPS_from_OpCF,5.606263727180685,0.17837191553292955,5.606263727180685,0.17837191553292955,0.17565017866033855,,0.02550267449617749,0.02550267449617749,0,0,0,1,0
2025-06-04,9.548,768243610,7344427181.78399,5.80128529366825,1.645842174047372,,1.15197834186997,,,,,,,,,,5.7127647883800625,,,,,0.1750465907565511,1.5398761338216662,,1.6713448485435498,1.6713448485435498,TTM_CFPS_from_OpCF,1.6713448485435498,TTM_CFPS_from_OpCF,5.7127647883800625,0.1750465907565511,5.7127647883800625,0.1750465907565511,0.1723755942655396,,0.025502674496177713,0.025502674496177713,0,0,0,1,0
2025-06-05,9.4,768243610,7230583945.2,5.71136172606636,1.6458421740473705,,1.15197834186997,,,,,,,,,,5.624213344236761,,,,,0.17780264346207977,1.5398761338216662,,1.6713448485435498,1.6713448485435498,TTM_CFPS_from_OpCF,1.6713448485435498,TTM_CFPS_from_OpCF,5.624213344236761,0.17780264346207977,5.624213344236761,0.17780264346207977,0.1750895929837628,,0.025502674496179267,0.025502674496179267,0,0,0,1,0
2025-06-06,9.544,768243610,7341350337.552,5.79885492697631,1.6458421740473712,,1.15197834186997,,,,,,,,,,5.710371506105919,,,,,0.17511995479291176,1.5398761338216662,,1.6713448485435498,1.6713448485435498,TTM_CFPS_from_OpCF,1.6713448485435498,TTM_CFPS_from_OpCF,5.710371506105919,0.17511995479291176,5.710371506105919,0.17511995479291176,0.17244783885659798,,0.0255026744961786,0.0255026744961786,0,0,0,1,0
2025-06-09,9.912,768243610,7624420006.896,6.02244866263508,1.6458421740473708,,1.15197834186997,,,,,,,,,,5.930553475327104,,,,,0.16861832612424835,1.5398761338216662,,1.6713448485435498,1.6713448485435498,TTM_CFPS_from_OpCF,1.6713448485435498,TTM_CFPS_from_OpCF,5.930553475327104,0.16861832612424835,5.930553475327104,0.16861832612424835,0.16604541707499704,,0.025502674496179045,0.025502674496179045,0,0,0,1,0
2025-06-10,10.86,768243610,8353632089.88,6.5984455686256,1.6458421740473712,,1.15197834186997,,,,,,,,,,6.497761374299065,,,,,0.1538991573244521,1.5398761338216662,,1.6713448485435498,1.6713448485435498,TTM_CFPS_from_OpCF,1.6713448485435498,TTM_CFPS_from_OpCF,6.497761374299065,0.1538991573244521,6.497761374299065,0.1538991573244521,0.1515508447557432,,0.0255026744961786,0.0255026744961786,0,0,0,1,0
2025-06-11,10.775,768243610,8288249149.95,6.54680027642181,1.6458421740473708,,1.15197834186997,,,,,,,,,,6.4469041259735205,,,,,0.15511321100172157,1.5398761338216662,,1.6713448485435498,1.6713448485435498,TTM_CFPS_from_OpCF,1.6713448485435498,TTM_CFPS_from_OpCF,6.4469041259735205,0.15511321100172157,6.4469041259735205,0.15511321100172157,0.15274637346147293,,0.025502674496179045,0.025502674496179045,0,0,0,1,0
2025-06-12,10.715,768243610,8242096486.46999,6.51034477604266,1.6458421740473714,,1.15197834186997,,,,,,,,,,6.411004891861371,,,,,0.15598178707825944,1.5398761338216662,,1.6713448485435498,1.6713448485435498,TTM_CFPS_from_OpCF,1.6713448485435498,TTM_CFPS_from_OpCF,6.411004891861371,0.15598178707825944,6.411004891861371,0.15598178707825944,0.15360169613134592,,0.02550267449617838,0.02550267449617838,0,0,0,1,0
2025-06-13,10.395,768243610,7995948947.91,6.31591544068721,1.6458421740473714,,1.15197834186997,,,,,,,,,,6.219542309929906,,,,,0.1607835352134247,1.5398761338216662,,1.6713448485435498,1.6713448485435498,TTM_CFPS_from_OpCF,1.6713448485435498,TTM_CFPS_from_OpCF,6.219542309929906,0.1607835352134247,6.219542309929906,0.1607835352134247,0.15833017547353262,,0.02550267449617838,0.02550267449617838,0,0,0,1,0
2025-06-16,10.805,768243610,8311325481.69,6.56502802661138,1.6458421740473717,,1.15197834186997,,,,,,,,,,6.464853743029595,,,,,0.15468254035571957,1.5398761338216662,,1.6713448485435498,1.6713448485435498,TTM_CFPS_from_OpCF,1.6713448485435498,TTM_CFPS_from_OpCF,6.464853743029595,0.15468254035571957,6.464853743029595,0.15468254035571957,0.15232227432182988,,0.025502674496178157,0.025502674496178157,0,0,0,1,0
2025-06-17,10.94,768243610,8415168974.51999,6.64705290246446,1.6458421740473719,,1.15197834186997,,,,,,,,,,6.545627019781931,,,,,0.15277375215206124,1.5398761338216662,,1.6713448485435498,1.6713448485435498,TTM_CFPS_from_OpCF,1.6713448485435498,TTM_CFPS_from_OpCF,6.545627019781931,0.15277375215206124,6.545627019781931,0.15277375215206124,0.15044261188732833,,0.025502674496177935,0.025502674496177935,0,0,0,1,0
2025-06-18,11.06,768243610,8507474301.48,6.71996390322276,1.6458421740473705,,1.15197834186997,,,,,,,,,,6.617425488006231,,,,,0.15111617075438966,1.5398761338216662,,1.6713448485435498,1.6713448485435498,TTM_CFPS_from_OpCF,1.6713448485435498,TTM_CFPS_from_OpCF,6.617425488006231,0.15111617075438966,6.617425488006231,0.15111617075438966,0.14881032315075682,,0.025502674496179267,0.025502674496179267,0,0,0,1,0
2025-06-19,11.47,768243610,8822850835.25999,6.96907648914693,1.6458421740473705,,1.15197834186997,,,,,,,,,,6.8627369211059195,,,,,0.14571445933248037,1.5398761338216662,,1.6713448485435498,1.6713448485435498,TTM_CFPS_from_OpCF,1.6713448485435498,TTM_CFPS_from_OpCF,6.8627369211059195,0.14571445933248037,6.8627369211059195,0.14571445933248037,0.14349103522644904,,0.025502674496179267,0.025502674496179267,0,0,0,1,0
2025-06-23,11.715,768243610,9011307544.46997,7.11793644902844,1.6458421740473723,,1.15197834186997,,,,,,,,,,7.009325460397196,,,,,0.14266708054148952,1.5398761338216662,,1.6713448485435498,1.6713448485435498,TTM_CFPS_from_OpCF,1.6713448485435498,TTM_CFPS_from_OpCF,7.009325460397196,0.14266708054148952,7.009325460397196,0.14266708054148952,0.14049015570186704,,0.02550267449617749,0.02550267449617749,0,0,0,1,0
2025-06-24,11.45,768243610,8807466614.1,6.95692465568721,1.6458421740473714,,1.15197834186997,,,,,,,,,,6.850770509735202,,,,,0.1459689824055502,1.5398761338216662,,1.6713448485435498,1.6713448485435498,TTM_CFPS_from_OpCF,1.6713448485435498,TTM_CFPS_from_OpCF,6.850770509735202,0.1459689824055502,6.850770509735202,0.1459689824055502,0.1437416745892901,,0.02550267449617838,0.02550267449617838,0,0,0,1,0
2025-06-25,11.51,768243610,8853619277.57995,6.99338015606636,1.645842174047371,,1.15197834186997,,,,,,,,,,6.886669743847352,,,,,0.14520806677181144,1.5398761338216662,,1.6713448485435498,1.6713448485435498,TTM_CFPS_from_OpCF,1.6713448485435498,TTM_CFPS_from_OpCF,6.886669743847352,0.14520806677181144,6.886669743847352,0.14520806677181144,0.14299236959577505,,0.025502674496178823,0.025502674496178823,0,0,0,1,0
2025-06-26,11.69,768243610,8992077268.01995,7.1027466572038,1.6458421740473712,,1.15197834186997,,,,,,,,,,6.994367446183801,,,,,0.1429721855041531,1.5398761338216662,,1.6713448485435498,1.6713448485435498,TTM_CFPS_from_OpCF,1.6713448485435498,TTM_CFPS_from_OpCF,6.994367446183801,0.1429721855041531,6.994367446183801,0.1429721855041531,0.14079060513664424,,0.0255026744961786,0.0255026744961786,0,0,0,1,0
2025-06-27,11.455,768243610,8811312669.39,6.95996261405214,1.6458421740473714,,1.15197834186997,,,,,,,,,,6.853762112577882,,,,,0.14590526831458314,1.5398761338216662,,1.6713448485435498,1.6713448485435498,TTM_CFPS_from_OpCF,1.6713448485435498,TTM_CFPS_from_OpCF,6.853762112577882,0.14590526831458314,6.853762112577882,0.14590526831458314,0.14367893269728255,,0.02550267449617838,0.02550267449617838,0,0,0,1,0
2025-06-30,11.52,768243610,8861311388.15997,6.99945607279621,1.6458421740473725,,1.15197834186997,,,,,,,,,,5.175535898947368,,,,,0.19321670635177818,1.5398761338216662,,2.2258564571724846,2.2258564571724846,TTM_CFPS_from_OpCF,2.2258564571724846,TTM_CFPS_from_OpCF,5.175535898947368,0.19321670635177818,5.175535898947368,0.19321670635177818,0.14286824427494554,,0.580014283125112,0.580014283125112,0,0,0,1,0
2025-07-01,11.825,768243610,9095920760.84999,7.18477153305688,1.6458421740473712,,1.15197834186997,,,,,,,,,,5.312561805994152,,,,,0.18823310420063297,1.5398761338216662,,2.2258564571724846,2.2258564571724846,TTM_CFPS_from_OpCF,2.2258564571724846,TTM_CFPS_from_OpCF,5.312561805994152,0.18823310420063297,5.312561805994152,0.18823310420063297,0.13918327053254725,,0.5800142831251134,0.5800142831251134,0,0,0,1,0
2025-07-02,11.995,768243610,9226686640.71,7.28806211746446,1.6458421740473717,,1.15197834186997,,,,,,,,,,5.388936901725146,,,,,0.18556535699645557,1.5398761338216662,,2.2258564571724846,2.2258564571724846,TTM_CFPS_from_OpCF,2.2258564571724846,TTM_CFPS_from_OpCF,5.388936901725146,0.18556535699645557,5.388936901725146,0.18556535699645557,0.1372106856229572,,0.5800142831251129,0.5800142831251129,0,0,0,1,0
2025-07-03,12.46,768243610,9584369782.68,7.57059224540285,1.6458421740473719,,1.15197834186997,,,,,,,,,,5.597845251812866,,,,,0.17864016510212555,1.5398761338216662,,2.2258564571724846,2.2258564571724846,TTM_CFPS_from_OpCF,2.2258564571724846,TTM_CFPS_from_OpCF,5.597845251812866,0.17864016510212555,5.597845251812866,0.17864016510212555,0.132090062122582,,0.5800142831251127,0.5800142831251127,0,0,0,1,0
2025-07-04,12.25,768243610,9422835460.49992,7.44299799407584,1.6458421740473708,,1.15197834186997,,,,,,,,,,5.503499545321637,,,,,0.1817025679324477,1.5398761338216662,,2.2258564571724846,2.2258564571724846,TTM_CFPS_from_OpCF,2.2258564571724846,TTM_CFPS_from_OpCF,5.503499545321637,0.1817025679324477,5.503499545321637,0.1817025679324477,0.13435446318754046,,0.5800142831251138,0.5800142831251138,0,0,0,1,0
2025-07-07,12.235,768243610,9411297294.63,7.43388411898105,1.6458421740473714,,1.15197834186997,,,,,,,,,,5.496760566286549,,,,,0.18192533364711766,1.5398761338216662,,2.2258564571724846,2.2258564571724846,TTM_CFPS_from_OpCF,2.2258564571724846,TTM_CFPS_from_OpCF,5.496760566286549,0.18192533364711766,5.496760566286549,0.18192533364711766,0.13451918055148113,,0.5800142831251132,0.5800142831251132,0,0,0,1,0
2025-07-08,12.435,768243610,9565139506.22997,7.55540245357821,1.6458421740473708,,1.15197834186997,,,,,,,,,,5.58661362008772,,,,,0.17899931300140606,1.5398761338216662,,2.2258564571724846,2.2258564571724846,TTM_CFPS_from_OpCF,2.2258564571724846,TTM_CFPS_from_OpCF,5.58661362008772,0.17899931300140606,5.58661362008772,0.17899931300140606,0.13235562316424374,,0.5800142831251138,0.5800142831251138,0,0,0,1,0
2025-07-09,12.295,768243610,9457449958.10994,7.4703396193602,1.6458421740473708,,1.15197834186997,,,,,,,,,,5.5237164824269005,,,,,0.18103753210024276,1.5398761338216662,,2.2258564571724846,2.2258564571724846,TTM_CFPS_from_OpCF,2.2258564571724846,TTM_CFPS_from_OpCF,5.5237164824269005,0.18103753210024276,5.5237164824269005,0.18103753210024276,0.13386272257400333,,0.5800142831251138,0.5800142831251138,0,0,0,1,0
2025-07-10,12.775,768243610,9826671265.94993,7.76198362239337,1.645842174047372,,1.15197834186997,,,,,,,,,,5.739363811549708,,,,,0.17423533911330602,1.5398761338216662,,2.2258564571724846,2.2258564571724846,TTM_CFPS_from_OpCF,2.2258564571724846,TTM_CFPS_from_OpCF,5.739363811549708,0.17423533911330602,5.739363811549708,0.17423533911330602,0.1288330468921622,,0.5800142831251125,0.5800142831251125,0,0,0,1,0
2025-07-11,12.72,768243610,9784364657.75994,7.72856608037915,1.6458421740473725,,1.15197834186997,,,,,,,,,,5.714654221754387,,,,,0.17498871518651607,1.5398761338216662,,2.2258564571724846,2.2258564571724846,TTM_CFPS_from_OpCF,2.2258564571724846,TTM_CFPS_from_OpCF,5.714654221754387,0.17498871518651607,5.714654221754387,0.17498871518651607,0.12939010802259218,,0.580014283125112,0.580014283125112,0,0,0,1,0
2025-07-14,12.655,768243610,9734365938.98993,7.68907262163508,1.6458421740473712,,1.15197834186997,,,,,,,,,,5.685451979269006,,,,,0.17588751143204145,1.5398761338216662,,2.2258564571724846,2.2258564571724846,TTM_CFPS_from_OpCF,2.2258564571724846,TTM_CFPS_from_OpCF,5.685451979269006,0.17588751143204145,5.685451979269006,0.17588751143204145,0.1300546956971451,,0.5800142831251134,0.5800142831251134,0,0,0,1,0
2025-07-15,12.535,768243610,9642060612.03,7.61616162087678,1.6458421740473725,,1.15197834186997,,,,,,,,,,5.631540146988304,,,,,0.1775713168865165,1.5398761338216662,,2.2258564571724846,2.2258564571724846,TTM_CFPS_from_OpCF,2.2258564571724846,TTM_CFPS_from_OpCF,5.631540146988304,0.1775713168865165,5.631540146988304,0.1775713168865165,0.13129973466672298,,0.580014283125112,0.580014283125112,0,0,0,1,0
2025-07-16,12.47,768243610,9592061893.25992,7.57666816213271,1.6458421740473714,,1.15197834186997,,,,,,,,,,5.6023379045029245,,,,,0.17849690915577263,1.5398761338216662,,2.2258564571724846,2.2258564571724846,TTM_CFPS_from_OpCF,2.2258564571724846,TTM_CFPS_from_OpCF,5.6023379045029245,0.17849690915577263,5.6023379045029245,0.17849690915577263,0.1319841358498293,,0.5800142831251132,0.5800142831251132,0,0,0,1,0
2025-07-17,12.5,768243610,9615138224.99994,7.59489591232228,1.6458421740473719,,1.15197834186997,,,,,,,,,,5.6158158625731,,,,,0.17806851657379877,1.5398761338216662,,2.2258564571724846,2.2258564571724846,TTM_CFPS_from_OpCF,2.2258564571724846,TTM_CFPS_from_OpCF,5.6158158625731,0.17806851657379877,5.6158158625731,0.17806851657379877,0.13166737392378974,,0.5800142831251127,0.5800142831251127,0,0,0,1,0
2025-07-18,13.075,768243610,10057434583.35,7.94426112428911,1.645842174047371,,1.15197834186997,,,,,,,,,,5.874143392251462,,,,,0.17023758754665275,1.5398761338216662,,2.2258564571724846,2.2258564571724846,TTM_CFPS_from_OpCF,2.2258564571724846,TTM_CFPS_from_OpCF,5.874143392251462,0.17023758754665275,5.874143392251462,0.17023758754665275,0.12587703051987542,,0.5800142831251136,0.5800142831251136,0,0,0,1,0
2025-07-21,12.975,768243610,9980513477.54997,7.88350195699053,1.6458421740473712,,1.15197834186997,,,,,,,,,,5.829216865350877,,,,,0.1715496306105961,1.5398761338216662,,2.2258564571724846,2.2258564571724846,TTM_CFPS_from_OpCF,2.2258564571724846,TTM_CFPS_from_OpCF,5.829216865350877,0.1715496306105961,5.829216865350877,0.1715496306105961,0.12684718104411338,,0.5800142831251134,0.5800142831251134,0,0,0,1,0
2025-07-22,13.105,768243610,10080510915.0899,7.96248887447868,1.6458421740473717,,1.15197834186997,,,,,,,,,,5.887621350321638,,,,,0.1698478792195715,1.5398761338216662,,2.2258564571724846,2.2258564571724846,TTM_CFPS_from_OpCF,2.2258564571724846,TTM_CFPS_from_OpCF,5.887621350321638,0.1698478792195715,5.887621350321638,0.1698478792195715,0.12558887249503026,,0.5800142831251129,0.5800142831251129,0,0,0,1,0
2025-07-23,13.13,768243610,10099741191.5399,7.97767866630333,1.6458421740473705,,1.15197834186997,,,,,,,,,,5.898852982046784,,,,,0.16952448264832326,1.5398761338216662,,2.2258564571724846,2.2258564571724846,TTM_CFPS_from_OpCF,2.2258564571724846,TTM_CFPS_from_OpCF,5.898852982046784,0.16952448264832326,5.898852982046784,0.16952448264832326,0.1253497466905842,,0.580014283125114,0.580014283125114,0,0,0,1,0
2025-07-24,14.815,768243610,11395861824.2699,9.00147063528437,1.6458421740473712,,1.15197834186997,,,,,,,,,,6.6558649603216375,,,,,0.1502434328162325,1.5398761338216662,,2.2258564571724846,2.2258564571724846,TTM_CFPS_from_OpCF,2.2258564571724846,TTM_CFPS_from_OpCF,6.6558649603216375,0.1502434328162325,6.6558649603216375,0.1502434328162325,0.11109295808622148,,0.5800142831251134,0.5800142831251134,0,0,0,1,0
2025-07-25,14.535,768243610,11180482728.0299,6.58838110078374,2.2061565318786656,,1.15197834186997,,,,,,,,,,6.530070685,,,,,0.15313769915187372,1.5398761338216662,,2.2258564571724846,2.2258564571724846,TTM_CFPS_from_OpCF,2.2258564571724846,TTM_CFPS_from_OpCF,6.530070685,0.15313769915187372,6.530070685,0.15313769915187372,0.15178235513441113,,0.01969992529381903,0.01969992529381903,0,0,0,1,0
2025-07-28,14.505,768243610,11157406396.2899,6.5747827909782,2.2061565318786656,,1.15197834186997,,,,,,,,,,6.516592726929825,,,,,0.1534544265544629,1.5398761338216662,,2.2258564571724846,2.2258564571724846,TTM_CFPS_from_OpCF,2.2258564571724846,TTM_CFPS_from_OpCF,6.516592726929825,0.1534544265544629,6.516592726929825,0.1534544265544629,0.1520962793435826,,0.01969992529381903,0.01969992529381903,0,0,0,1,0
2025-07-29,14.09,768243610,10838183807.2199,6.38667283866825,2.2061565318786625,,1.15197834186997,,,,,,,,,,6.330147640292398,,,,,0.1579741985218229,1.5398761338216662,,2.2258564571724846,2.2258564571724846,TTM_CFPS_from_OpCF,2.2258564571724846,TTM_CFPS_from_OpCF,6.330147640292398,0.1579741985218229,6.330147640292398,0.1579741985218229,0.1565760491042344,,0.01969992529382214,0.01969992529382214,0,0,0,1,0
2025-07-30,14.025,768243610,10788185088.4499,6.35720983408958,2.2061565318786633,,1.15197834186997,,,,,,,,,,6.300945397807018,,,,,0.1587063427573964,1.5398761338216662,,2.2258564571724846,2.2258564571724846,TTM_CFPS_from_OpCF,2.2258564571724846,TTM_CFPS_from_OpCF,6.300945397807018,0.1587063427573964,6.300945397807018,0.1587063427573964,0.157301713502935,,0.019699925293821252,0.019699925293821252,0,0,0,1,0
2025-07-31,13.835,768243610,10642034987.43,6.27108720532116,2.206156531878665,,1.15197834186997,,,,,,,,,,6.215584996695907,,,,,0.16088590221702093,1.5398761338216662,,2.2258564571724846,2.2258564571724846,TTM_CFPS_from_OpCF,2.2258564571724846,TTM_CFPS_from_OpCF,6.215584996695907,0.16088590221702093,6.215584996695907,0.16088590221702093,0.1594619827884832,,0.019699925293819476,0.019699925293819476,0,0,0,1,0
2025-08-01,13.75,768243610,10576652047.5,6.23255866087213,2.2061565318786656,,1.15197834186997,,,,,,,,,,6.177397448830409,,,,,0.16188046961254435,1.5398761338216662,,2.2258564571724846,2.2258564571724846,TTM_CFPS_from_OpCF,2.2258564571724846,TTM_CFPS_from_OpCF,6.177397448830409,0.16188046961254435,6.177397448830409,0.16188046961254435,0.16044774777299387,,0.01969992529381903,0.01969992529381903,0,0,0,1,0
2025-08-04,13.565,768243610,10434348001.7699,6.14870241707131,2.206156531878664,,1.15197834186997,,,,,,,,,,6.094283374064328,,,,,0.16408820178197453,1.5398761338216662,,2.2258564571724846,2.2258564571724846,TTM_CFPS_from_OpCF,2.2258564571724846,TTM_CFPS_from_OpCF,6.094283374064328,0.16408820178197453,6.094283374064328,0.16408820178197453,0.16263594042599808,,0.019699925293820808,0.019699925293820808,0,0,0,1,0
2025-08-05,14.21,768243610,10930489134.18,6.4410660778904,2.206156531878665,,1.15197834186997,,,,,,,,,,6.3840594725731,,,,,0.15664014476935148,1.5398761338216662,,2.2258564571724846,2.2258564571724846,TTM_CFPS_from_OpCF,2.2258564571724846,TTM_CFPS_from_OpCF,6.3840594725731,0.15664014476935148,6.3840594725731,0.15664014476935148,0.1552538023841425,,0.019699925293819476,0.019699925293819476,0,0,0,1,0
2025-08-06,14.31,768243610,11007410239.98,6.4863937772422,2.2061565318786642,,1.15197834186997,,,,,,,,,,6.428985999473684,,,,,0.15554552461023652,1.5398761338216662,,2.2258564571724846,2.2258564571724846,TTM_CFPS_from_OpCF,2.2258564571724846,TTM_CFPS_from_OpCF,6.428985999473684,0.15554552461023652,6.428985999473684,0.15554552461023652,0.15416887015224767,,0.019699925293820364,0.019699925293820364,0,0,0,1,0
2025-08-07,14.66,768243610,11276634110.2799,6.64504072497349,2.2061565318786642,,1.15197834186997,,,,,,,,,,6.586228843625731,,,,,0.15183195478666334,1.5398761338216662,,2.2258564571724846,2.2258564571724846,TTM_CFPS_from_OpCF,2.2258564571724846,TTM_CFPS_from_OpCF,6.586228843625731,0.15183195478666334,6.586228843625731,0.15183195478666334,0.15048816724956782,,0.019699925293820364,0.019699925293820364,0,0,0,1,0
2025-08-08,14.735,768243610,11334324939.63,6.67903649948734,2.2061565318786633,,1.15197834186997,,,,,,,,,,6.61992373880117,,,,,0.1510591419865955,1.5398761338216662,,2.2258564571724846,2.2258564571724846,TTM_CFPS_from_OpCF,2.2258564571724846,TTM_CFPS_from_OpCF,6.61992373880117,0.1510591419865955,6.61992373880117,0.1510591419865955,0.14972219422318722,,0.019699925293821252,0.019699925293821252,0,0,0,1,0
2025-08-11,14.385,768243610,11065101069.3299,6.52038955175605,2.2061565318786633,,1.15197834186997,,,,,,,,,,6.4626808946491225,,,,,0.15473454690111121,1.5398761338216662,,2.2258564571724846,2.2258564571724846,TTM_CFPS_from_OpCF,2.2258564571724846,TTM_CFPS_from_OpCF,6.4626808946491225,0.15473454690111121,6.4626808946491225,0.15473454690111121,0.1533650699950409,,0.019699925293821252,0.019699925293821252,0,0,0,1,0
2025-08-12,14.36,768243610,11045870792.88,6.5090576269181,2.206156531878664,,1.15197834186997,,,,,,,,,,6.451449262923976,,,,,0.15500393155797246,1.5398761338216662,,2.2258564571724846,2.2258564571724846,TTM_CFPS_from_OpCF,2.2258564571724846,TTM_CFPS_from_OpCF,6.451449262923976,0.15500393155797246,6.451449262923976,0.15500393155797246,0.153632070465088,,0.019699925293820808,0.019699925293820808,0,0,0,1,0
2025-08-13,14.455,768243610,11118945843.39,6.5521189413023,2.206156531878666,,1.15197834186997,,,,,,,,,,6.494129463479532,,,,,0.15398522706139636,1.5398761338216662,,2.2258564571724846,2.2258564571724846,TTM_CFPS_from_OpCF,2.2258564571724846,TTM_CFPS_from_OpCF,6.494129463479532,0.15398522706139636,6.494129463479532,0.15398522706139636,0.15262238200475034,,0.019699925293818588,0.019699925293818588,0,0,0,1,0
2025-08-14,14.735,768243610,11334324939.6299,6.67903649948734,2.2061565318786633,,1.15197834186997,,,,,,,,,,6.61992373880117,,,,,0.1510591419865955,1.5398761338216662,,2.2258564571724846,2.2258564571724846,TTM_CFPS_from_OpCF,2.2258564571724846,TTM_CFPS_from_OpCF,6.61992373880117,0.1510591419865955,6.61992373880117,0.1510591419865955,0.14972219422318722,,0.019699925293821252,0.019699925293821252,0,0,0,1,0
2025-08-15,14.635,768243610,11257403833.83,6.63370880013554,2.2061565318786642,,1.15197834186997,,,,,,,,,,6.574997211900585,,,,,0.15209131924649708,1.5398761338216662,,2.2258564571724846,2.2258564571724846,TTM_CFPS_from_OpCF,2.2258564571724846,TTM_CFPS_from_OpCF,6.574997211900585,0.15209131924649708,6.574997211900585,0.15209131924649708,0.15074523620626337,,0.019699925293820364,0.019699925293820364,0,0,0,1,0
2025-08-18,14.32,768243610,11015102350.56,6.49092654717738,2.2061565318786642,,1.15197834186997,,,,,,,,,,6.433478652163743,,,,,0.1554369034338327,1.5398761338216662,,2.2258564571724846,2.2258564571724846,TTM_CFPS_from_OpCF,2.2258564571724846,TTM_CFPS_from_OpCF,6.433478652163743,0.1554369034338327,6.433478652163743,0.1554369034338327,0.15406121032672235,,0.019699925293820364,0.019699925293820364,0,0,0,1,0
2025-08-19,14.86,768243610,11430476321.88,6.73569612367708,2.2061565318786656,,1.15197834186997,,,,,,,,,,6.676081897426901,,,,,0.1497884560681349,1.5398761338216662,,2.2258564571724846,2.2258564571724846,TTM_CFPS_from_OpCF,2.2258564571724846,TTM_CFPS_from_OpCF,6.676081897426901,0.1497884560681349,6.676081897426901,0.1497884560681349,0.14846275450058316,,0.01969992529381903,0.01969992529381903,0,0,0,1,0
2025-08-20,14.705,768243610,11311248607.89,6.6654381896818,2.206156531878664,,1.15197834186997,,,,,,,,,,6.606445780730994,,,,,0.15136732112699658,1.5398761338216662,,2.2258564571724846,2.2258564571724846,TTM_CFPS_from_OpCF,2.2258564571724846,TTM_CFPS_from_OpCF,6.606445780730994,0.15136732112699658,6.606445780730994,0.15136732112699658,0.15002764582649875,,0.019699925293820808,0.019699925293820808,0,0,0,1,0
2025-08-21,14.82,768243610,11399707879.56,6.71756504393637,2.206156531878663,,1.15197834186997,,,,,,,,,,6.658111286666667,,,,,0.15019274339895308,1.5398761338216662,,2.2258564571724846,2.2258564571724846,TTM_CFPS_from_OpCF,2.2258564571724846,TTM_CFPS_from_OpCF,6.658111286666667,0.15019274339895308,6.658111286666667,0.15019274339895308,0.14886346368951842,,0.019699925293821696,0.019699925293821696,0,0,0,1,0
2025-08-22,15.825,768243610,12172764992.85,7.17310842242193,2.206156531878664,,1.15197834186997,,,,,,,,,,7.109622882017543,,,,,0.14065443647219492,1.5398761338216662,,2.2258564571724846,2.2258564571724846,TTM_CFPS_from_OpCF,2.2258564571724846,TTM_CFPS_from_OpCF,7.109622882017543,0.14065443647219492,7.109622882017543,0.14065443647219492,0.1394095754741652,,0.019699925293820808,0.019699925293820808,0,0,0,1,0
2025-08-25,16.145,768243610,12418912531.41,7.31815706034768,2.2061565318786642,,1.15197834186997,,,,,,,,,,7.253387768099415,,,,,0.1378666123984196,1.5398761338216662,,2.2258564571724846,2.2258564571724846,TTM_CFPS_from_OpCF,2.2258564571724846,TTM_CFPS_from_OpCF,7.253387768099415,0.1378666123984196,7.253387768099415,0.1378666123984196,0.13664642501571164,,0.019699925293820364,0.019699925293820364,0,0,0,1,0
2025-08-26,15.905,768243610,12234301877.49,7.20937058190337,2.2061565318786633,,1.15197834186997,,,,,,,,,,7.145564103538011,,,,,0.13994696367007134,1.5398761338216662,,2.2258564571724846,2.2258564571724846,TTM_CFPS_from_OpCF,2.2258564571724846,TTM_CFPS_from_OpCF,7.145564103538011,0.13994696367007134,7.145564103538011,0.13994696367007134,0.13870836415458432,,0.019699925293821252,0.019699925293821252,0,0,0,1,0
2025-08-27,16.035,768243610,12334299315.03,7.2682965910607,2.206156531878665,,1.15197834186997,,,,,,,,,,7.203968588508772,,,,,0.13881237649968722,1.5398761338216662,,2.2258564571724846,2.2258564571724846,TTM_CFPS_from_OpCF,2.2258564571724846,TTM_CFPS_from_OpCF,7.203968588508772,0.13881237649968722,7.203968588508772,0.13881237649968722,0.13758381863914346,,0.019699925293819476,0.019699925293819476,0,0,0,1,0
2025-08-28,15.905,768243610,12234301877.49,7.20937058190337,2.2061565318786633,,1.15197834186997,,,,,,,,,,7.145564103538011,,,,,0.13994696367007134,1.5398761338216662,,2.2258564571724846,2.2258564571724846,TTM_CFPS_from_OpCF,2.2258564571724846,TTM_CFPS_from_OpCF,7.145564103538011,0.13994696367007134,7.145564103538011,0.13994696367007134,0.13870836415458432,,0.019699925293821252,0.019699925293821252,0,0,0,1,0
2025-08-29,15.69,768243610,12068921500.02,7.111916028297,2.206156531878665,,1.15197834186997,,,,,,,,,,7.048972070701755,,,,,0.1418646562888773,1.5398761338216662,,2.2258564571724846,2.2258564571724846,TTM_CFPS_from_OpCF,2.2258564571724846,TTM_CFPS_from_OpCF,7.048972070701755,0.1418646562888773,7.048972070701755,0.1418646562888773,0.14060908424975557,,0.019699925293819476,0.019699925293819476,0,0,0,1,0
2025-09-01,16.025,768243610,12326607204.45,7.26376382112552,2.206156531878665,,1.15197834186997,,,,,,,,,,7.199475935818713,,,,,0.13889899888751855,1.5398761338216662,,2.2258564571724846,2.2258564571724846,TTM_CFPS_from_OpCF,2.2258564571724846,TTM_CFPS_from_OpCF,7.199475935818713,0.13889899888751855,7.199475935818713,0.13889899888751855,0.13766967437620375,,0.019699925293819476,0.019699925293819476,0,0,0,1,0
2025-09-02,15.895,768243610,12226609766.91,7.20483781196818,2.2061565318786664,,1.15197834186997,,,,,,,,,,7.141071450847953,,,,,0.14003500831534976,1.5398761338216662,,2.2258564571724846,2.2258564571724846,TTM_CFPS_from_OpCF,2.2258564571724846,TTM_CFPS_from_OpCF,7.141071450847953,0.14003500831534976,7.141071450847953,0.14003500831534976,0.13879562956141342,,0.019699925293818144,0.019699925293818144,0,0,0,1,0
2025-09-03,16.19,768243610,12453527029.02,7.33855452505599,2.2061565318786642,,1.15197834186997,,,,,,,,,,7.273604705204679,,,,,0.13748341304339,1.5398761338216662,,2.2258564571724846,2.2258564571724846,TTM_CFPS_from_OpCF,2.2258564571724846,TTM_CFPS_from_OpCF,7.273604705204679,0.13748341304339,7.273604705204679,0.13748341304339,0.13626661716359878,,0.019699925293820364,0.019699925293820364,0,0,0,1,0
2025-09-04,16.275,768243610,12518909968.95,7.37708306950502,2.2061565318786633,,1.15197834186997,,,,,,,,,,7.311792253070175,,,,,0.13676537371259506,1.5398761338216662,,2.2258564571724846,2.2258564571724846,TTM_CFPS_from_OpCF,2.2258564571724846,TTM_CFPS_from_OpCF,7.311792253070175,0.13676537371259506,7.311792253070175,0.13676537371259506,0.13555493283432649,,0.019699925293821252,0.019699925293821252,0,0,0,1,0
2025-09-05,16.775,768243610,12903515497.95,7.603721566264,2.206156531878665,,1.15197834186997,,,,,,,,,,7.536424887573099,,,,,0.13268890951847898,1.5398761338216662,,2.2258564571724846,2.2258564571724846,TTM_CFPS_from_OpCF,2.2258564571724846,TTM_CFPS_from_OpCF,7.536424887573099,0.13268890951847898,7.536424887573099,0.13268890951847898,0.131514547354913,,0.019699925293819476,0.019699925293819476,0,0,0,1,0
2025-09-08,16.71,768243610,12853516779.18,7.57425856168534,2.206156531878663,,1.15197834186997,,,,,,,,,,7.50722264508772,,,,,0.13320505428919716,1.5398761338216662,,2.2258564571724846,2.2258564571724846,TTM_CFPS_from_OpCF,2.2258564571724846,TTM_CFPS_from_OpCF,7.50722264508772,0.13320505428919716,7.50722264508772,0.13320505428919716,0.13202612399034488,,0.019699925293821696,0.019699925293821696,0,0,0,1,0
2025-09-09,16.795,768243610,12918899719.11,7.61278710613436,2.2061565318786656,,1.15197834186997,,,,,,,,,,7.545410192953217,,,,,0.13253089950416697,1.5398761338216662,,2.2258564571724846,2.2258564571724846,TTM_CFPS_from_OpCF,2.2258564571724846,TTM_CFPS_from_OpCF,7.545410192953217,0.13253089950416697,7.545410192953217,0.13253089950416697,0.13135793580700597,,0.01969992529381903,0.01969992529381903,0,0,0,1,0
2025-09-10,16.57,768243610,12745827231.06,7.51079978259282,2.2061565318786642,,1.15197834186997,,,,,,,,,,7.444325507426901,,,,,0.1343305043556116,1.5398761338216662,,2.2258564571724846,2.2258564571724846,TTM_CFPS_from_OpCF,2.2258564571724846,TTM_CFPS_from_OpCF,7.444325507426901,0.1343305043556116,7.444325507426901,0.1343305043556116,0.13314161326968402,,0.019699925293820364,0.019699925293820364,0,0,0,1,0
2025-09-11,16.81,768243610,12930437884.98,7.61958626103713,2.206156531878665,,1.15197834186997,,,,,,,,,,7.552149171988304,,,,,0.1324126387372091,1.5398761338216662,,2.2258564571724846,2.2258564571724846,TTM_CFPS_from_OpCF,2.2258564571724846,TTM_CFPS_from_OpCF,7.552149171988304,0.1324126387372091,7.552149171988304,0.1324126387372091,0.1312407217060479,,0.019699925293819476,0.019699925293819476,0,0,0,1,0
2025-09-12,16.635,768243610,12795825949.83,7.54026278717149,2.206156531878664,,1.15197834186997,,,,,,,,,,7.473527749912281,,,,,0.1338056181047481,1.5398761338216662,,2.2258564571724846,2.2258564571724846,TTM_CFPS_from_OpCF,2.2258564571724846,TTM_CFPS_from_OpCF,7.473527749912281,0.1338056181047481,7.473527749912281,0.1338056181047481,0.1326213725205088,,0.019699925293820808,0.019699925293820808,0,0,0,1,0
2025-09-15,16.84,768243610,12953514216.72,7.63318457084267,2.2061565318786647,,1.15197834186997,,,,,,,,,,7.56562713005848,,,,,0.13217674923827105,1.5398761338216662,,2.2258564571724846,2.2258564571724846,TTM_CFPS_from_OpCF,2.2258564571724846,TTM_CFPS_from_OpCF,7.56562713005848,0.13217674923827105,7.56562713005848,0.13217674923827105,0.1310069199452889,,0.01969992529381992,0.01969992529381992,0,0,0,1,0
2025-09-16,17.28,768243610,13291967082.24,7.83262644799058,2.2061565318786647,,1.15197834186997,,,,,,,,,,7.763303848421053,,,,,0.12881113756785212,1.5398761338216662,,2.2258564571724846,2.2258564571724846,TTM_CFPS_from_OpCF,2.2258564571724846,TTM_CFPS_from_OpCF,7.763303848421053,0.12881113756785212,7.763303848421053,0.12881113756785212,0.12767109559483011,,0.01969992529381992,0.01969992529381992,0,0,0,1,0
2025-09-17,17.02,768243610,13091972207.16,7.71477442967591,2.2061565318786633,,1.15197834186997,,,,,,,,,,7.646494878479532,,,,,0.13077887527452906,1.5398761338216662,,2.2258564571724846,2.2258564571724846,TTM_CFPS_from_OpCF,2.2258564571724846,TTM_CFPS_from_OpCF,7.646494878479532,0.13077887527452906,7.646494878479532,0.13077887527452906,0.12962141785421055,,0.019699925293821252,0.019699925293821252,0,0,0,1,0
2025-09-18,16.415,768243610,12626599517.07,7.44054184859753,2.206156531878665,,1.15197834186997,,,,,,,,,,7.374689390730994,,,,,0.13559893129287143,1.5398761338216662,,2.2258564571724846,2.2258564571724846,TTM_CFPS_from_OpCF,2.2258564571724846,TTM_CFPS_from_OpCF,7.374689390730994,0.13559893129287143,7.374689390730994,0.13559893129287143,0.13439881400418308,,0.019699925293819476,0.019699925293819476,0,0,0,1,0
2025-09-19,15.985,768243610,12295838762.13,7.2456327413848,2.2061565318786656,,1.15197834186997,,,,,,,,,,7.181505325058479,,,,,0.13924657223475037,1.5398761338216662,,2.2258564571724846,2.2258564571724846,TTM_CFPS_from_OpCF,2.2258564571724846,TTM_CFPS_from_OpCF,7.181505325058479,0.13924657223475037,7.181505325058479,0.13924657223475037,0.13801417152822432,,0.01969992529381903,0.01969992529381903,0,0,0,1,0
2025-09-22,16.065,768243610,12357375646.77,7.28189490086624,2.2061565318786656,,1.15197834186997,,,,,,,,,,7.217446546578948,,,,,0.13855315637550478,1.5398761338216662,,2.2258564571724846,2.2258564571724846,TTM_CFPS_from_OpCF,2.2258564571724846,TTM_CFPS_from_OpCF,7.217446546578948,0.13855315637550478,7.217446546578948,0.13855315637550478,0.13732689274065765,,0.01969992529381903,0.01969992529381903,0,0,0,1,0
2025-09-23,16.56,768243610,12738135120.48,7.50626701265764,2.2061565318786642,,1.15197834186997,,,,,,,,,,7.439832854736841,,,,,0.13441162180993266,1.5398761338216662,,2.2258564571724846,2.2258564571724846,TTM_CFPS_from_OpCF,2.2258564571724846,TTM_CFPS_from_OpCF,7.439832854736841,0.13441162180993266,7.439832854736841,0.13441162180993266,0.13322201279460533,,0.019699925293820364,0.019699925293820364,0,0,0,1,0
2025-09-24,16.815,768243610,12934283940.27,7.62185264600472,2.2061565318786656,,1.15197834186997,,,,,,,,,,7.554395498333334,,,,,0.1323732653685688,1.5398761338216662,,2.2258564571724846,2.2258564571724846,TTM_CFPS_from_OpCF,2.2258564571724846,TTM_CFPS_from_OpCF,7.554395498333334,0.1323732653685688,7.554395498333334,0.1323732653685688,0.1312016968111011,,0.01969992529381903,0.01969992529381903,0,0,0,1,0
2025-09-25,16.83,768243610,12945822106.14,7.62865180090749,2.2061565318786647,,1.15197834186997,,,,,,,,,,7.56113447736842,,,,,0.13225528563116368,1.5398761338216662,,2.2258564571724846,2.2258564571724846,TTM_CFPS_from_OpCF,2.2258564571724846,TTM_CFPS_from_OpCF,7.56113447736842,0.13225528563116368,7.56113447736842,0.13225528563116368,0.13108476125244592,,0.01969992529381992,0.01969992529381992,0,0,0,1,0
2025-09-26,16.21,768243610,12468911250.18,7.34762006492635,2.2061565318786642,,1.15197834186997,,,,,,,,,,7.282590010584796,,,,,0.1373137851432748,1.5398761338216662,,2.2258564571724846,2.2258564571724846,TTM_CFPS_from_OpCF,2.2258564571724846,TTM_CFPS_from_OpCF,7.282590010584796,0.1373137851432748,7.282590010584796,0.1373137851432748,0.1360984905538966,,0.019699925293820364,0.019699925293820364,0,0,0,1,0
2025-09-29,16.085,768243610,12372759867.93,7.2909604407366,2.206156531878665,,1.15197834186997,,,,,,,,,,7.226431851959065,,,,,0.1383808801474967,1.5398761338216662,,2.2258564571724846,2.2258564571724846,TTM_CFPS_from_OpCF,2.2258564571724846,TTM_CFPS_from_OpCF,7.226431851959065,0.1383808801474967,7.226431851959065,0.1383808801474967,0.13715614124206807,,0.019699925293819476,0.019699925293819476,0,0,0,1,0
2025-09-30,15.585,768243610,11988154338.93,7.06432194397762,2.206156531878663,,1.15197834186997,,,,,,,,,,7.530236894245283,,,,,0.1327979470027317,1.5398761338216662,,2.0696560040375735,2.0696560040375735,TTM_CFPS_from_OpCF,2.0696560040375735,TTM_CFPS_from_OpCF,7.530236894245283,0.1327979470027317,7.530236894245283,0.1327979470027317,0.1415564024304564,,-0.13650052784108935,-0.13650052784108935,0,0,0,1,0
2025-10-01,15.975,768243610,12288146651.55,7.24109997144962,2.206156531878666,,1.15197834186997,,,,,,,,,,7.718674006132075,,,,,0.12955593139515328,1.5398761338216662,,2.0696560040375735,2.0696560040375735,TTM_CFPS_from_OpCF,2.0696560040375735,TTM_CFPS_from_OpCF,7.718674006132075,0.12955593139515328,7.718674006132075,0.12955593139515328,0.13810056537581633,,-0.13650052784109246,-0.13650052784109246,0,0,0,1,0
2025-10-02,16.305,768243610,12541986300.69,7.39068137931056,2.2061565318786633,,1.15197834186997,,,,,,,,,,7.878120793113207,,,,,0.12693382422800206,1.5398761338216662,,2.0696560040375735,2.0696560040375735,TTM_CFPS_from_OpCF,2.0696560040375735,TTM_CFPS_from_OpCF,7.878120793113207,0.12693382422800206,7.878120793113207,0.12693382422800206,0.1353055217343553,,-0.1365005278410898,-0.1365005278410898,0,0,0,1,0
2025-10-03,16.155,768243610,12426604641.99,7.32268983028286,2.2061565318786647,,1.15197834186997,,,,,,,,,,7.805644980849057,,,,,0.12811241126818776,1.5398761338216662,,2.0696560040375735,2.0696560040375735,TTM_CFPS_from_OpCF,2.0696560040375735,TTM_CFPS_from_OpCF,7.805644980849057,0.12811241126818776,7.805644980849057,0.12811241126818776,0.1365618404134116,,-0.13650052784109112,-0.13650052784109112,0,0,0,1,0
2025-10-06,16.275,768243610,12518909968.95,7.37708306950502,2.2061565318786633,,1.15197834186997,,,,,,,,,,7.863625630660376,,,,,0.1271678036275007,1.5398761338216662,,2.0696560040375735,2.0696560040375735,TTM_CFPS_from_OpCF,2.0696560040375735,TTM_CFPS_from_OpCF,7.863625630660376,0.1271678036275007,7.863625630660376,0.1271678036275007,0.13555493283432649,,-0.1365005278410898,-0.1365005278410898,0,0,0,1,0
2025-10-07,16.115,768243610,12395836199.67,7.30455875054214,2.2061565318786647,,1.15197834186997,,,,,,,,,,7.786318097578615,,,,,0.1284304067041622,1.5398761338216662,,2.0696560040375735,2.0696560040375735,TTM_CFPS_from_OpCF,2.0696560040375735,TTM_CFPS_from_OpCF,7.786318097578615,0.1284304067041622,7.786318097578615,0.1284304067041622,0.13690080868002885,,-0.13650052784109112,-0.13650052784109112,0,0,0,1,0
2025-10-08,16.08,768243610,12368913812.64,7.28869405576901,2.2061565318786647,,1.15197834186997,,,,,,,,,,7.76940707471698,,,,,0.12870995049984912,1.5398761338216662,,2.0696560040375735,2.0696560040375735,TTM_CFPS_from_OpCF,2.0696560040375735,TTM_CFPS_from_OpCF,7.76940707471698,0.12870995049984912,7.76940707471698,0.12870995049984912,0.13719878929593687,,-0.13650052784109112,-0.13650052784109112,0,0,0,1,0
2025-10-09,16.275,768243610,12518909968.95,7.37708306950502,2.2061565318786633,,1.15197834186997,,,,,,,,,,7.863625630660376,,,,,0.1271678036275007,1.5398761338216662,,2.0696560040375735,2.0696560040375735,TTM_CFPS_from_OpCF,2.0696560040375735,TTM_CFPS_from_OpCF,7.863625630660376,0.1271678036275007,7.863625630660376,0.1271678036275007,0.13555493283432649,,-0.1365005278410898,-0.1365005278410898,0,0,0,1,0
2025-10-10,16.21,768243610,12468911250.18,7.34762006492635,2.2061565318786642,,1.15197834186997,,,,,,,,,,7.832219445345912,,,,,0.12767773004550115,1.5398761338216662,,2.0696560040375735,2.0696560040375735,TTM_CFPS_from_OpCF,2.0696560040375735,TTM_CFPS_from_OpCF,7.832219445345912,0.12767773004550115,7.832219445345912,0.12767773004550115,0.1360984905538966,,-0.13650052784109068,-0.13650052784109068,0,0,0,1,0
2025-10-13,16.875,768243610,12980436603.75,7.6490492656158,2.2061565318786647,,1.15197834186997,,,,,,,,,,8.153528879716982,,,,,0.1226462817207451,1.5398761338216662,,2.0696560040375735,2.0696560040375735,TTM_CFPS_from_OpCF,2.0696560040375735,TTM_CFPS_from_OpCF,8.153528879716982,0.1226462817207451,8.153528879716982,0.1226462817207451,0.13073520188910606,,-0.13650052784109112,-0.13650052784109112,0,0,0,1,0
2025-10-14,16.805,768243610,12926591829.69,7.61731987606954,2.206156531878665,,1.15197834186997,,,,,,,,,,8.11970683399371,,,,,0.12315715584871012,1.5398761338216662,,2.0696560040375735,2.0696560040375735,TTM_CFPS_from_OpCF,2.0696560040375735,TTM_CFPS_from_OpCF,8.11970683399371,0.12315715584871012,8.11970683399371,0.12315715584871012,0.13127976982318745,,-0.13650052784109157,-0.13650052784109157,0,0,0,1,0
2025-10-15,16.695,768243610,12841978613.31,7.56745940678256,2.206156531878666,,1.15197834186997,,,,,,,,,,8.066557905,,,,,0.12396861359913589,1.5398761338216662,,2.0696560040375735,2.0696560040375735,TTM_CFPS_from_OpCF,2.0696560040375735,TTM_CFPS_from_OpCF,8.066557905,0.12396861359913589,8.066557905,0.12396861359913589,0.13214474584478383,,-0.13650052784109246,-0.13650052784109246,0,0,0,1,0
2025-10-16,16.685,768243610,12834286502.73,7.56292663684738,2.206156531878666,,1.15197834186997,,,,,,,,,,8.061726184182389,,,,,0.12404291303791272,1.5398761338216662,,2.0696560040375735,2.0696560040375735,TTM_CFPS_from_OpCF,2.0696560040375735,TTM_CFPS_from_OpCF,8.061726184182389,0.12404291303791272,8.061726184182389,0.12404291303791272,0.13222394557259012,,-0.13650052784109246,-0.13650052784109246,0,0,0,1,0
2025-10-17,16.5,768243610,12691982457.0,7.47907039304656,2.2061565318786647,,1.15197834186997,,,,,,,,,,7.972339349056603,,,,,0.1254336972143984,1.5398761338216662,,2.0696560040375735,2.0696560040375735,TTM_CFPS_from_OpCF,2.0696560040375735,TTM_CFPS_from_OpCF,7.972339349056603,0.1254336972143984,7.972339349056603,0.1254336972143984,0.13370645647749482,,-0.13650052784109112,-0.13650052784109112,0,0,0,1,0
2025-10-20,16.82,768243610,12938129995.56,7.62411903097231,2.206156531878665,,1.15197834186997,,,,,,,,,,8.126954415220126,,,,,0.12304732485360127,1.5398761338216662,,2.0696560040375735,2.0696560040375735,TTM_CFPS_from_OpCF,2.0696560040375735,TTM_CFPS_from_OpCF,8.126954415220126,0.12304732485360127,8.126954415220126,0.12304732485360127,0.13116269511763762,,-0.13650052784109157,-0.13650052784109157,0,0,0,1,0
2025-10-21,16.425,768243610,12634291627.65,7.44507461853271,2.206156531878665,,1.15197834186997,,,,,,,,,,7.936101442924528,,,,,0.12600645382268333,1.5398761338216662,,2.0696560040375735,2.0696560040375735,TTM_CFPS_from_OpCF,2.0696560040375735,TTM_CFPS_from_OpCF,7.936101442924528,0.12600645382268333,7.936101442924528,0.12600645382268333,0.1343169882422323,,-0.13650052784109157,-0.13650052784109157,0,0,0,1,0
2025-10-22,17.075,768243610,13134278815.35,7.7397046643194,2.206156531878663,,1.15197834186997,,,,,,,,,,8.250163296069182,,,,,0.12120972205198088,1.5398761338216662,,2.0696560040375735,2.0696560040375735,TTM_CFPS_from_OpCF,2.0696560040375735,TTM_CFPS_from_OpCF,8.250163296069182,0.12120972205198088,8.250163296069182,0.12120972205198088,0.1292038964497021,,-0.13650052784108935,-0.13650052784108935,0,0,0,1,0
2025-10-23,17.53,768243610,13484269846.74,7.94594569637007,2.2061565318786656,,1.15197834186997,,,,,,,,,,8.47000659327044,,,,,0.11806366252353528,1.5398761338216662,,2.0696560040375735,2.0696560040375735,TTM_CFPS_from_OpCF,2.0696560040375735,TTM_CFPS_from_OpCF,8.47000659327044,0.11806366252353528,8.47000659327044,0.11806366252353528,0.12585034408891416,,-0.136500527841092,-0.136500527841092,0,0,0,1,0
2025-10-24,18.3,768243610,14076562361.4,8.29496898137891,2.2061565318786656,,1.15197834186997,,,,,,,,,,8.842049096226415,,,,,0.11309595650478543,1.5398761338216662,,2.0696560040375735,2.0696560040375735,TTM_CFPS_from_OpCF,2.0696560040375735,TTM_CFPS_from_OpCF,8.842049096226415,0.11309595650478543,8.842049096226415,0.11309595650478543,0.12055500174200356,,-0.136500527841092,-0.136500527841092,0,0,0,1,0
2025-10-27,18.4,768243610,14153483467.2,8.34029668073071,2.2061565318786642,,1.15197834186997,,,,,,,,,,8.890366304402514,,,,,0.11248130456725944,1.5398761338216662,,2.0696560040375735,2.0696560040375735,TTM_CFPS_from_OpCF,2.0696560040375735,TTM_CFPS_from_OpCF,8.890366304402514,0.11248130456725944,8.890366304402514,0.11248130456725944,0.11989981151514481,,-0.13650052784109068,-0.13650052784109068,0,0,0,1,0
2025-10-28,18.425,768243610,14172713743.65,8.35162860556866,2.2061565318786642,,1.15197834186997,,,,,,,,,,8.902445606446541,,,,,0.11232868407259558,1.5398761338216662,,2.0696560040375735,2.0696560040375735,TTM_CFPS_from_OpCF,2.0696560040375735,TTM_CFPS_from_OpCF,8.902445606446541,0.11232868407259558,8.902445606446541,0.11232868407259558,0.11973712520372669,,-0.13650052784109068,-0.13650052784109068,0,0,0,1,0
2025-10-29,18.92,768243610,14553473217.36,8.57600071736006,2.206156531878664,,1.15197834186997,,,,,,,,,,9.141615786918239,,,,,0.10938985222185905,1.5398761338216662,,2.0696560040375735,2.0696560040375735,TTM_CFPS_from_OpCF,2.0696560040375735,TTM_CFPS_from_OpCF,9.141615786918239,0.10938985222185905,9.141615786918239,0.10938985222185905,0.11660446785828031,,-0.13650052784109024,-0.13650052784109024,0,0,0,1,0
2025-10-30,18.6,768243610,14307325678.8,9.07249567457198,2.0501525343386295,,1.15197834186997,,,,,,,,,,8.987000720754716,,,,,0.11127182817406309,1.5398761338216662,,2.0696560040375735,2.0696560040375735,TTM_CFPS_from_OpCF,2.0696560040375735,TTM_CFPS_from_OpCF,8.987000720754716,0.11127182817406309,8.987000720754716,0.11127182817406309,0.11022325453433492,,0.01950346969894401,0.01950346969894401,0,0,0,1,0
2025-10-31,17.955,768243610,13811184546.39,8.75788493746989,2.0501525343386287,,1.15197834186997,,,,,,,,,,8.675354728018867,,,,,0.11526906176761759,1.5398761338216662,,2.0696560040375735,2.0696560040375735,TTM_CFPS_from_OpCF,2.0696560040375735,TTM_CFPS_from_OpCF,8.675354728018867,0.11526906176761759,8.675354728018867,0.11526906176761759,0.11418282006898517,,0.019503469698944897,0.019503469698944897,0,0,0,1,0
2025-11-03,17.8,768243610,13691956832.4,8.68228080684846,2.050152534338628,,1.15197834186997,,,,,,,,,,8.600463055345912,,,,,0.11627280921559402,1.5398761338216662,,2.0696560040375735,2.0696560040375735,TTM_CFPS_from_OpCF,2.0696560040375735,TTM_CFPS_from_OpCF,8.600463055345912,0.11627280921559402,8.600463055345912,0.11627280921559402,0.11517710867070945,,0.01950346969894534,0.01950346969894534,0,0,0,1,0
2025-11-04,17.145,768243610,13188123589.41,8.36279238389982,2.050152534338629,,1.15197834186997,,,,,,,,,,8.283985341792452,,,,,0.1207148442133318,1.5398761338216662,,2.0696560040375735,2.0696560040375735,TTM_CFPS_from_OpCF,2.0696560040375735,TTM_CFPS_from_OpCF,8.283985341792452,0.1207148442133318,8.283985341792452,0.1207148442133318,0.1195772840092522,,0.019503469698944453,0.019503469698944453,0,0,0,1,0
2025-11-05,17.065,768243610,13126586704.77,8.32377089712747,2.050152534338628,,1.15197834186997,,,,,,,,,,8.245331575251573,,,,,0.12128075030984901,1.5398761338216662,,2.0696560040375735,2.0696560040375735,TTM_CFPS_from_OpCF,2.0696560040375735,TTM_CFPS_from_OpCF,8.245331575251573,0.12128075030984901,8.245331575251573,0.12128075030984901,0.12013785727152816,,0.01950346969894534,0.01950346969894534,0,0,0,1,0
2025-11-06,17.845,768243610,13726571330.01,8.7042303931579,2.05015253433863,,1.15197834186997,,,,,,,,,,8.622205799025156,,,,,0.11597960235570601,1.5398761338216662,,2.0696560040375735,2.0696560040375735,TTM_CFPS_from_OpCF,2.0696560040375735,TTM_CFPS_from_OpCF,8.622205799025156,0.11597960235570601,8.622205799025156,0.11597960235570601,0.11488666485506474,,0.019503469698943565,0.019503469698943565,0,0,0,1,0
2025-11-07,17.54,768243610,13491961957.32,8.55546097483831,2.050152534338629,,1.15197834186997,,,,,,,,,,8.47483831408805,,,,,0.11799635142745574,1.5398761338216662,,2.0696560040375735,2.0696560040375735,TTM_CFPS_from_OpCF,2.0696560040375735,TTM_CFPS_from_OpCF,8.47483831408805,0.11799635142745574,8.47483831408805,0.11799635142745574,0.11688440902728787,,0.019503469698944453,0.019503469698944453,0,0,0,1,0
2025-11-10,17.395,768243610,13380426353.91,8.48473453006342,2.050152534338629,,1.15197834186997,,,,,,,,,,8.404778362232705,,,,,0.11897993699554893,1.5398761338216662,,2.0696560040375735,2.0696560040375735,TTM_CFPS_from_OpCF,2.0696560040375735,TTM_CFPS_from_OpCF,8.404778362232705,0.11897993699554893,8.404778362232705,0.11897993699554893,0.11785872574525032,,0.019503469698944453,0.019503469698944453,0,0,0,1,0
2025-11-11,18.265,768243610,14049639974.37,8.90909319871275,2.0501525343386304,,1.15197834186997,,,,,,,,,,8.82513807336478,,,,,0.11331267473515322,1.5398761338216662,,2.0696560040375735,2.0696560040375735,TTM_CFPS_from_OpCF,2.0696560040375735,TTM_CFPS_from_OpCF,8.82513807336478,0.11331267473515322,8.82513807336478,0.11331267473515322,0.11224486911243528,,0.01950346969894312,0.01950346969894312,0,0,0,1,0
2025-11-12,17.825,768243610,13711187108.85,8.69447502146482,2.050152534338628,,1.15197834186997,,,,,,,,,,8.612542357389936,,,,,0.11610973374684845,1.5398761338216662,,2.0696560040375735,2.0696560040375735,TTM_CFPS_from_OpCF,2.0696560040375735,TTM_CFPS_from_OpCF,8.612542357389936,0.11610973374684845,8.612542357389936,0.11610973374684845,0.11501556994887115,,0.01950346969894534,0.01950346969894534,0,0,0,1,0
2025-11-13,18.15,768243610,13961180702.7,8.85299981147749,2.050152534338631,,1.15197834186997,,,,,,,,,,8.769573283962263,,,,,0.11403063383127128,1.5398761338216662,,2.0696560040375735,2.0696560040375735,TTM_CFPS_from_OpCF,2.0696560040375735,TTM_CFPS_from_OpCF,8.769573283962263,0.11403063383127128,8.769573283962263,0.11403063383127128,0.11295606249799621,,0.019503469698942677,0.019503469698942677,0,0,0,1,0
2025-11-14,18.305,768243610,14080408416.69,8.92860394209893,2.0501525343386295,,1.15197834186997,,,,,,,,,,8.84446495663522,,,,,0.11306506441068416,1.5398761338216662,,2.0696560040375735,2.0696560040375735,TTM_CFPS_from_OpCF,2.0696560040375735,TTM_CFPS_from_OpCF,8.84446495663522,0.11306506441068416,8.84446495663522,0.11306506441068416,0.11199959215179621,,0.01950346969894401,0.01950346969894401,0,0,0,1,0
2025-11-17,17.925,768243610,13788108214.65,8.74325187993025,2.050152534338631,,1.15197834186997,,,,,,,,,,8.660859565566037,,,,,0.11546198069944622,1.5398761338216662,,2.0696560040375735,2.0696560040375735,TTM_CFPS_from_OpCF,2.0696560040375735,TTM_CFPS_from_OpCF,8.660859565566037,0.11546198069944622,8.660859565566037,0.11546198069944622,0.11437392102307563,,0.019503469698942677,0.019503469698942677,0,0,0,1,0
2025-11-18,17.675,768243610,13595805450.15,8.62130973376665,2.0501525343386304,,1.15197834186997,,,,,,,,,,8.540066545125786,,,,,0.11709510631047092,1.5398761338216662,,2.0696560040375735,2.0696560040375735,TTM_CFPS_from_OpCF,2.0696560040375735,TTM_CFPS_from_OpCF,8.540066545125786,0.11709510631047092,8.540066545125786,0.11709510631047092,0.11599165682255336,,0.01950346969894312,0.01950346969894312,0,0,0,1,0
2025-11-19,17.175,768243610,13211199921.15,8.37742544143945,2.0501525343386295,,1.15197834186997,,,,,,,,,,8.298480504245283,,,,,0.12050398859025173,1.5398761338216662,,2.0696560040375735,2.0696560040375735,TTM_CFPS_from_OpCF,2.0696560040375735,TTM_CFPS_from_OpCF,8.298480504245283,0.12050398859025173,8.298480504245283,0.12050398859025173,0.11936841539089547,,0.01950346969894401,0.01950346969894401,0,0,0,1,0
2025-11-20,17.36,768243610,13353503966.88,8.46766262960051,2.050152534338631,,1.15197834186997,,,,,,,,,,8.387867339371068,,,,,0.11921981590078189,1.5398761338216662,,2.0696560040375735,2.0696560040375735,TTM_CFPS_from_OpCF,2.0696560040375735,TTM_CFPS_from_OpCF,8.387867339371068,0.11921981590078189,8.387867339371068,0.11921981590078189,0.11809634414393036,,0.019503469698942677,0.019503469698942677,0,0,0,1,0
2025-11-21,16.725,768243610,12865054945.05,8.15792957834497,2.050152534338629,,1.15197834186997,,,,,,,,,,8.08105306745283,,,,,0.12374624837294908,1.5398761338216662,,2.0696560040375735,2.0696560040375735,TTM_CFPS_from_OpCF,2.0696560040375735,TTM_CFPS_from_OpCF,8.08105306745283,0.12374624837294908,8.08105306745283,0.12374624837294908,0.12258012163459664,,0.019503469698944453,0.019503469698944453,0,0,0,1,0
2025-11-24,16.1,768243610,12384298033.8,7.85307421293596,2.05015253433863,,1.15197834186997,,,,,,,,,,7.779070516352202,,,,,0.1285500623625822,1.5398761338216662,,2.0696560040375735,2.0696560040375735,TTM_CFPS_from_OpCF,2.0696560040375735,TTM_CFPS_from_OpCF,7.779070516352202,0.1285500623625822,7.779070516352202,0.1285500623625822,0.12733866672910746,,0.019503469698943565,0.019503469698943565,0,0,0,1,0
2025-11-25,15.965,768243610,12280454540.97,7.78722545400762,2.0501525343386287,,1.15197834186997,,,,,,,,,,7.713842285314465,,,,,0.1296370813678405,1.5398761338216662,,2.0696560040375735,2.0696560040375735,TTM_CFPS_from_OpCF,2.0696560040375735,TTM_CFPS_from_OpCF,7.713842285314465,0.1296370813678405,7.713842285314465,0.1296370813678405,0.12841544217592413,,0.019503469698944897,0.019503469698944897,0,0,0,1,0
2025-11-26,16.5,768243610,12691982457.0,8.04818164679772,2.0501525343386304,,1.15197834186997,,,,,,,,,,7.972339349056603,,,,,0.1254336972143984,1.5398761338216662,,2.0696560040375735,2.0696560040375735,TTM_CFPS_from_OpCF,2.0696560040375735,TTM_CFPS_from_OpCF,7.972339349056603,0.1254336972143984,7.972339349056603,0.1254336972143984,0.1242516687477958,,0.01950346969894312,0.01950346969894312,0,0,0,1,0
2025-11-27,16.72,768243610,12861208889.76,8.15549073542169,2.0501525343386304,,1.15197834186997,,,,,,,,,,8.078637207044023,,,,,0.12378325382999843,1.5398761338216662,,2.0696560040375735,2.0696560040375735,TTM_CFPS_from_OpCF,2.0696560040375735,TTM_CFPS_from_OpCF,8.078637207044023,0.12378325382999843,8.078637207044023,0.12378325382999843,0.12261677836953531,,0.01950346969894312,0.01950346969894312,0,0,0,1,0
2025-11-28,16.64,768243610,12799672005.12,8.11646924864934,2.05015253433863,,1.15197834186997,,,,,,,,,,8.039983440503145,,,,,0.12437836562725803,1.5398761338216662,,2.0696560040375735,2.0696560040375735,TTM_CFPS_from_OpCF,2.0696560040375735,TTM_CFPS_from_OpCF,8.039983440503145,0.12437836562725803,8.039983440503145,0.12437836562725803,0.12320628211169651,,0.019503469698943565,0.019503469698943565,0,0,0,1,0
2025-12-01,16.89,768243610,12991974769.62,8.23841139481294,2.0501525343386304,,1.15197834186997,,,,,,,,,,8.160776460943396,,,,,0.12253735962330216,1.5398761338216662,,2.0696560040375735,2.0696560040375735,TTM_CFPS_from_OpCF,2.0696560040375735,TTM_CFPS_from_OpCF,8.160776460943396,0.12253735962330216,8.160776460943396,0.12253735962330216,0.12138262488683424,,0.01950346969894312,0.01950346969894312,0,0,0,1,0
2025-12-02,17.14,768243610,13184277534.12,8.36035354097654,2.050152534338631,,1.15197834186997,,,,,,,,,,8.281569481383647,,,,,0.12075005857862156,1.5398761338216662,,2.0696560040375735,2.0696560040375735,TTM_CFPS_from_OpCF,2.0696560040375735,TTM_CFPS_from_OpCF,8.281569481383647,0.12075005857862156,8.281569481383647,0.12075005857862156,0.11961216653084195,,0.019503469698942677,0.019503469698942677,0,0,0,1,0
2025-12-03,17.655,768243610,13580421228.99,8.61155436207357,2.0501525343386287,,1.15197834186997,,,,,,,,,,8.530403103490567,,,,,0.11722775440597981,1.5398761338216662,,2.0696560040375735,2.0696560040375735,TTM_CFPS_from_OpCF,2.0696560040375735,TTM_CFPS_from_OpCF,8.530403103490567,0.11722775440597981,8.530403103490567,0.11722775440597981,0.11612305490448194,,0.019503469698944897,0.019503469698944897,0,0,0,1,0
2025-12-04,17.365,768243610,13357350022.17,8.47010147252379,2.0501525343386287,,1.15197834186997,,,,,,,,,,8.390283199779873,,,,,0.11918548828318881,1.5398761338216662,,2.0696560040375735,2.0696560040375735,TTM_CFPS_from_OpCF,2.0696560040375735,TTM_CFPS_from_OpCF,8.390283199779873,0.11918548828318881,8.390283199779873,0.11918548828318881,0.11806234001374194,,0.019503469698944897,0.019503469698944897,0,0,0,1,0
2025-12-05,18.305,768243610,14080408416.69,8.92860394209893,2.0501525343386295,,1.15197834186997,,,,,,,,,,8.84446495663522,,,,,0.11306506441068416,1.5398761338216662,,2.0696560040375735,2.0696560040375735,TTM_CFPS_from_OpCF,2.0696560040375735,TTM_CFPS_from_OpCF,8.84446495663522,0.11306506441068416,8.84446495663522,0.11306506441068416,0.11199959215179621,,0.01950346969894401,0.01950346969894401,0,0,0,1,0
2025-12-08,18.34,768243610,14107330803.72,8.94567584256183,2.0501525343386304,,1.15197834186997,,,,,,,,,,8.861375979496854,,,,,0.11284929138699965,1.5398761338216662,,2.0696560040375735,2.0696560040375735,TTM_CFPS_from_OpCF,2.0696560040375735,TTM_CFPS_from_OpCF,8.861375979496854,0.11284929138699965,8.861375979496854,0.11284929138699965,0.11178585247211727,,0.01950346969894312,0.01950346969894312,0,0,0,1,0
2025-12-09,18.045,768243610,13880413541.61,8.80178411008879,2.0501525343386287,,1.15197834186997,,,,,,,,,,8.718840215377359,,,,,0.11469415372887633,1.5398761338216662,,2.0696560040375735,2.0696560040375735,TTM_CFPS_from_OpCF,2.0696560040375735,TTM_CFPS_from_OpCF,8.718840215377359,0.11469415372887633,8.718840215377359,0.11469415372887633,0.11361332969457624,,0.019503469698944897,0.019503469698944897,0,0,0,1,0
2025-12-10,19.08,768243610,14676546986.64,9.3066245952061,2.050152534338628,,1.15197834186997,,,,,,,,,,9.218923319999998,,,,,0.10847253689924391,1.5398761338216662,,2.0696560040375735,2.0696560040375735,TTM_CFPS_from_OpCF,2.0696560040375735,TTM_CFPS_from_OpCF,9.218923319999998,0.10847253689924391,9.218923319999998,0.10847253689924391,0.10745034247057801,,0.01950346969894534,0.01950346969894534,0,0,0,1,0
2025-12-11,18.98,768243610,14599625880.84,9.25784773674065,2.0501525343386304,,1.15197834186997,,,,,,,,,,9.170606111823899,,,,,0.1090440465773221,1.5398761338216662,,2.0696560040375735,2.0696560040375735,TTM_CFPS_from_OpCF,2.0696560040375735,TTM_CFPS_from_OpCF,9.170606111823899,0.1090440465773221,9.170606111823899,0.1090440465773221,0.10801646650888465,,0.01950346969894312,0.01950346969894312,0,0,0,1,0
2025-12-12,18.315,768243610,14088100527.27,8.93348162794548,2.0501525343386287,,1.15197834186997,,,,,,,,,,8.84929667745283,,,,,0.11300333082378233,1.5398761338216662,,2.0696560040375735,2.0696560040375735,TTM_CFPS_from_OpCF,2.0696560040375735,TTM_CFPS_from_OpCF,8.84929667745283,0.11300333082378233,8.84929667745283,0.11300333082378233,0.11193844031332942,,0.019503469698944897,0.019503469698944897,0,0,0,1,0
2025-12-15,18.6,768243610,14307325678.8,9.07249567457198,2.0501525343386295,,1.15197834186997,,,,,,,,,,8.987000720754716,,,,,0.11127182817406309,1.5398761338216662,,2.0696560040375735,2.0696560040375735,TTM_CFPS_from_OpCF,2.0696560040375735,TTM_CFPS_from_OpCF,8.987000720754716,0.11127182817406309,8.987000720754716,0.11127182817406309,0.11022325453433492,,0.01950346969894401,0.01950346969894401,0,0,0,1,0
2025-12-16,18.215,768243610,14011179421.47,8.88470476948003,2.0501525343386304,,1.15197834186997,,,,,,,,,,8.80097946927673,,,,,0.1136237169386535,1.5398761338216662,,2.0696560040375735,2.0696560040375735,TTM_CFPS_from_OpCF,2.0696560040375735,TTM_CFPS_from_OpCF,8.80097946927673,0.1136237169386535,8.80097946927673,0.1136237169386535,0.11255298019976012,,0.01950346969894312,0.01950346969894312,0,0,0,1,0
2025-12-17,18.355,768243610,14118868969.59,8.95299237133165,2.0501525343386295,,1.15197834186997,,,,,,,,,,8.86862356072327,,,,,0.11275706913852213,1.5398761338216662,,2.0696560040375735,2.0696560040375735,TTM_CFPS_from_OpCF,2.0696560040375735,TTM_CFPS_from_OpCF,8.86862356072327,0.11275706913852213,8.86862356072327,0.11275706913852213,0.1116944992829545,,0.01950346969894401,0.01950346969894401,0,0,0,1,0
2025-12-18,18.42,768243610,14168867688.36,8.98469732933419,2.050152534338629,,1.15197834186997,,,,,,,,,,8.900029746037736,,,,,0.11235917502918422,1.5398761338216662,,2.0696560040375735,2.0696560040375735,TTM_CFPS_from_OpCF,2.0696560040375735,TTM_CFPS_from_OpCF,8.900029746037736,0.11235917502918422,8.900029746037736,0.11235917502918422,0.11130035474151079,,0.019503469698944453,0.019503469698944453,0,0,0,1,0
2025-12-19,18.5,768243610,14230404573.0,9.02371881610654,2.0501525343386295,,1.15197834186997,,,,,,,,,,8.938683512578615,,,,,0.11187329751554452,1.5398761338216662,,2.0696560040375735,2.0696560040375735,TTM_CFPS_from_OpCF,2.0696560040375735,TTM_CFPS_from_OpCF,8.938683512578615,0.11187329751554452,8.938683512578615,0.11187329751554452,0.1108190559101962,,0.01950346969894401,0.01950346969894401,0,0,0,1,0
2025-12-22,18.685,768243610,14372708618.73,9.11395600426761,2.050152534338628,,1.15197834186997,,,,,,,,,,9.028070347704402,,,,,0.11076564110449953,1.5398761338216662,,2.0696560040375735,2.0696560040375735,TTM_CFPS_from_OpCF,2.0696560040375735,TTM_CFPS_from_OpCF,9.028070347704402,0.11076564110449953,9.028070347704402,0.11076564110449953,0.10972183753484765,,0.01950346969894534,0.01950346969894534,0,0,0,1,0
2025-12-23,18.885,768243610,14526550830.33,9.21150972119849,2.0501525343386287,,1.15197834186997,,,,,,,,,,9.124704764056604,,,,,0.10959258692282624,1.5398761338216662,,2.0696560040375735,2.0696560040375735,TTM_CFPS_from_OpCF,2.0696560040375735,TTM_CFPS_from_OpCF,9.124704764056604,0.10959258692282624,9.124704764056604,0.10959258692282624,0.10855983766685881,,0.019503469698944897,0.019503469698944897,0,0,0,1,0
2025-12-29,19.24,768243610,14799620755.92,9.3846675687508,2.0501525343386295,,1.15197834186997,,,,,,,,,,9.29623085308176,,,,,0.10757047838033128,1.5398761338216662,,2.0696560040375735,2.0696560040375735,TTM_CFPS_from_OpCF,2.0696560040375735,TTM_CFPS_from_OpCF,9.29623085308176,0.10757047838033128,9.29623085308176,0.10757047838033128,0.10655678452903482,,0.01950346969894401,0.01950346969894401,0,0,0,1,0
2025-12-30,19.41,768243610,14930386635.78,9.46758822814205,2.0501525343386295,,1.15197834186997,,,,,,,,,,9.378370106981132,,,,,0.10662833611734021,1.5398761338216662,,2.0696560040375735,2.0696560040375735,TTM_CFPS_from_OpCF,2.0696560040375735,TTM_CFPS_from_OpCF,9.378370106981132,0.10662833611734021,9.378370106981132,0.10662833611734021,0.10562352057386036,,0.01950346969894401,0.01950346969894401,0,0,0,1,0
