Date,Price,REF_PCF,REF_PCF_fiscal,Implied_CFPS_REF,Implied_CFPS_fiscal_REF,CFPS_fiscal,CFOpToShareTtm,OperatingCFTtm_per_share,CFPS_from_CF,CFPS_from_OpCF,TTM_CFPS_from_OpCFAct,TTM_CFPS_from_OpCF,PCF_from_CFPS_fiscal,PCF_from_CFOpToShareTtm,PCF_from_OperatingCFTtm_per_share,PCF_from_CF,PCF_from_OpCF,PCF_from_TTM_OpCFAct,PCF_from_TTM_OpCF,PCF_MktCap_div_CF,PCF_MktCap_div_OpCF,PCF_trial,PCF_self,Implied_CFPS_trial,Implied_CFPS_trial_source,Implied_CFPS_self,Implied_CFPS_self_source
2024-01-02,32.48,10.7227361218197,,3.029077618902365,,,,,3.2895090240116938,1.5581884850581706,,2.967978066777468,,,,9.873813922659279,20.844718281169587,,10.943477097614034,9.88681249063712,20.87215970245614,10.943477097614034,10.943477097614034,2.967978066777468,TTM_CFPS_from_OpCF,2.967978066777468,TTM_CFPS_from_OpCF
2024-01-03,31.8,10.4982453409442,,3.029077618902355,,,,,3.2895090240116938,1.5581884850581706,,2.967978066777468,,,,9.667096143490305,20.408314080701754,,10.71436489236842,9.67982257396122,20.435180989473686,10.71436489236842,10.71436489236842,2.967978066777468,TTM_CFPS_from_OpCF,2.967978066777468,TTM_CFPS_from_OpCF
2024-01-04,32.27,10.6534080865494,,3.0290776189023414,,,,,3.2895090240116938,1.5581884850581706,,2.967978066777468,,,,9.809974608504156,20.709946395730995,,10.872721857758773,9.82288913401662,20.73721039403509,10.872721857758773,10.872721857758773,2.967978066777468,TTM_CFPS_from_OpCF,2.967978066777468,TTM_CFPS_from_OpCF
2024-01-05,32.4,10.6963254417167,,3.029077618902364,,,,,3.2895090240116938,1.5581884850581706,,2.967978066777468,,,,9.849494183933517,20.793376610526316,,10.916522720526315,9.862460735734032,20.82075044210518,10.916522720526315,10.916522720526315,2.967978066777468,TTM_CFPS_from_OpCF,2.967978066777468,TTM_CFPS_from_OpCF
2024-01-08,32.27,10.6534080865494,,3.0290776189023414,,,,,3.2895090240116938,1.5581884850581706,,2.967978066777468,,,,9.809974608504156,20.709946395730995,,10.872721857758773,9.822889134016581,20.737210394035003,10.872721857758773,10.872721857758773,2.967978066777468,TTM_CFPS_from_OpCF,2.967978066777468,TTM_CFPS_from_OpCF
2024-01-09,32.15,10.6137920663949,,3.0290776189023387,,,,,3.2895090240116938,1.5581884850581706,,2.967978066777468,,,,9.773495000415512,20.632933889766083,,10.832290292127192,9.78636150166205,20.660096503508772,10.832290292127192,10.832290292127192,2.967978066777468,TTM_CFPS_from_OpCF,2.967978066777468,TTM_CFPS_from_OpCF
2024-01-10,31.97,10.5543680361631,,3.0290776189023507,,,,,3.2895090240116938,1.5581884850581706,,2.967978066777468,,,,9.718775588282547,20.517415130818712,,10.771642943679824,9.731570053130154,20.544425667719214,10.771642943679824,10.771642943679824,2.967978066777468,TTM_CFPS_from_OpCF,2.967978066777468,TTM_CFPS_from_OpCF
2024-01-11,32.09,10.5939840563176,,3.0290776189023525,,,,,3.2895090240116938,1.5581884850581706,,2.967978066777468,,,,9.755255196371191,20.594427636783628,,10.812074509311405,9.768097685484724,20.62153955824553,10.812074509311405,10.812074509311405,2.967978066777468,TTM_CFPS_from_OpCF,2.967978066777468,TTM_CFPS_from_OpCF
2024-01-12,32.48,10.7227361218197,,3.029077618902365,,,,,3.2895090240116938,1.5581884850581706,,2.967978066777468,,,,9.873813922659279,20.844718281169587,,10.943477097614034,9.88681249063708,20.872159702456056,10.943477097614034,10.943477097614034,2.967978066777468,TTM_CFPS_from_OpCF,2.967978066777468,TTM_CFPS_from_OpCF
2024-01-15,32.32,10.6699147616137,,3.0290776189023627,,,,,3.2895090240116938,1.5581884850581706,,2.967978066777468,,,,9.825174445207756,20.74203493988304,,10.889568343438597,9.838108980831025,20.76934118175439,10.889568343438597,10.889568343438597,2.967978066777468,TTM_CFPS_from_OpCF,2.967978066777468,TTM_CFPS_from_OpCF
2024-01-16,32.7,10.795365492103,,3.0290776189023547,,,,,3.2895090240116938,1.5581884850581706,,2.967978066777468,,,,9.940693204155124,20.9859078754386,,11.017601634605263,9.953779816620498,21.01353516842105,11.017601634605263,11.017601634605263,2.967978066777468,TTM_CFPS_from_OpCF,2.967978066777468,TTM_CFPS_from_OpCF
2024-01-17,32.24,10.6435040815107,,3.029077618902362,,,,,3.2895090240116938,1.5581884850581706,,2.967978066777468,,,,9.800854706481994,20.69069326923977,,10.862613966350878,9.813757225927938,20.717931921403423,10.862613966350878,10.862613966350878,2.967978066777468,TTM_CFPS_from_OpCF,2.967978066777468,TTM_CFPS_from_OpCF
2024-01-18,31.75,10.4817386658798,,3.029077618902362,,,,,3.2895090240116938,1.5581884850581706,,2.967978066777468,,,,9.651896306786703,20.376225536549708,,10.697518406688596,9.664602727146814,20.403050201754386,10.697518406688596,10.697518406688596,2.967978066777468,TTM_CFPS_from_OpCF,2.967978066777468,TTM_CFPS_from_OpCF
2024-01-19,31.16,10.2869599001202,,3.029077618902345,,,,,3.2895090240116938,1.5581884850581706,,2.967978066777468,,,,9.47253823368421,19.997580715555557,,10.498729875666667,9.485008534736803,20.023906906666582,10.498729875666667,10.498729875666667,2.967978066777468,TTM_CFPS_from_OpCF,2.967978066777468,TTM_CFPS_from_OpCF
2024-01-22,31.16,10.2869599001202,,3.029077618902345,,,,,3.2895090240116938,1.5581884850581706,,2.967978066777468,,,,9.47253823368421,19.997580715555557,,10.498729875666667,9.485008534736842,20.023906906666667,10.498729875666667,10.498729875666667,2.967978066777468,TTM_CFPS_from_OpCF,2.967978066777468,TTM_CFPS_from_OpCF
2024-01-23,31.71,10.4685333258283,,3.029077618902361,,,,,3.2895090240116938,1.5581884850581706,,2.967978066777468,,,,9.639736437423823,20.35055470122807,,10.684041218144737,9.65242684969529,20.377345571578946,10.684041218144737,10.684041218144737,2.967978066777468,TTM_CFPS_from_OpCF,2.967978066777468,TTM_CFPS_from_OpCF
2024-01-24,32.14,10.610490731382,,3.029077618902346,,,,,3.2895090240116938,1.5581884850581706,,2.967978066777468,,,,9.770455033074793,20.626516180935674,,10.828920994991227,9.78331753229913,20.65367034596483,10.828920994991227,10.828920994991227,2.967978066777468,TTM_CFPS_from_OpCF,2.967978066777468,TTM_CFPS_from_OpCF
2024-01-25,31.91,10.5345600260858,,3.029077618902364,,,,,3.2895090240116938,1.5581884850581706,,2.967978066777468,,,,9.700535784238227,20.478908877836258,,10.751427160864035,9.713306236952908,20.50586872245614,10.751427160864035,10.751427160864035,2.967978066777468,TTM_CFPS_from_OpCF,2.967978066777468,TTM_CFPS_from_OpCF
2024-01-26,32.48,10.7227361218197,,3.029077618902365,,,,,3.2895090240116938,1.5581884850581706,,2.967978066777468,,,,9.873813922659279,20.844718281169587,,10.943477097614034,9.88681249063708,20.872159702456056,10.943477097614034,10.943477097614034,2.967978066777468,TTM_CFPS_from_OpCF,2.967978066777468,TTM_CFPS_from_OpCF
2024-01-29,32.85,10.8448855172961,,3.0290776189023636,,,,,3.2895090240116938,1.5581884850581706,,2.967978066777468,,,,9.986292714265929,21.082173507894737,,11.068141091644737,9.99943935706371,21.109927531578947,11.068141091644737,11.068141091644737,2.967978066777468,TTM_CFPS_from_OpCF,2.967978066777468,TTM_CFPS_from_OpCF
2024-01-30,32.64,10.7755574820258,,3.0290776189023396,,,,,3.2895090240116938,1.5581884850581706,,2.967978066777468,,,,9.922453400110804,20.94740162245614,,10.997385851789474,9.935516000443213,20.974978223157894,10.997385851789474,10.997385851789474,2.967978066777468,TTM_CFPS_from_OpCF,2.967978066777468,TTM_CFPS_from_OpCF
2024-01-31,32.05,10.5807787162661,,3.0290776189023516,,,,,3.2895090240116938,1.5581884850581706,,2.967978066777468,,,,9.743095327008309,20.568756801461987,,10.798597320767543,9.7559218080332,20.59583492807009,10.798597320767543,10.798597320767543,2.967978066777468,TTM_CFPS_from_OpCF,2.967978066777468,TTM_CFPS_from_OpCF
2024-02-01,32.16,10.6170934014077,,3.02907761890236,,,,,3.2895090240116938,1.5581884850581706,,2.967978066777468,,,,9.77653496775623,20.63935159859649,,10.835659589263157,9.78940547102493,20.666522661052632,10.835659589263157,10.835659589263157,2.967978066777468,TTM_CFPS_from_OpCF,2.967978066777468,TTM_CFPS_from_OpCF
2024-02-02,31.68,10.4586293207897,,3.029077618902353,,,,,3.2895090240116938,1.5581884850581706,,2.967978066777468,,,,9.630616535401662,20.33130157473684,,10.673933326736842,9.643294941606609,20.358067098947284,10.673933326736842,10.673933326736842,2.967978066777468,TTM_CFPS_from_OpCF,2.967978066777468,TTM_CFPS_from_OpCF
2024-02-05,31.51,10.4025066255708,,3.0290776189023583,,,,,3.2895090240116938,1.5581884850581706,,2.967978066777468,,,,9.578937090609418,20.222200524619886,,10.616655275425439,9.591547462437674,20.248822420701757,10.616655275425439,10.616655275425439,2.967978066777468,TTM_CFPS_from_OpCF,2.967978066777468,TTM_CFPS_from_OpCF
2024-02-06,31.65,10.4487253157511,,3.0290776189023454,,,,,3.2895090240116938,1.5581884850581706,,2.967978066777468,,,,9.6214966333795,20.312048448245612,,10.663825435328947,9.634163033517966,20.338788626315708,10.663825435328947,10.663825435328947,2.967978066777468,TTM_CFPS_from_OpCF,2.967978066777468,TTM_CFPS_from_OpCF
2024-02-07,31.49,10.3959039555451,,3.0290776189023427,,,,,3.2895090240116938,1.5581884850581706,,2.967978066777468,,,,9.572857155927977,20.209365106959062,,10.609916681153509,9.585459523711872,20.23597010561395,10.609916681153509,10.609916681153509,2.967978066777468,TTM_CFPS_from_OpCF,2.967978066777468,TTM_CFPS_from_OpCF
2024-02-08,27.74,9.15790332571674,,3.0290776189023525,,,,,2.996616451632338,2.9666763220113377,,2.967978066777468,,,,9.25710729008688,9.350531365414655,,9.346430255166666,9.269293983023458,9.36284104823168,9.346430255166666,9.346430255166666,2.967978066777468,TTM_CFPS_from_OpCF,2.967978066777468,TTM_CFPS_from_OpCF
2024-02-09,26.98,8.9070018647382,,3.0290776189023525,,,,,2.996616451632338,2.9666763220113377,,2.967978066777468,,,,9.003487912276283,9.094352423896446,,9.090363672833334,9.015340723214553,9.1063248551294,9.090363672833334,9.090363672833334,2.967978066777468,TTM_CFPS_from_OpCF,2.967978066777468,TTM_CFPS_from_OpCF
2024-02-12,27.29,9.00934325013734,,3.029077618902353,,,,,2.996616451632338,2.9666763220113377,,2.967978066777468,,,,9.106937921646395,9.198846465831505,,9.194811884048246,9.118926921294483,9.210956460210575,9.194811884048246,9.194811884048246,2.967978066777468,TTM_CFPS_from_OpCF,2.967978066777468,TTM_CFPS_from_OpCF
2024-02-13,27.57,9.10178063049786,,3.0290776189023516,,,,,2.996616451632338,2.9666763220113377,,2.967978066777468,,,,9.200376639787143,9.293228181127686,,9.289152203855263,9.21248864859253,9.305462426090392,9.289152203855263,9.289152203855263,2.967978066777468,TTM_CFPS_from_OpCF,2.967978066777468,TTM_CFPS_from_OpCF
2024-02-14,27.42,9.05226060530473,,3.0290776189023507,,,,,2.996616451632338,2.9666763220113377,,2.967978066777468,,,,9.150320183640314,9.242666547933304,,9.23861274681579,9.162366294682885,9.25483423008337,9.23861274681579,9.23861274681579,2.967978066777468,TTM_CFPS_from_OpCF,2.967978066777468,TTM_CFPS_from_OpCF
2024-02-15,27.13,8.95652188993134,,3.0290776189023503,,,,,2.996616451632338,2.9666763220113377,,2.967978066777468,,,,9.053544368423111,9.144914057090828,,9.140903129872807,9.065463077124198,9.156953051136421,9.140903129872807,9.140903129872807,2.967978066777468,TTM_CFPS_from_OpCF,2.967978066777468,TTM_CFPS_from_OpCF
2024-02-16,27.32,9.01924725517597,,3.029077618902352,,,,,2.996616451632338,2.9666763220113377,,2.967978066777468,,,,9.116949212875761,9.208958792470382,,9.20491977545614,9.128951392076411,9.221082099411978,9.20491977545614,9.20491977545614,2.967978066777468,TTM_CFPS_from_OpCF,2.967978066777468,TTM_CFPS_from_OpCF
2024-02-19,27.33,9.02254859018885,,3.0290776189023503,,,,,2.996616451632338,2.9666763220113377,,2.967978066777468,,,,9.120286309952215,9.212329568016672,,9.208289072592105,9.132292882337097,9.224457312479156,9.208289072592105,9.208289072592105,2.967978066777468,TTM_CFPS_from_OpCF,2.967978066777468,TTM_CFPS_from_OpCF
2024-02-20,27.55,9.09517796047211,,3.029077618902351,,,,,2.996616451632338,2.9666763220113377,,2.967978066777468,,,,9.193702445634232,9.286486630035103,,9.282413609583333,9.205805668071243,9.298711999956122,9.282413609583333,9.282413609583333,2.967978066777468,TTM_CFPS_from_OpCF,2.967978066777468,TTM_CFPS_from_OpCF
2024-02-21,27.5,9.07867128540773,,3.029077618902352,,,,,2.996616451632338,2.9666763220113377,,2.967978066777468,,,,9.177016960251954,9.269632752303641,,9.265567123903509,9.189098216768027,9.281835934620448,9.265567123903509,9.265567123903509,2.967978066777468,TTM_CFPS_from_OpCF,2.967978066777468,TTM_CFPS_from_OpCF
2024-02-22,27.6,9.11168463553649,,3.0290776189023507,,,,,2.996616451632338,2.9666763220113377,,2.967978066777468,,,,9.210387931016509,9.303340507766563,,9.299260095263158,9.222513119374456,9.315588065291795,9.299260095263158,9.299260095263158,2.967978066777468,TTM_CFPS_from_OpCF,2.967978066777468,TTM_CFPS_from_OpCF
2024-02-23,26.91,8.88389251964808,,3.0290776189023494,,,,,2.996616451632338,2.9666763220113377,,2.967978066777468,,,,8.980128232741095,9.070756995072399,,9.06677859288158,8.991950291390053,9.082698363659455,9.06677859288158,9.06677859288158,2.967978066777468,TTM_CFPS_from_OpCF,2.967978066777468,TTM_CFPS_from_OpCF
2024-02-26,26.25,8.66600440879829,,3.0290776189023507,,,,,2.996616451632338,2.9666763220113377,,2.967978066777468,,,,8.759879825695048,8.848285809017112,,8.844404981907894,8.77141193418762,8.859934301228565,8.844404981907894,8.844404981907894,2.967978066777468,TTM_CFPS_from_OpCF,2.967978066777468,TTM_CFPS_from_OpCF
2024-02-27,26.6,8.78155113424894,,3.0290776189023494,,,,,2.996616451632338,2.9666763220113377,,2.967978066777468,,,,8.876678223370982,8.96626295313734,,8.962330381666668,8.888364093310164,8.978066758578324,8.962330381666668,8.962330381666668,2.967978066777468,TTM_CFPS_from_OpCF,2.967978066777468,TTM_CFPS_from_OpCF
2024-02-28,25.65,8.46792430802576,,3.0290776189023503,,,,,2.996616451632338,2.9666763220113377,,2.967978066777468,,,,8.559654001107733,8.646039276239577,,8.642247153749999,8.570922518549088,8.657421517200527,8.642247153749999,8.642247153749999,2.967978066777468,TTM_CFPS_from_OpCF,2.967978066777468,TTM_CFPS_from_OpCF
2024-02-29,25.37,8.37548692766524,,3.0290776189023525,,,,,2.996616451632338,2.9666763220113377,,2.967978066777468,,,,8.466215282966987,8.551657560943395,,8.547906833942983,8.477360791251042,8.56291555132071,8.547906833942983,8.547906833942983,2.967978066777468,TTM_CFPS_from_OpCF,2.967978066777468,TTM_CFPS_from_OpCF
2024-03-01,25.43,8.3952949377425,,3.0290776189023494,,,,,2.996616451632338,2.9666763220113377,,2.967978066777468,,,,8.486237865425718,8.57188221422115,,8.568122616758771,8.497409732814942,8.583166829723563,8.568122616758771,8.568122616758771,2.967978066777468,TTM_CFPS_from_OpCF,2.967978066777468,TTM_CFPS_from_OpCF
2024-03-04,25.0,8.43803266783678,,2.962775919947835,,,,,2.996616451632338,2.9666763220113377,,2.967978066777468,,,,8.342742691138142,8.426938865730584,,8.42324283991228,8.353725651607299,8.43803266783677,8.42324283991228,8.42324283991228,2.967978066777468,TTM_CFPS_from_OpCF,2.967978066777468,TTM_CFPS_from_OpCF
2024-03-05,24.83,8.38065404569549,,2.962775919947835,,,,,2.996616451632338,2.9666763220113377,,2.967978066777468,,,,8.2860120408384,8.369635681443615,,8.365964788600877,8.296920317176324,8.380654045695437,8.365964788600877,8.365964788600877,2.967978066777468,TTM_CFPS_from_OpCF,2.967978066777468,TTM_CFPS_from_OpCF
2024-03-06,24.9,8.40428053716543,,2.962775919947836,,,,,2.996616451632338,2.9666763220113377,,2.967978066777468,,,,8.309371720373589,8.39323111026766,,8.389549868552631,8.32031074900087,8.404280537165423,8.389549868552631,8.389549868552631,2.967978066777468,TTM_CFPS_from_OpCF,2.967978066777468,TTM_CFPS_from_OpCF
2024-03-07,25.05,8.45490873317245,,2.9627759199478363,,,,,2.996616451632338,2.9666763220113377,,2.967978066777468,,,,8.359428176520417,8.443792743462044,,8.440089325592105,8.370433102910514,8.454908733172445,8.440089325592105,8.440089325592105,2.967978066777468,TTM_CFPS_from_OpCF,2.967978066777468,TTM_CFPS_from_OpCF
2024-03-08,25.29,8.53591384678368,,2.962775919947837,,,,,2.996616451632338,2.9666763220113377,,2.967978066777468,,,,8.439518506355343,8.524691356573058,,8.520952456855262,8.450628869165943,8.535913846783677,8.520952456855262,8.520952456855262,2.967978066777468,TTM_CFPS_from_OpCF,2.967978066777468,TTM_CFPS_from_OpCF
2024-03-11,25.19,8.50216171611234,,2.962775919947835,,,,,2.996616451632338,2.9666763220113377,,2.967978066777468,,,,8.406147535590792,8.490983601110136,,8.487259485495615,8.417213966559471,8.502161716112287,8.487259485495615,8.487259485495615,2.967978066777468,TTM_CFPS_from_OpCF,2.967978066777468,TTM_CFPS_from_OpCF
2024-03-12,25.65,8.65742151720053,,2.9627759199478367,,,,,2.996616451632338,2.9666763220113377,,2.967978066777468,,,,8.559654001107733,8.646039276239577,,8.642247153749999,8.570922518549088,8.657421517200527,8.642247153749999,8.642247153749999,2.967978066777468,TTM_CFPS_from_OpCF,2.967978066777468,TTM_CFPS_from_OpCF
2024-03-13,25.27,8.52916342064941,,2.9627759199478376,,,,,2.996616451632338,2.9666763220113377,,2.967978066777468,,,,8.432844312202432,8.517949805480473,,8.514213862583333,8.443945888644656,8.529163420649407,8.514213862583333,8.514213862583333,2.967978066777468,TTM_CFPS_from_OpCF,2.967978066777468,TTM_CFPS_from_OpCF
2024-03-14,24.7,8.33677627582274,,2.9627759199478345,,,,,2.996616451632338,2.9666763220113377,,2.967978066777468,,,,8.242629778844483,8.325815599341816,,8.322163925833333,8.25348094378801,8.336776275822729,8.322163925833333,8.322163925833333,2.967978066777468,TTM_CFPS_from_OpCF,2.967978066777468,TTM_CFPS_from_OpCF
2024-03-15,24.78,8.36377798035981,,2.962775919947837,,,,,2.996616451632338,2.9666763220113377,,2.967978066777468,,,,8.269326555456125,8.352781803712155,,8.349118302921053,8.280212865873155,8.363777980359808,8.349118302921053,8.349118302921053,2.967978066777468,TTM_CFPS_from_OpCF,2.967978066777468,TTM_CFPS_from_OpCF
2024-03-18,24.9,8.40428053716543,,2.962775919947836,,,,,2.996616451632338,2.9666763220113377,,2.967978066777468,,,,8.309371720373589,8.39323111026766,,8.389549868552631,8.32031074900087,8.404280537165423,8.389549868552631,8.389549868552631,2.967978066777468,TTM_CFPS_from_OpCF,2.967978066777468,TTM_CFPS_from_OpCF
2024-03-19,24.98,8.43128224170251,,2.9627759199478354,,,,,2.996616451632338,2.9666763220113377,,2.967978066777468,,,,8.33606849698523,8.420197314638,,8.41650424564035,8.347042671086012,8.431282241702501,8.41650424564035,8.41650424564035,2.967978066777468,TTM_CFPS_from_OpCF,2.967978066777468,TTM_CFPS_from_OpCF
2024-03-20,24.69,8.3334010627556,,2.9627759199478363,,,,,2.996616451632338,2.9666763220113377,,2.967978066777468,,,,8.23929268176803,8.322444823795525,,8.318794628697368,8.250139453527325,8.33340106275555,8.318794628697368,8.318794628697368,2.967978066777468,TTM_CFPS_from_OpCF,2.967978066777468,TTM_CFPS_from_OpCF
2024-03-21,24.12,8.14101391792892,,2.962775919947837,,,,,2.996616451632338,2.9666763220113377,,2.967978066777468,,,,8.049078148410079,8.130310617656868,,8.12674469194737,8.059674508670678,8.141013917928872,8.12674469194737,8.12674469194737,2.967978066777468,TTM_CFPS_from_OpCF,2.967978066777468,TTM_CFPS_from_OpCF
2024-03-22,24.68,8.33002584968847,,2.9627759199478345,,,,,2.996616451632338,2.9666763220113377,,2.967978066777468,,,,8.235955584691572,8.319074048249231,,8.315425331561404,8.246797963266724,8.33002584968846,8.315425331561404,8.315425331561404,2.967978066777468,TTM_CFPS_from_OpCF,2.967978066777468,TTM_CFPS_from_OpCF
2024-03-25,25.67,8.6641719433348,,2.962775919947837,,,,,2.996616451632338,2.9666763220113377,,2.967978066777468,,,,8.566328195260644,8.652780827332164,,8.64898574802193,8.577605499070375,8.664171943334797,8.64898574802193,8.64898574802193,2.967978066777468,TTM_CFPS_from_OpCF,2.967978066777468,TTM_CFPS_from_OpCF
2024-03-26,25.4,8.57304119052217,,2.962775919947834,,,,,2.996616451632338,2.9666763220113377,,2.967978066777468,,,,8.476226574196351,8.561769887582273,,8.558014725350876,8.487385262032973,8.573041190522115,8.558014725350876,8.558014725350876,2.967978066777468,TTM_CFPS_from_OpCF,2.967978066777468,TTM_CFPS_from_OpCF
2024-03-27,25.71,8.67767279560334,,2.9627759199478363,,,,,2.996616451632338,2.9666763220113377,,2.967978066777468,,,,8.579676583566465,8.666263929517331,,8.66246293656579,8.590971460112902,8.677672795603291,8.66246293656579,8.66246293656579,2.967978066777468,TTM_CFPS_from_OpCF,2.967978066777468,TTM_CFPS_from_OpCF
2024-03-28,25.1,8.47178479850813,,2.962775919947834,,,,,2.996616451632338,2.9666763220113377,,2.967978066777468,,,,8.376113661902695,8.460646621193506,,8.456935811271931,8.387140554213683,8.471784798508073,8.456935811271931,8.456935811271931,2.967978066777468,TTM_CFPS_from_OpCF,2.967978066777468,TTM_CFPS_from_OpCF
2024-04-02,24.81,8.37390361956122,,2.962775919947835,,,,,2.9965626757580175,2.9666230834285496,,2.419900093064359,,,,8.279486426468289,8.363044209622641,,10.252489378015062,8.290237336655082,8.373903619561212,10.252489378015062,10.252489378015062,2.419900093064359,TTM_CFPS_from_OpCF,2.419900093064359,TTM_CFPS_from_OpCF
2024-04-03,25.04,8.45153352010532,,2.9627759199478345,,,,,2.9965626757580175,2.9666230834285496,,2.419900093064359,,,,8.356241036629017,8.440573438490567,,10.347534624163528,8.367091612649826,8.451533520105265,10.347534624163528,10.347534624163528,2.419900093064359,TTM_CFPS_from_OpCF,2.419900093064359,TTM_CFPS_from_OpCF
2024-04-04,25.05,8.45490873317245,,2.9627759199478363,,,,,2.9965626757580175,2.9666230834285496,,2.419900093064359,,,,8.359578193592528,8.443944274528302,,10.351667026169984,8.370433102910514,8.454908733172445,10.351667026169984,10.351667026169984,2.419900093064359,TTM_CFPS_from_OpCF,2.419900093064359,TTM_CFPS_from_OpCF
2024-04-05,26.72,9.01856931538395,,2.962775919947835,,,,,2.9965626757580175,2.9666230834285496,,2.419900093064359,,,,8.916883406498696,9.006873892830189,,11.041778161247983,8.928461976437836,9.018569315383896,11.041778161247983,11.041778161247983,2.419900093064359,TTM_CFPS_from_OpCF,2.419900093064359,TTM_CFPS_from_OpCF
2024-04-08,27.29,9.21095646021062,,2.962775919947838,,,,,2.9965626757580175,2.9666230834285496,,2.419900093064359,,,,9.107101353418766,9.199011546981133,,11.277325075615922,9.118926921294483,9.210956460210575,11.277325075615922,11.277325075615922,2.419900093064359,TTM_CFPS_from_OpCF,2.419900093064359,TTM_CFPS_from_OpCF
2024-04-09,27.21,9.18395475567355,,2.9627759199478354,,,,,2.9965626757580175,2.9666230834285496,,2.419900093064359,,,,9.080404097710687,9.172044858679246,,11.244265859564281,9.092194999209383,9.183954755673541,11.244265859564281,11.244265859564281,2.419900093064359,TTM_CFPS_from_OpCF,2.419900093064359,TTM_CFPS_from_OpCF
2024-04-10,27.99,9.44722137491006,,2.9627759199478345,,,,,2.9965626757580175,2.9666230834285496,,2.419900093064359,,,,9.340702340864464,9.434970069622642,,11.566593216067778,9.35283123953953,9.447221374910047,11.566593216067778,11.566593216067778,2.419900093064359,TTM_CFPS_from_OpCF,2.419900093064359,TTM_CFPS_from_OpCF
2024-04-11,27.81,9.38646753970163,,2.962775919947836,,,,,2.9965626757580175,2.9666230834285496,,2.419900093064359,,,,9.280633515521286,9.374295020943396,,11.492209979951586,9.292684414847958,9.386467539701624,11.492209979951586,11.492209979951586,2.419900093064359,TTM_CFPS_from_OpCF,2.419900093064359,TTM_CFPS_from_OpCF
2024-04-12,27.32,9.22108209941203,,2.9627759199478363,,,,,2.9965626757580175,2.9666230834285496,,2.419900093064359,,,,9.117112824309297,9.20912405509434,,11.289722281635287,9.128951392076411,9.221082099411978,11.289722281635287,11.289722281635287,2.419900093064359,TTM_CFPS_from_OpCF,2.419900093064359,TTM_CFPS_from_OpCF
2024-04-15,26.6,8.97806675857833,,2.9627759199478367,,,,,2.9965626757580175,2.9666230834285496,,2.419900093064359,,,,8.876837522936578,8.96642386037736,,10.992189337170522,8.888364093310122,8.97806675857828,10.992189337170522,10.992189337170522,2.419900093064359,TTM_CFPS_from_OpCF,2.419900093064359,TTM_CFPS_from_OpCF
2024-04-16,26.33,8.88693600576569,,2.9627759199478367,,,,,2.9965626757580175,2.9666230834285496,,2.419900093064359,,,,8.786734284921806,8.87541128735849,,10.880614482996233,8.798143856272805,8.886936005765687,10.880614482996233,10.880614482996233,2.419900093064359,TTM_CFPS_from_OpCF,2.419900093064359,TTM_CFPS_from_OpCF
2024-04-17,26.2,8.84305823589294,,2.9627759199478367,,,,,2.9965626757580175,2.9666230834285496,,2.419900093064359,,,,8.743351244396177,8.831590418867926,,10.826893256912317,8.754704482884405,8.843058235892892,10.826893256912317,10.826893256912317,2.419900093064359,TTM_CFPS_from_OpCF,2.419900093064359,TTM_CFPS_from_OpCF
2024-04-18,25.8,8.70804971320756,,2.962775919947834,,,,,2.9965626757580175,2.9666230834285496,,2.419900093064359,,,,8.609864965855778,8.696756977358492,,10.661597176654116,8.621044872458732,8.708049713207547,10.661597176654116,10.661597176654116,2.419900093064359,TTM_CFPS_from_OpCF,2.419900093064359,TTM_CFPS_from_OpCF
2024-04-19,25.72,8.68104800867048,,2.9627759199478345,,,,,2.9965626757580175,2.9666230834285496,,2.419900093064359,,,,8.583167710147697,8.669790289056603,,10.628537960602474,8.594312950373544,8.681048008670425,10.628537960602474,10.628537960602474,2.419900093064359,TTM_CFPS_from_OpCF,2.419900093064359,TTM_CFPS_from_OpCF
2024-04-22,26.22,8.84980866202721,,2.9627759199478367,,,,,2.9965626757580175,2.9666230834285496,,2.419900093064359,,,,8.750025558323197,8.838332090943396,,10.835158060925227,8.76138746340569,8.849808662027161,10.835158060925227,10.835158060925227,2.419900093064359,TTM_CFPS_from_OpCF,2.419900093064359,TTM_CFPS_from_OpCF
2024-04-23,26.21,8.84643344896008,,2.962775919947835,,,,,2.9965626757580175,2.9666230834285496,,2.419900093064359,,,,8.746688401359688,8.83496125490566,,10.831025658918774,8.758045973145048,8.846433448960028,10.831025658918774,10.831025658918774,2.419900093064359,TTM_CFPS_from_OpCF,2.419900093064359,TTM_CFPS_from_OpCF
2024-04-24,25.85,8.72492577854323,,2.962775919947835,,,,,2.9965626757580175,2.9666230834285496,,2.419900093064359,,,,8.626550750673328,8.71361115754717,,10.682259186686391,8.637752323761903,8.724925778543177,10.682259186686391,10.682259186686391,2.419900093064359,TTM_CFPS_from_OpCF,2.419900093064359,TTM_CFPS_from_OpCF
2024-04-25,22.49,7.59085418798596,,2.9627759199478376,,,,,2.9965626757580175,2.9666230834285496,,2.419900093064359,,,,7.50526601093397,7.5810102488679245,,9.293772112517482,7.515011596185881,7.590854187985914,9.293772112517482,9.293772112517482,2.419900093064359,TTM_CFPS_from_OpCF,2.419900093064359,TTM_CFPS_from_OpCF
2024-04-26,22.16,9.17422876495157,,2.4154618952448783,,,,,2.9965626757580175,2.9666230834285496,,2.419900093064359,,,,7.395139831138141,7.469772659622642,,9.157402846304464,7.404742417584665,7.479472156770469,9.157402846304464,9.157402846304464,2.419900093064359,TTM_CFPS_from_OpCF,2.419900093064359,TTM_CFPS_from_OpCF
2024-04-29,21.56,8.92582906914963,,2.4154618952448788,,,,,2.9965626757580175,2.9666230834285496,,2.419900093064359,,,,7.19491041332754,7.267522497358491,,8.909458725917158,7.2042530019461335,7.27695937274243,8.909458725917158,8.909458725917158,2.419900093064359,TTM_CFPS_from_OpCF,2.419900093064359,TTM_CFPS_from_OpCF
2024-04-30,21.34,8.83474918068892,,2.4154618952448788,,,,,2.9965626757580175,2.9666230834285496,,2.419900093064359,,,,7.121492960130321,7.193364104528302,,8.818545881775147,7.130740216211989,7.202704685265467,8.818545881775147,8.818545881775147,2.419900093064359,TTM_CFPS_from_OpCF,2.419900093064359,TTM_CFPS_from_OpCF
2024-05-02,22.19,9.18664874974166,,2.41546189524488,,,,,2.9965626757580175,2.9666230834285496,,2.419900093064359,,,,7.405151302028671,7.4798851677358495,,9.169800052323831,7.414766888366594,7.489597795971873,9.169800052323831,9.169800052323831,2.419900093064359,TTM_CFPS_from_OpCF,2.419900093064359,TTM_CFPS_from_OpCF
2024-05-03,22.07,9.13696881058128,,2.4154618952448783,,,,,2.9965626757580175,2.9666230834285496,,2.419900093064359,,,,7.365105418466551,7.439435135283019,,9.120211228246369,7.3746690052388795,7.449095239166257,9.120211228246369,9.120211228246369,2.419900093064359,TTM_CFPS_from_OpCF,2.419900093064359,TTM_CFPS_from_OpCF
2024-05-06,22.57,9.34396855708289,,2.4154618952448796,,,,,2.9965626757580175,2.9666230834285496,,2.419900093064359,,,,7.53196326664205,7.607976937169812,,9.326831328569122,7.541743518271069,7.617855892523037,9.326831328569122,9.326831328569122,2.419900093064359,TTM_CFPS_from_OpCF,2.419900093064359,TTM_CFPS_from_OpCF
2024-05-07,22.11,9.15352879030141,,2.415461895244878,,,,,2.9965626757580175,2.9666230834285496,,2.419900093064359,,,,7.3784540463205905,7.452918479433962,,9.136740836272189,7.388034966281494,7.46259609143484,9.136740836272189,9.136740836272189,2.419900093064359,TTM_CFPS_from_OpCF,2.419900093064359,TTM_CFPS_from_OpCF
2024-05-08,21.82,9.03346893733047,,2.4154618952448788,,,,,2.9965626757580175,2.9666230834285496,,2.419900093064359,,,,7.281676494378801,7.3551642343396235,,9.016901178084991,7.291131748722849,7.364714912487933,9.016901178084991,9.016901178084991,2.419900093064359,TTM_CFPS_from_OpCF,2.419900093064359,TTM_CFPS_from_OpCF
2024-05-10,22.45,9.29428861792251,,2.415461895244878,,,,,2.9965626757580175,2.9666230834285496,,2.419900093064359,,,,7.49191738307993,7.567526904716981,,9.277242504491662,7.501645635143353,7.57735333571742,9.277242504491662,9.277242504491662,2.419900093064359,TTM_CFPS_from_OpCF,2.419900093064359,TTM_CFPS_from_OpCF
2024-05-13,22.52,9.32326858243273,,2.415461895244879,,,,,2.9965626757580175,2.9666230834285496,,2.419900093064359,,,,7.5152774818245005,7.591122756981132,,9.306169318536847,7.525036066967811,7.600979827187319,9.306169318536847,9.306169318536847,2.419900093064359,TTM_CFPS_from_OpCF,2.419900093064359,TTM_CFPS_from_OpCF
2024-05-14,22.18,9.18250875481163,,2.4154618952448796,,,,,2.9965626757580175,2.9666230834285496,,2.419900093064359,,,,7.401814145065161,7.476514331698113,,9.165667650317374,7.411425398105995,7.486222582904783,9.165667650317374,9.165667650317374,2.419900093064359,TTM_CFPS_from_OpCF,2.419900093064359,TTM_CFPS_from_OpCF
2024-05-15,18.88,7.81631042790097,,2.41546189524488,,,,,2.9965626757580175,2.9666230834285496,,2.419900093064359,,,,6.300552347106863,6.364138439245283,,7.8019749881871965,6.308733612093788,6.372402270750285,7.8019749881871965,7.8019749881871965,2.419900093064359,TTM_CFPS_from_OpCF,2.419900093064359,TTM_CFPS_from_OpCF
2024-05-16,19.25,7.96949024031217,,2.415461895244879,,,,,2.9965626757580175,2.9666230834285496,,2.419900093064359,,,,6.424027154756733,6.48885937264151,,7.954873862426036,6.432368751737619,6.497285154234313,7.954873862426036,7.954873862426036,2.419900093064359,TTM_CFPS_from_OpCF,2.419900093064359,TTM_CFPS_from_OpCF
2024-05-17,18.92,7.83287040762111,,2.4154618952448774,,,,,2.9965626757580175,2.9666230834285496,,2.419900093064359,,,,6.313900974960904,6.377621783396227,,7.818504596213018,6.322099573136404,6.385903123018868,7.818504596213018,7.818504596213018,2.419900093064359,TTM_CFPS_from_OpCF,2.419900093064359,TTM_CFPS_from_OpCF
2024-05-20,19.445,8.0502201414478,,2.4154618952448788,,,,,2.9965626757580175,2.9666230834285496,,2.419900093064359,,,,6.489101715545178,6.554590675377359,,8.035455701551909,6.497527811820156,6.56310180904344,8.035455701551909,8.035455701551909,2.419900093064359,TTM_CFPS_from_OpCF,2.419900093064359,TTM_CFPS_from_OpCF
2024-05-21,19.675,8.14544002483854,,2.4154618952448796,,,,,2.9965626757580175,2.9666230834285496,,2.419900093064359,,,,6.565856325705908,6.632119904245283,,8.130500947700376,6.5743820878149,6.640731709587495,8.130500947700376,8.130500947700376,2.419900093064359,TTM_CFPS_from_OpCF,2.419900093064359,TTM_CFPS_from_OpCF
2024-05-22,20.03,8.29240984485469,,2.4154618952448788,,,,,2.9965626757580175,2.9666230834285496,,2.419900093064359,,,,6.684325397910513,6.751784583584906,,8.277201218929532,6.693004992067724,6.760551773470777,8.277201218929532,8.277201218929532,2.419900093064359,TTM_CFPS_from_OpCF,2.419900093064359,TTM_CFPS_from_OpCF
2024-05-23,19.775,8.18683997413887,,2.4154618952448774,,,,,2.9965626757580175,2.9666230834285496,,2.419900093064359,,,,6.5992278953410075,6.665828264622641,,8.171824967764927,6.607796990421329,6.674483840258842,8.171824967764927,8.171824967764927,2.419900093064359,TTM_CFPS_from_OpCF,2.419900093064359,TTM_CFPS_from_OpCF
2024-05-24,19.82,8.20546995132401,,2.415461895244879,,,,,2.9965626757580175,2.9666230834285496,,2.419900093064359,,,,6.6142451016768025,6.680997026792453,,8.190420776793975,6.622833696594266,6.689672299060992,8.190420776793975,8.190420776793975,2.419900093064359,TTM_CFPS_from_OpCF,2.419900093064359,TTM_CFPS_from_OpCF
2024-05-27,20.15,8.34208978401507,,2.415461895244881,,,,,2.9965626757580175,2.9666230834285496,,2.419900093064359,,,,6.7243712814726315,6.792234616037736,,8.326790043006993,6.733102875195483,6.801054330276437,8.326790043006993,8.326790043006993,2.419900093064359,TTM_CFPS_from_OpCF,2.419900093064359,TTM_CFPS_from_OpCF
2024-05-28,19.8,8.19718996146395,,2.415461895244878,,,,,2.9965626757580175,2.9666230834285496,,2.419900093064359,,,,6.607570787749783,6.674255354716982,,8.182155972781064,6.61615071607298,6.682921872926722,8.182155972781064,8.182155972781064,2.419900093064359,TTM_CFPS_from_OpCF,2.419900093064359,TTM_CFPS_from_OpCF
2024-05-29,19.245,7.96742024284716,,2.4154618952448774,,,,,2.9965626757580175,2.9666230834285496,,2.419900093064359,,,,6.422358576274979,6.487173954622643,,7.952807661422808,6.430698006607297,6.495597547700745,7.952807661422808,7.952807661422808,2.419900093064359,TTM_CFPS_from_OpCF,2.419900093064359,TTM_CFPS_from_OpCF
2024-05-30,19.02,7.87427035692143,,2.415461895244878,,,,,2.9965626757580175,2.9666230834285496,,2.419900093064359,,,,6.347272544596003,6.4113301437735855,,7.859828616277568,6.355514475742832,6.419655253690215,7.859828616277568,7.859828616277568,2.419900093064359,TTM_CFPS_from_OpCF,2.419900093064359,TTM_CFPS_from_OpCF
2024-05-31,19.265,7.97570023270722,,2.4154618952448783,,,,,2.9965626757580175,2.9666230834285496,,2.419900093064359,,,,6.429032890201999,6.493915626698114,,7.961072465435718,6.437380987128584,6.502347973835016,7.961072465435718,7.961072465435718,2.419900093064359,TTM_CFPS_from_OpCF,2.419900093064359,TTM_CFPS_from_OpCF
2024-06-03,18.935,7.83908040001615,,2.4154618952448796,,,,,2.9965626757580175,2.9666230834285496,,2.419900093064359,,,,6.318906710406168,6.3826780374528305,,7.824703199222699,6.327111808527325,6.390965942619526,7.824703199222699,7.824703199222699,2.419900093064359,TTM_CFPS_from_OpCF,2.419900093064359,TTM_CFPS_from_OpCF
2024-06-04,18.74,7.75835049888052,,2.4154618952448796,,,,,2.9965626757580175,2.9666230834285496,,2.419900093064359,,,,6.253832149617723,6.316946734716981,,7.744121360096825,6.2619527484448305,6.325149287810444,7.744121360096825,7.744121360096825,2.419900093064359,TTM_CFPS_from_OpCF,2.419900093064359,TTM_CFPS_from_OpCF
2024-06-05,18.77,7.77077048367062,,2.4154618952448788,,,,,2.9965626757580175,2.9666230834285496,,2.419900093064359,,,,6.263843620508253,6.327059242830189,,7.756518566116191,6.2719772192267165,6.335274927011803,7.756518566116191,7.756518566116191,2.419900093064359,TTM_CFPS_from_OpCF,2.419900093064359,TTM_CFPS_from_OpCF
2024-06-06,18.825,7.7935404557858,,2.415461895244878,,,,,2.9965626757580175,2.9666230834285496,,2.419900093064359,,,,6.282197983807558,6.345598841037736,,7.779246777151694,6.290355415660295,6.353838598881088,7.779246777151694,7.779246777151694,2.419900093064359,TTM_CFPS_from_OpCF,2.419900093064359,TTM_CFPS_from_OpCF
2024-06-07,18.945,7.84322039494618,,2.4154618952448805,,,,,2.9965626757580175,2.9666230834285496,,2.419900093064359,,,,6.322243867369679,6.386048873490567,,7.828835601229155,6.330453298787967,6.394341155686661,7.828835601229155,7.828835601229155,2.419900093064359,TTM_CFPS_from_OpCF,2.419900093064359,TTM_CFPS_from_OpCF
2024-06-10,18.555,7.68176059267492,,2.4154618952448805,,,,,2.9965626757580175,2.9666230834285496,,2.419900093064359,,,,6.192094745792788,6.254586268018868,,7.667671922977407,6.200135178622936,6.2627078460684515,7.667671922977407,7.667671922977407,2.419900093064359,TTM_CFPS_from_OpCF,2.419900093064359,TTM_CFPS_from_OpCF
2024-06-11,18.55,7.67969059520991,,2.4154618952448788,,,,,2.9965626757580175,2.9666230834285496,,2.419900093064359,,,,6.190426167311034,6.2529008500000005,,7.665605721974179,6.198464433492615,6.261020239534884,7.665605721974179,7.665605721974179,2.419900093064359,TTM_CFPS_from_OpCF,2.419900093064359,TTM_CFPS_from_OpCF
2024-06-12,18.45,7.63829064590959,,2.4154618952448774,,,,,2.9965626757580175,2.9666230834285496,,2.419900093064359,,,,6.157054597675933,6.219192489622642,,7.624281701909628,6.165049530886186,6.227268108863536,7.624281701909628,7.624281701909628,2.419900093064359,TTM_CFPS_from_OpCF,2.419900093064359,TTM_CFPS_from_OpCF
2024-06-13,18.03,7.46441085884823,,2.415461895244879,,,,,2.9965626757580175,2.9666230834285496,,2.419900093064359,,,,6.016894005208514,6.077617376037737,,7.450720817638516,6.0247069399391835,6.085509160043879,7.450720817638516,7.450720817638516,2.419900093064359,TTM_CFPS_from_OpCF,2.419900093064359,TTM_CFPS_from_OpCF
2024-06-14,17.79,7.36505098052745,,2.41546189524488,,,,,2.9965626757580175,2.9666230834285496,,2.419900093064359,,,,5.936802238084274,5.996717311132076,,7.351543169483593,5.944511173683753,6.004504046432646,7.351543169483593,7.351543169483593,2.419900093064359,TTM_CFPS_from_OpCF,2.419900093064359,TTM_CFPS_from_OpCF
2024-06-17,17.44,7.22015115797633,,2.415461895244877,,,,,2.9965626757580175,2.9666230834285496,,2.419900093064359,,,,5.820001744361425,5.8787380498113215,,7.206909099257666,5.827559014561252,5.886371589082931,7.206909099257666,7.206909099257666,2.419900093064359,TTM_CFPS_from_OpCF,2.419900093064359,TTM_CFPS_from_OpCF
2024-06-18,17.65,7.307091051507,,2.4154618952448796,,,,,2.9965626757580175,2.9666230834285496,,2.419900093064359,,,,5.890082040595134,5.949525606603774,,7.2936895413932215,5.897730310034753,5.957251063492761,7.2936895413932215,7.2936895413932215,2.419900093064359,TTM_CFPS_from_OpCF,2.419900093064359,TTM_CFPS_from_OpCF
2024-06-19,16.635,6.88688156610873,,2.415461895244877,,,,,2.9965626757580175,2.9666230834285496,,2.419900093064359,,,,5.551360608798871,5.607385748773586,,6.8742507377380315,5.558569048579496,5.614666937178587,6.8742507377380315,6.8742507377380315,2.419900093064359,TTM_CFPS_from_OpCF,2.419900093064359,TTM_CFPS_from_OpCF
2024-06-20,17.045,7.05662135824005,,2.4154618952448788,,,,,2.9965626757580175,2.9666230834285496,,2.419900093064359,,,,5.688184044302781,5.745590026320755,,7.04367922000269,5.695570149265812,5.753050672931066,7.04367922000269,7.04367922000269,2.419900093064359,TTM_CFPS_from_OpCF,2.419900093064359,TTM_CFPS_from_OpCF
2024-06-24,16.785,6.94898149005921,,2.4154618952448788,,,,,2.9965626757580175,2.9666230834285496,,2.419900093064359,,,,5.60141796325152,5.657948289339623,,6.936236767834857,5.608691402489097,5.665295133185563,6.936236767834857,6.936236767834857,2.419900093064359,TTM_CFPS_from_OpCF,2.419900093064359,TTM_CFPS_from_OpCF
2024-06-25,16.855,6.97796145456944,,2.415461895244877,,,,,2.9965626757580175,2.9666230834285496,,2.419900093064359,,,,5.62477806199609,5.681544141603774,,6.965163581880043,5.632081834313641,5.688921624655551,6.965163581880043,6.965163581880043,2.419900093064359,TTM_CFPS_from_OpCF,2.419900093064359,TTM_CFPS_from_OpCF
2024-06-26,16.71,6.91793152808397,,2.415461895244878,,,,,2.9965626757580175,2.9666230834285496,,2.419900093064359,,,,5.576389286025195,5.632667019056605,,6.905243752786444,5.583630225534274,5.639981035182053,6.905243752786444,6.905243752786444,2.419900093064359,TTM_CFPS_from_OpCF,2.419900093064359,TTM_CFPS_from_OpCF
2024-06-27,16.78,6.9469114925942,,2.4154618952448765,,,,,2.9965626757580175,2.9666230834285496,,2.419900093064359,,,,5.5997493847697655,5.656262871320755,,6.9341705668316305,5.607020657358818,5.66360752665204,6.9341705668316305,6.9341705668316305,2.419900093064359,TTM_CFPS_from_OpCF,2.419900093064359,TTM_CFPS_from_OpCF
2024-06-28,16.625,6.88274157117869,,2.4154618952448796,,,,,2.9965626757580175,2.9666230834285496,,2.419900093064359,,,,5.548023451835361,5.604014912735849,,6.870118335731576,5.55522755831881,5.611291724111409,6.870118335731576,6.870118335731576,2.419900093064359,TTM_CFPS_from_OpCF,2.419900093064359,TTM_CFPS_from_OpCF
2024-07-01,16.86,6.98003145203445,,2.415461895244879,,,,,2.996554090364413,2.966614583814291,,1.8900940656859808,,,,5.626462760747176,5.683245842580079,,8.92019096090909,5.633752579443962,5.690609231189118,8.92019096090909,8.92019096090909,1.8900940656859808,TTM_CFPS_from_OpCF,1.8900940656859808,TTM_CFPS_from_OpCF
2024-07-02,17.46,7.22843114783639,,2.4154618952448788,,,,,2.996554090364413,2.966614583814291,,1.8900940656859808,,,,5.826692752232842,5.885496584308908,,9.23763547909091,5.834241995082493,5.893122015217156,9.23763547909091,9.23763547909091,1.8900940656859808,TTM_CFPS_from_OpCF,1.8900940656859808,TTM_CFPS_from_OpCF
2024-07-03,17.53,7.25741111234662,,2.4154618952448774,,,,,2.996554090364413,2.966614583814291,,1.8900940656859808,,,,5.8500529179061695,5.909092504177271,,9.27467067287879,5.8576324269070374,5.916748506687143,9.27467067287879,9.27467067287879,1.8900940656859808,TTM_CFPS_from_OpCF,1.8900940656859808,TTM_CFPS_from_OpCF
2024-07-04,17.86,7.39403094503768,,2.415461895244879,,,,,2.996554090364413,2.966614583814291,,1.8900940656859808,,,,5.960179413223284,6.020330412128126,,9.449265157878788,5.96790160550821,6.028130537902545,9.449265157878788,9.449265157878788,1.8900940656859808,TTM_CFPS_from_OpCF,1.8900940656859808,TTM_CFPS_from_OpCF
2024-07-05,17.695,7.32572102869215,,2.4154618952448783,,,,,2.996554090364413,2.966614583814291,,1.8900940656859808,,,,5.905116165564727,5.964711458152698,,9.361967915378788,5.912767016207602,5.972439522294822,9.361967915378788,9.361967915378788,1.8900940656859808,TTM_CFPS_from_OpCF,1.8900940656859808,TTM_CFPS_from_OpCF
2024-07-08,17.35,7.18289120360604,,2.415461895244877,,,,,2.996554090364413,2.966614583814291,,1.8900940656859808,,,,5.78998392046047,5.848417281658622,,9.179437317424243,5.797485602215464,5.855994671478719,9.179437317424243,9.179437317424243,1.8900940656859808,TTM_CFPS_from_OpCF,1.8900940656859808,TTM_CFPS_from_OpCF
2024-07-09,16.97,7.02557139626481,,2.415461895244878,,,,,2.996554090364413,2.966614583814291,,1.8900940656859808,,,,5.663171592519548,5.720325145230364,,8.978389122575757,5.670508972311034,5.7277365749276,8.978389122575757,8.978389122575757,1.8900940656859808,TTM_CFPS_from_OpCF,1.8900940656859808,TTM_CFPS_from_OpCF
2024-07-10,16.66,6.89723155343381,,2.4154618952448774,,,,,2.996554090364413,2.966614583814291,,1.8900940656859808,,,,5.559719430251955,5.615828928670469,,8.814376121515151,5.566922774231104,5.623104969846424,8.814376121515151,8.814376121515151,1.8900940656859808,TTM_CFPS_from_OpCF,1.8900940656859808,TTM_CFPS_from_OpCF
2024-07-11,16.475,6.82064164722821,,2.4154618952448783,,,,,2.996554090364413,2.966614583814291,,1.8900940656859808,,,,5.4979818495438755,5.553468283304081,,8.71649739507576,5.505105204409166,5.560663528104388,8.71649739507576,8.71649739507576,1.8900940656859808,TTM_CFPS_from_OpCF,1.8900940656859808,TTM_CFPS_from_OpCF
2024-07-12,16.97,7.02557139626481,,2.415461895244878,,,,,2.996554090364413,2.966614583814291,,1.8900940656859808,,,,5.663171592519548,5.720325145230364,,8.978389122575757,5.670508972311034,5.7277365749276,8.978389122575757,8.978389122575757,1.8900940656859808,TTM_CFPS_from_OpCF,1.8900940656859808,TTM_CFPS_from_OpCF
2024-07-15,16.89,6.99245143682455,,2.4154618952448783,,,,,2.996554090364413,2.966614583814291,,1.8900940656859808,,,,5.63647426032146,5.69335837966652,,8.936063186818183,5.643777050225891,5.700734870390523,8.936063186818183,8.936063186818183,1.8900940656859808,TTM_CFPS_from_OpCF,1.8900940656859808,TTM_CFPS_from_OpCF
2024-07-16,16.96,7.02143140133477,,2.4154618952448805,,,,,2.996554090364413,2.966614583814291,,1.8900940656859808,,,,5.659834425994788,5.716954299534883,,8.97309838060606,5.667167482050391,5.724361361860465,8.97309838060606,8.97309838060606,1.8900940656859808,TTM_CFPS_from_OpCF,1.8900940656859808,TTM_CFPS_from_OpCF
2024-07-17,17.35,7.18289120360604,,2.415461895244877,,,,,2.996554090364413,2.966614583814291,,1.8900940656859808,,,,5.78998392046047,5.848417281658622,,9.179437317424243,5.797485602215464,5.855994671478719,9.179437317424243,9.179437317424243,1.8900940656859808,TTM_CFPS_from_OpCF,1.8900940656859808,TTM_CFPS_from_OpCF
2024-07-18,17.76,7.35263099573736,,2.4154618952448788,,,,,2.996554090364413,2.966614583814291,,1.8900940656859808,,,,5.9268077479756744,5.986621955173322,,9.39635773818182,5.9344867029018245,5.994378407231242,9.39635773818182,9.39635773818182,1.8900940656859808,TTM_CFPS_from_OpCF,1.8900940656859808,TTM_CFPS_from_OpCF
2024-07-19,17.4,7.2035911782562,,2.415461895244877,,,,,2.996554090364413,2.966614583814291,,1.8900940656859808,,,,5.806669753084274,5.865271510136024,,9.205891027272727,5.81419305351868,5.872870736814392,9.205891027272727,9.205891027272727,1.8900940656859808,TTM_CFPS_from_OpCF,1.8900940656859808,TTM_CFPS_from_OpCF
2024-07-22,17.3,7.16219122895587,,2.4154618952448796,,,,,2.996554090364413,2.966614583814291,,1.8900940656859808,,,,5.773298087836665,5.8315630531812195,,9.152983607575758,5.7807781509122504,5.839118606143045,9.152983607575758,9.152983607575758,1.8900940656859808,TTM_CFPS_from_OpCF,1.8900940656859808,TTM_CFPS_from_OpCF
2024-07-23,17.045,7.05662135824005,,2.4154618952448788,,,,,2.996554090364413,2.966614583814291,,1.8900940656859808,,,,5.688200341455257,5.7456064879464686,,9.018069687348486,5.695570149265812,5.753050672931066,9.018069687348486,9.018069687348486,1.8900940656859808,TTM_CFPS_from_OpCF,1.8900940656859808,TTM_CFPS_from_OpCF
2024-07-24,17.3,7.16219122895587,,2.4154618952448796,,,,,2.996554090364413,2.966614583814291,,1.8900940656859808,,,,5.773298087836665,5.8315630531812195,,9.152983607575758,5.780778150912207,5.839118606143002,9.152983607575758,9.152983607575758,1.8900940656859808,TTM_CFPS_from_OpCF,1.8900940656859808,TTM_CFPS_from_OpCF
2024-07-25,18.115,7.49960081575351,,2.415461895244877,,,,,2.996554090364413,2.966614583814291,,1.8900940656859808,,,,6.045277159604692,6.106286977362878,,9.58417907810606,6.053109607154648,6.114198471114524,9.58417907810606,9.58417907810606,1.8900940656859808,TTM_CFPS_from_OpCF,1.8900940656859808,TTM_CFPS_from_OpCF
2024-07-26,19.01,10.1055302091085,,1.88114820367026,,,,,2.996554090364413,2.966614583814291,,1.8900940656859808,,,,6.343953563570809,6.407977667108381,,10.05770048439394,6.352172985482146,6.416280040623037,10.05770048439394,10.05770048439394,1.8900940656859808,TTM_CFPS_from_OpCF,1.8900940656859808,TTM_CFPS_from_OpCF
2024-07-29,18.735,9.95934289677264,,1.8811482036702585,,,,,2.996554090364413,2.966614583814291,,1.8900940656859808,,,,6.252181484139879,6.315279410482668,,9.912205080227272,6.260282003314465,6.323461681276832,9.912205080227272,9.912205080227272,1.8900940656859808,TTM_CFPS_from_OpCF,1.8900940656859808,TTM_CFPS_from_OpCF
2024-07-30,18.35,9.75468065950243,,1.8811482036702578,,,,,2.996554090364413,2.966614583814291,,1.8900940656859808,,,,6.123700572936578,6.18550185120667,,9.70851151439394,6.131634628279756,6.193515978192189,9.70851151439394,9.70851151439394,1.8900940656859808,TTM_CFPS_from_OpCF,1.8900940656859808,TTM_CFPS_from_OpCF
2024-07-31,18.66,9.91947362977195,,1.8811482036702583,,,,,2.996554090364413,2.966614583814291,,1.8900940656859808,,,,6.227152735204171,6.289998067766565,,9.872524515454545,6.235220826359644,6.298147583273321,9.872524515454545,9.872524515454545,1.8900940656859808,TTM_CFPS_from_OpCF,1.8900940656859808,TTM_CFPS_from_OpCF
2024-08-01,18.43,9.7972078776365,,1.8811482036702576,,,,,2.996554090364413,2.966614583814291,,1.8900940656859808,,,,6.150397905134666,6.212468616770513,,9.750837450151515,6.1583665503649,6.220517682729268,9.750837450151515,9.750837450151515,1.8900940656859808,TTM_CFPS_from_OpCF,1.8900940656859808,TTM_CFPS_from_OpCF
2024-08-02,18.0,9.56862408016587,,1.8811482036702578,,,,,2.996554090364413,2.966614583814291,,1.8900940656859808,,,,6.00689974456994,6.067522251864853,,9.523335545454545,6.014682469157255,6.0753835208424745,9.523335545454545,9.523335545454545,1.8900940656859808,TTM_CFPS_from_OpCF,1.8900940656859808,TTM_CFPS_from_OpCF
2024-08-05,17.525,9.31611872249483,,1.8811482036702571,,,,,2.996554090364413,2.966614583814291,,1.8900940656859808,,,,5.848384334643788,5.90740708132953,,9.272025301893938,5.855961681776717,5.915060900153576,9.272025301893938,9.272025301893938,1.8900940656859808,TTM_CFPS_from_OpCF,1.8900940656859808,TTM_CFPS_from_OpCF
2024-08-06,17.945,9.53938661769869,,1.8811482036702591,,,,,2.996554090364413,2.966614583814291,,1.8900940656859808,,,,5.988545328683753,6.04898260053971,,9.494236464621212,5.996304272723719,6.056819848973234,9.494236464621212,9.494236464621212,1.8900940656859808,TTM_CFPS_from_OpCF,1.8900940656859808,TTM_CFPS_from_OpCF
2024-08-07,18.06,9.60051949376642,,1.8811482036702583,,,,,2.996554090364413,2.966614583814291,,1.8900940656859808,,,,6.026922743718505,6.087747326037735,,9.555079997272728,6.034731410721069,6.095634799245239,9.555079997272728,9.555079997272728,1.8900940656859808,TTM_CFPS_from_OpCF,1.8900940656859808,TTM_CFPS_from_OpCF
2024-08-08,18.51,9.83973509577057,,1.881148203670258,,,,,2.996554090364413,2.966614583814291,,1.8900940656859808,,,,6.177095237332755,6.239435382334357,,9.793163385909091,6.1850984724500435,6.247519387266345,9.793163385909091,9.793163385909091,1.8900940656859808,TTM_CFPS_from_OpCF,1.8900940656859808,TTM_CFPS_from_OpCF
2024-08-09,18.49,9.82910329123705,,1.881148203670258,,,,,2.996554090364413,2.966614583814291,,1.8900940656859808,,,,6.170420904283231,6.232693690943395,,9.782581901969696,6.1784154919287575,6.240768961132075,9.782581901969696,9.782581901969696,1.8900940656859808,TTM_CFPS_from_OpCF,1.8900940656859808,TTM_CFPS_from_OpCF
2024-08-12,18.205,9.67760007663443,,1.8811482036702567,,,,,2.996554090364413,2.966614583814291,,1.8900940656859808,,,,6.075311658327541,6.136624588622202,,9.631795755833332,6.083183019500434,6.144575388718736,9.631795755833332,9.631795755833332,1.8900940656859808,TTM_CFPS_from_OpCF,1.8900940656859808,TTM_CFPS_from_OpCF
2024-08-13,19.36,10.2915867884451,,1.8811482036702523,,,,,2.996554090364413,2.966614583814291,,1.8900940656859808,,,,6.460754391937446,6.525957266450197,,10.242876453333333,6.469125144604691,6.534412497972795,10.242876453333333,10.242876453333333,1.8900940656859808,TTM_CFPS_from_OpCF,1.8900940656859808,TTM_CFPS_from_OpCF
2024-08-14,19.21,10.2118482544437,,1.8811482036702556,,,,,2.996554090364413,2.966614583814291,,1.8900940656859808,,,,6.41069689406603,6.475394581017991,,10.163515323787879,6.419002790695004,6.483784301965731,10.163515323787879,10.163515323787879,1.8900940656859808,TTM_CFPS_from_OpCF,1.8900940656859808,TTM_CFPS_from_OpCF
2024-08-15,19.835,10.5440921461161,,1.8811482036702603,,,,,2.996554090364413,2.966614583814291,,1.8900940656859808,,,,6.619269801863598,6.68607243698552,,10.49418669689394,6.62784593198523,6.6947351186616935,10.49418669689394,10.49418669689394,1.8900940656859808,TTM_CFPS_from_OpCF,1.8900940656859808,TTM_CFPS_from_OpCF
2024-08-16,19.845,10.5494080483829,,1.881148203670253,,,,,2.996554090364413,2.966614583814291,,1.8900940656859808,,,,6.622606968388358,6.689443282681,,10.499477438863636,6.6311874222458735,6.698110331728828,10.499477438863636,10.499477438863636,1.8900940656859808,TTM_CFPS_from_OpCF,1.8900940656859808,TTM_CFPS_from_OpCF
2024-08-19,20.22,10.7487543833863,,1.8811482036702625,,,,,2.996554090364413,2.966614583814291,,1.8900940656859808,,,,6.747750713066899,6.815849996261518,,10.697880262727272,6.756493307019983,6.82468082174638,10.697880262727272,10.697880262727272,1.8900940656859808,TTM_CFPS_from_OpCF,1.8900940656859808,TTM_CFPS_from_OpCF
2024-08-20,19.9,10.57864551085,,1.8811482036702658,,,,,2.996554090364413,2.966614583814291,,1.8900940656859808,,,,6.640961384274544,6.707982934006142,,10.52857651969697,6.64956561867941,6.71667400359807,10.52857651969697,10.52857651969697,1.8900940656859808,TTM_CFPS_from_OpCF,1.8900940656859808,TTM_CFPS_from_OpCF
2024-08-21,19.97,10.6158568267174,,1.8811482036702503,,,,,2.996554090364413,2.966614583814291,,1.8900940656859808,,,,6.664321549947871,6.731578853874506,,10.565611713484849,6.67295605050391,6.740300495068013,10.565611713484849,10.565611713484849,1.8900940656859808,TTM_CFPS_from_OpCF,1.8900940656859808,TTM_CFPS_from_OpCF
2024-08-22,19.905,10.5813034619834,,1.8811482036702625,,,,,2.996554090364413,2.966614583814291,,1.8900940656859808,,,,6.642629967536926,6.709668356853883,,10.531221890681818,6.651236363809687,6.718361610131593,10.531221890681818,10.531221890681818,1.8900940656859808,TTM_CFPS_from_OpCF,1.8900940656859808,TTM_CFPS_from_OpCF
2024-08-23,20.17,10.7221748720525,,1.8811482036702638,,,,,2.996554090364413,2.966614583814291,,1.8900940656859808,,,,6.731064880443094,6.798995767784116,,10.671426552878788,6.739785855716768,6.8078047564107065,10.671426552878788,10.671426552878788,1.8900940656859808,TTM_CFPS_from_OpCF,1.8900940656859808,TTM_CFPS_from_OpCF
2024-08-26,20.12,10.6955953607187,,1.881148203670265,,,,,2.996554090364413,2.966614583814291,,1.8900940656859808,,,,6.714379047819288,6.782141539306713,,10.644972843030304,6.72307840441351,6.790928691074989,10.644972843030304,10.644972843030304,1.8900940656859808,TTM_CFPS_from_OpCF,1.8900940656859808,TTM_CFPS_from_OpCF
2024-08-27,20.79,11.0517608125916,,1.8811482036702545,,,,,2.996554090364413,2.966614583814291,,1.8900940656859808,,,,6.9379692049782795,7.007988200903904,,10.999452555,6.946958251876586,7.0170679665730145,10.999452555,10.999452555,1.8900940656859808,TTM_CFPS_from_OpCF,1.8900940656859808,TTM_CFPS_from_OpCF
2024-08-28,20.85,11.0836562261921,,1.8811482036702638,,,,,2.996554090364413,2.966614583814291,,1.8900940656859808,,,,6.957992204126847,7.028213275076788,,11.031197006818182,6.9670071934404865,7.037319244975866,11.031197006818182,11.031197006818182,1.8900940656859808,TTM_CFPS_from_OpCF,1.8900940656859808,TTM_CFPS_from_OpCF
2024-08-29,21.84,11.6099305506013,,1.8811482036702507,,,,,2.996554090364413,2.966614583814291,,1.8900940656859808,,,,7.288371690078193,7.361926998929355,,11.554980461818182,7.297814729244135,7.371465338622202,11.554980461818182,11.554980461818182,1.8900940656859808,TTM_CFPS_from_OpCF,1.8900940656859808,TTM_CFPS_from_OpCF
2024-08-30,21.15,11.2431332941949,,1.8811482036702574,,,,,2.996554090364413,2.966614583814291,,1.8900940656859808,,,,7.058107199869679,7.129338645941202,,11.18991926590909,7.067251901259774,7.138575636989908,11.18991926590909,11.18991926590909,1.8900940656859808,TTM_CFPS_from_OpCF,1.8900940656859808,TTM_CFPS_from_OpCF
2024-09-02,20.79,11.0517608125916,,1.8811482036702545,,,,,2.996554090364413,2.966614583814291,,1.8900940656859808,,,,6.9379692049782795,7.007988200903904,,10.999452555,6.946958251876586,7.0170679665730145,10.999452555,10.999452555,1.8900940656859808,TTM_CFPS_from_OpCF,1.8900940656859808,TTM_CFPS_from_OpCF
2024-09-03,20.23,10.7540702856531,,1.8811482036702556,,,,,2.996554090364413,2.966614583814291,,1.8900940656859808,,,,6.75108787959166,6.819220841956999,,10.703171004696971,6.759834797280582,6.8280560348134705,10.703171004696971,10.703171004696971,1.8900940656859808,TTM_CFPS_from_OpCF,1.8900940656859808,TTM_CFPS_from_OpCF
2024-09-04,19.14,10.1746369385764,,1.8811482036702534,,,,,2.996554090364413,2.966614583814291,,1.8900940656859808,,,,6.387336728392703,6.451798661149627,,10.126480130000001,6.395612358870547,6.460157810495832,10.126480130000001,10.126480130000001,1.8900940656859808,TTM_CFPS_from_OpCF,1.8900940656859808,TTM_CFPS_from_OpCF
2024-09-05,19.13,10.1693210363096,,1.8811482036702607,,,,,2.996554090364413,2.966614583814291,,1.8900940656859808,,,,6.383999561867941,6.448427815454146,,10.121189388030302,6.392270868609861,6.456782597428653,10.121189388030302,10.121189388030302,1.8900940656859808,TTM_CFPS_from_OpCF,1.8900940656859808,TTM_CFPS_from_OpCF
2024-09-06,18.26,9.7068375391016,,1.8811482036702578,,,,,2.996554090364413,2.966614583814291,,1.8900940656859808,,,,6.093666074213728,6.155164239947346,,9.660894836666667,6.1015612159339705,6.1631390605879774,9.660894836666667,9.660894836666667,1.8900940656859808,TTM_CFPS_from_OpCF,1.8900940656859808,TTM_CFPS_from_OpCF
2024-09-09,18.05,9.59520359149966,,1.881148203670259,,,,,2.996554090364413,2.966614583814291,,1.8900940656859808,,,,6.023585577193745,6.0843764803422555,,9.54978925530303,6.031389920460469,6.092259586178148,9.54978925530303,9.54978925530303,1.8900940656859808,TTM_CFPS_from_OpCF,1.8900940656859808,TTM_CFPS_from_OpCF
2024-09-10,17.75,9.4357265234969,,1.8811482036702578,,,,,2.996554090364413,2.966614583814291,,1.8900940656859808,,,,5.923470581450912,5.983251109477841,,9.391066996212121,5.931145212641182,5.991003194164107,9.391066996212121,9.391066996212121,1.8900940656859808,TTM_CFPS_from_OpCF,1.8900940656859808,TTM_CFPS_from_OpCF
2024-09-11,16.055,8.53468108928128,,1.8811482036702578,,,,,2.996554090364413,2.966614583814291,,1.8900940656859808,,,,5.35782085550391,5.411892764093901,,8.494286232348484,5.364762613462163,5.41890457928473,8.494286232348484,8.494286232348484,1.8900940656859808,TTM_CFPS_from_OpCF,1.8900940656859808,TTM_CFPS_from_OpCF
2024-09-12,15.585,8.28483368274362,,1.881148203670257,,,,,2.996554090364413,2.966614583814291,,1.8900940656859808,,,,5.20097402884014,5.253463016406319,,8.245621359772727,5.20771257121199,5.260269565129443,8.245621359772727,8.245621359772727,1.8900940656859808,TTM_CFPS_from_OpCF,1.8900940656859808,TTM_CFPS_from_OpCF
2024-09-13,16.0,8.5054436268141,,1.8811482036702591,,,,,2.996554090364413,2.966614583814291,,1.8900940656859808,,,,5.339466439617724,5.393353112768758,,8.46518715151515,5.346384417028627,5.400340907415489,8.46518715151515,8.46518715151515,1.8900940656859808,TTM_CFPS_from_OpCF,1.8900940656859808,TTM_CFPS_from_OpCF
2024-09-16,16.265,8.64631503688322,,1.881148203670257,,,,,2.996554090364413,2.966614583814291,,1.8900940656859808,,,,5.427901352523893,5.482680523698991,,8.605391813712123,5.434933908935708,5.489784053694604,8.605391813712123,8.605391813712123,1.8900940656859808,TTM_CFPS_from_OpCF,1.8900940656859808,TTM_CFPS_from_OpCF
2024-09-17,16.26,8.64365708574983,,1.8811482036702594,,,,,2.996554090364413,2.966614583814291,,1.8900940656859808,,,,5.426232769261513,5.480995100851251,,8.602746442727273,5.433263163805344,5.488096447160992,8.602746442727273,8.602746442727273,1.8900940656859808,TTM_CFPS_from_OpCF,1.8900940656859808,TTM_CFPS_from_OpCF
2024-09-18,16.315,8.67289454821701,,1.8811482036702578,,,,,2.996554090364413,2.966614583814291,,1.8900940656859808,,,,5.444587185147698,5.499534752176394,,8.631845523560607,5.451641360238923,5.506660119030276,8.631845523560607,8.631845523560607,1.8900940656859808,TTM_CFPS_from_OpCF,1.8900940656859808,TTM_CFPS_from_OpCF
2024-09-19,16.795,8.92805785702143,,1.8811482036702585,,,,,2.996554090364413,2.966614583814291,,1.8900940656859808,,,,5.604771178336231,5.661335345559456,,8.885801138106062,5.612032892749783,5.668670346252743,8.885801138106062,8.885801138106062,1.8900940656859808,TTM_CFPS_from_OpCF,1.8900940656859808,TTM_CFPS_from_OpCF
2024-09-20,16.72,8.88818859002074,,1.8811482036702583,,,,,2.996554090364413,2.966614583814291,,1.8900940656859808,,,,5.579742429400521,5.636054002843352,,8.846120573333334,5.586971715794961,5.6433562482492325,8.846120573333334,8.846120573333334,1.8900940656859808,TTM_CFPS_from_OpCF,1.8900940656859808,TTM_CFPS_from_OpCF
2024-09-23,16.435,8.73668537541811,,1.8811482036702587,,,,,2.996554090364413,2.966614583814291,,1.8900940656859808,,,,5.4846331834448305,5.539984900522159,,8.695334427196968,5.491739243366594,5.54716267583585,8.695334427196968,8.695334427196968,1.8900940656859808,TTM_CFPS_from_OpCF,1.8900940656859808,TTM_CFPS_from_OpCF
2024-09-24,16.725,8.89084654115412,,1.881148203670258,,,,,2.996554090364413,2.966614583814291,,1.8900940656859808,,,,5.581411012662903,5.637739425691093,,8.848765944318183,5.588642460925282,5.6450438547827995,8.848765944318183,8.848765944318183,1.8900940656859808,TTM_CFPS_from_OpCF,1.8900940656859808,TTM_CFPS_from_OpCF
2024-09-25,16.465,8.75263308221839,,1.8811482036702583,,,,,2.996554090364413,2.966614583814291,,1.8900940656859808,,,,5.494644683019114,5.5500974376086,,8.71120665310606,5.5017637141485665,5.5572883150372965,8.71120665310606,8.71120665310606,1.8900940656859808,TTM_CFPS_from_OpCF,1.8900940656859808,TTM_CFPS_from_OpCF
2024-09-26,16.65,8.85097727415343,,1.8811482036702578,,,,,2.996554090364413,2.966614583814291,,1.8900940656859808,,,,5.556382263727194,5.612458082974988,,8.809085379545454,5.563581283970461,5.619729756779289,8.809085379545454,8.809085379545454,1.8900940656859808,TTM_CFPS_from_OpCF,1.8900940656859808,TTM_CFPS_from_OpCF
2024-09-27,17.195,9.14069394769178,,1.881148203670259,,,,,2.996554090364413,2.966614583814291,,1.8900940656859808,,,,5.738257839326673,5.796169173378675,,9.09743081689394,5.7456925031754995,5.803678868938131,9.09743081689394,9.09743081689394,1.8900940656859808,TTM_CFPS_from_OpCF,1.8900940656859808,TTM_CFPS_from_OpCF
2024-09-30,17.43,9.26561765096062,,1.8811482036702574,,,,,2.996554090364413,2.966614583814291,,1.2743816048943355,,,,5.816681252658558,5.875384047222465,,13.677221903595507,5.824217524300608,5.882996376015797,13.677221903595507,13.677221903595507,1.2743816048943355,TTM_CFPS_from_OpCF,1.2743816048943355,TTM_CFPS_from_OpCF
2024-10-01,16.47,8.75529103335177,,1.8811482036702578,,,,,2.996554090364413,2.966614583814291,,1.2743816048943355,,,,5.496313266281494,5.55178286045634,,12.923915361573034,5.503434459278888,5.558975921570864,12.923915361573034,12.923915361573034,1.2743816048943355,TTM_CFPS_from_OpCF,1.2743816048943355,TTM_CFPS_from_OpCF
2024-10-02,16.765,8.91211015022116,,1.8811482036702571,,,,,2.996554090364413,2.966614583814291,,1.2743816048943355,,,,5.594759678761947,5.6512228084730145,,13.155400184382025,5.602008421967811,5.658544707051294,13.155400184382025,13.155400184382025,1.2743816048943355,TTM_CFPS_from_OpCF,1.2743816048943355,TTM_CFPS_from_OpCF
2024-10-03,16.845,8.95463736835522,,1.8811482036702591,,,,,2.996554090364413,2.966614583814291,,1.2743816048943355,,,,5.621457010960035,5.678189574036858,,13.218175729550563,5.628740344052954,5.685546411588372,13.218175729550563,13.218175729550563,1.2743816048943355,TTM_CFPS_from_OpCF,1.2743816048943355,TTM_CFPS_from_OpCF
2024-10-04,17.195,9.14069394769178,,1.881148203670259,,,,,2.996554090364413,2.966614583814291,,1.2743816048943355,,,,5.738257839326673,5.796169173378675,,13.492818739662923,5.745692503175456,5.803678868938087,13.492818739662923,13.492818739662923,1.2743816048943355,TTM_CFPS_from_OpCF,1.2743816048943355,TTM_CFPS_from_OpCF
2024-10-07,17.275,9.18322116582585,,1.881148203670259,,,,,2.996554090364413,2.966614583814291,,1.2743816048943355,,,,5.764955171524761,5.823135938942518,,13.55559428483146,5.772424425260599,5.830680573475164,13.55559428483146,13.55559428483146,1.2743816048943355,TTM_CFPS_from_OpCF,1.2743816048943355,TTM_CFPS_from_OpCF
2024-10-08,16.47,8.75529103335177,,1.8811482036702578,,,,,2.996554090364413,2.966614583814291,,1.2743816048943355,,,,5.496313266281494,5.55178286045634,,12.923915361573034,5.503434459278888,5.558975921570864,12.923915361573034,12.923915361573034,1.2743816048943355,TTM_CFPS_from_OpCF,1.2743816048943355,TTM_CFPS_from_OpCF
2024-10-09,16.5,8.77123874015205,,1.8811482036702574,,,,,2.996554090364413,2.966614583814291,,1.2743816048943355,,,,5.506324765855778,5.561895397542782,,12.947456191011236,5.513458930060773,5.569101560772225,12.947456191011236,12.947456191011236,1.2743816048943355,TTM_CFPS_from_OpCF,1.2743816048943355,TTM_CFPS_from_OpCF
2024-10-10,16.765,8.91211015022116,,1.8811482036702571,,,,,2.996554090364413,2.966614583814291,,1.2743816048943355,,,,5.594759678761947,5.6512228084730145,,13.155400184382025,5.602008421967854,5.658544707051338,13.155400184382025,13.155400184382025,1.2743816048943355,TTM_CFPS_from_OpCF,1.2743816048943355,TTM_CFPS_from_OpCF
2024-10-11,17.14,9.11145648522461,,1.8811482036702585,,,,,2.996554090364413,2.966614583814291,,1.2743816048943355,,,,5.719903423440487,5.777629522053532,,13.449660552359552,5.72731430674192,5.785115197068846,13.449660552359552,13.449660552359552,1.2743816048943355,TTM_CFPS_from_OpCF,1.2743816048943355,TTM_CFPS_from_OpCF
2024-10-14,16.995,9.03437590235661,,1.8811482036702578,,,,,2.996554090364413,2.966614583814291,,1.2743816048943355,,,,5.671514508831452,5.728752259469066,,13.335879876741574,5.678862697962641,5.736174607595436,13.335879876741574,13.335879876741574,1.2743816048943355,TTM_CFPS_from_OpCF,1.2743816048943355,TTM_CFPS_from_OpCF
2024-10-15,16.19,8.60644576988252,,1.8811482036702591,,,,,2.996554090364413,2.966614583814291,,1.2743816048943355,,,,5.402872603588185,5.457399180982888,,12.704200953483149,5.409872731980887,5.464469955691093,12.704200953483149,12.704200953483149,1.2743816048943355,TTM_CFPS_from_OpCF,1.2743816048943355,TTM_CFPS_from_OpCF
2024-10-16,16.0,8.5054436268141,,1.8811482036702591,,,,,2.996554090364413,2.966614583814291,,1.2743816048943355,,,,5.339466439617724,5.393353112768758,,12.555109033707867,5.346384417028627,5.400340907415489,12.555109033707867,12.555109033707867,1.2743816048943355,TTM_CFPS_from_OpCF,1.2743816048943355,TTM_CFPS_from_OpCF
2024-10-17,15.955,8.48152206661369,,1.8811482036702583,,,,,2.996554090364413,2.966614583814291,,1.2743816048943355,,,,5.324449190256299,5.378184307139096,,12.519797789550562,5.331347710855734,5.3851524486133835,12.519797789550562,12.519797789550562,1.2743816048943355,TTM_CFPS_from_OpCF,1.2743816048943355,TTM_CFPS_from_OpCF
2024-10-18,15.29,8.12801456587423,,1.881148203670258,,,,,2.996554090364413,2.966614583814291,,1.2743816048943355,,,,5.102527616359687,5.154023068389644,,11.997976070337078,5.10913860852298,5.160700779648925,11.997976070337078,11.997976070337078,1.2743816048943355,TTM_CFPS_from_OpCF,1.2743816048943355,TTM_CFPS_from_OpCF
2024-10-21,15.115,8.03498627620595,,1.881148203670258,,,,,2.996554090364413,2.966614583814291,,1.2743816048943355,,,,5.044127202176369,5.095033268718736,,11.8606545652809,5.050662528961772,5.1016345509741114,11.8606545652809,11.8606545652809,1.2743816048943355,TTM_CFPS_from_OpCF,1.2743816048943355,TTM_CFPS_from_OpCF
2024-10-22,15.375,8.17319973514168,,1.8811482036702583,,,,,2.996554090364413,2.966614583814291,,1.2743816048943355,,,,5.130893531820156,5.182675256801229,,12.064675087078653,5.137541275738489,5.1893900907196135,12.064675087078653,12.064675087078653,1.2743816048943355,TTM_CFPS_from_OpCF,1.2743816048943355,TTM_CFPS_from_OpCF
2024-10-23,15.24,8.10143505454043,,1.8811482036702596,,,,,2.996554090364413,2.966614583814291,,1.2743816048943355,,,,5.085841783735882,5.137168839912242,,11.958741354606742,5.092431157219809,5.143824714313295,11.958741354606742,11.958741354606742,1.2743816048943355,TTM_CFPS_from_OpCF,1.2743816048943355,TTM_CFPS_from_OpCF
2024-10-24,14.39,7.64958336186594,,1.8811482036702574,,,,,2.996554090364413,2.966614583814291,,1.2743816048943355,,,,4.802182629131191,4.850646955796402,,11.291751187191013,4.808404485065161,4.856931603606846,11.291751187191013,11.291751187191013,1.2743816048943355,TTM_CFPS_from_OpCF,1.2743816048943355,TTM_CFPS_from_OpCF
2024-10-25,14.79,11.6803198642916,,1.2662324466999515,,,,,2.996554090364413,2.966614583814291,,1.2743816048943355,,,,4.935669290121633,4.98548078361562,,11.605628913033708,4.942064095490834,4.99194012629219,11.605628913033708,11.605628913033708,1.2743816048943355,TTM_CFPS_from_OpCF,1.2743816048943355,TTM_CFPS_from_OpCF
2024-10-28,14.94,11.7987815262012,,1.266232446699957,,,,,2.996554090364413,2.966614583814291,,1.2743816048943355,,,,4.98572678799305,5.0360434690478275,,11.72333306022472,4.9921864494005215,5.042568322299254,11.72333306022472,11.72333306022472,1.2743816048943355,TTM_CFPS_from_OpCF,1.2743816048943355,TTM_CFPS_from_OpCF
2024-10-29,15.115,11.9369867984292,,1.2662324466999493,,,,,2.996554090364413,2.966614583814291,,1.2743816048943355,,,,5.044127202176369,5.095033268718736,,11.8606545652809,5.050662528961772,5.1016345509741114,11.8606545652809,11.8606545652809,1.2743816048943355,TTM_CFPS_from_OpCF,1.2743816048943355,TTM_CFPS_from_OpCF
2024-10-30,14.685,11.5973967009548,,1.2662324466999566,,,,,2.996554090364413,2.966614583814291,,1.2743816048943355,,,,4.9006290416116425,4.950086903813076,,11.523236010000002,4.906978447754083,4.956500389087275,11.523236010000002,11.523236010000002,1.2743816048943355,TTM_CFPS_from_OpCF,1.2743816048943355,TTM_CFPS_from_OpCF
2024-10-31,14.68,11.5934479788912,,1.2662324466999504,,,,,2.996554090364413,2.966614583814291,,1.2743816048943355,,,,4.898960458349261,4.948401480965336,,11.519312538426966,4.9053077026237615,4.954812782553708,11.519312538426966,11.519312538426966,1.2743816048943355,TTM_CFPS_from_OpCF,1.2743816048943355,TTM_CFPS_from_OpCF
2024-11-01,13.995,11.0524730561704,,1.266232446699957,,,,,2.996554090364413,2.966614583814291,,1.2743816048943355,,,,4.670364551403128,4.7174985508249225,,10.981796932921348,4.676415619769765,4.723610687455023,10.981796932921348,10.981796932921348,1.2743816048943355,TTM_CFPS_from_OpCF,1.2743816048943355,TTM_CFPS_from_OpCF
2024-11-04,14.09,11.1274987753799,,1.266232446699951,,,,,2.996554090364413,2.966614583814291,,1.2743816048943355,,,,4.702067633388358,4.749521584931988,,11.05634289280899,4.70815977724583,4.75567521159276,11.05634289280899,11.05634289280899,1.2743816048943355,TTM_CFPS_from_OpCF,1.2743816048943355,TTM_CFPS_from_OpCF
2024-11-05,14.07,11.1117038871253,,1.2662324466999488,,,,,2.996554090364413,2.966614583814291,,1.2743816048943355,,,,4.695393300338836,4.742779893541027,,11.040649006516855,4.701476796724587,4.748924785458534,11.040649006516855,11.040649006516855,1.2743816048943355,TTM_CFPS_from_OpCF,1.2743816048943355,TTM_CFPS_from_OpCF
2024-11-06,13.035,10.2943184199487,,1.2662324466999495,,,,,2.996554090364413,2.966614583814291,,1.2743816048943355,,,,4.349996565026065,4.393897364058797,,10.228490390898877,4.355632554748001,4.3995902330100485,10.228490390898877,10.228490390898877,1.2743816048943355,TTM_CFPS_from_OpCF,1.2743816048943355,TTM_CFPS_from_OpCF
2024-11-07,13.27,10.4799083569405,,1.2662324466999477,,,,,2.996554090364413,2.966614583814291,,1.2743816048943355,,,,4.42841997835795,4.473112237902589,,10.412893554831461,4.4341575758731535,4.478907740087758,10.412893554831461,10.412893554831461,1.2743816048943355,TTM_CFPS_from_OpCF,1.2743816048943355,TTM_CFPS_from_OpCF
2024-11-08,12.83,10.1324208153388,,1.2662324466999548,,,,,2.996554090364413,2.966614583814291,,1.2743816048943355,,,,4.281584651268463,4.324795027301448,,10.067628056404494,4.287132004404865,4.3303983651338305,10.067628056404494,10.067628056404494,1.2743816048943355,TTM_CFPS_from_OpCF,1.2743816048943355,TTM_CFPS_from_OpCF
2024-11-11,13.115,10.3574979729672,,1.266232446699947,,,,,2.996554090364413,2.966614583814291,,1.2743816048943355,,,,4.376693897224153,4.420864129622641,,10.291265936067417,4.382364476833189,4.42659193754717,10.291265936067417,10.291265936067417,1.2743816048943355,TTM_CFPS_from_OpCF,1.2743816048943355,TTM_CFPS_from_OpCF
2024-11-12,12.9,10.18770292423,,1.266232446699951,,,,,2.996554090364413,2.966614583814291,,1.2743816048943355,,,,4.3049448169417905,4.348390947169811,,10.122556658426968,4.310522436229344,4.354024856603751,10.122556658426968,10.122556658426968,1.2743816048943355,TTM_CFPS_from_OpCF,1.2743816048943355,TTM_CFPS_from_OpCF
2024-11-13,13.34,10.5351904658316,,1.2662324466999564,,,,,2.996554090364413,2.966614583814291,,1.2743816048943355,,,,4.451780144031277,4.496708157770952,,10.467822156853932,4.457548007697654,4.502534231557701,10.467822156853932,10.467822156853932,1.2743816048943355,TTM_CFPS_from_OpCF,1.2743816048943355,TTM_CFPS_from_OpCF
2024-11-14,13.765,10.8708318412423,,1.2662324466999537,,,,,2.996554090364413,2.966614583814291,,1.2743816048943355,,,,4.593609721333624,4.639969099828872,,10.801317240561799,4.599561343774934,4.645980786910882,10.801317240561799,10.801317240561799,1.2743816048943355,TTM_CFPS_from_OpCF,1.2743816048943355,TTM_CFPS_from_OpCF
2024-11-15,13.77,10.874780563306,,1.2662324466999484,,,,,2.996554090364413,2.966614583814291,,1.2743816048943355,,,,4.595278304596004,4.641654522676612,,10.805240712134832,4.601232088905257,4.64766839344445,10.805240712134832,10.805240712134832,1.2743816048943355,TTM_CFPS_from_OpCF,1.2743816048943355,TTM_CFPS_from_OpCF
2024-11-18,13.9,10.977447336961,,1.2662324466999522,,,,,2.996554090364413,2.966614583814291,,1.2743816048943355,,,,4.638661469417898,4.685475516717859,,10.907250973033708,4.644671462293658,4.691546163317245,10.907250973033708,10.907250973033708,1.2743816048943355,TTM_CFPS_from_OpCF,1.2743816048943355,TTM_CFPS_from_OpCF
2024-11-19,13.66,10.7879086779056,,1.2662324466999473,,,,,2.996554090364413,2.966614583814291,,1.2743816048943355,,,,4.558569472823632,4.6045752200263275,,10.71892433752809,4.564475696038184,4.610541049705968,10.71892433752809,10.71892433752809,1.2743816048943355,TTM_CFPS_from_OpCF,1.2743816048943355,TTM_CFPS_from_OpCF
2024-11-20,13.92,10.9932422252156,,1.2662324466999544,,,,,2.996554090364413,2.966614583814291,,1.2743816048943355,,,,4.64533580246742,4.692217208108819,,10.922944859325844,4.6513544428149,4.69829658945147,10.922944859325844,10.922944859325844,1.2743816048943355,TTM_CFPS_from_OpCF,1.2743816048943355,TTM_CFPS_from_OpCF
2024-11-21,14.215,11.2262168269713,,1.2662324466999484,,,,,2.996554090364413,2.966614583814291,,1.2743816048943355,,,,4.7437822149478714,4.791657156125494,,11.154429682134833,4.749928405503867,4.797865374931944,11.154429682134833,11.154429682134833,1.2743816048943355,TTM_CFPS_from_OpCF,1.2743816048943355,TTM_CFPS_from_OpCF
2024-11-22,14.275,11.2736014917351,,1.2662324466999553,,,,,2.996554090364413,2.966614583814291,,1.2743816048943355,,,,4.763805214096438,4.811882230298377,,11.201511341011237,4.769977347067724,4.818116653334752,11.201511341011237,11.201511341011237,1.2743816048943355,TTM_CFPS_from_OpCF,1.2743816048943355,TTM_CFPS_from_OpCF
2024-11-25,14.175,11.194627050462,,1.2662324466999553,,,,,2.996554090364413,2.966614583814291,,1.2743816048943355,,,,4.730433548848827,4.778173773343572,,11.123041909550563,4.736562444461338,4.784364522663449,11.123041909550563,11.123041909550563,1.2743816048943355,TTM_CFPS_from_OpCF,1.2743816048943355,TTM_CFPS_from_OpCF
2024-11-26,14.07,11.1117038871253,,1.2662324466999488,,,,,2.996554090364413,2.966614583814291,,1.2743816048943355,,,,4.695393300338836,4.742779893541027,,11.040649006516855,4.701476796724544,4.748924785458491,11.040649006516855,11.040649006516855,1.2743816048943355,TTM_CFPS_from_OpCF,1.2743816048943355,TTM_CFPS_from_OpCF
2024-11-27,14.195,11.2104219387166,,1.2662324466999575,,,,,2.996554090364413,2.966614583814291,,1.2743816048943355,,,,4.73710788189835,4.784915464734532,,11.138735795842697,4.743245424982623,4.791114948797718,11.138735795842697,11.138735795842697,1.2743816048943355,TTM_CFPS_from_OpCF,1.2743816048943355,TTM_CFPS_from_OpCF
2024-11-28,14.24,11.2459604372895,,1.2662324466999568,,,,,2.996554090364413,2.966614583814291,,1.2743816048943355,,,,4.752125131259774,4.800084270364195,,11.174047040000001,4.7582821311554735,4.806303407599781,11.174047040000001,11.174047040000001,1.2743816048943355,TTM_CFPS_from_OpCF,1.2743816048943355,TTM_CFPS_from_OpCF
2024-11-29,14.405,11.3762682653902,,1.2662324466999473,,,,,2.996554090364413,2.966614583814291,,1.2743816048943355,,,,4.807188378918332,4.8557032243396225,,11.303521601910113,4.813416720456125,4.861994423207547,11.303521601910113,11.303521601910113,1.2743816048943355,TTM_CFPS_from_OpCF,1.2743816048943355,TTM_CFPS_from_OpCF
2024-12-02,14.4,11.3723195433265,,1.2662324466999526,,,,,2.996554090364413,2.966614583814291,,1.2743816048943355,,,,4.805519795655952,4.8540178014918824,,11.29959813033708,4.811745975325804,4.8603068166739805,11.29959813033708,11.29959813033708,1.2743816048943355,TTM_CFPS_from_OpCF,1.2743816048943355,TTM_CFPS_from_OpCF
2024-12-03,13.985,11.0445756120431,,1.266232446699956,,,,,2.996554090364413,2.966614583814291,,1.2743816048943355,,,,4.6670273848783665,4.714127705129442,,10.973949989775281,4.673074129509122,4.720235474387889,10.973949989775281,10.973949989775281,1.2743816048943355,TTM_CFPS_from_OpCF,1.2743816048943355,TTM_CFPS_from_OpCF
2024-12-04,13.53,10.6852419042505,,1.2662324466999553,,,,,2.996554090364413,2.966614583814291,,1.2743816048943355,,,,4.515186308001738,4.560754225985081,,10.616914076629214,4.52103632264987,4.56666327983326,10.616914076629214,10.616914076629214,1.2743816048943355,TTM_CFPS_from_OpCF,1.2743816048943355,TTM_CFPS_from_OpCF
2024-12-05,13.175,10.404882637731,,1.2662324466999546,,,,,2.996554090364413,2.966614583814291,,1.2743816048943355,,,,4.39671689637272,4.441089203795524,,10.338347594943821,4.4024134183970025,4.446843215949935,10.338347594943821,10.338347594943821,1.2743816048943355,TTM_CFPS_from_OpCF,1.2743816048943355,TTM_CFPS_from_OpCF
2024-12-09,13.24,10.4562160245585,,1.2662324466999564,,,,,2.996554090364413,2.966614583814291,,1.2743816048943355,,,,4.418408478783666,4.462999700816147,,10.389352725393259,4.424133105091225,4.4687821008863535,10.389352725393259,10.389352725393259,1.2743816048943355,TTM_CFPS_from_OpCF,1.2743816048943355,TTM_CFPS_from_OpCF
2024-12-10,13.27,10.4799083569405,,1.2662324466999477,,,,,2.996554090364413,2.966614583814291,,1.2743816048943355,,,,4.42841997835795,4.473112237902589,,10.412893554831461,4.4341575758731535,4.478907740087758,10.412893554831461,10.412893554831461,1.2743816048943355,TTM_CFPS_from_OpCF,1.2743816048943355,TTM_CFPS_from_OpCF
2024-12-11,13.165,10.3969851936037,,1.2662324466999533,,,,,2.996554090364413,2.966614583814291,,1.2743816048943355,,,,4.393379729847958,4.437718358100043,,10.330500651797752,4.399071928136403,4.4434680028828435,10.330500651797752,10.330500651797752,1.2743816048943355,TTM_CFPS_from_OpCF,1.2743816048943355,TTM_CFPS_from_OpCF
2024-12-12,12.88,10.1719080359754,,1.2662324466999486,,,,,2.996554090364413,2.966614583814291,,1.2743816048943355,,,,4.298270483892268,4.341649255778851,,10.106862772134832,4.303839455708067,4.347274430469491,10.106862772134832,10.106862772134832,1.2743816048943355,TTM_CFPS_from_OpCF,1.2743816048943355,TTM_CFPS_from_OpCF
2024-12-13,12.645,9.98631809898358,,1.2662324466999528,,,,,2.996554090364413,2.966614583814291,,1.2743816048943355,,,,4.219847070560382,4.2624343819350585,,9.922459608202248,4.225314434582971,4.267956923391838,9.922459608202248,9.922459608202248,1.2743816048943355,TTM_CFPS_from_OpCF,1.2743816048943355,TTM_CFPS_from_OpCF
2024-12-16,12.315,9.72570244278235,,1.2662324466999526,,,,,2.996554090364413,2.966614583814291,,1.2743816048943355,,,,4.109720575243267,4.1511964739842035,,9.663510484382023,4.115045255981751,4.156574892176389,9.663510484382023,9.663510484382023,1.2743816048943355,TTM_CFPS_from_OpCF,1.2743816048943355,TTM_CFPS_from_OpCF
2024-12-17,12.24,9.66647161182753,,1.2662324466999517,,,,,2.996554090364413,2.966614583814291,,1.2743816048943355,,,,4.084691826307559,4.1259151312681,,9.604658410786518,4.089984079026933,4.131260794172883,9.604658410786518,9.604658410786518,1.2743816048943355,TTM_CFPS_from_OpCF,1.2743816048943355,TTM_CFPS_from_OpCF
2024-12-18,11.675,9.22026601863451,,1.266232446699952,,,,,2.996554090364413,2.966614583814291,,1.2743816048943355,,,,3.896141917658558,3.9354623494734535,,9.16130612303371,3.901189879300604,3.9405612558797674,9.16130612303371,9.16130612303371,1.2743816048943355,TTM_CFPS_from_OpCF,1.2743816048943355,TTM_CFPS_from_OpCF
2024-12-19,11.455,9.04652224783368,,1.266232446699953,,,,,2.996554090364413,2.966614583814291,,1.2743816048943355,,,,3.8227242541138144,3.861303744172883,,8.988673373820225,3.8276770935664635,3.866306568402808,8.988673373820225,8.988673373820225,1.2743816048943355,TTM_CFPS_from_OpCF,1.2743816048943355,TTM_CFPS_from_OpCF
2024-12-20,11.225,8.86488103290555,,1.2662324466999528,,,,,2.996554090364413,2.966614583814291,,1.2743816048943355,,,,3.7459694240443095,3.783774293176832,,8.808193681460674,3.7508228175716765,3.78867666785871,8.808193681460674,8.808193681460674,1.2743816048943355,TTM_CFPS_from_OpCF,1.2743816048943355,TTM_CFPS_from_OpCF
2024-12-23,11.155,8.80959892401438,,1.2662324466999526,,,,,2.996554090364413,2.966614583814291,,1.2743816048943355,,,,3.7226092583709818,3.7601783733084684,,8.753265079438203,3.7274323857471723,3.7650501763887627,8.753265079438203,8.753265079438203,1.2743816048943355,TTM_CFPS_from_OpCF,1.2743816048943355,TTM_CFPS_from_OpCF
2024-12-27,11.785,9.30713790403491,,1.2662324466999535,,,,,2.996554090364413,2.966614583814291,,1.2743816048943355,,,,3.93285074943093,3.972541652123738,,9.24762249764045,3.9379462721676806,3.977688599618254,9.24762249764045,9.24762249764045,1.2743816048943355,TTM_CFPS_from_OpCF,1.2743816048943355,TTM_CFPS_from_OpCF
2024-12-30,12.125,9.57565100436346,,1.2662324466999524,,,,,2.996554090364413,2.966614583814291,,1.2743816048943355,,,,4.046314411272807,4.087150405770075,,9.514418564606743,4.051556941029539,4.092445843900833,9.514418564606743,9.514418564606743,1.2743816048943355,TTM_CFPS_from_OpCF,1.2743816048943355,TTM_CFPS_from_OpCF
2025-01-02,12.455,9.83626666056469,,1.2662324466999528,,,,,2.996554090364413,2.966614583814291,,1.5633629289868203,,,,4.156440906589922,4.19838831372093,,7.966800139025811,4.161826119630751,4.203827875116275,7.966800139025811,7.966800139025811,1.5633629289868203,TTM_CFPS_from_OpCF,1.5633629289868203,TTM_CFPS_from_OpCF
2025-01-03,13.06,10.314062030267,,1.2662324466999466,,,,,2.996554090364413,2.966614583814291,,1.5633629289868203,,,,4.358339481337968,4.402324478297499,,8.353786416353039,4.363986280399609,4.408028265677885,8.353786416353039,8.353786416353039,1.5633629289868203,TTM_CFPS_from_OpCF,1.5633629289868203,TTM_CFPS_from_OpCF
2025-01-07,13.27,10.4799083569405,,1.2662324466999477,,,,,2.996554090364413,2.966614583814291,,1.5633629289868203,,,,4.42841997835795,4.473112237902589,,8.488112231623646,4.434157575873111,4.478907740087714,8.488112231623646,8.488112231623646,1.5633629289868203,TTM_CFPS_from_OpCF,1.5633629289868203,TTM_CFPS_from_OpCF
2025-01-08,12.805,10.1126772050205,,1.266232446699958,,,,,2.996554090364413,2.966614583814291,,1.5633629289868203,,,,4.273241734956559,4.316367913062747,,8.190676497810157,4.27877827875322,4.321960332465955,8.190676497810157,8.190676497810157,1.5633629289868203,TTM_CFPS_from_OpCF,1.5633629289868203,TTM_CFPS_from_OpCF
2025-01-09,12.705,10.0337027637474,,1.266232446699958,,,,,2.996554090364413,2.966614583814291,,1.5633629289868203,,,,4.239870069708949,4.282659456107942,,8.126711823871773,4.245363376146794,4.288208201794611,8.126711823871773,8.126711823871773,1.5633629289868203,TTM_CFPS_from_OpCF,1.5633629289868203,TTM_CFPS_from_OpCF
2025-01-10,12.29,9.70595883246408,,1.2662324466999517,,,,,2.996554090364413,2.966614583814291,,1.5633629289868203,,,,4.101377658931364,4.142769359745502,,7.861258427027477,4.106691530330143,4.148136859508552,7.861258427027477,7.861258427027477,1.5633629289868203,TTM_CFPS_from_OpCF,1.5633629289868203,TTM_CFPS_from_OpCF
2025-01-13,12.7,10.0297540416838,,1.2662324466999508,,,,,2.996554090364413,2.966614583814291,,1.5633629289868203,,,,4.2382014864465685,4.280974033260201,,8.123513590174854,4.243692631016481,4.286520595261053,8.123513590174854,8.123513590174854,1.5633629289868203,TTM_CFPS_from_OpCF,1.5633629289868203,TTM_CFPS_from_OpCF
2025-01-14,12.605,9.95472832247434,,1.2662324466999528,,,,,2.996554090364413,2.966614583814291,,1.5633629289868203,,,,4.206498404461338,4.248950999153137,,8.062747149933388,4.211948473540396,4.254456071123296,8.062747149933388,8.062747149933388,1.5633629289868203,TTM_CFPS_from_OpCF,1.5633629289868203,TTM_CFPS_from_OpCF
2025-01-15,13.06,10.314062030267,,1.2662324466999466,,,,,2.996554090364413,2.966614583814291,,1.5633629289868203,,,,4.358339481337968,4.402324478297499,,8.353786416353039,4.3639862803996525,4.408028265677928,8.353786416353039,8.353786416353039,1.5633629289868203,TTM_CFPS_from_OpCF,1.5633629289868203,TTM_CFPS_from_OpCF
2025-01-16,12.545,9.90734365771048,,1.2662324466999526,,,,,2.996554090364413,2.966614583814291,,1.5633629289868203,,,,4.1864754053127715,4.228725924980254,,8.024368345570357,4.191899531976542,4.234204792720492,8.024368345570357,8.024368345570357,1.5633629289868203,TTM_CFPS_from_OpCF,1.5633629289868203,TTM_CFPS_from_OpCF
2025-01-17,12.66,9.99816426517455,,1.2662324466999522,,,,,2.996554090364413,2.966614583814291,,1.5633629289868203,,,,4.224852820347524,4.26749065047828,,8.0979277205995,4.230326669973909,4.273019742992514,8.0979277205995,8.0979277205995,1.5633629289868203,TTM_CFPS_from_OpCF,1.5633629289868203,TTM_CFPS_from_OpCF
2025-01-20,12.72,10.0455489299384,,1.2662324466999535,,,,,2.996554090364413,2.966614583814291,,1.5633629289868203,,,,4.244875819496091,4.287715724651163,,8.136306524962531,4.250375611537758,4.293271021395314,8.136306524962531,8.136306524962531,1.5633629289868203,TTM_CFPS_from_OpCF,1.5633629289868203,TTM_CFPS_from_OpCF
2025-01-21,12.87,10.1640105918481,,1.2662324466999473,,,,,2.996554090364413,2.966614583814291,,1.5633629289868203,,,,4.294933317367507,4.33827841008337,,8.232253535870107,4.300497965447424,4.343899217402356,8.232253535870107,8.232253535870107,1.5633629289868203,TTM_CFPS_from_OpCF,1.5633629289868203,TTM_CFPS_from_OpCF
2025-01-22,12.745,10.0652925402567,,1.2662324466999504,,,,,2.996554090364413,2.966614583814291,,1.5633629289868203,,,,4.253218735807993,4.296142838889864,,8.152297693447126,4.258729337189366,4.301709054063151,8.152297693447126,8.152297693447126,1.5633629289868203,TTM_CFPS_from_OpCF,1.5633629289868203,TTM_CFPS_from_OpCF
2025-01-23,12.97,10.2429850331212,,1.2662324466999477,,,,,2.996554090364413,2.966614583814291,,1.5633629289868203,,,,4.328304982615117,4.371986867038174,,8.296218209808494,4.333912868053862,4.377651348073712,8.296218209808494,8.296218209808494,1.5633629289868203,TTM_CFPS_from_OpCF,1.5633629289868203,TTM_CFPS_from_OpCF
2025-01-24,13.065,10.3180107523306,,1.266232446699953,,,,,2.996554090364413,2.966614583814291,,1.5633629289868203,,,,4.360008064600348,4.404009901145239,,8.356984650049958,4.365657025529974,4.409715872211496,8.356984650049958,8.356984650049958,1.5633629289868203,TTM_CFPS_from_OpCF,1.5633629289868203,TTM_CFPS_from_OpCF
2025-01-27,13.01,10.2745748096304,,1.2662324466999526,,,,,2.996554090364413,2.966614583814291,,1.5633629289868203,,,,4.3416536487141615,4.385470249820096,,8.321804079383847,4.347278829096438,4.391152200342256,8.321804079383847,8.321804079383847,1.5633629289868203,TTM_CFPS_from_OpCF,1.5633629289868203,TTM_CFPS_from_OpCF
2025-01-28,12.825,10.1284720932752,,1.266232446699948,,,,,2.996554090364413,2.966614583814291,,1.5633629289868203,,,,4.279916068006082,4.323109604453707,,8.203469432597835,4.2854612592745305,4.32871075860025,8.203469432597835,8.203469432597835,1.5633629289868203,TTM_CFPS_from_OpCF,1.5633629289868203,TTM_CFPS_from_OpCF
2025-01-29,12.455,9.83626666056469,,1.2662324466999528,,,,,2.996554090364413,2.966614583814291,,1.5633629289868203,,,,4.156440906589922,4.19838831372093,,7.966800139025811,4.1618261196307555,4.2038278751162785,7.966800139025811,7.966800139025811,1.5633629289868203,TTM_CFPS_from_OpCF,1.5633629289868203,TTM_CFPS_from_OpCF
2025-01-30,12.4,9.79283071786448,,1.2662324466999533,,,,,2.996554090364413,2.966614583814291,,1.5633629289868203,,,,4.138086490703737,4.179848662395788,,7.9316195683597,4.14344792319722,4.185264203247039,7.9316195683597,7.9316195683597,1.5633629289868203,TTM_CFPS_from_OpCF,1.5633629289868203,TTM_CFPS_from_OpCF
2025-01-31,12.235,9.66252288976387,,1.2662324466999524,,,,,2.996554090364413,2.966614583814291,,1.5633629289868203,,,,4.0830232430451785,4.124229708420359,,7.826077856361365,4.088313333896611,4.129573187639315,7.826077856361365,7.826077856361365,1.5633629289868203,TTM_CFPS_from_OpCF,1.5633629289868203,TTM_CFPS_from_OpCF
2025-02-03,11.875,9.37821490118071,,1.2662324466999522,,,,,2.996554090364413,2.966614583814291,,1.5633629289868203,,,,3.9628852481537797,4.002879263383063,,7.595805030183181,3.9680196845134668,4.008065517222466,7.595805030183181,7.595805030183181,1.5633629289868203,TTM_CFPS_from_OpCF,1.5633629289868203,TTM_CFPS_from_OpCF
2025-02-04,11.91,9.40585595562629,,1.2662324466999528,,,,,2.996554090364413,2.966614583814291,,1.5633629289868203,,,,3.974565330990443,4.0146772233172445,,7.618192666061615,3.979714900425717,4.019878762957438,7.618192666061615,7.618192666061615,1.5633629289868203,TTM_CFPS_from_OpCF,1.5633629289868203,TTM_CFPS_from_OpCF
2025-02-05,11.75,9.27949684958933,,1.2662324466999526,,,,,2.996554090364413,2.966614583814291,,1.5633629289868203,,,,3.921170666594266,3.9607436921895567,,7.5158491877602,3.9262510562554302,3.9658753538832823,7.5158491877602,7.5158491877602,1.5633629289868203,TTM_CFPS_from_OpCF,1.5633629289868203,TTM_CFPS_from_OpCF
2025-02-06,11.72,9.2558045172074,,1.2662324466999526,,,,,2.996554090364413,2.966614583814291,,1.5633629289868203,,,,3.9111591670199832,3.9506311551031157,,7.496659785578685,3.9162265854734972,3.955749714681874,7.496659785578685,7.496659785578685,1.5633629289868203,TTM_CFPS_from_OpCF,1.5633629289868203,TTM_CFPS_from_OpCF
2025-02-07,11.695,9.23606090688913,,1.2662324466999522,,,,,2.996554090364413,2.966614583814291,,1.5633629289868203,,,,3.90281625070808,3.9422040408644143,,7.480668617094088,3.907872859821894,3.947311682014041,7.480668617094088,7.480668617094088,1.5633629289868203,TTM_CFPS_from_OpCF,1.5633629289868203,TTM_CFPS_from_OpCF
2025-02-10,11.865,9.3703174570534,,1.2662324466999522,,,,,2.996554090364413,2.966614583814291,,1.5633629289868203,,,,3.9595480816290185,3.9995084176875824,,7.589408562789342,3.9646781942528193,4.004690304155327,7.589408562789342,7.589408562789342,1.5633629289868203,TTM_CFPS_from_OpCF,1.5633629289868203,TTM_CFPS_from_OpCF
2025-02-11,11.555,9.12549668910679,,1.266232446699952,,,,,2.996554090364413,2.966614583814291,,1.5633629289868203,,,,3.856095919361425,3.8950122011276873,,7.3911180735803494,3.8610919961728882,3.9000586990741506,7.3911180735803494,7.3911180735803494,1.5633629289868203,TTM_CFPS_from_OpCF,1.5633629289868203,TTM_CFPS_from_OpCF
2025-02-12,11.4,9.00308630513348,,1.2662324466999522,,,,,2.996554090364413,2.966614583814291,,1.5633629289868203,,,,3.8043698382276285,3.84276409284774,,7.291972828975854,3.809298897132928,3.8477428965335676,7.291972828975854,7.291972828975854,1.5633629289868203,TTM_CFPS_from_OpCF,1.5633629289868203,TTM_CFPS_from_OpCF
2025-02-13,10.2,8.05539300985627,,1.2662324466999526,,,,,1.152020143341662,1.5399320108171592,,1.5633629289868203,,,,8.854011849491524,6.62366905054945,,6.524396741715237,8.865483380338972,6.632250880473364,6.524396741715237,6.524396741715237,1.5633629289868203,TTM_CFPS_from_OpCF,1.5633629289868203,TTM_CFPS_from_OpCF
2025-02-14,10.47,8.26862400129364,,1.266232446699953,,,,,1.152020143341662,1.5399320108171592,,1.5633629289868203,,,,9.088382751389831,6.799001466593407,,6.697101361348876,9.10015794040678,6.80781046260355,6.697101361348876,6.697101361348876,1.5633629289868203,TTM_CFPS_from_OpCF,1.5633629289868203,TTM_CFPS_from_OpCF
2025-02-17,9.654,7.62419256050514,,1.2662324466999526,,,,,1.152020143341662,1.5399320108171592,,1.5633629289868203,,,,8.380061803430507,6.269107942549451,,6.175149622011657,8.390919269979662,6.277230392165681,6.175149622011657,6.175149622011657,1.5633629289868203,TTM_CFPS_from_OpCF,1.5633629289868203,TTM_CFPS_from_OpCF
2025-02-18,9.63,7.6052386945996,,1.266232446699952,,,,,1.152020143341662,1.5399320108171592,,1.5633629289868203,,,,8.359228834372882,6.2535228389011,,6.159798100266445,8.370059309084734,6.261625095976323,6.159798100266445,6.159798100266445,1.5633629289868203,TTM_CFPS_from_OpCF,1.5633629289868203,TTM_CFPS_from_OpCF
2025-02-19,9.108,7.19299211115401,,1.2662324466999528,,,,,1.152020143341662,1.5399320108171592,,1.5633629289868203,,,,7.906111757369492,5.914546834549451,,5.825902502308077,7.916355159620328,5.92220990385798,5.825902502308077,5.825902502308077,1.5633629289868203,TTM_CFPS_from_OpCF,1.5633629289868203,TTM_CFPS_from_OpCF
2025-02-20,8.97,7.08400738219713,,1.266232446699953,,,,,1.152020143341662,1.5399320108171592,,1.5633629289868203,,,,7.786322185288136,5.824932488571429,,5.737631252273106,7.7964103844745765,5.832479450769231,5.737631252273106,5.737631252273106,1.5633629289868203,TTM_CFPS_from_OpCF,1.5633629289868203,TTM_CFPS_from_OpCF
2025-02-21,8.948,7.06663300511705,,1.2662324466999524,,,,,1.152020143341662,1.5399320108171592,,1.5633629289868203,,,,7.767225296985311,5.81064614356044,,5.723559024006661,7.777288753654226,5.818174595928985,5.723559024006661,5.723559024006661,1.5633629289868203,TTM_CFPS_from_OpCF,1.5633629289868203,TTM_CFPS_from_OpCF
2025-02-24,8.958,7.07453044924436,,1.2662324466999524,,,,,1.152020143341662,1.5399320108171592,,1.5633629289868203,,,,7.775905700759322,5.817139936747253,,5.729955491400499,7.785980404027107,5.8246768026745475,5.729955491400499,5.729955491400499,1.5633629289868203,TTM_CFPS_from_OpCF,1.5633629289868203,TTM_CFPS_from_OpCF
2025-02-25,9.2,7.26564859712526,,1.266232446699953,,,,,1.152020143341662,1.5399320108171592,,1.5633629289868203,,,,7.9859714720903945,5.974289731868132,,5.88475000233139,7.996318343050848,5.98203020591716,5.88475000233139,5.88475000233139,1.5633629289868203,TTM_CFPS_from_OpCF,1.5633629289868203,TTM_CFPS_from_OpCF
2025-02-26,9.252,7.30671530658728,,1.266232446699952,,,,,1.152020143341662,1.5399320108171592,,1.5633629289868203,,,,8.031109571715255,6.008057456439561,,5.918011632779351,8.04151492498983,6.015841680994083,5.918011632779351,5.918011632779351,1.5633629289868203,TTM_CFPS_from_OpCF,1.5633629289868203,TTM_CFPS_from_OpCF
2025-02-27,8.79,6.94185338790555,,1.2662324466999524,,,,,1.152020143341662,1.5399320108171592,,1.5633629289868203,,,,7.630074917355931,5.708044211208791,,5.622494839184013,7.639960677762711,5.715439729349113,5.622494839184013,5.622494839184013,1.5633629289868203,TTM_CFPS_from_OpCF,1.5633629289868203,TTM_CFPS_from_OpCF
2025-02-28,8.598,6.7902224606612,,1.2662324466999522,,,,,1.152020143341662,1.5399320108171592,,1.5633629289868203,,,,7.463411164894915,5.583363382021979,,5.499682665222315,7.47308099060339,5.5905973598343195,5.499682665222315,5.499682665222315,1.5633629289868203,TTM_CFPS_from_OpCF,1.5633629289868203,TTM_CFPS_from_OpCF
2025-03-03,8.666,5.63481236570415,,1.5379394090821799,,,,,1.152020143341662,1.5399320108171592,,1.5633629289868203,,,,7.522437910558192,5.6275211756923085,,5.543178643500417,7.532184213138971,5.634812365704134,5.543178643500417,5.543178643500417,1.5633629289868203,TTM_CFPS_from_OpCF,1.5633629289868203,TTM_CFPS_from_OpCF
2025-03-04,8.644,5.62050751086391,,1.5379394090821807,,,,,1.152020143341662,1.5399320108171592,,1.5633629289868203,,,,7.503341022255367,5.613234830681319,,5.529106415233971,7.5130625823186445,5.620507510863906,5.529106415233971,5.529106415233971,1.5633629289868203,TTM_CFPS_from_OpCF,1.5633629289868203,TTM_CFPS_from_OpCF
2025-03-05,8.876,5.77135870736095,,1.5379394090821812,,,,,1.152020143341662,1.5399320108171592,,1.5633629289868203,,,,7.7047263898124285,5.763890832615385,,5.677504458771024,7.714708870969491,5.771358707360946,5.677504458771024,5.677504458771024,1.5633629289868203,TTM_CFPS_from_OpCF,1.5633629289868203,TTM_CFPS_from_OpCF
2025-03-06,9.088,5.90920549036687,,1.5379394090821803,,,,,1.152020143341662,1.5399320108171592,,1.5633629289868203,,,,7.888750949821468,5.901559248175824,,5.813109567520399,7.898971858874576,5.909205490366864,5.813109567520399,5.813109567520399,1.5633629289868203,TTM_CFPS_from_OpCF,1.5633629289868203,TTM_CFPS_from_OpCF
2025-03-07,8.986,5.84288298156213,,1.5379394090821823,,,,,1.152020143341662,1.5399320108171592,,1.5633629289868203,,,,7.800210831326554,5.83532255767033,,5.747865600103248,7.810317025071186,5.84288298156213,5.747865600103248,5.747865600103248,1.5633629289868203,TTM_CFPS_from_OpCF,1.5633629289868203,TTM_CFPS_from_OpCF
2025-03-10,9.296,6.04445139067456,,1.537939409082181,,,,,1.152020143341662,1.5399320108171592,,1.5633629289868203,,,,8.069303348320902,6.036630146461539,,5.94615608931224,8.079758186630508,6.044451390674556,5.94615608931224,5.94615608931224,1.5633629289868203,TTM_CFPS_from_OpCF,1.5633629289868203,TTM_CFPS_from_OpCF
2025-03-11,9.122,5.93131299330178,,1.5379394090821807,,,,,1.152020143341662,1.5399320108171592,,1.5633629289868203,,,,7.918264322653107,5.923638145010989,,5.8348575566594505,7.928523470142362,5.931312993301766,5.8348575566594505,5.8348575566594505,1.5633629289868203,TTM_CFPS_from_OpCF,1.5633629289868203,TTM_CFPS_from_OpCF
2025-03-12,9.032,5.87279313259172,,1.5379394090821807,,,,,1.152020143341662,1.5399320108171592,,1.5633629289868203,,,,7.840140688687005,5.865194006329671,,5.777289350114904,7.8502986167864295,5.872793132591708,5.777289350114904,5.777289350114904,1.5633629289868203,TTM_CFPS_from_OpCF,1.5633629289868203,TTM_CFPS_from_OpCF
2025-03-13,8.8,5.72194193609468,,1.5379394090821805,,,,,1.152020143341662,1.5399320108171592,,1.5633629289868203,,,,7.638755321129944,5.714538004395605,,5.628891306577852,7.648652328135593,5.721941936094674,5.628891306577852,5.628891306577852,1.5633629289868203,TTM_CFPS_from_OpCF,1.5633629289868203,TTM_CFPS_from_OpCF
2025-03-14,9.02,5.86499048449705,,1.5379394090821796,,,,,1.152020143341662,1.5399320108171592,,1.5633629289868203,,,,7.829724204158191,5.857401454505495,,5.769613589242298,7.8398686363389825,5.864990484497041,5.769613589242298,5.769613589242298,1.5633629289868203,TTM_CFPS_from_OpCF,1.5633629289868203,TTM_CFPS_from_OpCF
2025-03-17,9.49,6.17059420153847,,1.5379394090821799,,,,,1.152020143341662,1.5399320108171592,,1.5633629289868203,,,,8.237703181536723,6.162609734285715,,6.070247556752706,8.248376203864407,6.170594201538462,6.070247556752706,6.070247556752706,1.5633629289868203,TTM_CFPS_from_OpCF,1.5633629289868203,TTM_CFPS_from_OpCF
2025-03-18,9.754,6.34225245962131,,1.5379394090821799,,,,,1.152020143341662,1.5399320108171592,,1.5633629289868203,,,,8.466865841170621,6.3340458744175825,,6.239114295950041,8.477835773708463,6.342252459621293,6.239114295950041,6.239114295950041,1.5633629289868203,TTM_CFPS_from_OpCF,1.5633629289868203,TTM_CFPS_from_OpCF
2025-03-19,9.656,6.2785308335148,,1.5379394090821803,,,,,1.152020143341662,1.5399320108171592,,1.5633629289868203,,,,8.38179788418531,6.270406701186814,,6.176428915490425,8.392657600054237,6.278530833514793,6.176428915490425,6.176428915490425,1.5633629289868203,TTM_CFPS_from_OpCF,1.5633629289868203,TTM_CFPS_from_OpCF
2025-03-20,9.514,6.18619949772782,,1.5379394090821794,,,,,1.152020143341662,1.5399320108171592,,1.5633629289868203,,,,8.258536150594349,6.178194837934066,,6.085599078497918,8.269236164759322,6.186199497727811,6.085599078497918,6.085599078497918,1.5633629289868203,TTM_CFPS_from_OpCF,1.5633629289868203,TTM_CFPS_from_OpCF
2025-03-21,9.29,6.04055006662722,,1.5379394090821816,,,,,1.152020143341662,1.5399320108171592,,1.5633629289868203,,,,8.064095106056497,6.032733870549451,,5.942318208875936,8.074543196406779,6.040550066627219,5.942318208875936,5.942318208875936,1.5633629289868203,TTM_CFPS_from_OpCF,1.5633629289868203,TTM_CFPS_from_OpCF
2025-03-24,9.14,5.94301696544379,,1.5379394090821814,,,,,1.152020143341662,1.5399320108171592,,1.5633629289868203,,,,7.933889049446328,5.935326972747253,,5.84637119796836,7.944168440813559,5.943016965443787,5.84637119796836,5.84637119796836,1.5633629289868203,TTM_CFPS_from_OpCF,1.5633629289868203,TTM_CFPS_from_OpCF
2025-03-25,8.888,5.77916135545563,,1.5379394090821799,,,,,1.152020143341662,1.5399320108171592,,1.5633629289868203,,,,7.715142874341242,5.7716833844395605,,5.68518021964363,7.725138851416938,5.779161355455613,5.68518021964363,5.68518021964363,1.5633629289868203,TTM_CFPS_from_OpCF,1.5633629289868203,TTM_CFPS_from_OpCF
2025-03-26,8.698,5.65561942728995,,1.5379394090821796,,,,,1.152020143341662,1.5399320108171592,,1.5633629289868203,,,,7.550215202635028,5.64830131389011,,5.5636473391607,7.559997494332192,5.655619427289932,5.5636473391607,5.5636473391607,1.5633629289868203,TTM_CFPS_from_OpCF,1.5633629289868203,TTM_CFPS_from_OpCF
2025-03-27,8.968,5.83117900942012,,1.5379394090821814,,,,,1.152020143341662,1.5399320108171592,,1.5633629289868203,,,,7.784586104533333,5.823633729934066,,5.736351958794338,7.7946720544,5.831179009420119,5.736351958794338,5.736351958794338,1.5633629289868203,TTM_CFPS_from_OpCF,1.5633629289868203,TTM_CFPS_from_OpCF
2025-03-28,8.754,5.69203178506509,,1.5379394090821814,,,,,1.152020143341662,1.5399320108171592,,1.5633629289868203,,,,7.598825463769491,5.684666555736264,,5.599467556566195,7.608670736420339,5.6920317850650894,5.599467556566195,5.599467556566195,1.5633629289868203,TTM_CFPS_from_OpCF,1.5633629289868203,TTM_CFPS_from_OpCF
2025-03-31,8.534,5.54898323666273,,1.5379394090821799,,,,,1.15197834186997,1.5398761338216662,,1.6713448485435498,,,,7.408125387276837,5.542004199273036,,5.106067731884735,7.417454428216949,5.548983236662722,5.106067731884735,5.106067731884735,1.6713448485435498,TTM_CFPS_from_OpCF,1.6713448485435498,TTM_CFPS_from_OpCF
2025-04-01,8.458,5.49956646539645,,1.5379394090821819,,,,,1.15197834186997,1.5398761338216662,,1.6713448485435498,,,,7.342151924723164,5.492649580202874,,5.060595368676013,7.351397885383051,5.49956646539645,5.060595368676013,5.060595368676013,1.6713448485435498,TTM_CFPS_from_OpCF,1.6713448485435498,TTM_CFPS_from_OpCF
2025-04-02,8.4,5.46185366627219,,1.5379394090821819,,,,,1.15197834186997,1.5398761338216662,,1.6713448485435498,,,,7.291803755932204,5.454984213017752,,5.025892775700935,7.3009863132203385,5.461853666272189,5.025892775700935,5.025892775700935,1.6713448485435498,TTM_CFPS_from_OpCF,1.6713448485435498,TTM_CFPS_from_OpCF
2025-04-03,7.96,5.17575656946746,,1.5379394090821807,,,,,1.15197834186997,1.5398761338216662,,1.6713448485435498,,,,6.909852130621469,5.1692469447168214,,4.762631725545171,6.91855369681356,5.175756569467456,4.762631725545171,4.762631725545171,1.6713448485435498,TTM_CFPS_from_OpCF,1.6713448485435498,TTM_CFPS_from_OpCF
2025-04-04,7.734,5.02880669701776,,1.5379394090821792,,,,,1.15197834186997,1.5398761338216662,,1.6713448485435498,,,,6.713667886711865,5.022481893271344,,4.627411277056075,6.722122398386429,5.028806697017743,4.627411277056075,4.627411277056075,1.6713448485435498,TTM_CFPS_from_OpCF,1.6713448485435498,TTM_CFPS_from_OpCF
2025-04-07,7.42,4.8246374052071,,1.537939409082182,,,,,1.15197834186997,1.5398761338216662,,1.6713448485435498,,,,6.441093317740114,4.818569388165681,,4.439538618535826,6.449204576677966,4.8246374052071,4.439538618535826,4.439538618535826,1.6713448485435498,TTM_CFPS_from_OpCF,1.6713448485435498,TTM_CFPS_from_OpCF
2025-04-08,7.216,4.69199238759764,,1.5379394090821796,,,,,1.15197834186997,1.5398761338216662,,1.6713448485435498,,,,6.264006655096046,4.68609120013525,,4.317481222554518,6.271894909071186,4.691992387597633,4.317481222554518,4.317481222554518,1.6713448485435498,TTM_CFPS_from_OpCF,1.6713448485435498,TTM_CFPS_from_OpCF
2025-04-09,7.04,4.57755354887574,,1.5379394090821816,,,,,1.15197834186997,1.5398761338216662,,1.6713448485435498,,,,6.111226004971752,4.571796292814877,,4.212176802492212,6.118921862508463,4.5775535488757315,4.212176802492212,4.212176802492212,1.6713448485435498,TTM_CFPS_from_OpCF,1.6713448485435498,TTM_CFPS_from_OpCF
2025-04-10,7.068,4.59575972776332,,1.5379394090821799,,,,,1.15197834186997,1.5398761338216662,,1.6713448485435498,,,,6.135532017491525,4.5899795735249365,,4.2289297784112145,6.143258483552531,4.595759727763305,4.2289297784112145,4.2289297784112145,1.6713448485435498,TTM_CFPS_from_OpCF,1.6713448485435498,TTM_CFPS_from_OpCF
2025-04-11,7.326,4.76351666179882,,1.5379394090821807,,,,,1.15197834186997,1.5398761338216662,,1.6713448485435498,,,,6.359494561423729,4.757525517210482,,4.3832964850934575,6.367503063172871,4.763516661798809,4.3832964850934575,4.3832964850934575,1.6713448485435498,TTM_CFPS_from_OpCF,1.6713448485435498,TTM_CFPS_from_OpCF
2025-04-14,7.48,4.86365064568048,,1.53793940908218,,,,,1.15197834186997,1.5398761338216662,,1.6713448485435498,,,,6.493177630282487,4.857533561115808,,4.475437852647976,6.501354478915254,4.863650645680473,4.475437852647976,4.475437852647976,1.6713448485435498,TTM_CFPS_from_OpCF,1.6713448485435498,TTM_CFPS_from_OpCF
2025-04-15,7.274,4.7297051867219,,1.5379394090821799,,,,,1.15197834186997,1.5398761338216662,,1.6713448485435498,,,,6.314354823887006,4.723756567320372,,4.352183815529595,6.322306481233898,4.729705186721894,4.352183815529595,4.352183815529595,1.6713448485435498,TTM_CFPS_from_OpCF,1.6713448485435498,TTM_CFPS_from_OpCF
2025-04-16,7.532,4.8974621207574,,1.537939409082181,,,,,1.15197834186997,1.5398761338216662,,1.6713448485435498,,,,6.538317367819209,4.891302511005917,,4.506550522211838,6.5465510608542266,4.897462120757388,4.506550522211838,4.506550522211838,1.6713448485435498,TTM_CFPS_from_OpCF,1.6713448485435498,TTM_CFPS_from_OpCF
2025-04-17,7.53,4.89616167940829,,1.5379394090821803,,,,,1.15197834186997,1.5398761338216662,,1.6713448485435498,,,,6.536581224067797,4.890003705240913,,4.505353881074766,6.544812730779661,4.896161679408284,4.505353881074766,4.505353881074766,1.6713448485435498,TTM_CFPS_from_OpCF,1.6713448485435498,TTM_CFPS_from_OpCF
2025-04-22,7.854,5.1068331779645,,1.5379394090821812,,,,,1.15197834186997,1.5398761338216662,,1.6713448485435498,,,,6.817836511796611,5.100410239171598,,4.699209745280374,6.826422202861017,5.106833177964496,4.699209745280374,4.699209745280374,1.6713448485435498,TTM_CFPS_from_OpCF,1.6713448485435498,TTM_CFPS_from_OpCF
2025-04-23,7.996,5.19916451375148,,1.5379394090821819,,,,,1.15197834186997,1.5398761338216662,,1.6713448485435498,,,,6.941102718146894,5.192625448486898,,4.784171266012462,6.949843638155932,5.199164513751479,4.784171266012462,4.784171266012462,1.6713448485435498,TTM_CFPS_from_OpCF,1.6713448485435498,TTM_CFPS_from_OpCF
2025-04-24,8.068,5.24598040231953,,1.537939409082181,,,,,1.15197834186997,1.5398761338216662,,1.6713448485435498,,,,7.00360389319774,5.23938245602705,,4.82725034694704,7.012423520840678,5.2459804023195264,4.82725034694704,4.82725034694704,1.6713448485435498,TTM_CFPS_from_OpCF,1.6713448485435498,TTM_CFPS_from_OpCF
2025-04-25,7.978,5.18746054160947,,1.5379394090821812,,,,,1.15197834186997,1.5398761338216662,,1.6713448485435498,,,,6.925477424384181,5.18093619660186,,4.773401495778816,6.934198667484746,5.187460541609467,4.773401495778816,4.773401495778816,1.6713448485435498,TTM_CFPS_from_OpCF,1.6713448485435498,TTM_CFPS_from_OpCF
2025-04-28,7.95,5.1692543627219,,1.53793940908218,,,,,1.15197834186997,1.5398761338216662,,1.6713448485435498,,,,6.901171411864407,5.162752915891801,,4.756648519859813,6.909862046440678,5.169254362721894,4.756648519859813,4.756648519859813,1.6713448485435498,TTM_CFPS_from_OpCF,1.6713448485435498,TTM_CFPS_from_OpCF
2025-04-29,8.9,5.7869640035503,,1.537939409082181,,,,,1.15197834186997,1.5398761338216662,,1.6713448485435498,,,,7.7258396937853115,5.779685654268809,,5.325053059968848,7.735568831864396,5.786964003550287,5.325053059968848,5.325053059968848,1.6713448485435498,TTM_CFPS_from_OpCF,1.6713448485435498,TTM_CFPS_from_OpCF
2025-04-30,9.156,5.56310935785783,,1.64584217404737,,,,,1.15197834186997,1.5398761338216662,,1.6713448485435498,,,,7.948066093966102,5.94593279218935,,5.4782231255140195,7.958075081410158,5.953420496236678,5.4782231255140195,5.4782231255140195,1.6713448485435498,TTM_CFPS_from_OpCF,1.6713448485435498,TTM_CFPS_from_OpCF
2025-05-02,9.332,5.67004549230332,,1.6458421740473725,,,,,1.15197834186997,1.5398761338216662,,1.6713448485435498,,,,8.100846744090397,6.0602276995097215,,5.583527545576325,8.11104812797287,6.067859334958571,5.583527545576325,5.583527545576325,1.6713448485435498,TTM_CFPS_from_OpCF,1.6713448485435498,TTM_CFPS_from_OpCF
2025-05-05,9.452,5.74295649306162,,1.6458421740473705,,,,,1.15197834186997,1.5398761338216662,,1.6713448485435498,,,,8.205015369175142,6.138156045409975,,5.655326013800623,8.215347932447447,6.145885815905317,5.655326013800623,5.655326013800623,1.6713448485435498,TTM_CFPS_from_OpCF,1.6713448485435498,TTM_CFPS_from_OpCF
2025-05-06,9.17,5.57161564127962,,1.6458421740473732,,,,,1.15197834186997,1.5398761338216662,,1.6713448485435498,,,,7.960219100225989,5.955024432544379,,5.48659961347352,7.970243391932203,5.962523585680473,5.48659961347352,5.48659961347352,1.6713448485435498,TTM_CFPS_from_OpCF,1.6713448485435498,TTM_CFPS_from_OpCF
2025-05-07,8.84,5.37111038919432,,1.6458421740473708,,,,,1.15197834186997,1.5398761338216662,,1.6713448485435498,,,,7.673755381242938,5.7407214813186815,,5.289153825856698,7.683418929627107,5.747950763076914,5.289153825856698,5.289153825856698,1.6713448485435498,TTM_CFPS_from_OpCF,1.6713448485435498,TTM_CFPS_from_OpCF
2025-05-08,8.812,5.35409782235071,,1.6458421740473734,,,,,1.15197834186997,1.5398761338216662,,1.6713448485435498,,,,7.649449368723164,5.722538200608622,,5.272400849937695,7.65908230858305,5.729744584189349,5.272400849937695,5.272400849937695,1.6713448485435498,TTM_CFPS_from_OpCF,1.6713448485435498,TTM_CFPS_from_OpCF
2025-05-09,9.012,5.47561615694787,,1.6458421740473723,,,,,1.15197834186997,1.5398761338216662,,1.6713448485435498,,,,7.823063743864408,5.852418777109046,,5.39206496364486,7.832915316040678,5.8597887191005915,5.39206496364486,5.39206496364486,1.6713448485435498,TTM_CFPS_from_OpCF,1.6713448485435498,TTM_CFPS_from_OpCF
2025-05-12,9.55,5.80250047701422,,1.6458421740473725,,,,,1.15197834186997,1.5398761338216662,,1.6713448485435498,,,,8.290086412994352,6.201797527895183,,5.713961429517135,8.300526106101694,6.209607442011834,5.713961429517135,5.713961429517135,1.6713448485435498,TTM_CFPS_from_OpCF,1.6713448485435498,TTM_CFPS_from_OpCF
2025-05-13,9.856,5.98842352894787,,1.6458421740473725,,,,,1.15197834186997,1.5398761338216662,,1.6713448485435498,,,,8.555716406960453,6.400514809940828,,5.897047523489097,8.566490607511854,6.408574968426027,5.897047523489097,5.897047523489097,1.6713448485435498,TTM_CFPS_from_OpCF,1.6713448485435498,TTM_CFPS_from_OpCF
2025-05-14,9.596,5.83044969397157,,1.6458421740473714,,,,,1.15197834186997,1.5398761338216662,,1.6713448485435498,,,,8.330017719276837,6.23167006049028,,5.7414841756697825,8.34050769781695,6.23951759304142,5.7414841756697825,5.7414841756697825,1.6713448485435498,TTM_CFPS_from_OpCF,1.6713448485435498,TTM_CFPS_from_OpCF
2025-05-15,9.3,5.65060255876778,,1.6458421740473712,,,,,1.15197834186997,1.5398761338216662,,1.6713448485435498,,,,8.073068444067797,6.0394468072696545,,5.564381287383179,8.08323484677966,6.047052273372781,5.564381287383179,5.564381287383179,1.6713448485435498,TTM_CFPS_from_OpCF,1.6713448485435498,TTM_CFPS_from_OpCF
2025-05-16,9.518,5.78305754347868,,1.6458421740473712,,,,,1.15197834186997,1.5398761338216662,,1.6713448485435498,,,,8.262308112971752,6.181016635655115,,5.694815171323988,8.272712824908474,6.188800380426035,5.694815171323988,5.694815171323988,1.6713448485435498,TTM_CFPS_from_OpCF,1.6713448485435498,TTM_CFPS_from_OpCF
2025-05-19,9.448,5.74052612636967,,1.6458421740473725,,,,,1.15197834186997,1.5398761338216662,,1.6713448485435498,,,,8.201543081672318,6.135558433879967,,5.65293273152648,8.211871272298305,6.1432849332071005,5.65293273152648,5.65293273152648,1.6713448485435498,TTM_CFPS_from_OpCF,1.6713448485435498,TTM_CFPS_from_OpCF
2025-05-20,9.868,5.9957146290237,,1.645842174047372,,,,,1.15197834186997,1.5398761338216662,,1.6713448485435498,,,,8.566133269468928,6.408307644530854,,5.904227370311527,8.576920587959311,6.416377616520702,5.904227370311527,5.904227370311527,1.6713448485435498,TTM_CFPS_from_OpCF,1.6713448485435498,TTM_CFPS_from_OpCF
2025-05-21,9.2,5.5898433914692,,1.6458421740473712,,,,,1.15197834186997,1.5398761338216662,,1.6713448485435498,,,,7.986261256497175,5.9745065190194415,,5.504549230529594,7.996318343050848,5.98203020591716,5.504549230529594,5.504549230529594,1.6713448485435498,TTM_CFPS_from_OpCF,1.6713448485435498,TTM_CFPS_from_OpCF
2025-05-22,9.168,5.57040045793365,,1.6458421740473725,,,,,1.15197834186997,1.5398761338216662,,1.6713448485435498,,,,7.958482956474576,5.953725626779375,,5.485402972336448,7.968505061857628,5.9612231443313615,5.485402972336448,5.485402972336448,1.6713448485435498,TTM_CFPS_from_OpCF,1.6713448485435498,TTM_CFPS_from_OpCF
2025-05-23,8.954,5.4403758399147,,1.6458421740473708,,,,,1.15197834186997,1.5398761338216662,,1.6713448485435498,,,,7.772715575073447,5.814753409923923,,5.357362370669782,7.782503743877966,5.8220759199763314,5.357362370669782,5.357362370669782,1.6713448485435498,TTM_CFPS_from_OpCF,1.6713448485435498,TTM_CFPS_from_OpCF
2025-05-26,9.142,5.55460307443602,,1.6458421740473725,,,,,1.15197834186997,1.5398761338216662,,1.6713448485435498,,,,7.935913087706215,5.93684115183432,,5.469846637554517,7.9459067708881355,5.9443174067929,5.469846637554517,5.469846637554517,1.6713448485435498,TTM_CFPS_from_OpCF,1.6713448485435498,TTM_CFPS_from_OpCF
2025-05-27,9.3,5.65060255876778,,1.6458421740473712,,,,,1.15197834186997,1.5398761338216662,,1.6713448485435498,,,,8.073068444067797,6.0394468072696545,,5.564381287383179,8.08323484677966,6.047052273372781,5.564381287383179,5.564381287383179,1.6713448485435498,TTM_CFPS_from_OpCF,1.6713448485435498,TTM_CFPS_from_OpCF
2025-05-28,9.232,5.60928632500474,,1.645842174047373,,,,,1.15197834186997,1.5398761338216662,,1.6713448485435498,,,,8.014039556519775,5.995287411259509,,5.523695488722741,8.024131624244056,6.00283726750295,5.523695488722741,5.523695488722741,1.6713448485435498,TTM_CFPS_from_OpCF,1.6713448485435498,TTM_CFPS_from_OpCF
2025-05-30,9.45,5.74174130971564,,1.645842174047373,,,,,1.15197834186997,1.5398761338216662,,1.6713448485435498,,,,8.203279225423728,6.1368572396449705,,5.654129372663551,8.21360960237287,6.144585374556205,5.654129372663551,5.654129372663551,1.6713448485435498,TTM_CFPS_from_OpCF,1.6713448485435498,TTM_CFPS_from_OpCF
2025-06-02,9.464,5.75024759313745,,1.6458421740473705,,,,,1.15197834186997,1.5398761338216662,,1.6713448485435498,,,,8.215432231683616,6.145948880000001,,5.662505860623053,8.225777912894914,6.153688464,5.662505860623053,5.662505860623053,1.6713448485435498,TTM_CFPS_from_OpCF,1.6713448485435498,TTM_CFPS_from_OpCF
2025-06-03,9.37,5.69313397587678,,1.6458421740473723,,,,,1.15197834186997,1.5398761338216662,,1.6713448485435498,,,,8.133833475367231,6.084905009044801,,5.606263727180685,8.14407639938983,6.092567720591716,5.606263727180685,5.606263727180685,1.6713448485435498,TTM_CFPS_from_OpCF,1.6713448485435498,TTM_CFPS_from_OpCF
2025-06-04,9.548,5.80128529366825,,1.645842174047372,,,,,1.15197834186997,1.5398761338216662,,1.6713448485435498,,,,8.288350269242938,6.2004987221301775,,5.7127647883800625,8.298787776027106,6.208307000662713,5.7127647883800625,5.7127647883800625,1.6713448485435498,TTM_CFPS_from_OpCF,1.6713448485435498,TTM_CFPS_from_OpCF
2025-06-05,9.4,5.71136172606636,,1.6458421740473705,,,,,1.15197834186997,1.5398761338216662,,1.6713448485435498,,,,8.15987563163842,6.104387095519865,,5.624213344236761,8.170151350508474,6.112074340828403,5.624213344236761,5.624213344236761,1.6713448485435498,TTM_CFPS_from_OpCF,1.6713448485435498,TTM_CFPS_from_OpCF
2025-06-06,9.544,5.79885492697631,,1.6458421740473712,,,,,1.15197834186997,1.5398761338216662,,1.6713448485435498,,,,8.284877981740113,6.19790111060017,,5.710371506105919,8.295311115877967,6.205706117964497,5.710371506105919,5.710371506105919,1.6713448485435498,TTM_CFPS_from_OpCF,1.6713448485435498,TTM_CFPS_from_OpCF
2025-06-09,9.912,6.02244866263508,,1.6458421740473708,,,,,1.15197834186997,1.5398761338216662,,1.6713448485435498,,,,8.604328432,6.436881371360948,,5.930553475327104,8.6151638496,6.444987326201184,5.930553475327104,5.930553475327104,1.6713448485435498,TTM_CFPS_from_OpCF,1.6713448485435498,TTM_CFPS_from_OpCF
2025-06-10,10.86,6.5984455686256,,1.6458421740473712,,,,,1.15197834186997,1.5398761338216662,,1.6713448485435498,,,,9.42726057016949,7.0525153039729505,,6.497761374299065,9.439132304949153,7.061396525680474,6.497761374299065,6.497761374299065,1.6713448485435498,TTM_CFPS_from_OpCF,1.6713448485435498,TTM_CFPS_from_OpCF
2025-06-11,10.775,6.54680027642181,,1.6458421740473708,,,,,1.15197834186997,1.5398761338216662,,1.6713448485435498,,,,9.353474460734464,6.997316058960271,,6.4469041259735205,9.365253276779661,7.0061277683431955,6.4469041259735205,6.4469041259735205,1.6713448485435498,TTM_CFPS_from_OpCF,1.6713448485435498,TTM_CFPS_from_OpCF
2025-06-12,10.715,6.51034477604266,,1.6458421740473714,,,,,1.15197834186997,1.5398761338216662,,1.6713448485435498,,,,9.301390148192091,6.958351886010144,,6.411004891861371,9.313103374542361,6.967114527869814,6.411004891861371,6.411004891861371,1.6713448485435498,TTM_CFPS_from_OpCF,1.6713448485435498,TTM_CFPS_from_OpCF
2025-06-13,10.395,6.31591544068721,,1.6458421740473714,,,,,1.15197834186997,1.5398761338216662,,1.6713448485435498,,,,9.023607147966102,6.750542963609467,,6.219542309929906,9.03497056261017,6.759043912011834,6.219542309929906,6.219542309929906,1.6713448485435498,TTM_CFPS_from_OpCF,1.6713448485435498,TTM_CFPS_from_OpCF
2025-06-16,10.805,6.56502802661138,,1.6458421740473717,,,,,1.15197834186997,1.5398761338216662,,1.6713448485435498,,,,9.37951661700565,7.016798145435334,,6.464853743029595,9.391328227898304,7.025634388579881,6.464853743029595,6.464853743029595,1.6713448485435498,TTM_CFPS_from_OpCF,1.6713448485435498,TTM_CFPS_from_OpCF
2025-06-17,10.94,6.64705290246446,,1.6458421740473719,,,,,1.15197834186997,1.5398761338216662,,1.6713448485435498,,,,9.49670632022599,7.104467534573119,,6.545627019781931,9.508665507932193,7.113414179644962,6.545627019781931,6.545627019781931,1.6713448485435498,TTM_CFPS_from_OpCF,1.6713448485435498,TTM_CFPS_from_OpCF
2025-06-18,11.06,6.71996390322276,,1.6458421740473705,,,,,1.15197834186997,1.5398761338216662,,1.6713448485435498,,,,9.600874945310736,7.182395880473374,,6.617425488006231,9.612965312406779,7.191440660591716,6.617425488006231,6.617425488006231,1.6713448485435498,TTM_CFPS_from_OpCF,1.6713448485435498,TTM_CFPS_from_OpCF
2025-06-19,11.47,6.96907648914693,,1.6458421740473705,,,,,1.15197834186997,1.5398761338216662,,1.6713448485435498,,,,9.956784414350283,7.44865106229924,,6.8627369211059195,9.969322977694905,7.458031137159756,6.8627369211059195,6.8627369211059195,1.6713448485435498,TTM_CFPS_from_OpCF,1.6713448485435498,TTM_CFPS_from_OpCF
2025-06-23,11.715,7.11793644902844,,1.6458421740473723,,,,,1.15197834186997,1.5398761338216662,,1.6713448485435498,,,,10.169462023898305,7.607754768512257,,7.009325460397196,10.182268411830476,7.617335202426011,7.009325460397196,7.009325460397196,1.6713448485435498,TTM_CFPS_from_OpCF,1.6713448485435498,TTM_CFPS_from_OpCF
2025-06-24,11.45,6.95692465568721,,1.6458421740473714,,,,,1.15197834186997,1.5398761338216662,,1.6713448485435498,,,,9.939422976836159,7.4356630046491965,,6.850770509735202,9.951939676949152,7.445026723668639,6.850770509735202,6.850770509735202,1.6713448485435498,TTM_CFPS_from_OpCF,1.6713448485435498,TTM_CFPS_from_OpCF
2025-06-25,11.51,6.99338015606636,,1.645842174047371,,,,,1.15197834186997,1.5398761338216662,,1.6713448485435498,,,,9.991507289378532,7.474627177599324,,6.886669743847352,10.004089579186385,7.48403996414197,6.886669743847352,6.886669743847352,1.6713448485435498,TTM_CFPS_from_OpCF,1.6713448485435498,TTM_CFPS_from_OpCF
2025-06-26,11.69,7.1027466572038,,1.6458421740473712,,,,,1.15197834186997,1.5398761338216662,,1.6713448485435498,,,,10.14776022700565,7.591519696449704,,6.994367446183801,10.160539285898249,7.601079685562088,6.994367446183801,6.994367446183801,1.6713448485435498,TTM_CFPS_from_OpCF,1.6713448485435498,TTM_CFPS_from_OpCF
2025-06-27,11.455,6.95996261405214,,1.6458421740473714,,,,,1.15197834186997,1.5398761338216662,,1.6713448485435498,,,,9.94376333621469,7.438910019061708,,6.853762112577882,9.956285502135593,7.448277827041419,6.853762112577882,6.853762112577882,1.6713448485435498,TTM_CFPS_from_OpCF,1.6713448485435498,TTM_CFPS_from_OpCF
2025-06-30,11.52,6.99945607279621,,1.6458421740473725,,,,,1.15197834186997,1.5398761338216662,,2.2258564571724846,,,,10.000188008135593,7.481121206424345,,5.175535898947368,10.012781229559288,7.490542170887548,5.175535898947368,5.175535898947368,2.2258564571724846,TTM_CFPS_from_OpCF,2.2258564571724846,TTM_CFPS_from_OpCF
2025-07-01,11.825,7.18477153305688,,1.6458421740473712,,,,,1.15197834186997,1.5398761338216662,,2.2258564571724846,,,,10.264949930225988,7.679189085587489,,5.312561805994152,10.277876565932193,7.688859476627211,5.312561805994152,5.312561805994152,2.2258564571724846,TTM_CFPS_from_OpCF,2.2258564571724846,TTM_CFPS_from_OpCF
2025-07-02,11.995,7.28806211746446,,1.6458421740473717,,,,,1.15197834186997,1.5398761338216662,,2.2258564571724846,,,,10.412522149096045,7.789587575612848,,5.388936901725146,10.425634622271186,7.799396991301775,5.388936901725146,5.388936901725146,2.2258564571724846,TTM_CFPS_from_OpCF,2.2258564571724846,TTM_CFPS_from_OpCF
2025-07-03,12.46,7.57059224540285,,1.6458421740473719,,,,,1.15197834186997,1.5398761338216662,,2.2258564571724846,,,,10.816175571299436,8.091559915976331,,5.597845251812866,10.82979636461017,8.101749604970415,5.597845251812866,5.597845251812866,2.2258564571724846,TTM_CFPS_from_OpCF,2.2258564571724846,TTM_CFPS_from_OpCF
2025-07-04,12.25,7.44299799407584,,1.6458421740473708,,,,,1.15197834186997,1.5398761338216662,,2.2258564571724846,,,,10.63388047740113,7.955185310650888,,5.503499545321637,10.64727170677957,7.9652032633135414,5.503499545321637,5.503499545321637,2.2258564571724846,TTM_CFPS_from_OpCF,2.2258564571724846,TTM_CFPS_from_OpCF
2025-07-07,12.235,7.43388411898105,,1.6458421740473714,,,,,1.15197834186997,1.5398761338216662,,2.2258564571724846,,,,10.620859399265537,7.945444267413356,,5.496760566286549,10.634234231220338,7.955449953195266,5.496760566286549,5.496760566286549,2.2258564571724846,TTM_CFPS_from_OpCF,2.2258564571724846,TTM_CFPS_from_OpCF
2025-07-08,12.435,7.55540245357821,,1.6458421740473708,,,,,1.15197834186997,1.5398761338216662,,2.2258564571724846,,,,10.79447377440678,8.07532484391378,,5.58661362008772,10.808067238677934,8.085494088106485,5.58661362008772,5.58661362008772,2.2258564571724846,TTM_CFPS_from_OpCF,2.2258564571724846,TTM_CFPS_from_OpCF
2025-07-09,12.295,7.4703396193602,,1.6458421740473708,,,,,1.15197834186997,1.5398761338216662,,2.2258564571724846,,,,10.67294371180791,7.984408440363483,,5.5237164824269005,10.686384133457558,7.994463193668588,5.5237164824269005,5.5237164824269005,2.2258564571724846,TTM_CFPS_from_OpCF,2.2258564571724846,TTM_CFPS_from_OpCF
2025-07-10,12.775,7.76198362239337,,1.645842174047372,,,,,1.15197834186997,1.5398761338216662,,2.2258564571724846,,,,11.089618212146894,8.296121823964498,,5.739363811549708,11.103583351355853,8.306569117455563,5.739363811549708,5.739363811549708,2.2258564571724846,TTM_CFPS_from_OpCF,2.2258564571724846,TTM_CFPS_from_OpCF
2025-07-11,12.72,7.72856608037915,,1.6458421740473725,,,,,1.15197834186997,1.5398761338216662,,2.2258564571724846,,,,11.041874258983052,8.260404665426881,,5.714654221754387,11.055779274305015,8.270806980354978,5.714654221754387,5.714654221754387,2.2258564571724846,TTM_CFPS_from_OpCF,2.2258564571724846,TTM_CFPS_from_OpCF
2025-07-14,12.655,7.68907262163508,,1.6458421740473712,,,,,1.15197834186997,1.5398761338216662,,2.2258564571724846,,,,10.985449587062147,8.218193478064244,,5.685451979269006,10.999283546881276,8.228542636508816,5.685451979269006,5.685451979269006,2.2258564571724846,TTM_CFPS_from_OpCF,2.2258564571724846,TTM_CFPS_from_OpCF
2025-07-15,12.535,7.61616162087678,,1.6458421740473725,,,,,1.15197834186997,1.5398761338216662,,2.2258564571724846,,,,10.881280961977401,8.140265132163991,,5.631540146988304,10.894983742406781,8.15051615556213,5.631540146988304,5.631540146988304,2.2258564571724846,TTM_CFPS_from_OpCF,2.2258564571724846,TTM_CFPS_from_OpCF
2025-07-16,12.47,7.57666816213271,,1.6458421740473714,,,,,1.15197834186997,1.5398761338216662,,2.2258564571724846,,,,10.824856290056498,8.098053944801354,,5.6023379045029245,10.83848801498296,8.10825181171591,5.6023379045029245,5.6023379045029245,2.2258564571724846,TTM_CFPS_from_OpCF,2.2258564571724846,TTM_CFPS_from_OpCF
2025-07-17,12.5,7.59489591232228,,1.6458421740473719,,,,,1.15197834186997,1.5398761338216662,,2.2258564571724846,,,,10.850898446327685,8.117536031276416,,5.6158158625731,10.864562966101628,8.127758431952612,5.6158158625731,5.6158158625731,2.2258564571724846,TTM_CFPS_from_OpCF,2.2258564571724846,TTM_CFPS_from_OpCF
2025-07-18,13.075,7.94426112428911,,1.645842174047371,,,,,1.15197834186997,1.5398761338216662,,2.2258564571724846,,,,11.350039774858757,8.490942688715132,,5.874143392251462,11.364332862542373,8.501635319822485,5.874143392251462,5.874143392251462,2.2258564571724846,TTM_CFPS_from_OpCF,2.2258564571724846,TTM_CFPS_from_OpCF
2025-07-21,12.975,7.88350195699053,,1.6458421740473712,,,,,1.15197834186997,1.5398761338216662,,2.2258564571724846,,,,11.263232587288137,8.42600240046492,,5.829216865350877,11.277416358813527,8.43661325236684,5.829216865350877,5.829216865350877,2.2258564571724846,TTM_CFPS_from_OpCF,2.2258564571724846,TTM_CFPS_from_OpCF
2025-07-22,13.105,7.96248887447868,,1.6458421740473717,,,,,1.15197834186997,1.5398761338216662,,2.2258564571724846,,,,11.376081931129944,8.510424775190195,,5.887621350321638,11.390407813660904,8.521141940059087,5.887621350321638,5.887621350321638,2.2258564571724846,TTM_CFPS_from_OpCF,2.2258564571724846,TTM_CFPS_from_OpCF
2025-07-23,13.13,7.97767866630333,,1.6458421740473705,,,,,1.15197834186997,1.5398761338216662,,2.2258564571724846,,,,11.3977837280226,8.526659847252748,,5.898852982046784,11.412136939593108,8.537397456922992,5.898852982046784,5.898852982046784,2.2258564571724846,TTM_CFPS_from_OpCF,2.2258564571724846,TTM_CFPS_from_OpCF
2025-07-24,14.815,9.00147063528437,,1.6458421740473712,,,,,1.15197834186997,1.5398761338216662,,2.2258564571724846,,,,12.86048483858757,9.620903704268809,,6.6558649603216375,12.876680027423616,9.63301929355021,6.6558649603216375,6.6558649603216375,2.2258564571724846,TTM_CFPS_from_OpCF,2.2258564571724846,TTM_CFPS_from_OpCF
2025-07-25,14.535,6.58838110078374,,2.2061565318786656,,,,,1.15197834186997,1.5398761338216662,,2.2258564571724846,,,,12.61742471338983,9.439070897168216,,6.530070685,12.633313816982938,9.450957504674472,6.530070685,6.530070685,2.2258564571724846,TTM_CFPS_from_OpCF,2.2258564571724846,TTM_CFPS_from_OpCF
2025-07-28,14.505,6.5747827909782,,2.2061565318786656,,,,,1.15197834186997,1.5398761338216662,,2.2258564571724846,,,,12.591382557118646,9.419588810693154,,6.516592726929825,12.607238865864293,9.431450884437785,6.516592726929825,6.516592726929825,2.2258564571724846,TTM_CFPS_from_OpCF,2.2258564571724846,TTM_CFPS_from_OpCF
2025-07-29,14.09,6.38667283866825,,2.2061565318786625,,,,,1.15197834186997,1.5398761338216662,,2.2258564571724846,,,,12.231132728700565,9.150086614454777,,6.330147640292398,12.246535375389717,9.161609304496958,6.330147640292398,6.330147640292398,2.2258564571724846,TTM_CFPS_from_OpCF,2.2258564571724846,TTM_CFPS_from_OpCF
2025-07-30,14.025,6.35720983408958,,2.2061565318786633,,,,,1.15197834186997,1.5398761338216662,,2.2258564571724846,,,,12.174708056779663,9.10787542709214,,6.300945397807018,12.190039647965989,9.119344960650803,6.300945397807018,6.300945397807018,2.2258564571724846,TTM_CFPS_from_OpCF,2.2258564571724846,TTM_CFPS_from_OpCF
2025-07-31,13.835,6.27108720532116,,2.206156531878665,,,,,1.15197834186997,1.5398761338216662,,2.2258564571724846,,,,12.009774400395482,8.984488879416737,,6.215584996695907,12.024898290881357,8.995803032485208,6.215584996695907,6.215584996695907,2.2258564571724846,TTM_CFPS_from_OpCF,2.2258564571724846,TTM_CFPS_from_OpCF
2025-08-01,13.75,6.23255866087213,,2.2061565318786656,,,,,1.15197834186997,1.5398761338216662,,2.2258564571724846,,,,11.935988290960452,8.929289634404057,,6.177397448830409,11.951019262711865,8.940534275147929,6.177397448830409,6.177397448830409,2.2258564571724846,TTM_CFPS_from_OpCF,2.2258564571724846,TTM_CFPS_from_OpCF
2025-08-04,13.565,6.14870241707131,,2.206156531878664,,,,,1.15197834186997,1.5398761338216662,,2.2258564571724846,,,,11.775394993954803,8.809150101141167,,6.094283374064328,11.790223730813446,8.820243450354944,6.094283374064328,6.094283374064328,2.2258564571724846,TTM_CFPS_from_OpCF,2.2258564571724846,TTM_CFPS_from_OpCF
2025-08-05,14.21,6.4410660778904,,2.206156531878665,,,,,1.15197834186997,1.5398761338216662,,2.2258564571724846,,,,12.335301353785312,9.228014960355031,,6.3840594725731,12.350835179864408,9.239635785443788,6.3840594725731,6.3840594725731,2.2258564571724846,TTM_CFPS_from_OpCF,2.2258564571724846,TTM_CFPS_from_OpCF
2025-08-06,14.31,6.4863937772422,,2.2061565318786642,,,,,1.15197834186997,1.5398761338216662,,2.2258564571724846,,,,12.422108541355934,9.292955248605242,,6.428985999473684,12.43775168359322,9.304657852899409,6.428985999473684,6.428985999473684,2.2258564571724846,TTM_CFPS_from_OpCF,2.2258564571724846,TTM_CFPS_from_OpCF
2025-08-07,14.66,6.64504072497349,,2.2061565318786642,,,,,1.15197834186997,1.5398761338216662,,2.2258564571724846,,,,12.725933697853108,9.52024625748098,,6.586228843625731,12.741959446643955,9.532235088993998,6.586228843625731,6.586228843625731,2.2258564571724846,TTM_CFPS_from_OpCF,2.2258564571724846,TTM_CFPS_from_OpCF
2025-08-08,14.735,6.67903649948734,,2.2061565318786633,,,,,1.15197834186997,1.5398761338216662,,2.2258564571724846,,,,12.791039088531074,9.568951473668639,,6.61992373880117,12.807146824440677,9.581001639585798,6.61992373880117,6.61992373880117,2.2258564571724846,TTM_CFPS_from_OpCF,2.2258564571724846,TTM_CFPS_from_OpCF
2025-08-11,14.385,6.52038955175605,,2.2061565318786633,,,,,1.15197834186997,1.5398761338216662,,2.2258564571724846,,,,12.4872139320339,9.3416604647929,,6.4626808946491225,12.502939061389718,9.35342440349104,6.4626808946491225,6.4626808946491225,2.2258564571724846,TTM_CFPS_from_OpCF,2.2258564571724846,TTM_CFPS_from_OpCF
2025-08-12,14.36,6.5090576269181,,2.206156531878664,,,,,1.15197834186997,1.5398761338216662,,2.2258564571724846,,,,12.465512135141243,9.325425392730347,,6.451449262923976,12.481209935457626,9.337168886627218,6.451449262923976,6.451449262923976,2.2258564571724846,TTM_CFPS_from_OpCF,2.2258564571724846,TTM_CFPS_from_OpCF
2025-08-13,14.455,6.5521189413023,,2.206156531878666,,,,,1.15197834186997,1.5398761338216662,,2.2258564571724846,,,,12.547978963333334,9.387118666568048,,6.494129463479532,12.563780613999999,9.39893985071006,6.494129463479532,6.494129463479532,2.2258564571724846,TTM_CFPS_from_OpCF,2.2258564571724846,TTM_CFPS_from_OpCF
2025-08-14,14.735,6.67903649948734,,2.2061565318786633,,,,,1.15197834186997,1.5398761338216662,,2.2258564571724846,,,,12.791039088531074,9.568951473668639,,6.61992373880117,12.807146824440565,9.581001639585715,6.61992373880117,6.61992373880117,2.2258564571724846,TTM_CFPS_from_OpCF,2.2258564571724846,TTM_CFPS_from_OpCF
2025-08-15,14.635,6.63370880013554,,2.2061565318786642,,,,,1.15197834186997,1.5398761338216662,,2.2258564571724846,,,,12.704231900960453,9.504011185418427,,6.574997211900585,12.720230320711865,9.515979572130178,6.574997211900585,6.574997211900585,2.2258564571724846,TTM_CFPS_from_OpCF,2.2258564571724846,TTM_CFPS_from_OpCF
2025-08-18,14.32,6.49092654717738,,2.2061565318786642,,,,,1.15197834186997,1.5398761338216662,,2.2258564571724846,,,,12.430789260112995,9.299449277430263,,6.433478652163743,12.446443333966101,9.31116005964497,6.433478652163743,6.433478652163743,2.2258564571724846,TTM_CFPS_from_OpCF,2.2258564571724846,TTM_CFPS_from_OpCF
2025-08-19,14.86,6.73569612367708,,2.2061565318786656,,,,,1.15197834186997,1.5398761338216662,,2.2258564571724846,,,,12.899548072994351,9.650126833981403,,6.676081897426901,12.915792454101695,9.662279223905324,6.676081897426901,6.676081897426901,2.2258564571724846,TTM_CFPS_from_OpCF,2.2258564571724846,TTM_CFPS_from_OpCF
2025-08-20,14.705,6.6654381896818,,2.206156531878664,,,,,1.15197834186997,1.5398761338216662,,2.2258564571724846,,,,12.764996932259887,9.549469387193577,,6.606445780730994,12.781071873322034,9.561495019349112,6.606445780730994,6.606445780730994,2.2258564571724846,TTM_CFPS_from_OpCF,2.2258564571724846,TTM_CFPS_from_OpCF
2025-08-21,14.82,6.71756504393637,,2.206156531878663,,,,,1.15197834186997,1.5398761338216662,,2.2258564571724846,,,,12.864825197966102,9.624150718681319,,6.658111286666667,12.881025852610168,9.636270396923077,6.658111286666667,6.658111286666667,2.2258564571724846,TTM_CFPS_from_OpCF,2.2258564571724846,TTM_CFPS_from_OpCF
2025-08-22,15.825,7.17310842242193,,2.206156531878664,,,,,1.15197834186997,1.5398761338216662,,2.2258564571724846,,,,13.737237433050847,10.276800615595942,,7.109622882017543,13.754536715084747,10.289742174852071,7.109622882017543,7.109622882017543,2.2258564571724846,TTM_CFPS_from_OpCF,2.2258564571724846,TTM_CFPS_from_OpCF
2025-08-25,16.145,7.31815706034768,,2.2061565318786642,,,,,1.15197834186997,1.5398761338216662,,2.2258564571724846,,,,14.015020433276836,10.484609537996619,,7.253387768099415,14.03266952701695,10.497812790710059,7.253387768099415,7.253387768099415,2.2258564571724846,TTM_CFPS_from_OpCF,2.2258564571724846,TTM_CFPS_from_OpCF
2025-08-26,15.905,7.20937058190337,,2.2061565318786633,,,,,1.15197834186997,1.5398761338216662,,2.2258564571724846,,,,13.806683183107346,10.328752846196112,,7.145564103538011,13.824069918067796,10.341759828816567,7.145564103538011,7.145564103538011,2.2258564571724846,TTM_CFPS_from_OpCF,2.2258564571724846,TTM_CFPS_from_OpCF
2025-08-27,16.035,7.2682965910607,,2.206156531878665,,,,,1.15197834186997,1.5398761338216662,,2.2258564571724846,,,,13.919532526949153,10.413175220921387,,7.203968588508772,13.937061372915254,10.426288516508876,7.203968588508772,7.203968588508772,2.2258564571724846,TTM_CFPS_from_OpCF,2.2258564571724846,TTM_CFPS_from_OpCF
2025-08-28,15.905,7.20937058190337,,2.2061565318786633,,,,,1.15197834186997,1.5398761338216662,,2.2258564571724846,,,,13.806683183107346,10.328752846196112,,7.145564103538011,13.824069918067796,10.341759828816567,7.145564103538011,7.145564103538011,2.2258564571724846,TTM_CFPS_from_OpCF,2.2258564571724846,TTM_CFPS_from_OpCF
2025-08-29,15.69,7.111916028297,,2.206156531878665,,,,,1.15197834186997,1.5398761338216662,,2.2258564571724846,,,,13.620047729830508,10.189131226458157,,7.048972070701755,13.637199435050848,10.201962383786983,7.048972070701755,7.048972070701755,2.2258564571724846,TTM_CFPS_from_OpCF,2.2258564571724846,TTM_CFPS_from_OpCF
2025-09-01,16.025,7.26376382112552,,2.206156531878665,,,,,1.15197834186997,1.5398761338216662,,2.2258564571724846,,,,13.91085180819209,10.406681192096364,,7.199475935818713,13.928369722542374,10.419786309763314,7.199475935818713,7.199475935818713,2.2258564571724846,TTM_CFPS_from_OpCF,2.2258564571724846,TTM_CFPS_from_OpCF
2025-09-02,15.895,7.20483781196818,,2.2061565318786664,,,,,1.15197834186997,1.5398761338216662,,2.2258564571724846,,,,13.798002464350283,10.322258817371091,,7.141071450847953,13.815378267694916,10.335257622071007,7.141071450847953,7.141071450847953,2.2258564571724846,TTM_CFPS_from_OpCF,2.2258564571724846,TTM_CFPS_from_OpCF
2025-09-03,16.19,7.33855452505599,,2.2061565318786642,,,,,1.15197834186997,1.5398761338216662,,2.2258564571724846,,,,14.054083667683617,10.513832667709215,,7.273604705204679,14.071781953694916,10.527072721065089,7.273604705204679,7.273604705204679,2.2258564571724846,TTM_CFPS_from_OpCF,2.2258564571724846,TTM_CFPS_from_OpCF
2025-09-04,16.275,7.37708306950502,,2.2061565318786633,,,,,1.15197834186997,1.5398761338216662,,2.2258564571724846,,,,14.127869777118644,10.569031912721893,,7.311792253070175,14.145660981864408,10.582341478402368,7.311792253070175,7.311792253070175,2.2258564571724846,TTM_CFPS_from_OpCF,2.2258564571724846,TTM_CFPS_from_OpCF
2025-09-05,16.775,7.603721566264,,2.206156531878665,,,,,1.15197834186997,1.5398761338216662,,2.2258564571724846,,,,14.56190571497175,10.89373335397295,,7.536424887573099,14.580243500508475,10.907451815680474,7.536424887573099,7.536424887573099,2.2258564571724846,TTM_CFPS_from_OpCF,2.2258564571724846,TTM_CFPS_from_OpCF
2025-09-08,16.71,7.57425856168534,,2.206156531878663,,,,,1.15197834186997,1.5398761338216662,,2.2258564571724846,,,,14.50548104305085,10.851522166610314,,7.50722264508772,14.523747773084747,10.86518747183432,7.50722264508772,7.50722264508772,2.2258564571724846,TTM_CFPS_from_OpCF,2.2258564571724846,TTM_CFPS_from_OpCF
2025-09-09,16.795,7.61278710613436,,2.2061565318786656,,,,,1.15197834186997,1.5398761338216662,,2.2258564571724846,,,,14.579267152485878,10.906721411622994,,7.545410192953217,14.597626801254238,10.920456229171599,7.545410192953217,7.545410192953217,2.2258564571724846,TTM_CFPS_from_OpCF,2.2258564571724846,TTM_CFPS_from_OpCF
2025-09-10,16.57,7.51079978259282,,2.2061565318786642,,,,,1.15197834186997,1.5398761338216662,,2.2258564571724846,,,,14.383950980451978,10.760605763060017,,7.444325507426901,14.402064667864407,10.774156577396448,7.444325507426901,7.444325507426901,2.2258564571724846,TTM_CFPS_from_OpCF,2.2258564571724846,TTM_CFPS_from_OpCF
2025-09-11,16.81,7.61958626103713,,2.206156531878665,,,,,1.15197834186997,1.5398761338216662,,2.2258564571724846,,,,14.592288230621469,10.916462454860524,,7.552149171988304,14.610664276813559,10.93020953928994,7.552149171988304,7.552149171988304,2.2258564571724846,TTM_CFPS_from_OpCF,2.2258564571724846,TTM_CFPS_from_OpCF
2025-09-12,16.635,7.54026278717149,,2.206156531878664,,,,,1.15197834186997,1.5398761338216662,,2.2258564571724846,,,,14.440375652372884,10.802816950422656,,7.473527749912281,14.458560395288135,10.816420921242603,7.473527749912281,7.473527749912281,2.2258564571724846,TTM_CFPS_from_OpCF,2.2258564571724846,TTM_CFPS_from_OpCF
2025-09-15,16.84,7.63318457084267,,2.2061565318786647,,,,,1.15197834186997,1.5398761338216662,,2.2258564571724846,,,,14.618330386892657,10.935944541335587,,7.56562713005848,14.636739227932203,10.949716159526627,7.56562713005848,7.56562713005848,2.2258564571724846,TTM_CFPS_from_OpCF,2.2258564571724846,TTM_CFPS_from_OpCF
2025-09-16,17.28,7.83262644799058,,2.2061565318786647,,,,,1.15197834186997,1.5398761338216662,,2.2258564571724846,,,,15.000282012203392,11.221681809636518,,7.763303848421053,15.019171844338983,11.23581325633136,7.763303848421053,7.763303848421053,2.2258564571724846,TTM_CFPS_from_OpCF,2.2258564571724846,TTM_CFPS_from_OpCF
2025-09-17,17.02,7.71477442967591,,2.2061565318786633,,,,,1.15197834186997,1.5398761338216662,,2.2258564571724846,,,,14.774583324519774,11.052837060185968,,7.646494878479532,14.793188934644068,11.066755880946745,7.646494878479532,7.646494878479532,2.2258564571724846,TTM_CFPS_from_OpCF,2.2258564571724846,TTM_CFPS_from_OpCF
2025-09-18,16.415,7.44054184859753,,2.206156531878665,,,,,1.15197834186997,1.5398761338216662,,2.2258564571724846,,,,14.249399839717514,10.659948316272189,,7.374689390730994,14.267344087084746,10.673372372840236,7.374689390730994,7.374689390730994,2.2258564571724846,TTM_CFPS_from_OpCF,2.2258564571724846,TTM_CFPS_from_OpCF
2025-09-19,15.985,7.2456327413848,,2.2061565318786656,,,,,1.15197834186997,1.5398761338216662,,2.2258564571724846,,,,13.876128933163843,10.38070507679628,,7.181505325058479,13.893603121050846,10.393777482781065,7.181505325058479,7.181505325058479,2.2258564571724846,TTM_CFPS_from_OpCF,2.2258564571724846,TTM_CFPS_from_OpCF
2025-09-22,16.065,7.28189490086624,,2.2061565318786656,,,,,1.15197834186997,1.5398761338216662,,2.2258564571724846,,,,13.945574683220341,10.43265730739645,,7.217446546578948,13.963136324033899,10.445795136745563,7.217446546578948,7.217446546578948,2.2258564571724846,TTM_CFPS_from_OpCF,2.2258564571724846,TTM_CFPS_from_OpCF
2025-09-23,16.56,7.50626701265764,,2.2061565318786642,,,,,1.15197834186997,1.5398761338216662,,2.2258564571724846,,,,14.375270261694915,10.754111734234995,,7.439832854736841,14.393373017491525,10.767654370650888,7.439832854736841,7.439832854736841,2.2258564571724846,TTM_CFPS_from_OpCF,2.2258564571724846,TTM_CFPS_from_OpCF
2025-09-24,16.815,7.62185264600472,,2.2061565318786656,,,,,1.15197834186997,1.5398761338216662,,2.2258564571724846,,,,14.596628590000002,10.919709469273036,,7.554395498333334,14.615010102000001,10.933460642662721,7.554395498333334,7.554395498333334,2.2258564571724846,TTM_CFPS_from_OpCF,2.2258564571724846,TTM_CFPS_from_OpCF
2025-09-25,16.83,7.62865180090749,,2.2061565318786647,,,,,1.15197834186997,1.5398761338216662,,2.2258564571724846,,,,14.609649668135592,10.929450512510567,,7.56113447736842,14.628047577559322,10.943213952781065,7.56113447736842,7.56113447736842,2.2258564571724846,TTM_CFPS_from_OpCF,2.2258564571724846,TTM_CFPS_from_OpCF
2025-09-26,16.21,7.34762006492635,,2.2061565318786642,,,,,1.15197834186997,1.5398761338216662,,2.2258564571724846,,,,14.071445105197741,10.526820725359258,,7.282590010584796,14.089165254440678,10.540077134556213,7.282590010584796,7.282590010584796,2.2258564571724846,TTM_CFPS_from_OpCF,2.2258564571724846,TTM_CFPS_from_OpCF
2025-09-29,16.085,7.2909604407366,,2.206156531878665,,,,,1.15197834186997,1.5398761338216662,,2.2258564571724846,,,,13.962936120734465,10.445645365046493,,7.226431851959065,13.980519624779662,10.458799550236687,7.226431851959065,7.226431851959065,2.2258564571724846,TTM_CFPS_from_OpCF,2.2258564571724846,TTM_CFPS_from_OpCF
2025-09-30,15.585,7.06432194397762,,2.206156531878663,,,,,1.15197834186997,1.5398761338216662,,2.0696560040375735,,,,13.528900182881358,10.120943923795437,,7.530236894245283,13.545937106135593,10.133689212958581,7.530236894245283,7.530236894245283,2.0696560040375735,TTM_CFPS_from_OpCF,2.0696560040375735,TTM_CFPS_from_OpCF
2025-10-01,15.975,7.24109997144962,,2.206156531878666,,,,,1.15197834186997,1.5398761338216662,,2.0696560040375735,,,,13.86744821440678,10.37421104797126,,7.718674006132075,13.884911470677965,10.387275276035503,7.718674006132075,7.718674006132075,2.0696560040375735,TTM_CFPS_from_OpCF,2.0696560040375735,TTM_CFPS_from_OpCF
2025-10-02,16.305,7.39068137931056,,2.2061565318786633,,,,,1.15197834186997,1.5398761338216662,,2.0696560040375735,,,,14.15391193338983,10.588513999196957,,7.878120793113207,14.17173593298305,10.601848098639053,7.878120793113207,7.878120793113207,2.0696560040375735,TTM_CFPS_from_OpCF,2.0696560040375735,TTM_CFPS_from_OpCF
2025-10-03,16.155,7.32268983028286,,2.2061565318786647,,,,,1.15197834186997,1.5398761338216662,,2.0696560040375735,,,,14.023701152033901,10.491103566821641,,7.805644980849057,14.041361177389831,10.504314997455621,7.805644980849057,7.805644980849057,2.0696560040375735,TTM_CFPS_from_OpCF,2.0696560040375735,TTM_CFPS_from_OpCF
2025-10-06,16.275,7.37708306950502,,2.2061565318786633,,,,,1.15197834186997,1.5398761338216662,,2.0696560040375735,,,,14.127869777118644,10.569031912721893,,7.863625630660376,14.145660981864408,10.582341478402368,7.863625630660376,7.863625630660376,2.0696560040375735,TTM_CFPS_from_OpCF,2.0696560040375735,TTM_CFPS_from_OpCF
2025-10-07,16.115,7.30455875054214,,2.2061565318786647,,,,,1.15197834186997,1.5398761338216662,,2.0696560040375735,,,,13.98897827700565,10.465127451521555,,7.786318097578615,14.006594575898305,10.478306170473372,7.786318097578615,7.786318097578615,2.0696560040375735,TTM_CFPS_from_OpCF,2.0696560040375735,TTM_CFPS_from_OpCF
2025-10-08,16.08,7.28869405576901,,2.2061565318786647,,,,,1.15197834186997,1.5398761338216662,,2.0696560040375735,,,,13.958595761355932,10.442398350633981,,7.76940707471698,13.97617379959322,10.455548446863904,7.76940707471698,7.76940707471698,2.0696560040375735,TTM_CFPS_from_OpCF,2.0696560040375735,TTM_CFPS_from_OpCF
2025-10-09,16.275,7.37708306950502,,2.2061565318786633,,,,,1.15197834186997,1.5398761338216662,,2.0696560040375735,,,,14.127869777118644,10.569031912721893,,7.863625630660376,14.145660981864408,10.582341478402368,7.863625630660376,7.863625630660376,2.0696560040375735,TTM_CFPS_from_OpCF,2.0696560040375735,TTM_CFPS_from_OpCF
2025-10-10,16.21,7.34762006492635,,2.2061565318786642,,,,,1.15197834186997,1.5398761338216662,,2.0696560040375735,,,,14.071445105197741,10.526820725359258,,7.832219445345912,14.089165254440678,10.540077134556213,7.832219445345912,7.832219445345912,2.0696560040375735,TTM_CFPS_from_OpCF,2.0696560040375735,TTM_CFPS_from_OpCF
2025-10-13,16.875,7.6490492656158,,2.2061565318786647,,,,,1.15197834186997,1.5398761338216662,,2.0696560040375735,,,,14.648712902542373,10.958673642223163,,8.153528879716982,14.667160004237289,10.972473883136095,8.153528879716982,8.153528879716982,2.0696560040375735,TTM_CFPS_from_OpCF,2.0696560040375735,TTM_CFPS_from_OpCF
2025-10-14,16.805,7.61731987606954,,2.206156531878665,,,,,1.15197834186997,1.5398761338216662,,2.0696560040375735,,,,14.587947871242939,10.913215440448013,,8.11970683399371,14.60631845162712,10.926958435917161,8.11970683399371,8.11970683399371,2.0696560040375735,TTM_CFPS_from_OpCF,2.0696560040375735,TTM_CFPS_from_OpCF
2025-10-15,16.695,7.56745940678256,,2.206156531878666,,,,,1.15197834186997,1.5398761338216662,,2.0696560040375735,,,,14.492459964915255,10.841781123372781,,8.066557905,14.510710297525423,10.855434161715976,8.066557905,8.066557905,2.0696560040375735,TTM_CFPS_from_OpCF,2.0696560040375735,TTM_CFPS_from_OpCF
2025-10-16,16.685,7.56292663684738,,2.206156531878666,,,,,1.15197834186997,1.5398761338216662,,2.0696560040375735,,,,14.483779246158193,10.835287094547759,,8.061726184182389,14.502018647152543,10.848931954970414,8.061726184182389,8.061726184182389,2.0696560040375735,TTM_CFPS_from_OpCF,2.0696560040375735,TTM_CFPS_from_OpCF
2025-10-17,16.5,7.47907039304656,,2.2061565318786647,,,,,1.15197834186997,1.5398761338216662,,2.0696560040375735,,,,14.323185949152544,10.71514756128487,,7.972339349056603,14.341223115254238,10.728641130177515,7.972339349056603,7.972339349056603,2.0696560040375735,TTM_CFPS_from_OpCF,2.0696560040375735,TTM_CFPS_from_OpCF
2025-10-20,16.82,7.62411903097231,,2.206156531878665,,,,,1.15197834186997,1.5398761338216662,,2.0696560040375735,,,,14.600968949378533,10.922956483685546,,8.126954415220126,14.61935592718644,10.936711746035503,8.126954415220126,8.126954415220126,2.0696560040375735,TTM_CFPS_from_OpCF,2.0696560040375735,TTM_CFPS_from_OpCF
2025-10-21,16.425,7.44507461853271,,2.206156531878665,,,,,1.15197834186997,1.5398761338216662,,2.0696560040375735,,,,14.258080558474578,10.666442345097211,,7.936101442924528,14.276035737457626,10.679874579585798,7.936101442924528,7.936101442924528,2.0696560040375735,TTM_CFPS_from_OpCF,2.0696560040375735,TTM_CFPS_from_OpCF
2025-10-22,17.075,7.7397046643194,,2.206156531878663,,,,,1.15197834186997,1.5398761338216662,,2.0696560040375735,,,,14.822327277683616,11.088554218723583,,8.250163296069182,14.840993011694916,11.102518018047338,8.250163296069182,8.250163296069182,2.0696560040375735,TTM_CFPS_from_OpCF,2.0696560040375735,TTM_CFPS_from_OpCF
2025-10-23,17.53,7.94594569637007,,2.2061565318786656,,,,,1.15197834186997,1.5398761338216662,,2.0696560040375735,,,,15.217299981129946,11.384032530262047,,8.47000659327044,15.236463103661016,11.398368424970414,8.47000659327044,8.47000659327044,2.0696560040375735,TTM_CFPS_from_OpCF,2.0696560040375735,TTM_CFPS_from_OpCF
2025-10-24,18.3,8.29496898137891,,2.2061565318786656,,,,,1.15197834186997,1.5398761338216662,,2.0696560040375735,,,,15.88571532542373,11.884072749788674,,8.842049096226415,15.905720182372882,11.899038344378697,8.842049096226415,8.842049096226415,2.0696560040375735,TTM_CFPS_from_OpCF,2.0696560040375735,TTM_CFPS_from_OpCF
2025-10-27,18.4,8.34029668073071,,2.2061565318786642,,,,,1.15197834186997,1.5398761338216662,,2.0696560040375735,,,,15.97252251299435,11.949013038038883,,8.890366304402514,15.992636686101696,11.96406041183432,8.890366304402514,8.890366304402514,2.0696560040375735,TTM_CFPS_from_OpCF,2.0696560040375735,TTM_CFPS_from_OpCF
2025-10-28,18.425,8.35162860556866,,2.2061565318786642,,,,,1.15197834186997,1.5398761338216662,,2.0696560040375735,,,,15.994224309887008,11.965248110101438,,8.902445606446541,16.014365812033898,11.980315928698225,8.902445606446541,8.902445606446541,2.0696560040375735,TTM_CFPS_from_OpCF,2.0696560040375735,TTM_CFPS_from_OpCF
2025-10-29,18.92,8.57600071736006,,2.206156531878664,,,,,1.15197834186997,1.5398761338216662,,2.0696560040375735,,,,16.423919888361585,12.286702536939984,,9.141615786918239,16.444602505491527,12.30217516260355,9.141615786918239,9.141615786918239,2.0696560040375735,TTM_CFPS_from_OpCF,2.0696560040375735,TTM_CFPS_from_OpCF
2025-10-30,18.6,9.07249567457198,,2.0501525343386295,,,,,1.15197834186997,1.5398761338216662,,2.0696560040375735,,,,16.146136888135594,12.078893614539309,,8.987000720754716,16.16646969355932,12.094104546745562,8.987000720754716,8.987000720754716,2.0696560040375735,TTM_CFPS_from_OpCF,2.0696560040375735,TTM_CFPS_from_OpCF
2025-10-31,17.955,8.75788493746989,,2.0501525343386287,,,,,1.15197834186997,1.5398761338216662,,2.0696560040375735,,,,15.586230528305084,11.660028755325444,,8.675354728018867,15.605858244508473,11.674712211656804,8.675354728018867,8.675354728018867,2.0696560040375735,TTM_CFPS_from_OpCF,2.0696560040375735,TTM_CFPS_from_OpCF
2025-11-03,17.8,8.68228080684846,,2.050152534338628,,,,,1.15197834186997,1.5398761338216662,,2.0696560040375735,,,,15.451679387570623,11.559371308537617,,8.600463055345912,15.471137663728813,11.57392800710059,8.600463055345912,8.600463055345912,2.0696560040375735,TTM_CFPS_from_OpCF,2.0696560040375735,TTM_CFPS_from_OpCF
2025-11-04,17.145,8.36279238389982,,2.050152534338629,,,,,1.15197834186997,1.5398761338216662,,2.0696560040375735,,,,14.883092308983052,11.134012420498733,,8.283985341792452,14.901834564305085,11.148033465266272,8.283985341792452,8.283985341792452,2.0696560040375735,TTM_CFPS_from_OpCF,2.0696560040375735,TTM_CFPS_from_OpCF
2025-11-05,17.065,8.32377089712747,,2.050152534338628,,,,,1.15197834186997,1.5398761338216662,,2.0696560040375735,,,,14.813646558926555,11.082060189898565,,8.245331575251573,14.832301361322035,11.096015811301775,8.245331575251573,8.245331575251573,2.0696560040375735,TTM_CFPS_from_OpCF,2.0696560040375735,TTM_CFPS_from_OpCF
2025-11-06,17.845,8.7042303931579,,2.05015253433863,,,,,1.15197834186997,1.5398761338216662,,2.0696560040375735,,,,15.4907426219774,11.588594438250212,,8.622205799025156,15.51025009040678,11.60318793745562,8.622205799025156,8.622205799025156,2.0696560040375735,TTM_CFPS_from_OpCF,2.0696560040375735,TTM_CFPS_from_OpCF
2025-11-07,17.54,8.55546097483831,,2.050152534338629,,,,,1.15197834186997,1.5398761338216662,,2.0696560040375735,,,,15.225980699887005,11.390526559087066,,8.47483831408805,15.245154754033898,11.404870631715976,8.47483831408805,8.47483831408805,2.0696560040375735,TTM_CFPS_from_OpCF,2.0696560040375735,TTM_CFPS_from_OpCF
2025-11-10,17.395,8.48473453006342,,2.050152534338629,,,,,1.15197834186997,1.5398761338216662,,2.0696560040375735,,,,15.100110277909605,11.29636314112426,,8.404778362232705,15.119125823627119,11.310588633905326,8.404778362232705,8.404778362232705,2.0696560040375735,TTM_CFPS_from_OpCF,2.0696560040375735,TTM_CFPS_from_OpCF
2025-11-11,18.265,8.90909319871275,,2.0501525343386304,,,,,1.15197834186997,1.5398761338216662,,2.0696560040375735,,,,15.855332809774012,11.8613436489011,,8.82513807336478,15.875299406067798,11.876280620769231,8.82513807336478,8.82513807336478,2.0696560040375735,TTM_CFPS_from_OpCF,2.0696560040375735,TTM_CFPS_from_OpCF
2025-11-12,17.825,8.69447502146482,,2.050152534338628,,,,,1.15197834186997,1.5398761338216662,,2.0696560040375735,,,,15.473381184463276,11.575606380600169,,8.612542357389936,15.492866789661017,11.590183523964498,8.612542357389936,8.612542357389936,2.0696560040375735,TTM_CFPS_from_OpCF,2.0696560040375735,TTM_CFPS_from_OpCF
2025-11-13,18.15,8.85299981147749,,2.050152534338631,,,,,1.15197834186997,1.5398761338216662,,2.0696560040375735,,,,15.755504544067795,11.786662317413356,,8.769573283962263,15.775345426779662,11.801505243195267,8.769573283962263,8.769573283962263,2.0696560040375735,TTM_CFPS_from_OpCF,2.0696560040375735,TTM_CFPS_from_OpCF
2025-11-14,18.305,8.92860394209893,,2.0501525343386295,,,,,1.15197834186997,1.5398761338216662,,2.0696560040375735,,,,15.890055684802261,11.887319764201184,,8.84446495663522,15.910066007559323,11.90228944775148,8.84446495663522,8.84446495663522,2.0696560040375735,TTM_CFPS_from_OpCF,2.0696560040375735,TTM_CFPS_from_OpCF
2025-11-17,17.925,8.74325187993025,,2.050152534338631,,,,,1.15197834186997,1.5398761338216662,,2.0696560040375735,,,,15.5601883720339,11.640546668850382,,8.660859565566037,15.57978329338983,11.655205591420119,8.660859565566037,8.660859565566037,2.0696560040375735,TTM_CFPS_from_OpCF,2.0696560040375735,TTM_CFPS_from_OpCF
2025-11-18,17.675,8.62130973376665,,2.0501525343386304,,,,,1.15197834186997,1.5398761338216662,,2.0696560040375735,,,,15.343170403107345,11.478195948224853,,8.540066545125786,15.362492034067797,11.492650422781065,8.540066545125786,8.540066545125786,2.0696560040375735,TTM_CFPS_from_OpCF,2.0696560040375735,TTM_CFPS_from_OpCF
2025-11-19,17.175,8.37742544143945,,2.0501525343386295,,,,,1.15197834186997,1.5398761338216662,,2.0696560040375735,,,,14.909134465254239,11.153494506973797,,8.298480504245283,14.927909515423728,11.167540085502958,8.298480504245283,8.298480504245283,2.0696560040375735,TTM_CFPS_from_OpCF,2.0696560040375735,TTM_CFPS_from_OpCF
2025-11-20,17.36,8.46766262960051,,2.050152534338631,,,,,1.15197834186997,1.5398761338216662,,2.0696560040375735,,,,15.069727762259888,11.273634040236686,,8.387867339371068,15.088705047322033,11.287830910295858,8.387867339371068,8.387867339371068,2.0696560040375735,TTM_CFPS_from_OpCF,2.0696560040375735,TTM_CFPS_from_OpCF
2025-11-21,16.725,8.15792957834497,,2.050152534338629,,,,,1.15197834186997,1.5398761338216662,,2.0696560040375735,,,,14.518502121186442,10.861263209847845,,8.08105306745283,14.536785248644067,10.874940781952661,8.08105306745283,8.08105306745283,2.0696560040375735,TTM_CFPS_from_OpCF,2.0696560040375735,TTM_CFPS_from_OpCF
2025-11-24,16.1,7.85307421293596,,2.05015253433863,,,,,1.15197834186997,1.5398761338216662,,2.0696560040375735,,,,13.97595719887006,10.455386408284024,,7.779070516352202,13.993557100338982,10.468552860355029,7.779070516352202,7.779070516352202,2.0696560040375735,TTM_CFPS_from_OpCF,2.0696560040375735,TTM_CFPS_from_OpCF
2025-11-25,15.965,7.78722545400762,,2.0501525343386287,,,,,1.15197834186997,1.5398761338216662,,2.0696560040375735,,,,13.858767495649719,10.367717019146239,,7.713842285314465,13.876219820305083,10.38077306928994,7.713842285314465,7.713842285314465,2.0696560040375735,TTM_CFPS_from_OpCF,2.0696560040375735,TTM_CFPS_from_OpCF
2025-11-26,16.5,8.04818164679772,,2.0501525343386304,,,,,1.15197834186997,1.5398761338216662,,2.0696560040375735,,,,14.323185949152544,10.71514756128487,,7.972339349056603,14.341223115254238,10.728641130177515,7.972339349056603,7.972339349056603,2.0696560040375735,TTM_CFPS_from_OpCF,2.0696560040375735,TTM_CFPS_from_OpCF
2025-11-27,16.72,8.15549073542169,,2.0501525343386304,,,,,1.15197834186997,1.5398761338216662,,2.0696560040375735,,,,14.514161761807909,10.858016195435333,,8.078637207044023,14.532439423457628,10.871689678579882,8.078637207044023,8.078637207044023,2.0696560040375735,TTM_CFPS_from_OpCF,2.0696560040375735,TTM_CFPS_from_OpCF
2025-11-28,16.64,8.11646924864934,,2.05015253433863,,,,,1.15197834186997,1.5398761338216662,,2.0696560040375735,,,,14.444716011751414,10.806063964835166,,8.039983440503145,14.462906220474578,10.819672024615386,8.039983440503145,8.039983440503145,2.0696560040375735,TTM_CFPS_from_OpCF,2.0696560040375735,TTM_CFPS_from_OpCF
2025-12-01,16.89,8.23841139481294,,2.0501525343386304,,,,,1.15197834186997,1.5398761338216662,,2.0696560040375735,,,,14.661733980677967,10.968414685460694,,8.160776460943396,14.680197479796611,10.982227193254438,8.160776460943396,8.160776460943396,2.0696560040375735,TTM_CFPS_from_OpCF,2.0696560040375735,TTM_CFPS_from_OpCF
2025-12-02,17.14,8.36035354097654,,2.050152534338631,,,,,1.15197834186997,1.5398761338216662,,2.0696560040375735,,,,14.87875194960452,11.130765406086223,,8.281569481383647,14.897488739118645,11.144782361893492,8.281569481383647,8.281569481383647,2.0696560040375735,TTM_CFPS_from_OpCF,2.0696560040375735,TTM_CFPS_from_OpCF
2025-12-03,17.655,8.61155436207357,,2.0501525343386287,,,,,1.15197834186997,1.5398761338216662,,2.0696560040375735,,,,15.325808965593222,11.465207890574812,,8.530403103490567,15.345108733322034,11.47964600928994,8.530403103490567,8.530403103490567,2.0696560040375735,TTM_CFPS_from_OpCF,2.0696560040375735,TTM_CFPS_from_OpCF
2025-12-04,17.365,8.47010147252379,,2.0501525343386287,,,,,1.15197834186997,1.5398761338216662,,2.0696560040375735,,,,15.074068121638417,11.276881054649197,,8.390283199779873,15.093050872508474,11.291082013668639,8.390283199779873,8.390283199779873,2.0696560040375735,TTM_CFPS_from_OpCF,2.0696560040375735,TTM_CFPS_from_OpCF
2025-12-05,18.305,8.92860394209893,,2.0501525343386295,,,,,1.15197834186997,1.5398761338216662,,2.0696560040375735,,,,15.890055684802261,11.887319764201184,,8.84446495663522,15.910066007559323,11.90228944775148,8.84446495663522,8.84446495663522,2.0696560040375735,TTM_CFPS_from_OpCF,2.0696560040375735,TTM_CFPS_from_OpCF
2025-12-08,18.34,8.94567584256183,,2.0501525343386304,,,,,1.15197834186997,1.5398761338216662,,2.0696560040375735,,,,15.920438200451978,11.910048865088758,,8.861375979496854,15.940486783864406,11.925047171360946,8.861375979496854,8.861375979496854,2.0696560040375735,TTM_CFPS_from_OpCF,2.0696560040375735,TTM_CFPS_from_OpCF
2025-12-09,18.045,8.80178411008879,,2.0501525343386287,,,,,1.15197834186997,1.5398761338216662,,2.0696560040375735,,,,15.664356997118647,11.718475014750636,,8.718840215377359,15.684083097864407,11.733232072366864,8.718840215377359,8.718840215377359,2.0696560040375735,TTM_CFPS_from_OpCF,2.0696560040375735,TTM_CFPS_from_OpCF
2025-12-10,19.08,9.3066245952061,,2.050152534338628,,,,,1.15197834186997,1.5398761338216662,,2.0696560040375735,,,,16.562811388474575,12.39060699814032,,9.218923319999998,16.583668911457625,12.406210470532544,9.218923319999998,9.218923319999998,2.0696560040375735,TTM_CFPS_from_OpCF,2.0696560040375735,TTM_CFPS_from_OpCF
2025-12-11,18.98,9.25784773674065,,2.0501525343386304,,,,,1.15197834186997,1.5398761338216662,,2.0696560040375735,,,,16.476004200903954,12.325666709890111,,9.170606111823899,16.496752407728813,12.341188403076924,9.170606111823899,9.170606111823899,2.0696560040375735,TTM_CFPS_from_OpCF,2.0696560040375735,TTM_CFPS_from_OpCF
2025-12-12,18.315,8.93348162794548,,2.0501525343386287,,,,,1.15197834186997,1.5398761338216662,,2.0696560040375735,,,,15.898736403559324,11.893813793026206,,8.84929667745283,15.918757657932204,11.908791654497042,8.84929667745283,8.84929667745283,2.0696560040375735,TTM_CFPS_from_OpCF,2.0696560040375735,TTM_CFPS_from_OpCF
2025-12-15,18.6,9.07249567457198,,2.0501525343386295,,,,,1.15197834186997,1.5398761338216662,,2.0696560040375735,,,,16.146136888135594,12.078893614539309,,8.987000720754716,16.16646969355932,12.094104546745562,8.987000720754716,8.987000720754716,2.0696560040375735,TTM_CFPS_from_OpCF,2.0696560040375735,TTM_CFPS_from_OpCF
2025-12-16,18.215,8.88470476948003,,2.0501525343386304,,,,,1.15197834186997,1.5398761338216662,,2.0696560040375735,,,,15.811929215988702,11.828873504775993,,8.80097946927673,15.831841154203389,11.84376958704142,8.80097946927673,8.80097946927673,2.0696560040375735,TTM_CFPS_from_OpCF,2.0696560040375735,TTM_CFPS_from_OpCF
2025-12-17,18.355,8.95299237133165,,2.0501525343386295,,,,,1.15197834186997,1.5398761338216662,,2.0696560040375735,,,,15.933459278587572,11.91978990832629,,8.86862356072327,15.953524259423729,11.93480048147929,8.86862356072327,8.86862356072327,2.0696560040375735,TTM_CFPS_from_OpCF,2.0696560040375735,TTM_CFPS_from_OpCF
2025-12-18,18.42,8.98469732933419,,2.050152534338629,,,,,1.15197834186997,1.5398761338216662,,2.0696560040375735,,,,15.989883950508476,11.962001095688928,,8.900029746037736,16.010019986847457,11.977064825325444,8.900029746037736,8.900029746037736,2.0696560040375735,TTM_CFPS_from_OpCF,2.0696560040375735,TTM_CFPS_from_OpCF
2025-12-19,18.5,9.02371881610654,,2.0501525343386295,,,,,1.15197834186997,1.5398761338216662,,2.0696560040375735,,,,16.059329700564973,12.013953326289096,,8.938683512578615,16.07955318983051,12.02908247928994,8.938683512578615,8.938683512578615,2.0696560040375735,TTM_CFPS_from_OpCF,2.0696560040375735,TTM_CFPS_from_OpCF
2025-12-22,18.685,9.11395600426761,,2.050152534338628,,,,,1.15197834186997,1.5398761338216662,,2.0696560040375735,,,,16.21992299757062,12.134092859551986,,9.028070347704402,16.240348721728814,12.14937330408284,9.028070347704402,9.028070347704402,2.0696560040375735,TTM_CFPS_from_OpCF,2.0696560040375735,TTM_CFPS_from_OpCF
2025-12-23,18.885,9.21150972119849,,2.0501525343386287,,,,,1.15197834186997,1.5398761338216662,,2.0696560040375735,,,,16.393537372711865,12.26397343605241,,9.124704764056604,16.414181729186442,12.279417438994082,9.124704764056604,9.124704764056604,2.0696560040375735,TTM_CFPS_from_OpCF,2.0696560040375735,TTM_CFPS_from_OpCF
2025-12-29,19.24,9.3846675687508,,2.0501525343386295,,,,,1.15197834186997,1.5398761338216662,,2.0696560040375735,,,,16.70170288858757,12.494511459340659,,9.29623085308176,16.72273531742373,12.510245778461538,9.29623085308176,9.29623085308176,2.0696560040375735,TTM_CFPS_from_OpCF,2.0696560040375735,TTM_CFPS_from_OpCF
2025-12-30,19.41,9.46758822814205,,2.0501525343386295,,,,,1.15197834186997,1.5398761338216662,,2.0696560040375735,,,,16.84927510745763,12.60490994936602,,9.378370106981132,16.870493373762713,12.620783293136094,9.378370106981132,9.378370106981132,2.0696560040375735,TTM_CFPS_from_OpCF,2.0696560040375735,TTM_CFPS_from_OpCF
