Instrument,Date,REF_PCF,REF_CFP,PCF_CFPS_LTM,CFP_CFPS_LTM,CFP_OpCF_MktCap,PCF_OpCF_MktCap
SRENH.S,2024-01-03,14.7661540848829,0.06772244108056322,,,0.11664660275421515,8.5729029083435
SRENH.S,2024-01-04,14.8759268125119,0.06722270232997626,,,0.11601897709111962,8.61927957884523
SRENH.S,2024-01-05,14.8918351321206,0.06715089115129089,,,0.11587475071566213,8.630007778431715
SRENH.S,2024-01-08,15.0557735511332,0.06641970248846717,,,0.1146958434146619,8.718711770440384
SRENH.S,2024-01-09,14.939595580759,0.06693621621778836,,,0.11539825384607176,8.6656423877426
SRENH.S,2024-01-10,14.9858660520033,0.06672954345980697,,,0.11546350098811559,8.660745529471932
SRENH.S,2024-01-11,15.005407315059,0.06664264281559545,,,0.11530175018807991,8.67289523679218
SRENH.S,2024-01-12,15.1251806190293,0.06611491295131243,,,0.11416952228225398,8.758905003804468
SRENH.S,2024-01-15,15.1641251280149,0.06594511661952421,,,0.11386633836353584,8.782226726281001
SRENH.S,2024-01-16,15.0659319941784,0.0663749179530618,,,0.11383454236018158,8.784679757712912
SRENH.S,2024-01-17,14.8968564760187,0.06712825632775767,,,0.11520044443003416,8.680522066972928
SRENH.S,2024-01-18,14.7223156967822,0.06792409703716422,,,0.11649142085451628,8.584323142979596
SRENH.S,2024-01-19,14.8352413024943,0.06740705996011448,,,0.11584908152936116,8.63191996689725
SRENH.S,2024-01-22,15.0693684281184,0.06635978174998158,,,0.11388164638974663,8.78104621509964
SRENH.S,2024-01-23,14.8819871583798,0.06719532743561847,,,0.11499771799878247,8.695824729414086
SRENH.S,2024-01-24,15.0877516856705,0.06627892749253979,,,0.11376393420270646,8.790132013351291
SRENH.S,2024-01-25,15.0302839320051,0.06653234260402931,,,0.1138099861868126,8.786575181184514
SRENH.S,2024-01-26,15.1343145918946,0.06607501079272955,,,0.11309023136779409,8.842496720585725
SRENH.S,2024-01-29,15.1953750544582,0.06580949771993999,,,0.11243812555395345,8.893780424329021
SRENH.S,2024-01-30,15.1590228922375,0.06596731247843628,,,0.11278106336508935,8.866736756709315
SRENH.S,2024-01-31,15.1678250191056,0.06592903061186337,,,0.1124656936897044,8.891600337779666
SRENH.S,2024-02-01,15.0273000597344,0.06654555349430312,,,0.11410609278483273,8.763773919467011
SRENH.S,2024-02-02,14.9807253150792,0.06675244215267913,,,0.11353385273860264,8.807945611626284
SRENH.S,2024-02-05,15.1478697490671,0.0660158831945057,,,0.11183366777553613,8.941851053361876
SRENH.S,2024-02-06,15.49118191925,0.06455285369525986,,,0.109486946806344,9.133508871781391
SRENH.S,2024-02-07,15.4438199196967,0.0647508197583049,,,0.10999659968443914,9.091190117411116
SRENH.S,2024-02-08,15.1167468667178,0.06615179898273467,,,0.11242860949370093,8.894533202031884
SRENH.S,2024-02-09,15.0378909244137,0.0664986868854409,,,0.11308152983747181,8.843177143404988
SRENH.S,2024-02-12,15.119848263782,0.06613822986540112,,,0.11235348712954063,8.90048031038882
SRENH.S,2024-02-13,15.1484031587204,0.06601355862544069,,,0.11149679991793905,8.968867274540559
SRENH.S,2024-02-14,15.2507581521691,0.06557051066066319,,,0.11091359382973458,9.016027390971729
SRENH.S,2024-02-15,15.5177832821959,0.06444219395352269,,,0.10947231614289248,9.134729539244569
SRENH.S,2024-02-16,15.1105477498846,0.06617893782226637,,,0.11245413278371887,8.892514443406744
SRENH.S,2024-02-19,14.9636098485025,0.06682879399586031,,,0.11359021604955913,8.80357512097435
SRENH.S,2024-02-20,15.3573039784467,0.06511559590169316,,,0.11094489075789597,9.013484020478247
SRENH.S,2024-02-21,15.2718260022565,0.06548005456926004,,,0.11171067775416278,8.95169575643127
SRENH.S,2024-02-22,15.5666699441066,0.06423981516859943,,,0.10965529030265667,9.119487051102837
SRENH.S,2024-02-23,15.9304355955486,0.06277292256085122,,,0.10710150821589629,9.336936674917688
SRENH.S,2024-02-26,15.8566028677317,0.06306521064704264,,,0.10788965424775979,9.268729304698498
SRENH.S,2024-02-27,15.7561338281002,0.06346734617197493,,,0.10854700021466042,9.212599132379703
SRENH.S,2024-02-28,15.8707596034939,0.06300895640684098,,,0.10768361993161603,9.286463443883529
SRENH.S,2024-02-29,15.8858960131604,0.06294892017243264,,,0.1072532774237647,9.32372440283512
SRENH.S,2024-03-01,15.8609164968137,0.06304805905767741,,,0.1077609564537818,9.279798852090698
SRENH.S,2024-03-04,15.8879577816657,0.0629407513377191,,,0.10774568843912498,9.281113838397237
SRENH.S,2024-03-05,16.0119382355607,0.06245340103667858,,,0.1069218582259924,9.3526245857641
SRENH.S,2024-03-06,16.1550979658198,0.061899965083204896,,,0.1063843179903112,9.399881663865848
SRENH.S,2024-03-07,16.3712792857743,0.061082581424711416,,,0.10545065351811177,9.48310860708174
SRENH.S,2024-03-08,16.3712792857743,0.061082581424711416,,,0.10536415521865898,9.490893728751782
SRENH.S,2024-03-11,16.4989452251588,0.060609935141497824,,,0.1044437744397779,9.574529505122378
SRENH.S,2024-03-12,16.6079279681656,0.06021220720109212,,,0.10373913616175622,9.639563591899789
SRENH.S,2024-03-13,16.7688940886531,0.05963422481609349,,,0.10295026556227045,9.713428076541875
SRENH.S,2024-03-14,9.64597372058442,0.10367019742817764,,,0.1017056272188265,9.832297654960946
SRENH.S,2024-03-15,9.70041612376779,0.10308836108069813,,,0.10118986932092074,9.882412208958675
SRENH.S,2024-03-18,9.72666393984681,0.10281017275649286,,,0.10076870039866093,9.923716352833786
SRENH.S,2024-03-19,9.84327110255675,0.10159224403971298,,,0.09951977997546928,10.048253726510357
SRENH.S,2024-03-20,9.86397694761262,0.10137898793873704,,,0.09979554498404827,10.020487389089803
SRENH.S,2024-03-21,9.77995781378693,0.10224992980954246,,,0.10011836222867657,9.98817777018703
SRENH.S,2024-03-22,9.70332334138731,0.1030574747246367,,,0.10039771268503027,9.960386280285292
SRENH.S,2024-03-25,9.66929975629871,0.10342010540614245,,,0.10104029480784821,9.897041590206504
SRENH.S,2024-03-26,9.67844075806912,0.10332242816760323,,,0.10088911029035376,9.911872521445085
SRENH.S,2024-03-27,9.73370366363901,0.10273581717261189,,,0.10027938949021384,9.972138891986264
SRENH.S,2024-03-28,9.68952222645163,0.10320426297904339,,,0.10037369419358386,9.96276970808077
SRENH.S,2024-04-02,9.57354832371936,0.10445447875605397,,,0.10141021855584598,9.860939205542746
SRENH.S,2024-04-03,9.28337469905941,0.10771944819822041,,,0.10523158267117401,9.5028505189814
SRENH.S,2024-04-04,9.23297931245862,0.10830740177773812,,,0.10580595699953113,9.45126369401329
SRENH.S,2024-04-05,9.07732290707627,0.1101646388739179,,,0.10762029974167898,9.291927288813541
SRENH.S,2024-04-08,9.04970221583017,0.11050087352606502,,,0.10817732977806632,9.244081010795634
SRENH.S,2024-04-09,8.84774791241886,0.11302311163232644,,,0.1106165049799721,9.040242233119343
SRENH.S,2024-04-10,8.79282014478938,0.11372915441612888,,,0.11014772441058908,9.078716835514259
SRENH.S,2024-04-11,8.72851156582916,0.1145670705088887,,,0.11077362560129067,9.02741960978434
SRENH.S,2024-04-12,8.73786202810472,0.11444447128869398,,,0.10980957244411488,9.106674197360414
SRENH.S,2024-04-15,8.87852394804242,0.1126313344258631,,,0.10786668400361074,9.27070308350747
SRENH.S,2024-04-16,8.07669916377497,0.12381295622413771,,,0.11851863809027915,8.4374914875268
SRENH.S,2024-04-17,8.11187350883249,0.12327608399109838,,,0.11860537433791976,8.43132114022835
SRENH.S,2024-04-18,8.09522889932001,0.12352955209012051,,,0.11853806896487128,8.436108405784388
SRENH.S,2024-04-19,8.12384559702093,0.12309441237616664,,,0.11824258285227912,8.45719009072479
SRENH.S,2024-04-22,8.2053134091305,0.12187224913154998,,,0.11706859180003731,8.54200075890621
SRENH.S,2024-04-23,8.41694698761069,0.11880792423570545,,,0.11460613060886209,8.725536711582107
SRENH.S,2024-04-24,8.29692072531938,0.12052664272762546,,,0.11624292189252718,8.60267432820171
SRENH.S,2024-04-25,8.22003668509939,0.12165395828618604,,,0.11768138707423835,8.497520507377756
SRENH.S,2024-04-26,8.20115245247855,0.12193408253223977,,,0.11754501413673608,8.507379129128644
SRENH.S,2024-04-29,8.30160190955996,0.1204586790470427,,,0.11641647309759387,8.58984964405925
SRENH.S,2024-04-30,8.18098918894306,0.1222346071978118,,,0.11753688276977943,8.507967681589014
SRENH.S,2024-05-02,8.2087538948517,0.12182116954769126,,,0.11779890269312174,8.489043421780446
SRENH.S,2024-05-03,8.28661468186086,0.12067654143361688,,,0.11705110474489021,8.54327690609562
SRENH.S,2024-05-06,8.44402111583323,0.11842698949732826,,,0.11497550924439312,8.69750442134933
SRENH.S,2024-05-07,8.50330743480772,0.11760129898474174,,,0.11400447458274443,8.77158553346255
SRENH.S,2024-05-08,8.59099621474012,0.11640093593386018,,,0.11276686392944262,8.867853243003127
SRENH.S,2024-05-10,8.81625627968563,0.1134268297422563,,,0.11013174906602505,9.080033763928423
SRENH.S,2024-05-13,8.6992191653853,0.11495284588058872,,,0.11180969911518608,8.943767919183848
SRENH.S,2024-05-14,8.59500542689418,0.11634663974393229,,,0.11348000631457042,8.812124994318085
SRENH.S,2024-05-15,8.66199108036038,0.11544689791557662,,,0.1132690168391232,8.828539594550442
SRENH.S,2024-05-16,8.95223243841355,0.111703980753343,,,0.1094252390232778,9.138659498721973
SRENH.S,2024-05-17,9.12676207083222,0.10956788313742198,,,0.10738288598629897,9.312470891568237
SRENH.S,2024-05-21,9.12126301892752,0.10963393972138523,,,0.10728901722133084,9.320618511557987
SRENH.S,2024-05-22,9.10934918881144,0.10977732648872987,,,0.10710267699623399,9.336834783645628
SRENH.S,2024-05-23,9.16350414873606,0.10912855865710848,,,0.10639143023986274,9.399253283328077
SRENH.S,2024-05-24,9.22850216139324,0.10835994644758565,,,0.10595487041718883,9.437980491718596
SRENH.S,2024-05-27,9.27671919729101,0.10779673058251243,,,0.10553004787307103,9.475974096048697
SRENH.S,2024-05-28,9.23213274253148,0.10831733337120507,,,0.10601092708587455,9.432989857639356
SRENH.S,2024-05-29,9.35090360737759,0.10694153656027736,,,0.10413315089920813,9.603089807278696
SRENH.S,2024-05-30,9.35536771747704,0.1068905071611317,,,0.10439237814641396,9.579243406041243
SRENH.S,2024-05-31,9.58187595585401,0.10436369710975583,,,0.10200970463198333,9.802988878437235
SRENH.S,2024-06-03,9.55360017306912,0.10467258226055187,,,0.10288717156111248,9.719384689334417
SRENH.S,2024-06-04,9.44651236521177,0.10585917440627647,,,0.10382375019815372,9.63170756297515
SRENH.S,2024-06-05,9.51387144980742,0.1051096817185019,,,0.10299455736277037,9.709250911946459
SRENH.S,2024-06-06,9.58423619577229,0.10433799622353952,,,0.10242652700508886,9.76309584284076
SRENH.S,2024-06-07,9.55774450292011,0.10462719522314884,,,0.10187958634942623,9.81550903210584
SRENH.S,2024-06-10,9.43579434074304,0.10597941878428574,,,0.10284309646746151,9.72355009085505
SRENH.S,2024-06-11,9.36126017242874,0.10682322482022784,,,0.10343038141165403,9.668339092940103
SRENH.S,2024-06-12,9.44215834609387,0.10590798876124445,,,0.1031936142084255,9.690522109054617
SRENH.S,2024-06-13,9.32414207462575,0.10724847304947761,,,0.10380422177561784,9.633519551464776
SRENH.S,2024-06-14,9.21795517805496,0.10848392953576996,,,0.10465733466124315,9.554992043671083
SRENH.S,2024-06-17,9.33215025162575,0.10715644015973601,,,0.10370512499728493,9.642724986119834
SRENH.S,2024-06-18,9.48078160364296,0.1054765357758851,,,0.10211769185662095,9.792622432203588
SRENH.S,2024-06-19,9.49675153375502,0.10529916429271889,,,0.10198320200941226,9.805536404982732
SRENH.S,2024-06-20,9.56695272612783,0.10452649120643709,,,0.10083948855807776,9.916750018263505
SRENH.S,2024-06-21,9.4801064764165,0.10548404730344359,,,0.10167732062740867,9.83503493039956
SRENH.S,2024-06-24,9.545585752953,0.1047604647719646,,,0.10136782226334431,9.865063465624146
SRENH.S,2024-06-25,9.47056914595733,0.10559027494423255,,,0.1019890639510457,9.804972820223112
SRENH.S,2024-06-26,9.3633469446473,0.10679941754926267,,,0.10282978993725664,9.72480835184208
SRENH.S,2024-06-27,9.37076320722801,0.10671489374831965,,,0.1029705308577683,9.71151640833323
SRENH.S,2024-06-28,9.34771879240853,0.10697797208150078,,,0.10332943295900858,9.67778464822028
SRENH.S,2024-07-01,9.38037658992255,0.10660552808448137,,,0.09968241166561964,10.031860017135791
SRENH.S,2024-07-02,9.00002835537328,0.11111076104587723,,,0.10395311337026526,9.619721503079482
SRENH.S,2024-07-03,8.95194551885699,0.11170756098699793,,,0.10491953542146877,9.531113495527151
SRENH.S,2024-07-04,9.01091277547236,0.11097654864909945,,,0.10446505582263817,9.572579003813583
SRENH.S,2024-07-05,9.0311235783994,0.11072819359839073,,,0.10448201072983192,9.571025605410538
SRENH.S,2024-07-08,9.25108455862077,0.10809543396380851,,,0.10186641012439965,9.816778649397737
SRENH.S,2024-07-09,9.26161290980976,0.10797255399659547,,,0.10165600034670765,9.837097629155219
SRENH.S,2024-07-10,9.27342685932373,0.1078350015770681,,,0.10169582305503817,9.833245554822799
SRENH.S,2024-07-11,9.29709446847377,0.10756048606271311,,,0.1017642621781921,9.826632440462957
SRENH.S,2024-07-12,9.33786852623992,0.10709082026481155,,,0.10170223250772457,9.832625846478317
SRENH.S,2024-07-15,9.32959893662484,0.10718574365231706,,,0.10168037843260425,9.8347391641822
SRENH.S,2024-07-16,9.22607301309642,0.10838847672032283,,,0.1028504673690805,9.722853241021106
SRENH.S,2024-07-17,9.28143971784873,0.10774190539393838,,,0.10261151637363972,9.745494807412221
SRENH.S,2024-07-18,9.21100227972488,0.10856581831503667,,,0.10300864545006576,9.70792301588664
SRENH.S,2024-07-19,9.02172153769401,0.11084358964326937,,,0.10498679481940208,9.52500742326877
SRENH.S,2024-07-22,8.98276904584495,0.1113242469995995,,,0.10555801878020012,9.473463139567501
SRENH.S,2024-07-23,9.06066314622789,0.11036719761691142,,,0.10428602406154754,9.589012612177255
SRENH.S,2024-07-24,9.13382937641298,0.10948310492665653,,,0.1033362711116601,9.677144232536213
SRENH.S,2024-07-25,9.16685786553803,0.10908863371378422,,,0.10301084181230902,9.707716026843569
SRENH.S,2024-07-26,9.23460370404071,0.1082883502150112,,,0.10237837658442775,9.76768760515885
SRENH.S,2024-07-29,9.15960013748056,0.10917507150864121,,,0.102854892711349,9.722434914266943
SRENH.S,2024-07-30,9.31014552040885,0.10740970673421714,,,0.10115451617417356,9.885866077181799
SRENH.S,2024-07-31,9.30743518699677,0.10744098453643597,,,0.10127707411294501,9.873902941595567
SRENH.S,2024-08-02,9.1027190779036,0.10985728455879194,,,0.10434884047064477,9.583240172959261
SRENH.S,2024-08-05,8.77813535896421,0.11391940988683917,,,0.10864339288055448,9.204425354236013
SRENH.S,2024-08-06,8.85039960381095,0.11298924848200116,,,0.10754077676976097,9.298798372462441
SRENH.S,2024-08-07,8.96758470854658,0.11151274646415633,,,0.10604738164412163,9.42974719881197
SRENH.S,2024-08-08,8.97007970450148,0.11148172958799545,,,0.10598894740030072,9.434946044168024
SRENH.S,2024-08-09,9.04783246052994,0.11052370878465947,,,0.10505862946324465,9.51849462637294
SRENH.S,2024-08-12,9.0575875506106,0.11040467391701743,,,0.1050900224699613,9.515651214993676
SRENH.S,2024-08-13,9.10534372146045,0.10982561785592924,,,0.10512258079559715,9.512704049232047
SRENH.S,2024-08-14,9.24048114538254,0.1082194730195082,,,0.10377342784604748,9.636378220863483
SRENH.S,2024-08-15,9.35101516489843,0.10694026074877636,,,0.10216537979938209,9.788051509852538
SRENH.S,2024-08-16,9.51363332252769,0.10511231262529977,,,0.10094064652585957,9.906811917871103
SRENH.S,2024-08-19,9.60242555744213,0.10414035433213788,,,0.1005238615310323,9.947886847654516
SRENH.S,2024-08-20,9.80170667213895,0.10202304899028138,,,0.09888015564339245,10.113252689512974
SRENH.S,2024-08-21,9.81048351255279,0.10193177519950693,,,0.09896903971120023,10.104169980006697
SRENH.S,2024-08-22,10.2491855243866,0.09756872852195235,,,0.09440963949899647,10.592138740352139
SRENH.S,2024-08-23,10.8318832788426,0.09232004945559671,,,0.09304898478497417,10.74702751793465
SRENH.S,2024-08-26,10.6476574917091,0.0939173711005129,,,0.09441381401373089,10.591670408046083
SRENH.S,2024-08-27,10.691997213085,0.09352789568409049,,,0.09421681668027032,10.613816463291815
SRENH.S,2024-08-28,10.8311657243221,0.09232616557185842,,,0.09247360624875688,10.813896424780589
SRENH.S,2024-08-29,10.6890522724544,0.09355366355322181,,,0.09334081973609551,10.71342637473424
SRENH.S,2024-08-30,10.6104951733135,0.09424630836410954,,,0.09377738911231147,10.663551304487276
SRENH.S,2024-09-02,10.6213449197192,0.09415003538237768,,,0.09388487649926264,10.651342764538375
SRENH.S,2024-09-03,10.7509007603138,0.09301546189426567,,,0.09251893868804291,10.808597830675714
SRENH.S,2024-09-04,10.7313817179613,0.09318464539624778,,,0.09301488456336329,10.750967489711643
SRENH.S,2024-09-05,10.7988323644973,0.09260260426744306,,,0.09266701931327916,10.791325839663653
SRENH.S,2024-09-06,10.5830364035689,0.09449084004499612,,,0.09432706232701694,10.601411464857867
SRENH.S,2024-09-09,10.5983895955554,0.0943539573615378,,,0.09377365893738787,10.663975484498202
SRENH.S,2024-09-10,10.6146208494777,0.09420967683920672,,,0.09350336473869801,10.694802297164097
SRENH.S,2024-09-11,10.4824800082281,0.09539727232630653,,,0.09461324842438515,10.569344321785964
SRENH.S,2024-09-12,10.5497444316571,0.09478902607339514,,,0.0945471891605116,10.576729026838782
SRENH.S,2024-09-13,10.6355150010181,0.0940245958850393,,,0.09380236824582859,10.66071165047019
SRENH.S,2024-09-16,10.7160748863848,0.09331775025858954,,,0.09356770037995278,10.687448723643673
SRENH.S,2024-09-17,10.6581143718147,0.09382522696927444,,,0.09391553411863228,10.647865759213161
SRENH.S,2024-09-18,10.6280064123338,0.09409102339640105,,,0.09422451803380053,10.612948952854042
SRENH.S,2024-09-19,10.6505705843627,0.0938916832745292,,,0.0943879904030778,10.594568183193273
SRENH.S,2024-09-20,10.6617554906619,0.09379318451598802,,,0.09429739058243057,10.604747319342254
SRENH.S,2024-09-23,10.6392906174417,0.09399122892278487,,,0.09407333238177491,10.630005068192235
SRENH.S,2024-09-24,10.8401410132751,0.09224972246905053,,,0.09289598199256423,10.76472823205684
SRENH.S,2024-09-25,10.8229503476028,0.09239624759264392,,,0.09264372948365948,10.794038685331426
SRENH.S,2024-09-26,10.8365055163148,0.0922806709685571,,,0.09289391341384792,10.764967943001178
SRENH.S,2024-09-27,10.8947976576698,0.09178692724926493,,,0.09228858920714685,10.835575758509481
SRENH.S,2024-09-30,10.7566308363867,0.09296591239491805,,,0.09323152579935931,10.725985565784573
SRENH.S,2024-10-01,10.6196366183375,0.09416518059320843,,,0.0938656858554164,10.65352040936796
SRENH.S,2024-10-02,10.4925108299796,0.09530607270309047,,,0.0948140745803222,10.546957341790486
SRENH.S,2024-10-03,10.4074571055131,0.0960849504217773,,,0.09546767124734024,10.474750111052492
SRENH.S,2024-10-04,10.4318835786493,0.09585996550485641,,,0.09476952095707886,10.551915741485073
SRENH.S,2024-10-07,10.0584634908878,0.09941876320433272,,,0.0982705780812179,10.175985727625696
SRENH.S,2024-10-08,10.0462800949991,0.09953933103037674,,,0.09844268894196362,10.158194689191646
SRENH.S,2024-10-09,10.1932727374199,0.09810391870796915,,,0.09666117523389361,10.345415287785126
SRENH.S,2024-10-10,10.5278614292578,0.09498605264891852,,,0.09355538908706627,10.688855123774443
SRENH.S,2024-10-11,10.5895545258975,0.09443267868864831,,,0.09302662597292816,10.749610550112951
SRENH.S,2024-10-14,10.6756331644006,0.09367125908134805,,,0.09204098750881234,10.86472480430804
SRENH.S,2024-10-15,10.6099012494137,0.09425158410925454,,,0.09244984603753392,10.816675666436565
SRENH.S,2024-10-16,10.5272912952873,0.0949911968758445,,,0.09292637500059021,10.761207461214845
SRENH.S,2024-10-17,10.5011375112288,0.09522777879355511,,,0.0929005224836563,10.76420210850727
SRENH.S,2024-10-18,10.5268007743186,0.09499562321342878,,,0.09297412596746706,10.75568056805303
SRENH.S,2024-10-21,10.3163255925465,0.09693373779541192,,,0.09442569989752445,10.590337176057478
SRENH.S,2024-10-22,10.1457349450343,0.09856358414817816,,,0.09585373039650612,10.432562153433418
SRENH.S,2024-10-23,10.0620551642983,0.0993832754513364,,,0.09650709084040636,10.361932903497202
SRENH.S,2024-10-24,10.1062054278938,0.09894910677749864,,,0.09649537088987861,10.363191423360702
SRENH.S,2024-10-25,10.0507387552721,0.09949517387221427,,,0.09672315617432914,10.338785866309495
SRENH.S,2024-10-28,10.1604187864316,0.09842114001594278,,,0.09584766601154324,10.433222232866546
SRENH.S,2024-10-29,10.1033694399854,0.09897688151859219,,,0.09644205542902916,10.368920441932005
SRENH.S,2024-10-30,10.045082509519,0.09955119821588047,,,0.09733439848794212,10.273860172094052
SRENH.S,2024-10-31,9.98522383067604,0.10014798035151266,,,0.09817044947246416,10.186364688902541
SRENH.S,2024-11-01,10.0248936860855,0.09975168129593183,,,0.09734127782590013,10.273134094135802
SRENH.S,2024-11-04,9.95354112037834,0.10046675729833017,,,0.09842830061182693,10.159679622466651
SRENH.S,2024-11-05,10.124280371193,0.09877245229649487,,,0.09724009894362824,10.283823349251396
SRENH.S,2024-11-06,9.94723084426752,0.10053049091308554,,,0.09714145152766775,10.29426660065071
SRENH.S,2024-11-07,10.714054140155,0.09333535064491778,,,0.090828079560717,11.009811116082414
SRENH.S,2024-11-08,10.5373244819744,0.09490075034802649,,,0.09161598976395785,10.915125215330093
SRENH.S,2024-11-11,10.8468335370601,0.09219280415646884,,,0.08847076405770234,11.30316902595959
SRENH.S,2024-11-12,10.6488695680395,0.09390668123133976,,,0.08985314765247104,11.129270661365629
SRENH.S,2024-11-13,10.604776816362,0.09429712829572334,,,0.08971685064256579,11.146178146444589
SRENH.S,2024-11-14,10.6116480784622,0.09423606895046187,,,0.08937835813222066,11.18839080172701
SRENH.S,2024-11-15,10.7376693858162,0.09313007916978133,,,0.08842155685310335,11.30945931727171
SRENH.S,2024-11-18,11.032357571229,0.09064245729379496,,,0.08653310735482853,11.556270548560166
SRENH.S,2024-11-19,11.0644467001428,0.09037957587044038,,,0.0862501482511794,11.594182969840007
SRENH.S,2024-11-20,11.1048848066345,0.09005046134315237,,,0.0855138652281573,11.694010057105082
SRENH.S,2024-11-21,11.1822034945721,0.08942781272809114,,,0.0843587109159401,11.8541403625342
SRENH.S,2024-11-22,11.1880376291928,0.08938117953685756,,,0.08386415019678785,11.924046182468823
SRENH.S,2024-11-25,11.3789123284648,0.0878818617398484,,,0.08306655113376328,12.038540018228101
SRENH.S,2024-11-26,11.326693202608,0.08828702094356607,,,0.08338650657312328,11.992347936090598
SRENH.S,2024-11-27,11.3756632173788,0.08790696251206545,,,0.08364502513367165,11.955283633448822
SRENH.S,2024-11-28,11.4806651942741,0.08710296686456312,,,0.08279342065258215,12.078254432755003
SRENH.S,2024-11-29,11.5142745951793,0.08684871910373508,,,0.08272372953109704,12.088429833474633
SRENH.S,2024-12-02,11.6191341686636,0.08606493267776916,,,0.08137308696424145,12.289075384831346
SRENH.S,2024-12-03,11.6287745639717,0.08599358380359377,,,0.08139790684462964,12.285328195340156
SRENH.S,2024-12-04,11.6753414894523,0.08565059967654196,,,0.08108177334831723,12.33322803269391
SRENH.S,2024-12-05,11.7586370725248,0.08504386978118385,,,0.08108949811257833,12.33205314221674
SRENH.S,2024-12-06,11.6490743976083,0.08584373022849888,,,0.08171289900876244,12.237969918222648
SRENH.S,2024-12-09,11.6153773617118,0.08609276899572262,,,0.08182543227899888,12.221139224664476
SRENH.S,2024-12-10,11.3962591043875,0.0877480926714807,,,0.08319328928256033,12.020200290477375
SRENH.S,2024-12-11,11.2994299613451,0.08850003968527265,,,0.0836508572567419,11.954450113174476
SRENH.S,2024-12-12,11.1656759442467,0.08956018471190422,,,0.08443582774309479,11.843313753524264
SRENH.S,2024-12-13,11.6602008089808,0.08576181631707322,,,0.08112481569781174,12.326684398581307
SRENH.S,2024-12-16,11.5809199556801,0.08634892597712235,,,0.08174284910307707,12.233485998744774
SRENH.S,2024-12-17,11.5205054043056,0.08680174739784127,,,0.08200689356218742,12.1940968199421
SRENH.S,2024-12-18,11.2135689744174,0.08917767414472562,,,0.083150898218858,12.026328294950487
SRENH.S,2024-12-19,11.1964114047587,0.08931433151652321,,,0.0833594358647445,11.996242412467351
SRENH.S,2024-12-20,11.2142617513844,0.08917216506708968,,,0.08376489327372476,11.938175540106352
SRENH.S,2024-12-23,11.3060779139345,0.08844800182807172,,,0.08289272492341969,12.063784860780586
SRENH.S,2024-12-27,11.3783113582325,0.08788650341128822,,,0.08254083666142148,12.115215212827943
SRENH.S,2024-12-30,11.3143229981972,0.08838354713395913,,,0.08284869723704259,12.070195831068405
SRENH.S,2025-01-03,11.3869770472314,0.08781962024268218,,,0.06276850141762585,15.931557666903176
SRENH.S,2025-01-06,11.4236781968906,0.08753747985234642,,,0.06306479867283077,15.856706451848464
SRENH.S,2025-01-07,11.558741298003,0.0865146103903865,,,0.06202179650187996,16.123363984945016
SRENH.S,2025-01-08,11.5341578386585,0.0866990042956016,,,0.062027650304428104,16.12184235727225
SRENH.S,2025-01-09,11.3877787804927,0.08781343748203144,,,0.06270332579832295,15.948117380828716
SRENH.S,2025-01-10,11.1787831044758,0.08945517509858623,,,0.06354058778883917,15.737972134019964
SRENH.S,2025-01-13,11.1478018942526,0.08970378281619477,,,0.06371717545398295,15.694355452435394
SRENH.S,2025-01-14,11.3053503560771,0.08845369391515213,,,0.06321583678259764,15.818820898298778
SRENH.S,2025-01-15,11.4430910588907,0.08738897513386917,,,0.06234566461596884,16.03960766413686
SRENH.S,2025-01-16,11.5721954849022,0.08641402586956481,,,0.06170407369319485,16.20638541585119
SRENH.S,2025-01-17,11.5719096754044,0.0864161601715106,,,0.06154335130505673,16.248708898597705
SRENH.S,2025-01-20,11.6615063104797,0.08575221531212845,,,0.06192081957498419,16.14965704368675
SRENH.S,2025-01-21,11.6881653367493,0.08555662682626963,,,0.06186914512367992,16.163145587367392
SRENH.S,2025-01-22,11.8510814228283,0.0843804851491221,,,0.06088972432169641,16.423132328810315
SRENH.S,2025-01-23,11.9089908932814,0.0839701708533644,,,0.060640338098798534,16.49067322762524
SRENH.S,2025-01-24,11.8787587772667,0.08418387970919801,,,0.06124950531700344,16.326662473833736
SRENH.S,2025-01-27,12.0843446696531,0.08275169463771233,,,0.06019612370879965,16.612365354911002
SRENH.S,2025-01-28,12.0589405372429,0.08292602462974208,,,0.05996060655358466,16.677616479852247
SRENH.S,2025-01-29,12.0574114584814,0.08293654101822842,,,0.05992259499125636,16.688195832405384
SRENH.S,2025-01-30,12.0074272528659,0.08328178709234509,,,0.0599988615727955,16.666982902445884
SRENH.S,2025-01-31,11.92906643166,0.08382885666106933,,,0.060230281235187984,16.60294422493541
SRENH.S,2025-02-03,11.8898339563531,0.08410546385012127,,,0.06032400751379356,16.57714799155779
SRENH.S,2025-02-04,11.992938071061,0.08338240338395504,,,0.05999592218588562,16.667799469798894
SRENH.S,2025-02-05,12.1215964146761,0.08249738448553362,,,0.059502376635518835,16.80605139733307
SRENH.S,2025-02-06,12.1575848846245,0.08225317852928864,,,0.05920614611801149,16.89013836514151
SRENH.S,2025-02-07,12.138936761106,0.08237953781949583,,,0.0589884714441943,16.952465041343615
SRENH.S,2025-02-10,12.1475581683962,0.08232107112700712,,,0.05882692788563768,16.999017897790736
SRENH.S,2025-02-11,12.0966652637134,0.08266741107565564,,,0.059384101525233574,16.83952395196345
SRENH.S,2025-02-12,12.0873968030254,0.08273079938516673,,,0.059555503601295946,16.791059424073776
SRENH.S,2025-02-13,12.1731888662458,0.08214774378247193,,,0.05960296912919178,16.777687665734582
SRENH.S,2025-02-14,12.1306458847163,0.08243584138087195,,,0.0599663623509707,16.676015699388387
SRENH.S,2025-02-17,12.1912952816004,0.08202573860295556,,,0.0596167550771922,16.773807945521234
SRENH.S,2025-02-18,12.3112753758948,0.08122635303552526,,,0.058827337746591365,16.998899462485756
SRENH.S,2025-02-19,11.9919469820214,0.0833892946240692,,,0.0602553653906149,16.59603246146368
SRENH.S,2025-02-20,12.0120004419958,0.08325008018679772,,,0.060610805723381414,16.498708242946797
SRENH.S,2025-02-21,12.0063216754386,0.08328945592434905,,,0.06039658838265951,16.557226604658858
SRENH.S,2025-02-24,12.0400960208653,0.08305581602231539,,,0.060273811755896384,16.590953365450183
SRENH.S,2025-02-25,12.1494168266728,0.08230847737519405,,,0.05999960476614769,16.66677645457106
SRENH.S,2025-02-26,12.582273720155,0.07947689123931101,,,0.057769688740541274,17.31011576834455
SRENH.S,2025-02-27,12.5815095928787,0.07948171820065322,,,0.05729927235061217,17.452228605645047
SRENH.S,2025-02-28,12.4509194102527,0.08031535399518776,,,0.057777704555554574,17.307714241891997
SRENH.S,2025-03-03,12.7801773051399,0.07824617578645192,,,0.05689181266353369,17.577221627901768
SRENH.S,2025-03-04,12.7858129027062,0.07821168725129268,,,0.05761467299115926,17.356689677878517
SRENH.S,2025-03-05,12.9377173238552,0.07729338761762485,,,0.05782842342797536,17.29253437534033
SRENH.S,2025-03-06,12.7740963304073,0.07828342405870327,,,0.05853061237715854,17.085076669900825
SRENH.S,2025-03-07,12.8706155276057,0.0776963617517078,,,0.05835596493698938,17.136208801958176
SRENH.S,2025-03-10,12.9577945563,0.07717362670438437,,,0.057963350567343384,17.252280798332613
SRENH.S,2025-03-11,12.7297229747963,0.07855630495493968,,,0.059470168425953075,16.81515331918238
SRENH.S,2025-03-12,13.0049651246396,0.0768937087040218,,,0.058041055640430106,17.22918353165552
SRENH.S,2025-03-13,12.9593059983736,0.07716462595493158,,,0.05806351084445692,17.222520399754053
SRENH.S,2025-03-14,16.8870390050329,0.059217012508940535,,,0.05814184759350306,17.19931583515318
SRENH.S,2025-03-17,17.1134358220671,0.05843361966569796,,,0.05759385575503786,17.362963234364244
SRENH.S,2025-03-18,17.2630129318968,0.057927315697731074,,,0.057209788647896026,17.479526207562323
SRENH.S,2025-03-19,17.241487336486,0.05799963660233797,,,0.057061417723879466,17.524976418199174
SRENH.S,2025-03-20,17.1208453133248,0.05840833099646783,,,0.05720036742202747,17.48240518495178
SRENH.S,2025-03-21,17.0516348615446,0.058645403101800664,,,0.05723627730519691,17.471436771957958
SRENH.S,2025-03-24,17.2680449635731,0.057910435264067105,,,0.056445720938320655,17.716134781814898
SRENH.S,2025-03-25,17.4827685082135,0.05719917869587958,,,0.05570612899367388,17.95134607385055
SRENH.S,2025-03-26,17.5203866757071,0.057076365865061096,,,0.05538570613381391,18.055199974953158
SRENH.S,2025-03-27,17.5238383460173,0.057065123533696215,,,0.05562719640831541,17.976818257382376
SRENH.S,2025-03-28,17.4630841157114,0.057263653623491846,,,0.0559548938408524,17.871537793355706
SRENH.S,2025-03-31,17.2101864570132,0.058105122945515626,,,0.05672492790513149,17.628933820284985
SRENH.S,2025-04-01,17.4669344599778,0.05725103064257281,,,0.055766857710142,17.931797505925026
SRENH.S,2025-04-02,17.4930786528258,0.05716546640224828,,,0.056003868776898405,17.855909276262356
SRENH.S,2025-04-03,17.7051030202497,0.05648089134845919,,,0.05632677819962894,17.7535451513999
SRENH.S,2025-04-04,16.350133139103,0.06116158146800644,,,0.06047016483261886,16.537080769797726
SRENH.S,2025-04-07,15.3152282183286,0.06529448897165263,,,0.06425647835141672,15.562633148536875
SRENH.S,2025-04-08,16.4353056309056,0.06084462452098003,,,0.060162722718336746,16.621588166507866
SRENH.S,2025-04-09,15.4501746350973,0.06472418750066138,,,0.0639693707150249,15.63248143326074
SRENH.S,2025-04-10,17.1505016223575,0.05830733246288224,,,0.058921722483209496,16.971669493962313
SRENH.S,2025-04-11,17.1799234705713,0.05820747698399067,,,0.05967745457520544,16.756746867274668
SRENH.S,2025-04-14,17.6720533467483,0.056586519991690856,,,0.05795959587560852,17.25339842165525
SRENH.S,2025-04-15,17.2265185727326,0.058050034647329926,,,0.05910178388282018,16.91996305869004
SRENH.S,2025-04-16,17.48846473455,0.05718054816009161,,,0.058820374401196245,17.000911846961362
SRENH.S,2025-04-17,17.5475707783686,0.056987945091107946,,,0.05844239435698827,17.1108663668299
SRENH.S,2025-04-22,17.7920240346751,0.056204960045641086,,,0.057928393197112266,17.262691830538294
SRENH.S,2025-04-23,17.716039161838,0.05644602559662959,,,0.05763189924843334,17.351501738460996
SRENH.S,2025-04-24,17.7545132309707,0.056323706935294364,,,0.05788815551778162,17.274691015035504
SRENH.S,2025-04-25,17.7434818603065,0.05635872417110393,,,0.057802368890558474,17.30032902100214
SRENH.S,2025-04-28,17.9206319379321,0.055801603618861675,,,0.05751792332330212,17.38588499412794
SRENH.S,2025-04-29,17.9527690251752,0.05570171367980606,,,0.05723389487841783,17.472164040631927
SRENH.S,2025-04-30,18.1466193957449,0.05510668285876346,,,0.05633388445910954,17.75130562363153
SRENH.S,2025-05-02,18.2640298558378,0.05475242911302875,,,0.05581369187923993,17.91675064540844
SRENH.S,2025-05-05,18.6331442631301,0.05366780753040842,,,0.05480027328053001,18.248084181640202
SRENH.S,2025-05-06,18.7941977813795,0.0532079108473977,,,0.0545900778402872,18.318347208180843
SRENH.S,2025-05-07,18.6883270256344,0.05350933760032774,,,0.05456622796645995,18.32635381384007
SRENH.S,2025-05-08,18.1842602566279,0.054992613715782825,,,0.05572119014580574,17.94649391700533
SRENH.S,2025-05-09,18.2832853794367,0.054694765150070074,,,0.05551787675906213,18.012216215325108
SRENH.S,2025-05-12,17.8141473396783,0.05613515937261012,,,0.05616943205242622,17.803277751974445
SRENH.S,2025-05-13,17.6919096464987,0.056523010798775135,,,0.057052801034417525,17.52762321689942
SRENH.S,2025-05-14,17.8460392641814,0.05603484253265595,,,0.05650949673653449,17.6961406091143
SRENH.S,2025-05-15,18.1666143525649,0.055046030074327665,,,0.055576894370579125,17.993088878484947
SRENH.S,2025-05-16,17.9697109995,0.055649197698717845,,,0.056064829243133225,17.836494171120286
SRENH.S,2025-05-19,17.9435252074533,0.055730409071714886,,,0.05654430419120631,17.68524724645066
SRENH.S,2025-05-20,18.1942072327069,0.054962548640335666,,,0.05596340943741715,17.86881839496004
SRENH.S,2025-05-21,18.0597159687489,0.05537185644173095,,,0.05661522378838466,17.663093653710202
SRENH.S,2025-05-22,18.0158092392712,0.05550680442487042,,,0.056508013222466985,17.696605188773663
SRENH.S,2025-05-23,18.0281376629152,0.05546884646088825,,,0.056889696710166054,17.577875394461408
SRENH.S,2025-05-26,18.2470142239863,0.0548034866266212,,,0.05632121984612251,17.755297252654337
SRENH.S,2025-05-27,18.1921432100416,0.0549687845161655,,,0.05619800759834089,17.79422514668514
SRENH.S,2025-05-28,17.8461645270094,0.056034449222214844,,,0.057105726131520984,17.5113787660608
SRENH.S,2025-05-30,17.9133141173272,0.055824399295980605,,,0.05716860130661395,17.492119400239865
SRENH.S,2025-06-02,18.137671807889,0.05513386781896941,,,0.056929128324104225,17.565700186148685
SRENH.S,2025-06-03,17.6963381826955,0.05650886582727368,,,0.057986668714438576,17.245343148174364
SRENH.S,2025-06-04,17.8112723617374,0.05614422033926244,,,0.057850596025977516,17.285906605887952
SRENH.S,2025-06-05,17.7601102895202,0.05630595664656853,,,0.0581546855165847,17.195519004480172
SRENH.S,2025-06-06,17.87338093976,0.05594912363644994,,,0.05753396193813704,17.381038369567566
SRENH.S,2025-06-10,17.5763005281045,0.056894794123541544,,,0.05865478611729025,17.048907108796364
SRENH.S,2025-06-11,17.5677919736323,0.05692234980360147,,,0.05901215175032537,16.945662382061613
SRENH.S,2025-06-12,17.2149658842569,0.05808899109782731,,,0.060725255621382375,16.46761285345472
SRENH.S,2025-06-13,17.0582971724196,0.058622498476391414,,,0.061118732794258786,16.361595770747645
SRENH.S,2025-06-16,16.9372974776517,0.05904129636498813,,,0.06160304355146081,16.23296419055397
SRENH.S,2025-06-17,16.8543504048124,0.05933186245578894,,,0.06146705497466966,16.26887770061696
SRENH.S,2025-06-18,16.7739960888763,0.05961608639357866,,,0.06176150735971427,16.191314667495938
SRENH.S,2025-06-19,16.7653416044482,0.059646860982222924,,,0.061874358229069074,16.161783792533818
SRENH.S,2025-06-20,17.0012808171472,0.05881909785240516,,,0.061164724138901574,16.349293061946252
SRENH.S,2025-06-23,16.9623271480943,0.05895417481747774,,,0.06159189276495857,16.235903056529043
SRENH.S,2025-06-24,17.1685597325863,0.058246004066490116,,,0.06102086064162336,16.387838347168167
SRENH.S,2025-06-25,17.3347817044804,0.05768748733314231,,,0.060700672137868096,16.474282158337918
SRENH.S,2025-06-26,17.3140004529952,0.05775672714776943,,,0.060982560421689605,16.398130762058507
SRENH.S,2025-06-27,17.4394164896461,0.05734136807809521,,,0.0606468817965875,16.488893911381087
SRENH.S,2025-06-30,17.5435844461321,0.057000894148542924,,,0.07013499725411715,14.25821685537026
SRENH.S,2025-07-01,16.4656035872819,0.060732665808400976,,,0.07484661287117822,13.360658039678345
SRENH.S,2025-07-02,16.3022492825723,0.06134122860389802,,,0.07555200790548852,13.235915599370252
SRENH.S,2025-07-03,16.561017142175,0.06038276462218959,,,0.07410658263989268,13.494077912880103
SRENH.S,2025-07-04,16.591814494466,0.06027068349477617,,,0.07410754971199902,13.493901820884064
SRENH.S,2025-07-07,16.7433819257925,0.059725090452577,,,0.0729939426462084,13.699766908699019
SRENH.S,2025-07-08,16.757890479755,0.05967338199328176,,,0.07303677147253412,13.691733353466418
SRENH.S,2025-07-09,17.0164895061604,0.05876652758713686,,,0.07189564656686091,13.909048012664138
SRENH.S,2025-07-10,16.9904981497793,0.058856426173295555,,,0.07188936912667744,13.910262562436506
SRENH.S,2025-07-11,16.875319435864,0.059258137530408234,,,0.07231150423635416,13.829058191507738
SRENH.S,2025-07-14,16.7841102490779,0.05958016154326314,,,0.0725433522647687,13.784860621690052
SRENH.S,2025-07-15,16.6548046468383,0.060042733685851855,,,0.07270548075692215,13.754121279292852
SRENH.S,2025-07-16,16.8944617898879,0.05919099480271963,,,0.07189008267764856,13.910124494973093
SRENH.S,2025-07-17,16.9863429994853,0.058870823462725375,,,0.07126162284755563,14.03279858135172
SRENH.S,2025-07-18,17.1711785028642,0.05823712098929012,,,0.07067646999009528,14.148980560859105
SRENH.S,2025-07-21,17.5374362037409,0.05702087741802822,,,0.06961722611540608,14.364260913560058
SRENH.S,2025-07-22,17.53932176509,0.057014747399776015,,,0.06995498857773177,14.294906200847015
SRENH.S,2025-07-23,17.7984048416612,0.05618481031846592,,,0.06903648649891393,14.485094052631602
SRENH.S,2025-07-24,17.681006117777,0.05655786742783663,,,0.0694009390599298,14.409026931702897
SRENH.S,2025-07-25,17.6358619820768,0.05670264379570972,,,0.06949527216831865,14.389468071698232
SRENH.S,2025-07-28,17.3676912716132,0.057578176878032156,,,0.06965490952381283,14.356489827298265
SRENH.S,2025-07-29,17.4683551181458,0.057246374557683374,,,0.06899606533270089,14.493580107473854
SRENH.S,2025-07-30,17.0724458924155,0.058573915319553235,,,0.06973384727149334,14.340238479984057
SRENH.S,2025-07-31,17.1875307658448,0.058181714035806006,,,0.06933412890714918,14.422911425615212
SRENH.S,2025-08-04,17.4910874601627,0.057171974142692795,,,0.06905627756564006,14.480942721673204
SRENH.S,2025-08-05,17.6850884919155,0.05654481177502371,,,0.06832167142155303,14.636644262255798
SRENH.S,2025-08-06,18.1374701387885,0.05513448084809888,,,0.06710691972209429,14.901592922775144
SRENH.S,2025-08-07,18.305432915074,0.05462859057414199,,,0.0665253025748964,15.031874509314207
SRENH.S,2025-08-08,17.6844288690571,0.05654692087623625,,,0.06870831391027689,14.554279432702353
SRENH.S,2025-08-11,17.7178910072786,0.056440125948917674,,,0.06843120373435484,14.613216565383393
SRENH.S,2025-08-12,17.6469552959373,0.056666999107218285,,,0.06905515034467789,14.481179101177213
SRENH.S,2025-08-13,17.8629776403469,0.05598170809671236,,,0.06840129300480263,14.619606678046091
SRENH.S,2025-08-14,17.1951345895119,0.05815598562455835,,,0.07070622926030473,14.14302545138567
SRENH.S,2025-08-15,14.9564045380344,0.06686098904699872,,,0.07055498433692002,14.17334309401469
SRENH.S,2025-08-18,14.8918996653124,0.06715060015676128,,,0.070636685809338,14.156949587062908
SRENH.S,2025-08-19,15.0228653369844,0.06656519762166316,,,0.06993689932615663,14.298603593167831
SRENH.S,2025-08-20,15.2902560126808,0.0654011286122784,,,0.06874268808678885,14.547001693292565
SRENH.S,2025-08-21,15.0993475520824,0.0662280271747296,,,0.06933716898840667,14.42227905450253
SRENH.S,2025-08-22,15.1372288444792,0.06606228988634975,,,0.06981914230448243,14.322719629510539
SRENH.S,2025-08-25,14.9605667841405,0.06684238735260263,,,0.07005923533263664,14.273635663479139
SRENH.S,2025-08-26,14.8843313894679,0.06718474440226428,,,0.070563174300463,14.171698055163011
SRENH.S,2025-08-27,14.9131753546834,0.06705480061869959,,,0.07039637272487742,14.205277364335128
SRENH.S,2025-08-28,14.9126233666825,0.06705728263976551,,,0.07067119242232789,14.150037175318122
SRENH.S,2025-08-29,14.9364135287962,0.0669504763022315,,,0.07057099610808727,14.170127320696873
SRENH.S,2025-09-01,14.6695452577835,0.0681684389275401,,,0.0720087906154996,13.887193375314848
SRENH.S,2025-09-02,14.5049367003769,0.06894204508827782,,,0.07238440378165378,13.815130715402196
SRENH.S,2025-09-03,14.4110692598527,0.06939110360019332,,,0.07299946196580463,13.69873110117487
SRENH.S,2025-09-04,14.6113575185531,0.06843991044160185,,,0.07192499939546698,13.90337168446364
SRENH.S,2025-09-05,14.5674742783645,0.06864607967663909,,,0.0725626189313297,13.781200495896643
SRENH.S,2025-09-08,14.7046226969559,0.06800582514823836,,,0.07216147373176912,13.85781010677654
SRENH.S,2025-09-09,14.6545101248672,0.06823837791091376,,,0.0720641060420174,13.876533754778615
SRENH.S,2025-09-10,14.4426679224929,0.0692392849691301,,,0.07303990237760016,13.691146448008936
SRENH.S,2025-09-11,14.5751305404873,0.06861002014507969,,,0.07262320957982145,13.769702630684236
SRENH.S,2025-09-12,14.7868576395884,0.06762762071386491,,,0.07158334689455575,13.969729600280182
SRENH.S,2025-09-15,14.7651155972815,0.0677272042613819,,,0.0718539950985968,13.917110643991576
SRENH.S,2025-09-16,14.4614335022697,0.06914943804451001,,,0.07402449059696381,13.509042641639144
SRENH.S,2025-09-17,14.5285396689546,0.06883004230197039,,,0.07334662799106108,13.63389193736176
SRENH.S,2025-09-18,14.5424445755438,0.06876422975554686,,,0.07311585961162438,13.676923246362467
SRENH.S,2025-09-19,14.4735594361559,0.06909150471320374,,,0.07320156718153313,13.660909711401292
SRENH.S,2025-09-22,14.6082880395424,0.06845429096778165,,,0.0728850950907381,13.720226320004835
SRENH.S,2025-09-23,14.7086596084401,0.06798716039537564,,,0.0724672682446208,13.799333467689111
SRENH.S,2025-09-24,14.56385715094,0.06866312884258527,,,0.07270416276311847,13.754370616413757
SRENH.S,2025-09-25,14.6694402178452,0.06816892704491286,,,0.07173799140760595,13.939615263523757
SRENH.S,2025-09-26,15.0386968643383,0.06649512314935539,,,0.07019271503856092,14.246492665950337
SRENH.S,2025-09-29,15.0716156702408,0.06634988722373804,,,0.07018311482543817,14.248441416247115
SRENH.S,2025-09-30,15.2361028427097,0.06563358165296768,,,0.06947267098564772,14.3941493224953
SRENH.S,2025-10-01,15.1794043897949,0.06587873768435204,,,0.06970844816761496,14.345463516781864
SRENH.S,2025-10-02,15.2074491889182,0.06575724748952037,,,0.06949105406406657,14.390341511844966
SRENH.S,2025-10-03,15.2566147836513,0.06554533978740691,,,0.06942651315439327,14.403719192639887
SRENH.S,2025-10-06,15.7448331102035,0.06351289931119983,,,0.0670909755282042,14.90513429156523
SRENH.S,2025-10-07,15.6307499870761,0.06397645671684501,,,0.0672687373194532,14.865746554020923
SRENH.S,2025-10-08,15.8312892035848,0.06316604965902349,,,0.0662513836751018,15.094024373951513
SRENH.S,2025-10-09,15.5248363005647,0.06441291751099662,,,0.06719277915942883,14.882551555536827
SRENH.S,2025-10-10,15.6008597896791,0.06409903130220808,,,0.06718385288823148,14.884528901068265
SRENH.S,2025-10-13,15.3672203885836,0.06507357704994626,,,0.0679117906600169,14.72498354529106
SRENH.S,2025-10-14,15.4782245434127,0.06460689319987833,,,0.06763992923716748,14.78416685643884
SRENH.S,2025-10-15,15.6303716958379,0.06397800509544395,,,0.06721865871832412,14.876821690097117
SRENH.S,2025-10-16,15.3964213593879,0.06495015800475312,,,0.0684801081369317,14.60278067903188
SRENH.S,2025-10-17,15.0999362183456,0.06622544529592479,,,0.06960912182992147,14.365933281608362
SRENH.S,2025-10-20,15.1965761893885,0.06580429614785746,,,0.0691012421453838,14.471519888109615
SRENH.S,2025-10-21,15.3189922155364,0.06527844560073658,,,0.06830179106428835,14.640904497786307
SRENH.S,2025-10-22,15.4355400958645,0.06478555293753023,,,0.0678561126510481,14.737065843169164
SRENH.S,2025-10-23,15.5010086765365,0.0645119308599366,,,0.06761033959617868,14.790637141785925
SRENH.S,2025-10-24,15.6695082800787,0.06381821191360176,,,0.06692917571794978,14.941167125890798
SRENH.S,2025-10-27,15.6267712610214,0.06399274573720469,,,0.06721614154880505,14.877378810473802
SRENH.S,2025-10-28,15.4185396767648,0.06485698522454529,,,0.06816518329956321,14.670245887923958
SRENH.S,2025-10-29,15.3189909197421,0.06527845112247349,,,0.06830813472626777,14.639544821525506
SRENH.S,2025-10-30,15.3766074120035,0.06503385130450597,,,0.06785227913281086,14.737898457952268
SRENH.S,2025-10-31,15.0364873089664,0.0665048943581185,,,0.06920140159447542,14.450574366398863
SRENH.S,2025-11-03,14.9439487151365,0.06691671786768882,,,0.06953288162221968,14.38168499089564
SRENH.S,2025-11-04,15.0116706837014,0.06661483728694692,,,0.06900302041171917,14.492119243959419
SRENH.S,2025-11-05,15.2458303484861,0.0655917045606702,,,0.06799629752454785,14.706683104899684
SRENH.S,2025-11-06,15.1405463175724,0.06604781485588676,,,0.06880276591443948,14.534299409467959
SRENH.S,2025-11-07,15.081647616544,0.06630575288757162,,,0.06917930220637225,14.455190614916146
SRENH.S,2025-11-10,15.368624261643,0.06506763279363913,,,0.06783496250665821,14.741660687169201
SRENH.S,2025-11-11,15.5993355088819,0.0641052947050612,,,0.06697022586332989,14.932008771192727
SRENH.S,2025-11-12,15.6986792715252,0.0636996261089195,,,0.0666158543941628,15.01144148182876
SRENH.S,2025-11-13,16.0018127664441,0.062492919683262774,,,0.06557358208822048,15.250043815734115
SRENH.S,2025-11-14,15.1262864336398,0.06611007958807855,,,0.0693029569288948,14.429398748829799
SRENH.S,2025-11-17,14.671767270474,0.06815811494041597,,,0.07126606520252421,14.031923849846285
SRENH.S,2025-11-18,14.4663963675407,0.06912571552676189,,,0.07220916116407984,13.848658312588817
SRENH.S,2025-11-19,14.1350672103773,0.07074603785865603,,,0.07362724476361611,13.581928852703225
SRENH.S,2025-11-20,14.0888474548947,0.07097812672054898,,,0.07381088478137425,13.548137283030432
SRENH.S,2025-11-21,14.1318805889213,0.07076199050138811,,,0.07348447602119157,13.60831639748807
SRENH.S,2025-11-24,14.0773801935652,0.07103594463244675,,,0.07382590777018386,13.545380344159765
SRENH.S,2025-11-25,14.1800320215806,0.07052170252352741,,,0.07371289210160357,13.56614794901319
SRENH.S,2025-11-26,14.4144065203387,0.06937503799334381,,,0.07256286806321753,13.78115318056047
SRENH.S,2025-11-27,14.5625590820411,0.06866924929652125,,,0.07183131035666863,13.921505747767032
SRENH.S,2025-11-28,14.5275505709135,0.06883472854688673,,,0.07200440954607819,13.888038334097642
SRENH.S,2025-12-01,14.4925983050545,0.06900073947756047,,,0.07227108110831014,13.836793149687841
SRENH.S,2025-12-02,14.5287169301138,0.06882920252422918,,,0.07217269241817974,13.85565601745665
SRENH.S,2025-12-03,14.2203562174171,0.07032172645402507,,,0.07403545706126136,13.507041621591398
SRENH.S,2025-12-04,14.2180613168437,0.07033307690235734,,,0.07387584324082692,13.536224510360075
SRENH.S,2025-12-05,13.2741427393332,0.07533443173221693,,,0.07912267411956685,12.638602159588821
SRENH.S,2025-12-08,13.3469683459523,0.07492338140618034,,,0.07865066525606684,12.714450624724542
SRENH.S,2025-12-09,13.1284733151164,0.07617031896988197,,,0.07988341431015519,12.518243100093366
SRENH.S,2025-12-10,13.2145638843027,0.07567408268296154,,,0.07983444747611547,12.52592122340642
SRENH.S,2025-12-11,13.3723475180428,0.07478118547627767,,,0.07918972120055098,12.627901510948144
SRENH.S,2025-12-12,13.4780896994599,0.07419449063616726,,,0.07858135273927391,12.725665379137883
SRENH.S,2025-12-15,13.5419738176434,0.0738444789117176,,,0.07829061038616285,12.772923790829722
SRENH.S,2025-12-16,13.5642010926489,0.07372347204008561,,,0.07812283952738296,12.800353981622603
SRENH.S,2025-12-17,13.4035999020528,0.0746068225929996,,,0.0790115712887314,12.656374043565181
SRENH.S,2025-12-18,13.5190279820092,0.0739698150880948,,,0.0782166726969484,12.784997948896574
SRENH.S,2025-12-19,13.5729374012921,0.07367601945211973,,,0.07781935784087655,12.850273090723515
SRENH.S,2025-12-22,13.7319256422243,0.07282299846753465,,,0.07726028900819377,12.943259892464882
SRENH.S,2025-12-23,13.8976607449285,0.07195455539990192,,,0.07655951279891132,13.061734112997385
SRENH.S,2025-12-29,13.8503756096883,0.07220020800739171,,,0.07667800115017534,13.041550183884956
SRENH.S,2025-12-30,13.8465635529136,0.07222008523476423,,,0.07652973976024434,13.066815634455873
AKRBP.OL,2024-01-02,3.87169892908418,0.25828454596198214,3.3194725115088275,0.3012526829286686,0.2865522579743367,3.489764858490694
AKRBP.OL,2024-01-03,3.88430587641826,0.257446254701781,3.3382288667669324,0.2995600481307017,0.28494221978789425,3.509483434025262
AKRBP.OL,2024-01-04,3.97304291241459,0.25169624946040586,3.407629489618634,0.29345913428866216,0.27913901624411946,3.582444380062784
AKRBP.OL,2024-01-05,3.91899047185765,0.255167754854476,3.361857899132784,0.2974545712529841,0.2829394852477142,3.5343246600045863
AKRBP.OL,2024-01-08,3.73779757045438,0.2675372277794157,3.204108405433962,0.31209930297740995,0.2968695883832826,3.3684824553632593
AKRBP.OL,2024-01-09,3.74546661866475,0.2669894306404198,3.2159554916254445,0.31094957707097143,0.2957759664067462,3.3809373092363315
AKRBP.OL,2024-01-10,3.69745496177321,0.27045630314329083,3.163140638073609,0.3161414917703476,0.300714527835818,3.325412999487584
AKRBP.OL,2024-01-11,3.67160396486575,0.2723605295040486,3.1413354775613547,0.3183359456966718,0.3028018975531448,3.3024892118600078
AKRBP.OL,2024-01-12,3.71399595839936,0.2692517738847985,3.1837052284799237,0.3140994307684242,0.2987721146253078,3.3470325744894467
AKRBP.OL,2024-01-15,3.61444331678952,0.2766677776782059,3.0986382750309245,0.3227224061801857,0.3069743090445446,3.2576015990148917
AKRBP.OL,2024-01-16,3.57817459872971,0.279472108587158,3.088400662291172,0.3237921854537281,0.3079918855965195,3.246838786233596
AKRBP.OL,2024-01-17,3.48455162042285,0.28698096883944285,3.005663045270209,0.3327052916239651,0.31647005307312587,3.1598566445367036
AKRBP.OL,2024-01-18,3.46628975079619,0.28849290506378034,2.991830405886989,0.3342435446983599,0.31793324300231895,3.145314376555163
AKRBP.OL,2024-01-19,3.4798150897908,0.28737159136237844,2.997168327640694,0.33364826085266236,0.3173670076132714,3.150926139173714
AKRBP.OL,2024-01-22,3.46307665677214,0.2887605730714834,2.9871394268324374,0.3347684379970171,0.31843252273806527,3.1403827454602533
AKRBP.OL,2024-01-23,3.47844444885547,0.2874848268251157,3.0086876368330446,0.33237082765182085,0.31615191015902155,3.163036400751174
AKRBP.OL,2024-01-24,3.48461912729187,0.2869754092112692,3.005165283315217,0.3327603994203031,0.3165224717381451,3.1593333468825144
AKRBP.OL,2024-01-25,3.57454162045581,0.2797561495094536,3.0932497037341795,0.3232846022074446,0.30750907122315624,3.251936588479727
AKRBP.OL,2024-01-26,3.63501621291777,0.2751019366698549,3.1438417687216496,0.3180821662047643,0.3025605019057232,3.3051240783292877
AKRBP.OL,2024-01-29,3.62063189595638,0.27619488220186844,3.1369061774848763,0.3187854348904323,0.3032294527276099,3.2978326841433074
AKRBP.OL,2024-01-30,3.6098415036681,0.27702047277805997,3.1255245698415717,0.31994629306359557,0.30433366374234266,3.2858671883457093
AKRBP.OL,2024-01-31,3.58608924077495,0.27885530249211005,3.1118588802644895,0.32135133323108983,0.30567014124231345,3.2715004348667196
AKRBP.OL,2024-02-01,3.61348048063966,0.27674149766625544,3.119450492037375,0.3205692805680273,0.3049262509165018,3.2794815041156653
AKRBP.OL,2024-02-02,3.46023899143933,0.2889973792197623,3.0115498484628414,0.33205493859263896,0.31585143574565605,3.1660454467753776
AKRBP.OL,2024-02-05,3.36403356324193,0.29726219468402,2.9395331802266824,0.3401900705617771,0.32358959233902634,3.0903342495400636
AKRBP.OL,2024-02-06,3.4731915700716,0.28791962085160333,3.031265777242157,0.3298951901570964,0.31379707797248957,3.186772822937725
AKRBP.OL,2024-02-07,3.40002485608547,0.2941154968941386,2.9627177554868735,0.3375279329757372,0.3210573608285817,3.11470821730799
AKRBP.OL,2024-02-08,3.33769664883859,0.2996078149726301,2.907059091731501,0.3439902555968962,0.3272043372500031,3.056194206973308
AKRBP.OL,2024-02-09,3.4241454931775,0.2920436651983591,2.9806829359365126,0.3354935836829643,0.31912228301388806,3.133595029954334
AKRBP.OL,2024-02-12,3.47507419729789,0.2877636399181258,3.02811434085292,0.33023852055676767,0.3141236546532371,3.183459714627049
AKRBP.OL,2024-02-13,3.26453151738124,0.3063226667213143,2.8611049278570073,0.3495153184574076,0.33245978999066367,3.0078825473242423
AKRBP.OL,2024-02-14,3.31786033778777,0.3013990639120042,2.9035149496720596,0.3444101433378003,0.3276037354531394,3.0524682467884756
AKRBP.OL,2024-02-15,3.28656855447797,0.3042687177900165,2.8638540666986128,0.34917980340834115,0.33214064728972814,3.0107727198101544
AKRBP.OL,2024-02-16,3.3399169069849,0.2994086463374764,2.909525790039381,0.3436986203811807,0.3269269331493768,3.058787449436257
AKRBP.OL,2024-02-19,3.35810625555782,0.2977868846004959,2.924551740804819,0.3419327434175625,0.3252472268433278,3.07458424689875
AKRBP.OL,2024-02-20,3.31985705122647,0.3012177887691175,2.88429232051651,0.3467054961408777,0.32978708041848426,3.032259477026957
AKRBP.OL,2024-02-21,3.3262268812503,0.30064094714552625,2.886080179311513,0.34649072023998806,0.329582785078242,3.034139054813202
AKRBP.OL,2024-02-22,3.31155973224236,0.30197250868335357,2.871768741460027,0.3482174541295387,0.3312252584005057,3.01909342551055
AKRBP.OL,2024-02-23,3.27595872889415,0.305254150847488,2.8422178409384116,0.35183791530554576,0.334669049555519,2.9880265334608054
AKRBP.OL,2024-02-26,3.30995262546747,0.3021191277197717,2.8640065340971637,0.3491612145763611,0.332122965549187,3.010933008942741
AKRBP.OL,2024-02-27,3.32542531734745,0.3007134139453949,2.878206100093592,0.3474386354637642,0.3304844442604935,3.025861027249388
AKRBP.OL,2024-02-28,3.29293698699411,0.3036802720336381,2.8521885858306946,0.35060795242217546,0.3334991059784932,2.998508787800134
AKRBP.OL,2024-02-29,3.26059760456717,0.3066922451882086,2.832807704076672,0.35300666492854693,0.3357807669358301,2.9781336469194097
AKRBP.OL,2024-03-01,3.34954084204679,0.2985483823475143,2.9009332695208463,0.3447166505023303,0.32789528578632454,3.049754123795661
AKRBP.OL,2024-03-04,3.30553418381266,0.30252296433570164,2.858352936108602,0.34985182808159887,0.33277987873379017,3.0049893755744703
AKRBP.OL,2024-03-05,3.2988152291481,0.30313913648878243,2.8522642857711635,0.35059864718308564,0.3334902548132642,2.9985883712252512
AKRBP.OL,2024-03-06,3.36945574613586,0.29678383553391796,2.902115711071436,0.3445761987315139,0.3277616877327819,3.050997225811461
AKRBP.OL,2024-03-07,3.36923249614377,0.29680350084018914,2.888958245990484,0.3461455358130828,0.3292544448424438,3.0371647692668935
AKRBP.OL,2024-03-08,3.36958469013785,0.2967724784976661,2.8916321628779253,0.3458254520881868,0.3289499804532205,3.039975860835196
AKRBP.OL,2024-03-11,3.32269544416,0.300960475254393,2.854262911613766,0.35035314929507033,0.3332567366468709,3.000689528624986
AKRBP.OL,2024-03-12,3.34645203475243,0.2988239453651634,2.8752042515870735,0.34780137774490755,0.330829485568391,3.0227051808333276
AKRBP.OL,2024-03-13,3.39231699212314,0.2947837723661941,2.9087521145022266,0.3437900380078037,0.32701388981005547,3.057974083549923
AKRBP.OL,2024-03-14,3.39119633192224,0.2948811870863188,2.925137752121373,0.3418642418719523,0.3251820680126135,3.0752003211973267
AKRBP.OL,2024-03-15,3.35969600494404,0.2976459770551938,2.8963899309935326,0.3452573803337921,0.32840962926918693,3.044977707338574
AKRBP.OL,2024-03-18,3.37103619608552,0.29664469374764046,2.91043760425193,0.3435909426606759,0.3268245098492978,3.0597460406537764
AKRBP.OL,2024-03-19,3.41769294100765,0.2925950391860442,2.952355383799537,0.3387126107809721,0.3221842291331607,3.1038142453170603
AKRBP.OL,2024-03-20,3.42582904896774,0.291900146127057,2.9450110641908176,0.3395572981573038,0.3229876977450172,3.096093154574112
AKRBP.OL,2024-03-21,2.98013986899087,0.3355547202348655,2.9558977602876655,0.3383066943095761,0.32179812043432343,3.1075383493549413
AKRBP.OL,2024-03-22,2.94237941565734,0.33986099640266676,2.9333091064189194,0.34091190656031234,0.324276204432427,3.0837908743574833
AKRBP.OL,2024-03-25,3.00946660924083,0.3322847965581052,2.991599000085957,0.3342693990642687,0.31795783573576114,3.14507109939901
AKRBP.OL,2024-03-26,2.95782734785105,0.338085994345319,2.9418912245557225,0.33991739451584163,0.3233302222451292,3.092813263963494
AKRBP.OL,2024-03-27,2.92826455552021,0.34149919894186226,2.9135601474745476,0.3432227067173446,0.32647424295705374,3.063028773548747
AKRBP.OL,2024-04-02,3.02430966600917,0.33065397080173464,3.125933544423679,0.31990443359996884,0.2998600707698465,3.334888828087873
AKRBP.OL,2024-04-03,3.09358890022679,0.32324915567375173,3.177742881759322,0.3146887703659527,0.29497120715246966,3.390161397966898
AKRBP.OL,2024-04-04,3.07799369756872,0.3248869550284951,3.1617234474276907,0.3162831970056009,0.2964657312502536,3.373071132986621
AKRBP.OL,2024-04-05,3.11567494041705,0.32095774402773375,3.200429721951868,0.31245804060028637,0.2928802489938911,3.4143647563644963
AKRBP.OL,2024-04-08,3.10781827625904,0.3217691354861731,3.1856144026242093,0.31391118748591523,0.29424234555210654,3.3985590963246075
AKRBP.OL,2024-04-09,3.15799606535565,0.31665650599453204,3.237926958500334,0.30883957940272877,0.2894885109721106,3.454368522750598
AKRBP.OL,2024-04-10,3.14340844226457,0.31812601460075657,3.256906057814988,0.3070398661332239,0.2878015629598985,3.4746162936555605
AKRBP.OL,2024-04-11,3.1602875123381,0.3164269061267031,3.2798816185625084,0.30488905280620326,0.28578551388800844,3.499127672341967
AKRBP.OL,2024-04-12,3.24699320382609,0.3079772383944787,3.3958158578093522,0.29448004305071535,0.2760287050598186,3.6228116194773605
AKRBP.OL,2024-04-15,3.12628745698688,0.3198682186966266,3.2757363922931835,0.3052748695996105,0.28614715642504124,3.4947053554311966
AKRBP.OL,2024-04-16,3.05296726287286,0.3275501877013231,3.2004402534904757,0.31245701240926976,0.292879285226596,3.4143759918913896
AKRBP.OL,2024-04-17,3.04665829222227,0.32822847332530614,3.1776520794143623,0.314697762690338,0.2949796360416744,3.3900645258736475
AKRBP.OL,2024-04-18,3.01263991176143,0.3319347911763275,3.150419448565035,0.3174180506203654,0.2975294779492495,3.361011510162274
AKRBP.OL,2024-04-19,3.0084690405772,0.33239497781507554,3.1428099123769044,0.3181865998518825,0.298249871925536,3.3528933090360886
AKRBP.OL,2024-04-22,2.98450573514422,0.3350638560430433,3.1177765439651592,0.32074139563838316,0.3006445909881073,3.3261865670470594
AKRBP.OL,2024-04-23,2.97924685829096,0.335655300673422,3.0992184169495993,0.3226619958538606,0.3024448514910727,3.3063879086383356
AKRBP.OL,2024-04-24,2.95574071223615,0.33832466963702484,3.0753249454831817,0.3251688903537588,0.3047946706345339,3.280897260828608
AKRBP.OL,2024-04-25,3.14991780641077,0.3174686012329534,3.131296063738961,0.31935657939860795,0.2993465436588179,3.340609808876752
AKRBP.OL,2024-04-26,3.15115486201407,0.31734397190522307,3.1433815094936426,0.31812874033260025,0.29819563773018154,3.353503114974596
AKRBP.OL,2024-04-29,3.09855574944941,0.3227310014279048,3.0831128248303634,0.3243475204495707,0.304024765588749,3.289205726591001
AKRBP.OL,2024-04-30,2.98804036077658,0.3346675008566832,2.9882224011881156,0.3346471131474018,0.3136790131417365,3.18797228410097
AKRBP.OL,2024-05-02,2.9763993099437,0.33597642515879883,2.959914456146554,0.3378476016167973,0.31667896749726404,3.1577720740441646
AKRBP.OL,2024-05-03,2.96944164478576,0.33676364772345885,2.9439374469002635,0.33968113047134274,0.3183976122997002,3.140727070084695
AKRBP.OL,2024-05-06,3.06162096528136,0.3266243638059556,3.0325168009053223,0.32975909637218226,0.3090972665255752,3.2352275749331434
AKRBP.OL,2024-05-07,3.03848289331397,0.3291116109952273,3.014070886192354,0.331777200257984,0.31098892137764467,3.215548629739338
AKRBP.OL,2024-05-08,3.00778444892666,0.3324706331123077,2.985575952761391,0.3349437481485237,0.31395706178091326,3.185148931919308
AKRBP.OL,2024-05-10,3.10903436063674,0.3216432769804438,3.079181040667804,0.32476167746964396,0.3044129726290577,3.2850111194786358
AKRBP.OL,2024-05-13,3.10769945565223,0.3217814380928044,3.072456235399583,0.32547249606956463,0.3050792532219141,3.277836789749193
AKRBP.OL,2024-05-14,3.09169266699976,0.3234474146391853,3.0481564529745175,0.32806714990766256,0.3075113329363457,3.251912670831544
AKRBP.OL,2024-05-15,3.05946373921015,0.3268546664515024,2.9986300728794784,0.33348561699700935,0.31259029325768717,3.199075664117437
AKRBP.OL,2024-05-16,3.01755331867806,0.331394310022692,2.962187492167075,0.33758835409450083,0.3164359637367108,3.1601970527978476
AKRBP.OL,2024-05-21,3.02953173483204,0.33008401546103655,2.9769511270741753,0.335914147499904,0.31486665848423134,3.175947573534784
AKRBP.OL,2024-05-22,2.96938012657944,0.33677062463267177,2.9267428515924006,0.3416767549140553,0.3202681962109263,3.122383089644678
AKRBP.OL,2024-05-23,3.01914653776827,0.3312194315480932,2.9779843384814924,0.33579760211563475,0.3147574155244476,3.177049850704244
AKRBP.OL,2024-05-24,3.01816505900408,0.3313271409781595,2.968228214910512,0.3369013187653931,0.3157919762180338,3.1666415720124728
AKRBP.OL,2024-05-27,3.08910021781941,0.32371885969627046,3.034365535690552,0.3295581854716864,0.30890894416891795,3.237199889729249
AKRBP.OL,2024-05-28,3.09078802967144,0.32354208389577044,3.0368475702910356,0.3292888354960026,0.3086564709478918,3.239847837723845
AKRBP.OL,2024-05-29,3.04245715262683,0.32868170358179377,3.004611505023516,0.33282173030625245,0.3119680039451157,3.205456929409752
AKRBP.OL,2024-05-30,3.07231635683978,0.32548731440814627,3.0251208183613714,0.3305653096333765,0.3098529646033937,3.2273372025986014
AKRBP.OL,2024-05-31,3.13359132887584,0.31912265992858263,3.0828810438521397,0.32437190594628784,0.3040476231549574,3.288958452046019
AKRBP.OL,2024-06-03,3.10820038658047,0.32172957841375344,3.040795157888399,0.32886134977090137,0.3082557703438433,3.2440593046629815
AKRBP.OL,2024-06-04,2.96983998077179,0.33671847859631954,2.911865327707249,0.3434224757871554,0.32190453484700376,3.106511066938788
AKRBP.OL,2024-06-05,2.96798903861473,0.3369284680602247,2.912709572789082,0.343322935229153,0.3218112312361993,3.1074117461923865
AKRBP.OL,2024-06-06,2.9661039827233,0.33714259709865585,2.905513259379331,0.3441732701690089,0.3226082864453891,3.099734390019394
AKRBP.OL,2024-06-07,2.95019093237541,0.3389611123219162,2.9134930001488994,0.343230616977248,0.32172469740095994,3.1082475423194427
AKRBP.OL,2024-06-10,2.97281153926094,0.33638190204569995,2.9459150032470274,0.33945310672500273,0.3181838759161639,3.142836817612603
AKRBP.OL,2024-06-11,2.97248701106489,0.33641862732370736,2.952187715766909,0.3387318477951946,0.3175078091567823,3.1495288341276977
AKRBP.OL,2024-06-12,3.0343965194651,0.3295548204017446,2.9947093180691713,0.3339222254281249,0.31299954496320365,3.194892823622349
AKRBP.OL,2024-06-13,2.93269413090532,0.3409833945728602,2.9137300686600156,0.3432026908586924,0.3216985210588811,3.108500457846271
AKRBP.OL,2024-06-14,2.91928065529302,0.34255014096944575,2.9098997825957347,0.34365444678921697,0.3221219711616917,3.104414133545836
AKRBP.OL,2024-06-17,2.92817033317921,0.34151018766530133,2.90951660026215,0.34369970596142985,0.3221643945142855,3.1040053371126266
AKRBP.OL,2024-06-18,3.01285932039014,0.3319106183392952,2.9925413919869697,0.3341641330935864,0.3132262953363334,3.1925799809566713
AKRBP.OL,2024-06-19,3.01748202089309,0.3314021402864989,2.996038686477627,0.3337740612340613,0.31286066434433396,3.1963110546214324
AKRBP.OL,2024-06-20,3.09452397820835,0.3231514788839912,3.0845799752411796,0.32419324771172814,0.3038801591712451,3.290770949729797
AKRBP.OL,2024-06-21,3.04618866531296,0.3282790758783359,3.0389666513378546,0.32905922135070703,0.30844124381558097,3.242108570272485
AKRBP.OL,2024-06-24,3.07848426153584,0.32483518350069623,3.059431139296387,0.3268581492669195,0.3063780850672429,3.2639410216971725
AKRBP.OL,2024-06-25,3.06881969215918,0.3258581801188891,3.0552597035933053,0.32730441828689566,0.30679639205475906,3.259490743364131
AKRBP.OL,2024-06-26,3.07509711453874,0.3251929817995353,3.0712503309603263,0.3256002905133811,0.305199040405028,3.276550275757438
AKRBP.OL,2024-06-27,3.10617924348271,0.3219389229060652,3.095601459925539,0.3230389999958373,0.3027982335540269,3.302529173511756
AKRBP.OL,2024-06-28,3.11336091507652,0.3211962979163378,3.099604115184451,0.3226218455128396,0.3024072168638678,3.3067993891500342
AKRBP.OL,2024-07-01,3.15439867732161,0.3170176322953245,2.622474367475166,0.3813192656532113,0.3600809974738737,2.777152937854092
AKRBP.OL,2024-07-02,3.18202728928701,0.3142650609461202,2.6439668278002064,0.37821957124628713,0.3571539461695099,2.7999130647303194
AKRBP.OL,2024-07-03,3.18111347142132,0.31435533783496267,2.632927207014937,0.3798054110025104,0.3586514597039393,2.7882223059275515
AKRBP.OL,2024-07-04,3.17006214991195,0.3154512286226866,2.617950502211353,0.38197819216036033,0.3607032238739761,2.7723622463362956
AKRBP.OL,2024-07-05,3.123466591772,0.32015709808910797,2.573279966634287,0.3886090953826321,0.36696480691342265,2.7250569568539804
AKRBP.OL,2024-07-08,3.04706344657479,0.3281848302581628,2.5135719774646255,0.3978402086614102,0.37568177659373037,2.6618272759112815
AKRBP.OL,2024-07-09,3.02724353940619,0.33033351528637017,2.4995463689320423,0.40007259414325674,0.3777898253168189,2.6469744100741424
AKRBP.OL,2024-07-10,2.97037513950306,0.33665781358757896,2.4485073703779525,0.40841208488812497,0.3856648329975659,2.5929250334481795
AKRBP.OL,2024-07-11,2.9583215978954,0.3380295099462536,2.4307278274034556,0.41139941244191736,0.3884857759245094,2.5740968189124125
AKRBP.OL,2024-07-12,3.04371009085844,0.3285464023013975,2.4914864153169476,0.40136682819231334,0.3790119746528903,2.6384390649288267
AKRBP.OL,2024-07-15,2.49616143908663,0.40061511420748086,2.4504306092017085,0.4080915396032275,0.38536214106375394,2.594961708588185
AKRBP.OL,2024-07-16,2.4730783847551,0.4043543488812735,2.4270827983068304,0.4120172582071016,0.38906920964908304,2.5702367990053485
AKRBP.OL,2024-07-17,2.46569352375247,0.4055654080147511,2.411001651894301,0.41476537322747564,0.39166426341856564,2.5532071557197837
AKRBP.OL,2024-07-18,2.46422389735337,0.4058072811784764,2.4186301712547,0.41345717583653363,0.39042892845426436,2.5612856197901896
AKRBP.OL,2024-07-19,2.44051135010027,0.409750194343048,2.3995323191688698,0.4167478770806353,0.3935363481235402,2.541061339742058
AKRBP.OL,2024-07-22,2.43084790490772,0.4113790903910799,2.3874054979693025,0.4188647470446841,0.3955353151751291,2.5282192553583624
AKRBP.OL,2024-07-23,2.3975719841465,0.41708862407982517,2.3629548731447945,0.42319894102299394,0.399628108357979,2.5023264857641587
AKRBP.OL,2024-07-24,2.4156460539995,0.41396793141293825,2.3834030326299454,0.41956814953640414,0.3961995403891649,2.5239807169330772
AKRBP.OL,2024-07-25,2.39366949232648,0.4177686197721765,2.3606446551503164,0.4236130998446795,0.40001919985284384,2.499880006679361
AKRBP.OL,2024-07-26,2.38899488347292,0.4185860785713714,2.3531986228383275,0.4249535038371911,0.4012849476136219,2.4919947930936406
AKRBP.OL,2024-07-29,2.39200973374228,0.41805849946752016,2.3644565597242306,0.42293016375679626,0.3993743011291603,2.503916744699588
AKRBP.OL,2024-07-30,2.37912918549028,0.42032185813984063,2.3525894526878295,0.42506353960632687,0.40138885474100117,2.491349692918745
AKRBP.OL,2024-07-31,2.47691583839904,0.40372788792305203,2.447033702149187,0.40865804141631457,0.3858970905307761,2.591364445439497
AKRBP.OL,2024-08-01,2.43792878446615,0.4101842540978804,2.416103986736931,0.4138894706061679,0.3908371457825599,2.5586104360621458
AKRBP.OL,2024-08-02,2.35757080468071,0.4241654155262717,2.31140391489505,0.4326374951413048,0.40854096508398674,2.4477349530772825
AKRBP.OL,2024-08-05,2.26737124081167,0.4410393772314152,2.2140473665211498,0.45166152049008,0.42650541283309545,2.3446361286658055
AKRBP.OL,2024-08-06,2.29926146047147,0.4349222640364473,2.2496874117096564,0.44450619885899934,0.41974861981936384,2.382378292108128
AKRBP.OL,2024-08-07,2.37839108655584,0.4204522988892062,2.329044026226181,0.4293607114075596,0.4054466877640814,2.4664155120237985
AKRBP.OL,2024-08-08,2.39212744415887,0.41803792788792,2.343134938464895,0.4267786645933204,0.4030084527307621,2.4813375333049654
AKRBP.OL,2024-08-09,2.39658696790267,0.4172600508109797,2.3479388379579302,0.42590547242266696,0.40218389458194564,2.486424776008151
AKRBP.OL,2024-08-12,2.44293439318444,0.4093437804919801,2.3900536275212527,0.4184006536443743,0.39509707029857416,2.5310235766726943
AKRBP.OL,2024-08-13,2.42071537619119,0.41310102370375457,2.355164448164711,0.4245988006397012,0.40095000025411703,2.494076566569928
AKRBP.OL,2024-08-14,2.45914101912708,0.40664605739241805,2.3882102257104796,0.4187236070067933,0.39540203618766256,2.52907144748589
AKRBP.OL,2024-08-15,2.47201805850316,0.40452778917218485,2.4096778812729047,0.41499322700831415,0.3918794264697752,2.5518053065669877
AKRBP.OL,2024-08-16,2.50729448837959,0.3988362773637644,2.4314353280618786,0.4112797031690372,0.38837273407672207,2.574846049317284
AKRBP.OL,2024-08-19,2.53922522887712,0.3938209138077183,2.4497455617906168,0.4082056584150152,0.3854699038213148,2.594236255766291
AKRBP.OL,2024-08-20,2.48303653749609,0.40273269639777687,2.3858444996980963,0.41913879975268276,0.3957941040204491,2.5265661864137674
AKRBP.OL,2024-08-21,2.48159496341049,0.402966646348156,2.3801865557029385,0.4201351350397284,0.396734946606421,2.5205745260249164
AKRBP.OL,2024-08-22,2.45144551795326,0.40792258799000825,2.3593176640892883,0.423851359747271,0.4002441894379797,2.498474747139224
AKRBP.OL,2024-08-23,2.51311289463517,0.39791288411067205,2.401816156048956,0.4163516002178216,0.39316214261941335,2.5434798817037034
AKRBP.OL,2024-08-26,2.54803924985515,0.39245863267484893,2.4415176764683917,0.4095813065938891,0.38676893277956764,2.585523073979504
AKRBP.OL,2024-08-27,2.55844889057,0.39086182400822117,2.446430351311809,0.4087588266977584,0.38599226239315537,2.5907255078119737
AKRBP.OL,2024-08-28,2.5156439798965,0.3975125287963612,2.419354770795524,0.4133333449360895,0.39031199454043836,2.562052957602344
AKRBP.OL,2024-08-29,2.52540143940389,0.3959766492554331,2.4381644018341206,0.410144615042261,0.38730086674211645,2.581972016772811
AKRBP.OL,2024-08-30,2.44016715842386,0.4098079906320495,2.3622679752207216,0.42332199838867296,0.39974431182046377,2.501599073282443
AKRBP.OL,2024-09-02,2.40550073765212,0.4157138612961085,2.3236660706427457,0.4303544354475131,0.40638506454110457,2.4607203543004545
AKRBP.OL,2024-09-03,2.29718724107499,0.4353149722057662,2.224663217431225,0.4495062408388629,0.4244701753915339,2.3558781228329972
AKRBP.OL,2024-09-04,2.29977540042907,0.4348250702279143,2.21932396919014,0.4505876626768074,0.4254913654786117,2.350223955485337
AKRBP.OL,2024-09-05,2.2753134108173,0.43949989273820383,2.190194112318258,0.45658053520266684,0.4311504540986141,2.31937596375876
AKRBP.OL,2024-09-06,2.19146876805433,0.456314967649682,2.114618660712986,0.4728985034411972,0.4465595634967742,2.239342926998413
AKRBP.OL,2024-09-09,2.13550624056039,0.46827304037172207,2.0697766194442075,0.48314392510073273,0.4562343478127108,2.1918560160895884
AKRBP.OL,2024-09-10,2.10295514925287,0.4755213159706597,2.0409936760206304,0.48995742208752047,0.4626683547257529,2.161375399432172
AKRBP.OL,2024-09-11,2.11020631990646,0.47388731166549036,2.049520642582535,0.48791896954984176,0.46074343749972846,2.1704053028440353
AKRBP.OL,2024-09-12,2.15770759582315,0.4634548267502887,2.083748995215822,0.4799042506059738,0.4531751128654135,2.2066525093953815
AKRBP.OL,2024-09-13,2.20415385634875,0.453688837156101,2.128202517019123,0.46988009458829827,0.44370927040005886,2.25372798521513
AKRBP.OL,2024-09-16,2.21019639109463,0.45244848106223556,2.12330578783222,0.47096372351574745,0.44473254464878925,2.248542437544597
AKRBP.OL,2024-09-17,2.18161763138402,0.4583754667244779,2.099443539803021,0.4763166910855933,0.4497873689800322,2.223272748338102
AKRBP.OL,2024-09-18,2.17917205640589,0.45888987841065687,2.0961345810019236,0.477068604784915,0.45049740348196526,2.2197686207974625
AKRBP.OL,2024-09-19,2.22361574433017,0.4497179886182334,2.130656796501142,0.46933884501818873,0.4431981667065383,2.256327022810421
AKRBP.OL,2024-09-20,2.21969856587312,0.4505116214311961,2.1267134705816795,0.4702090873231216,0.44401993928775435,2.2521511119615143
AKRBP.OL,2024-09-23,2.2694493394154,0.44063552450022764,2.1841610898654276,0.4578416878864978,0.432341364596102,2.3129871020650796
AKRBP.OL,2024-09-24,2.27835473166442,0.4389132149186725,2.1793794694192727,0.45884620555155753,0.4332899338277,2.3079234524697156
AKRBP.OL,2024-09-25,2.20413874572823,0.45369194745025354,2.117486289836954,0.4722580754357563,0.44595480529077514,2.242379694390717
AKRBP.OL,2024-09-26,2.1038996077442,0.4753078503932036,2.0132229431655944,0.496715976437065,0.4690504791313905,2.131966695464946
AKRBP.OL,2024-09-27,2.17707152658072,0.4593326345922069,2.0856858555127764,0.47945859025550375,0.45275427437655374,2.2087036094292163
AKRBP.OL,2024-09-30,2.18429961187376,0.4578126528815198,1.915816104209249,0.5219707662979214,0.49770498284743164,2.0092223997414624
AKRBP.OL,2024-10-01,2.23131147715007,0.44816692346209075,1.968903141953139,0.5078970004629108,0.4842854891980231,2.0648977148912726
AKRBP.OL,2024-10-02,2.33344209817022,0.4285514522876547,2.0631246071642555,0.4847016978652056,0.46216850789002495,2.1637129811491924
AKRBP.OL,2024-10-03,2.31374245229808,0.43220022133698127,2.0483054633637545,0.48820843271969144,0.4655122189238453,2.148171324722184
AKRBP.OL,2024-10-04,2.35608540049869,0.4244328324382213,2.0962364967854805,0.47704541044556364,0.4548681519220196,2.198439252725337
AKRBP.OL,2024-10-07,2.35820362061799,0.4240515921767351,2.09848956490045,0.4765332250043564,0.4543797773564493,2.200802169977573
AKRBP.OL,2024-10-08,2.25504583273584,0.44344996695113376,2.005613710386914,0.4986005005954434,0.475421172255726,2.1033981201453655
AKRBP.OL,2024-10-09,2.20709124575909,0.4530850285059545,1.9703130748581756,0.5075335553320534,0.48393894018742833,2.0663763895765497
AKRBP.OL,2024-10-10,2.28003492353469,0.4385897731994916,2.0361660724013144,0.49111907597039406,0.46828754992454874,2.1354400734359085
AKRBP.OL,2024-10-11,2.29191330081362,0.43631667901443044,2.046415852212242,0.48865923263786654,0.4659420617043794,2.1461895849069275
AKRBP.OL,2024-10-14,2.25661126094662,0.4431423423724796,2.0200517999066947,0.4950368104650532,0.47202315372721954,2.1185401438546725
AKRBP.OL,2024-10-15,2.17332488669954,0.46012448765477604,1.9488920587721226,0.5131120502538445,0.48925809769323525,2.043910984232702
AKRBP.OL,2024-10-16,2.16531186037667,0.4618272398997729,1.9469082498581534,0.5136348875571601,0.4897566289288517,2.041830454009583
AKRBP.OL,2024-10-17,2.16199616580349,0.46253551038484725,1.9493107785375037,0.5130018317296041,0.4891530030935794,2.0443501188291613
AKRBP.OL,2024-10-18,2.14242167618834,0.4667615209061627,1.925427243477743,0.5193652491349302,0.49522059299527443,2.019302133523236
AKRBP.OL,2024-10-21,2.16220690849734,0.46249042867732115,1.9523724222522574,0.5121973597877395,0.48838593006980124,2.0475610340721278
AKRBP.OL,2024-10-22,2.17053331802339,0.4607162634622243,1.9631550070681552,0.5093841272846994,0.4857034813100714,2.0588693276456125
AKRBP.OL,2024-10-23,2.11912635445431,0.47189257870256024,1.9195154022577767,0.5209648220711216,0.49674580373919114,2.0131020583820267
AKRBP.OL,2024-10-24,2.13467784504677,0.4684547611342687,1.9253886529609479,0.5193756587596773,0.4952305186892799,2.0192616615120706
AKRBP.OL,2024-10-25,2.16865622773417,0.46111503852540436,1.9621984862425532,0.509632438823718,0.4859402491489019,2.057866171306958
AKRBP.OL,2024-10-28,2.08624073626567,0.4793310678948684,1.8843081973597915,0.5306987473711335,0.5060272107398983,1.9761783136875763
AKRBP.OL,2024-10-29,2.09427444021822,0.47749233853792417,1.8905212694128724,0.5289546413358067,0.5043641860641065,1.9826943062783138
AKRBP.OL,2024-10-30,2.18072867475322,0.4585623198232875,1.9618348423218739,0.5097269038287028,0.4860303225911706,2.0574847977976063
AKRBP.OL,2024-10-31,1.96556332598659,0.5087600011554257,1.9499286123431134,0.5128392873820952,0.48899801523427466,2.044998075341694
AKRBP.OL,2024-11-01,1.95200281523346,0.5122943431208113,1.945243068925558,0.5140745729798916,0.4901758739132616,2.0400840865883856
AKRBP.OL,2024-11-04,1.92136776889567,0.5204625664012061,1.9071425455065778,0.5243446549688181,0.4999685123332128,2.0001259585994338
AKRBP.OL,2024-11-05,1.92220669270169,0.520235416824236,1.8987193876865547,0.5266707689852075,0.5021864881498277,1.991292126724145
AKRBP.OL,2024-11-06,1.85126340738629,0.5401716449480585,1.8630807865825034,0.5367453774424487,0.5117927403638522,1.9539159529481864
AKRBP.OL,2024-11-07,1.90756468026808,0.5242286200536408,1.906231139917168,0.5245953541832568,0.5002075568473496,1.9991701171063556
AKRBP.OL,2024-11-08,1.8733189168849,0.5338119371916008,1.8870366828505596,0.5299314046663889,0.5052955408603543,1.979039827458846
AKRBP.OL,2024-11-11,1.86774318254286,0.5354055147124342,1.892712551773943,0.5283422456636382,0.5037802599188257,1.9849924253902496
AKRBP.OL,2024-11-12,1.82448714515986,0.5480992303250132,1.854275500190189,0.5392941878903281,0.5142230597268308,1.9446813616861658
AKRBP.OL,2024-11-13,1.80305895209047,0.5546130362740487,1.8429121320424866,0.5426194676420666,0.517393751284023,1.9327639684829718
AKRBP.OL,2024-11-14,1.86443778309004,0.5363547172610086,1.9116260484747845,0.5231148638081506,0.4987958926616851,2.0048280563494196
AKRBP.OL,2024-11-15,1.9100656819072,0.5235422056279763,1.9563671961140472,0.5111514862783993,0.4873886779426002,2.0517505745543194
AKRBP.OL,2024-11-18,1.89148960412608,0.5286838467515804,1.9267420939623545,0.5190108230539019,0.4948826437498959,2.0206810900108687
AKRBP.OL,2024-11-19,1.90844212133989,0.5239875963845916,1.9447317186280413,0.5142097444193868,0.49030476139761836,2.039547805225245
AKRBP.OL,2024-11-20,1.91655963758244,0.5217682666329163,1.962646112568573,0.5095162054922221,0.4858294193630347,2.0583356218136983
AKRBP.OL,2024-11-21,1.94015465053344,0.5154228296827023,2.000088803485198,0.4999778001144142,0.47673444280213095,2.0976038444427036
AKRBP.OL,2024-11-22,1.92836770499168,0.5185732977229643,1.9986181920598294,0.5003456908242055,0.47708523072212733,2.096061532834242
AKRBP.OL,2024-11-25,1.90478084779742,0.5249947788777607,1.9596943507883755,0.51028365703953,0.48656119302518536,2.0552399458380934
AKRBP.OL,2024-11-26,1.86643801904511,0.5357799132872416,1.9216969946767877,0.5203734005777488,0.49618187670875513,2.015390015115308
AKRBP.OL,2024-11-27,1.90839621099612,0.5240002019696073,1.9503922344787983,0.5127173818281886,0.48888177692068535,2.0454843015395046
AKRBP.OL,2024-11-28,1.89306414573967,0.5282441180086234,1.9367461780934558,0.5163299204154908,0.4923263730009986,2.031172926821801
AKRBP.OL,2024-11-29,1.8924018635632,0.5284289871270269,1.9320436506603462,0.5175866495864178,0.4935246783675963,2.0262411259911937
AKRBP.OL,2024-12-02,1.84955636690644,0.5406701941572052,1.902318662905665,0.5256742834413277,0.5012363280018883,1.9950668858866762
AKRBP.OL,2024-12-03,1.92149288386989,0.5204286773032426,1.9740668133959072,0.506568467295056,0.4830187179146288,2.070313142971708
AKRBP.OL,2024-12-04,1.92255104873019,0.5201422353182673,1.9749463627776338,0.506342865227775,0.4828036038119278,2.071235575096374
AKRBP.OL,2024-12-05,1.90792905204766,0.5241285041111791,1.945856807132559,0.5139124299046514,0.49002126867156953,2.0407277478199366
AKRBP.OL,2024-12-06,1.81458131181566,0.5510913142819737,1.8538075721840273,0.5394303135906763,0.5143528571096203,1.9441906196836334
AKRBP.OL,2024-12-09,1.88111171483344,0.531600538189484,1.9247007320379412,0.5195612924930748,0.4954075225371195,2.0185402007598157
AKRBP.OL,2024-12-10,1.84655896635141,0.5415478293530404,1.8940124335276025,0.5279796385166795,0.5034345099352844,1.986355683341113
AKRBP.OL,2024-12-11,1.8522971707064,0.5398701762410163,1.9056976059015227,0.5247422240040717,0.5003475988695639,1.9986105704500263
AKRBP.OL,2024-12-12,1.84217984624258,0.5428351645685733,1.9001614267895055,0.5262710767103563,0.5018053770806938,1.9928044729564405
AKRBP.OL,2024-12-13,1.85236108398854,0.5398515487308665,1.9043034357895312,0.5251263959335327,0.5007139111152056,1.9971484270783868
AKRBP.OL,2024-12-16,1.81748422712784,0.5502111022885158,1.8670161534293694,0.5356140053545769,0.5107139643826191,1.9580431900053066
AKRBP.OL,2024-12-17,1.78131010358073,0.5613845663311702,1.8335294659855703,0.5453961981802532,0.5200413950106699,1.9229238472054373
AKRBP.OL,2024-12-18,1.74022113009249,0.5746396148786285,1.8149467584437036,0.5509803498905328,0.5253659463277729,1.9034351331483248
AKRBP.OL,2024-12-19,1.73855396968079,0.5751906569708657,1.8114436043436783,0.5520458917970674,0.5263819524924062,1.8997611815242212
AKRBP.OL,2024-12-20,1.74007536616617,0.5746877517169012,1.8013810351517923,0.5551296369208948,0.5293223380715522,1.8892080081925866
AKRBP.OL,2024-12-23,1.74234201678554,0.5739401279232809,1.8079036225761183,0.5531268301653602,0.5274126393560883,1.8960486066865745
AKRBP.OL,2024-12-27,1.78773147356685,0.5593681236728567,1.8510828673336324,0.5402243290385139,0.5151099597490069,1.9413330708791987
AKRBP.OL,2024-12-30,1.80328006784581,0.5545450303760054,1.8707647646293835,0.5345407498083329,0.5096906031759678,1.9619745660776005
AKRBP.OL,2025-01-02,1.88366566711063,0.5308797720637485,2.104321724214457,0.47521250600275955,0.4499989593130756,2.222227361428796
AKRBP.OL,2025-01-03,1.92783738920078,0.5187159485554786,2.1446921606209406,0.4662673824995358,0.44152844093123367,2.264859762806868
AKRBP.OL,2025-01-06,1.95229871451239,0.5122166974584942,2.1547558322097786,0.46408970568812175,0.43946630602005354,2.2754873042630224
AKRBP.OL,2025-01-07,1.97328403982508,0.5067694157647189,2.188665986338675,0.45689931960465874,0.4326574232281591,2.3112974522400753
AKRBP.OL,2025-01-08,1.96574250946849,0.5087136261149414,2.1847421132669407,0.4577199267261142,0.4334344910577987,2.307153723644595
AKRBP.OL,2025-01-09,1.98185856910981,0.5045768732373114,2.2069263048094525,0.4531188911114731,0.4290775744947948,2.330580900615516
AKRBP.OL,2025-01-10,2.02660921606186,0.4934350402013942,2.2686579751943916,0.4407892291099165,0.4174020924750709,2.395771410896136
AKRBP.OL,2025-01-13,2.06394539110935,0.4845089430697146,2.3104534089728554,0.4328154794710031,0.4098514093722331,2.439908652581417
AKRBP.OL,2025-01-14,2.07146408833037,0.4827503434085669,2.3046886475222514,0.4338980890434334,0.4108765784803287,2.4338208902016456
AKRBP.OL,2025-01-15,2.07602820705165,0.4816890235899963,2.3138138053138047,0.432186893216491,0.409256174278887,2.4434573327134497
AKRBP.OL,2025-01-16,2.05994588417401,0.4854496458779433,2.2938815257183385,0.43594230512268756,0.412812333740672,2.422408242841403
AKRBP.OL,2025-01-17,2.06390006694825,0.4845195831010523,2.30434371635447,0.43396303811048864,0.4109380815178405,2.4334566324600555
AKRBP.OL,2025-01-20,2.05703150755118,0.48613742489071693,2.2651364413245054,0.44147450977181074,0.41805101391715216,2.392052564661825
AKRBP.OL,2025-01-21,2.02349117076598,0.4941953858990431,2.224977497099235,0.4494427477597988,0.42559647780301246,2.3496435054212323
AKRBP.OL,2025-01-22,2.02640806822382,0.49348402016407117,2.2329021248776777,0.4478476637460237,0.4240860248221928,2.3580121519431616
AKRBP.OL,2025-01-23,2.03781778227685,0.4907210098454936,2.2437452226951,0.4456834001851773,0.4220365914891905,2.369462791061359
AKRBP.OL,2025-01-24,1.97812623253454,0.5055289109222907,2.161847846194986,0.4625672439251795,0.4380246221412322,2.2829766854466236
AKRBP.OL,2025-01-27,1.95866542250469,0.5105517198140079,2.1409838808010875,0.4670749784560882,0.44229318793473854,2.26094370720345
AKRBP.OL,2025-01-28,1.95072519869515,0.5126298674302793,2.1451896538975643,0.4661592499213831,0.4414260455880522,2.265385130747859
AKRBP.OL,2025-01-29,1.9442373237764,0.5143405014248181,2.139682589710084,0.4673590395178637,0.44256217745114557,2.2595695044689847
AKRBP.OL,2025-01-30,1.92990055862457,0.518161412789421,2.13003494463696,0.46947586588558926,0.44456669048582187,2.249381299591297
AKRBP.OL,2025-01-31,1.92617280269844,0.5191642196375458,2.131663598539384,0.4691171724681137,0.44422702841351036,2.2511012073519
AKRBP.OL,2025-02-03,1.92067927833377,0.5206491324608454,2.1292842744520706,0.46964137762081126,0.4447234205963768,2.2485885691808045
AKRBP.OL,2025-02-04,1.97359249846499,0.5066902112658893,2.1809963174314766,0.45850604698759123,0.4341789018110765,2.303198049994443
AKRBP.OL,2025-02-05,2.01229565566897,0.4969448685051992,2.2184131329680854,0.4507726649914249,0.42685583306543873,2.3427113384361222
AKRBP.OL,2025-02-06,1.99748984570486,0.5006283271728609,2.206557493934533,0.4531946268106936,0.42914929185366274,2.330191425181225
AKRBP.OL,2025-02-07,2.00874856067113,0.49782238532925016,2.2306044173492703,0.44830898397858726,0.424522868596168,2.3555857033258225
AKRBP.OL,2025-02-10,2.0672520362719,0.4837339533129248,2.3002394260633325,0.43473735328126967,0.4116713135280061,2.4291223778262356
AKRBP.OL,2025-02-11,2.12149903597056,0.47136481471108105,2.3482901497936552,0.42584175558027626,0.4032476932374002,2.4798653948189595
AKRBP.OL,2025-02-12,2.03585769899922,0.49119346626808774,2.248731009811765,0.4446952506265777,0.42110087059085827,2.3747279329935185
AKRBP.OL,2025-02-13,2.02716961487147,0.4932986330615476,2.221583309413553,0.45012941705255116,0.4262467141987879,2.3460591406075495
AKRBP.OL,2025-02-14,2.03800178201587,0.4906767054005515,2.2277051068579965,0.4488924485209003,0.4250753760186809,2.3525239437912133
AKRBP.OL,2025-02-17,1.96700417270996,0.5083873302730673,2.1519484713078314,0.46469514179038734,0.4400396192483661,2.272522646274681
AKRBP.OL,2025-02-18,1.96120663572523,0.5098901777018576,2.1532075031564037,0.4644234234434406,0.43978231757425645,2.2738522219715023
AKRBP.OL,2025-02-19,1.98456230346847,0.5038894461777665,2.1838564328811425,0.4579055586912867,0.4336102738709352,2.306218418380123
AKRBP.OL,2025-02-20,1.99948176874492,0.5001295913929251,2.183719350856597,0.45793430351191183,0.4336374935657127,2.3060736556177464
AKRBP.OL,2025-02-21,1.97456462604556,0.5064407549945273,2.1651786748454276,0.46185564804317597,0.43735078169657315,2.286494141203533
AKRBP.OL,2025-02-24,1.95070058694389,0.5126363352187601,2.13735557121328,0.46786787068486935,0.4430440113522436,2.2571121025828442
AKRBP.OL,2025-02-25,1.93934754316504,0.5156373356206114,2.1154199379894054,0.4727193792786349,0.4476381114458146,2.233947410711135
AKRBP.OL,2025-02-26,1.91473176640658,0.5222663652135058,2.094563624025431,0.47742641404139013,0.45209540311624546,2.2119225126093
AKRBP.OL,2025-02-27,1.90992627191083,0.523580420200999,2.1065875518694592,0.47470137147281877,0.44951494425951993,2.2246201439360083
AKRBP.OL,2025-02-28,1.90785796571064,0.5241480330154029,2.1087694656995546,0.4742102047026103,0.44904983752800426,2.226924310907109
AKRBP.OL,2025-03-03,1.91478465008989,0.5222519409444059,2.094006655840298,0.4775534008981996,0.45221565237881456,2.2113343373667975
AKRBP.OL,2025-03-04,1.80462555822546,0.5541315734125636,1.9479169125754945,0.5133689191485181,0.48613089184813896,2.057059151699389
AKRBP.OL,2025-03-05,1.82735060873532,0.5472403572799223,1.9420823561089053,0.5149112224074618,0.487591364484497,2.0508976836725643
AKRBP.OL,2025-03-06,1.84809538131274,0.5410976133113213,1.9654223828366943,0.5087964850368194,0.4818010592662918,2.075545457543918
AKRBP.OL,2025-03-07,1.93318822623284,0.517280203981315,2.046606458892249,0.4886137223182919,0.4626891417458664,2.161278296323741
AKRBP.OL,2025-03-10,1.98567525607947,0.5036070208048049,2.102172850635432,0.4756982755712625,0.4504589552044504,2.2199580859617467
AKRBP.OL,2025-03-11,1.97781617965175,0.5056081602973225,2.0773638750703225,0.4813793153913145,0.4558385737425738,2.1937590577069748
AKRBP.OL,2025-03-12,1.95185283047498,0.5123337089695701,2.056114732930317,0.48635418247056095,0.46054948723938005,2.171319321174772
AKRBP.OL,2025-03-13,1.99351916211387,0.5016254766970131,2.106590631867084,0.4747006774228811,0.4495142870340747,2.224623396506631
AKRBP.OL,2025-03-14,1.99559289428444,0.5011042096131386,2.1035414391380174,0.4753887807457584,0.4501658813740492,2.22140335679746
AKRBP.OL,2025-03-17,2.04602765505299,0.48875194698876195,2.1484220080864036,0.46545790176981966,0.4407619091557513,2.2687985944961313
AKRBP.OL,2025-03-18,2.10290143720895,0.47553346167628174,2.203704895907218,0.4537812671094155,0.4297048065351639,2.3271789954208186
AKRBP.OL,2025-03-19,2.12693045326763,0.47016111808624844,2.237471242365242,0.4469331185427416,0.42322000302242113,2.3628372781496876
AKRBP.OL,2025-03-20,2.13256141359696,0.46891967266411083,2.2537149358383397,0.44371183954905047,0.420169636762047,2.3799911095582713
AKRBP.OL,2025-03-21,2.12806393510415,0.4699106937081093,2.2566734853707024,0.4431301233796925,0.41961878494834365,2.3831154273112514
AKRBP.OL,2025-03-24,2.11932861424003,0.4718475432648231,2.2503266558779065,0.4443799291929358,0.42080227929708014,2.3764129834810492
AKRBP.OL,2025-03-25,2.12360609010458,0.4708971238403039,2.256743667665135,0.44311634251071896,0.41960573525664435,2.383189541935998
AKRBP.OL,2025-03-26,2.16272988682965,0.4623785920237603,2.306653473858469,0.4335284910946089,0.410526590442905,2.4358958062159375
AKRBP.OL,2025-03-27,2.16152913576416,0.46263544795868433,2.2949125520294036,0.43574645104263104,0.4126268711716328,2.423497037797251
AKRBP.OL,2025-03-28,2.15560863577651,0.46390610215744116,2.283138989779644,0.43799348374165975,0.41475468212637717,2.411063800107497
AKRBP.OL,2025-03-31,2.18891209447688,0.4568479485874404,2.1398999871824445,0.4673115594138941,0.4561157048148042,2.1924261529342166
AKRBP.OL,2025-04-01,2.19710604076682,0.4551441675755379,2.1526966591723613,0.4645336330779024,0.453404332063288,2.205536933115178
AKRBP.OL,2025-04-02,2.17272888628799,0.46025070422313724,2.1166348554014154,0.47244804527720585,0.4611291307029962,2.168589953264261
AKRBP.OL,2025-04-03,2.04385434006967,0.4892716571797932,1.955965795265882,0.5112563841455449,0.4990076990350619,2.003977096813764
AKRBP.OL,2025-04-04,1.82935382728656,0.5466411063207373,1.7658749701284033,0.5662915081282829,0.5527242910158848,1.809220286233559
AKRBP.OL,2025-04-07,1.83959277759941,0.543598568214079,1.7840457473048192,0.5605237430210032,0.5470947100776048,1.8278370848406686
AKRBP.OL,2025-04-08,1.84055203779309,0.5433152551334804,1.7765094297243667,0.5629015997709365,0.5494155981138527,1.820115780172617
AKRBP.OL,2025-04-09,1.91765957850643,0.521468988139621,1.7330572733701524,0.5770149754228097,0.5631908453832426,1.7755970435199735
AKRBP.OL,2025-04-10,1.94237302017922,0.5148341691379813,1.716829820847894,0.5824689132590486,0.5685141177270994,1.7589712705780587
AKRBP.OL,2025-04-11,1.98130345018983,0.5047182449029649,1.7261015893771434,0.5793401768205577,0.5654603395847146,1.768470624720418
AKRBP.OL,2025-04-14,2.0342779020828,0.49157492148744664,1.7739639555839442,0.5637093114841926,0.5502039586625205,1.8175078246090404
AKRBP.OL,2025-04-15,2.02629526768321,0.4935114916116655,1.7776714451468163,0.5625336463214725,0.549056460096486,1.821306318523726
AKRBP.OL,2025-04-16,2.05477071435506,0.48667230509651993,1.7841475568632361,0.5604917576201659,0.5470634909832912,1.8279413934251056
AKRBP.OL,2025-04-22,2.10297513293574,0.4755167972927984,1.822485874131946,0.5487010978761644,0.5355553119728879,1.8672207662662943
AKRBP.OL,2025-04-23,2.07025716021445,0.483031779441552,1.8110965540553479,0.5521516772591902,0.5389232223436097,1.8555518829775246
AKRBP.OL,2025-04-24,2.08822309084285,0.47887603790281785,1.8147854318615904,0.5510293296625206,0.5378277639608898,1.859331308289839
AKRBP.OL,2025-04-25,2.09947100351528,0.47631046026624585,1.828404447846926,0.5469249438643458,0.5338217110750701,1.8732846177913738
AKRBP.OL,2025-04-28,2.13519516690761,0.4683412624281526,1.850239432535841,0.5404705912193496,0.5275219918695632,1.8956555658579317
AKRBP.OL,2025-04-29,2.11377299168312,0.4730876986008496,1.8374709088440873,0.5442263032229872,0.5311877244907892,1.8825736249056335
AKRBP.OL,2025-04-30,2.11430186025011,0.4729693610928884,1.8473468105895225,0.5413168736198924,0.5283479990286419,1.8926919413691006
AKRBP.OL,2025-05-02,2.10230729692181,0.4756678538214637,1.8420682249859064,0.5428680579991281,0.5298620201183789,1.8872837871576176
AKRBP.OL,2025-05-05,2.08026986132689,0.48070686336923363,1.8196911331043806,0.5495438109290597,0.5363778352987792,1.8643574252895232
AKRBP.OL,2025-05-06,2.12775375426709,0.46997919660325194,1.8523827645799307,0.5398452302198852,0.5269116132746211,1.8978515083113379
AKRBP.OL,2025-05-07,2.1108417090318,0.47374466579906627,1.8488776866600773,0.5408686616833261,0.5279105253577365,1.8942603944529308
AKRBP.OL,2025-05-08,1.9414666066498,0.5150745300356222,1.8854153364490693,0.5303871145353934,0.5176800952118941,1.9316949004784225
AKRBP.OL,2025-05-09,2.01102929243243,0.4972577991593823,1.9495054008745574,0.5129506179112894,0.5006613423328096,1.9973581250362646
AKRBP.OL,2025-05-12,2.02720166408654,0.49329083421535247,1.9935402756870702,0.5016201639845735,0.4896023435245227,2.0424738836036904
AKRBP.OL,2025-05-13,2.06844581179899,0.483454772803678,2.0164413597301203,0.49592317434603683,0.484041842415666,2.0659370995891306
AKRBP.OL,2025-05-14,2.08612034897886,0.47935872946615593,2.0354911029224936,0.4912819312077718,0.4795117942227999,2.085454439386242
AKRBP.OL,2025-05-15,2.05740985979687,0.48604802550072884,2.0051445113624866,0.49871717192119214,0.48676890137145223,2.054362957827707
AKRBP.OL,2025-05-16,2.09289177309497,0.477807793434631,2.0441290361348567,0.4892059074171026,0.4774855078290294,2.0943044000365023
AKRBP.OL,2025-05-19,2.07506888187602,0.48191171326126,2.012468156053903,0.49690227246170426,0.4849974832897533,2.061866369320039
AKRBP.OL,2025-05-20,2.06521238674641,0.4842116996864552,1.995816238954271,0.5010481328300849,0.48904401709764805,2.044805712857394
AKRBP.OL,2025-05-21,2.09392382054301,0.47757229283569325,2.015161541153029,0.49623813256570143,0.48434925486342784,2.064625866477219
AKRBP.OL,2025-05-22,2.04139897235642,0.48986014666485495,1.9731368696497076,0.5068072141277917,0.49466512227314297,2.0215696538391126
AKRBP.OL,2025-05-23,2.06334645104282,0.4846495844139978,1.9796153101323817,0.5051486492762716,0.49304629333344646,2.0282071146688483
AKRBP.OL,2025-05-26,2.08705559955425,0.47914391941143225,1.998311964184074,0.5004223654379748,0.4884332418464197,2.047362698369401
AKRBP.OL,2025-05-27,2.07731553859902,0.4813905164712812,1.9993591640474673,0.5001602603384265,0.4881774162632378,2.0484356028890414
AKRBP.OL,2025-05-28,2.07994623977212,0.48078165717858196,2.0082634856837083,0.49794262910653503,0.48601291506060673,2.0575584907559463
AKRBP.OL,2025-05-30,2.05718153360236,0.48610197188037446,1.9766612184421513,0.5059035866490674,0.49378314390978567,2.0251805115945802
AKRBP.OL,2025-06-02,2.16570738469609,0.4617428961393731,2.06384385563946,0.4845327795838318,0.47292433883497254,2.1145031411651476
AKRBP.OL,2025-06-03,2.164777142708,0.46194131500717106,2.0758442127653653,0.48173171852228536,0.47019038561986515,2.1267980600702243
AKRBP.OL,2025-06-04,2.191535970912,0.4563009748746462,2.092854101804891,0.47781639395579145,0.4663688644350171,2.144225475282212
AKRBP.OL,2025-06-05,2.18462354121963,0.45774476981133355,2.081322465999765,0.4804637514541261,0.468952796518278,2.13241078297104
AKRBP.OL,2025-06-06,2.17336211704201,0.4601166055848164,2.0796690669307023,0.48084573449748846,0.4693256280084087,2.1307167994288254
AKRBP.OL,2025-06-10,2.24693629061009,0.4450504467701125,2.144632910472302,0.4662802641500894,0.4551091173323302,2.1972752509587257
AKRBP.OL,2025-06-11,2.27696330589978,0.43918142967386703,2.161177979999765,0.4627106185859384,0.4516249933691317,2.2142264371596876
AKRBP.OL,2025-06-12,2.32424012861651,0.43024814333415884,2.187754621175799,0.45708965270636903,0.4461386946413324,2.2414554308138137
AKRBP.OL,2025-06-13,2.47516771962104,0.40401302589430377,2.3360801976168997,0.4280674957221622,0.41781185075863514,2.3934218193769903
AKRBP.OL,2025-06-16,2.46244150108572,0.40610101785528224,2.3222703113338814,0.4306130923344635,0.4202964599440985,2.3792729544593474
AKRBP.OL,2025-06-17,2.51094047633958,0.39825715082572904,2.3849271960531704,0.4193000111931742,0.40925441770389037,2.443467820360914
AKRBP.OL,2025-06-18,2.50839667326083,0.39866102943759457,2.382511055487085,0.4197252296886228,0.40966944881075057,2.440992373004501
AKRBP.OL,2025-06-19,2.5712158678312,0.3889210596866346,2.438981791726455,0.41000716093585143,0.4001842056377193,2.4988492447032877
AKRBP.OL,2025-06-20,2.47810889237339,0.4035335182717728,2.3449352581217395,0.42645100607211905,0.41623408898235875,2.4024942369445936
AKRBP.OL,2025-06-23,2.47791206084898,0.4035655727255232,2.3338343989850507,0.4284794158638183,0.4182139021137811,2.391120895182331
AKRBP.OL,2025-06-24,2.34990222347416,0.42554962075042113,2.207144324547541,0.4530741324335451,0.4422193782397955,2.2613210754815576
AKRBP.OL,2025-06-25,2.27754435342499,0.43906938562851333,2.129845491917572,0.46951762641695954,0.45826891884450766,2.18212485917969
AKRBP.OL,2025-06-26,2.27360965483235,0.4398292371228241,2.118878031659022,0.4719478823502776,0.46064095068402794,2.1708881907156794
AKRBP.OL,2025-06-27,2.27243954893568,0.440055710378901,2.1141950219387717,0.4729932620326454,0.4616612851504384,2.1660902314434636
AKRBP.OL,2025-06-30,2.29217437011284,0.4362669843266643,2.1155201649788498,0.4726969832547059,0.45718333904315467,2.1873063049342827
AKRBP.OL,2025-07-01,2.29249220929266,0.4362064987381337,2.1124220626860044,0.47339024604224766,0.4578538493431377,2.1841030744519347
AKRBP.OL,2025-07-02,2.32547109100997,0.4300203962396678,2.144075318800444,0.4664015257446621,0.45109449484231456,2.216830423411755
AKRBP.OL,2025-07-03,2.3822968352975,0.41976297209626295,2.2043203685605763,0.453654565943607,0.4387658829599819,2.2791197739756943
AKRBP.OL,2025-07-04,2.33734893654624,0.4278351359372297,2.158687852471672,0.4632443726660211,0.4480409577191762,2.2319388055294302
AKRBP.OL,2025-07-07,2.30459815571099,0.4339151263841443,2.1413508854144223,0.46699492680596666,0.4516684208207091,2.2140135415775557
AKRBP.OL,2025-07-08,2.32736435534905,0.42967058325082214,2.159365193079777,0.46309906411604157,0.447900418112567,2.2326391303985758
AKRBP.OL,2025-07-09,2.3329555291734,0.4286408324098293,2.165491730297567,0.4617888796382459,0.44663323313880876,2.238973559966172
AKRBP.OL,2025-07-10,2.34314882174902,0.4267761359065362,2.1784706920551677,0.4590376192101078,0.44397226750189445,2.25239293802452
AKRBP.OL,2025-07-11,2.36007423522534,0.42371548533282466,2.196286027345908,0.45531410187426524,0.4403709538720439,2.2708128027230523
AKRBP.OL,2025-07-14,2.34625943207297,0.42621032709774925,2.1882791401076083,0.45698009073505363,0.44198226593276346,2.2625342170450904
AKRBP.OL,2025-07-15,2.21931994038404,0.4505884806437399,2.0813056105935814,0.48046764247889734,0.46469896968293617,2.151930744934295
AKRBP.OL,2025-07-16,2.14844012264287,0.46545397726508,2.035212475485394,0.4913491893574905,0.4752233904263404,2.1042735272412902
AKRBP.OL,2025-07-17,2.12910989016675,0.4696798434963265,2.023682263682616,0.4941487198589367,0.47793104194040614,2.09235205970298
AKRBP.OL,2025-07-18,2.13868877078939,0.46757621476214145,2.027554244131516,0.4932050537707516,0.47701834643267016,2.0963554284198738
AKRBP.OL,2025-07-21,2.1177191139123,0.47220615492891677,1.995654625923808,0.5010887089428564,0.484643264558086,2.0633733575392483
AKRBP.OL,2025-07-22,2.14567533050145,0.46605373412495604,2.0120203471578013,0.49701286640197717,0.4807011888346005,2.0802944182941885
AKRBP.OL,2025-07-23,2.15163126411829,0.46476365010887993,2.014688606412338,0.49635462116438556,0.48006454682863503,2.083053219834962
AKRBP.OL,2025-07-24,2.1563009069703,0.46375716708529563,2.0217939379078023,0.4946102474888328,0.4783774224978721,2.0903996571962975
AKRBP.OL,2025-07-25,2.14168628670255,0.4669217925187592,2.0104984849777696,0.49738908408630667,0.4810650592700388,2.0787209146251144
AKRBP.OL,2025-07-28,2.20629707227986,0.45324811992188235,2.0983117450266944,0.47657360845934654,0.4609327356292598,2.16951395008821
AKRBP.OL,2025-07-29,2.20904832415071,0.4526836235619516,2.108767624070598,0.4742106188398697,0.4586472979754828,2.1803246294355265
AKRBP.OL,2025-07-30,2.14534857769747,0.46612471763132596,2.0732818285124575,0.4823270942944993,0.46649739535511703,2.143634691119248
AKRBP.OL,2025-07-31,2.13785456558321,0.4677586661406963,2.0640368718941615,0.48448746900645356,0.46858686780657177,2.1340760245393615
AKRBP.OL,2025-08-01,2.13327750939872,0.4687622663222364,2.029571378707383,0.4927148709777784,0.4765442511581648,2.0984410106084788
AKRBP.OL,2025-08-04,2.09302017264521,0.47777848157869196,1.9936700478837928,0.501587512468005,0.4851256976372735,2.0613214366304216
AKRBP.OL,2025-08-05,2.09302546487637,0.4777772735120867,1.993006147826357,0.501754598745536,0.4852873002388869,2.060635008391403
AKRBP.OL,2025-08-06,2.14633638706237,0.46591019284198587,2.028867189806617,0.4928858848051635,0.476709652409699,2.097712926401098
AKRBP.OL,2025-08-07,2.11124941110758,0.4736531812579127,1.9946767452248255,0.5013343652769598,0.48488085859202357,2.0623622943247493
AKRBP.OL,2025-08-08,2.09680184322202,0.47691678793231346,1.9854406335746493,0.503666532803637,0.4871364857164293,2.0528127728501073
AKRBP.OL,2025-08-11,2.10794399734845,0.47439590485225624,2.0002888270875663,0.49992780365423856,0.48352045951602757,2.0681648114765085
AKRBP.OL,2025-08-12,2.13644677165658,0.4680668918442606,2.0170936502025656,0.49576280203924866,0.47949215086816793,2.0855398741969
AKRBP.OL,2025-08-13,2.13033828667051,0.46940901651957473,2.0059968764773837,0.4985052627579574,0.48214460559707956,2.074066552630237
AKRBP.OL,2025-08-14,2.08148438102051,0.4804263770212487,1.9697438157152927,0.5076802333489546,0.49101845890905116,2.0365833134294142
AKRBP.OL,2025-08-15,2.10722093495791,0.47455868694659403,1.985413207130866,0.5036734904393563,0.4871432150065323,2.052784415742279
AKRBP.OL,2025-08-18,2.09179832136551,0.4780575592713965,1.9771295704228302,0.5057837457694486,0.48918421296552705,2.0442196896294162
AKRBP.OL,2025-08-19,2.0818287426352,0.48034690823520376,1.9700696909258406,0.5075962564197649,0.49093723805457057,2.036920246593403
AKRBP.OL,2025-08-20,2.12049930227466,0.4715870450545774,2.0058229845815823,0.49854847994405727,0.48218640441988336,2.0738867600447928
AKRBP.OL,2025-08-21,2.18803154546028,0.4570318019750658,2.077901847070179,0.48125468554252937,0.4654601824440681,2.148411481190799
AKRBP.OL,2025-08-22,2.22609690615871,0.44921674219725316,2.0942036750182007,0.47750847347324465,0.4618369189089261,2.1652664805630217
AKRBP.OL,2025-08-25,2.21463219405343,0.4515422482727053,2.1007961182336437,0.4760100189259695,0.46038764278152156,2.172082625759252
AKRBP.OL,2025-08-26,2.24017888863148,0.4463929220451218,2.120659768549592,0.4715513609634524,0.4560753154192455,2.1926203111447804
AKRBP.OL,2025-08-27,2.22903233587785,0.448625165236185,2.1110168484357374,0.4737053618217209,0.4581586232032387,2.182650176937521
AKRBP.OL,2025-08-28,2.20003635865294,0.45453794255122665,2.07553053452252,0.48180452340589247,0.4659919749437259,2.1459597026767723
AKRBP.OL,2025-08-29,2.22982222023615,0.4484662458400359,2.1032621178571924,0.4754519142002148,0.4598478547331623,2.1746323043743976
AKRBP.OL,2025-09-01,2.25149209528298,0.44414990489865097,2.1191612085201075,0.47188481743601696,0.45639782804139534,2.1910709003402618
AKRBP.OL,2025-09-02,2.24492489234431,0.4454492011782759,2.125870050023782,0.47039563871216544,0.45495752331020195,2.1980073935785294
AKRBP.OL,2025-09-03,2.17963292449477,0.45879284936558573,2.0599810832041645,0.48544135096841085,0.4695094439089582,2.129882610399437
AKRBP.OL,2025-09-04,2.15784147014312,0.46342607361868643,2.0414786306871,0.48984103236164184,0.47376473027916444,2.110752312462671
AKRBP.OL,2025-09-05,2.14692233608968,0.46578303424862616,2.0193651772983823,0.495205132405945,0.47895278363277644,2.0878884812301703
AKRBP.OL,2025-09-08,2.15320234864934,0.46442453521717536,2.017536045553386,0.495654093617798,0.4793870101948397,2.0859972813897585
AKRBP.OL,2025-09-09,2.19088272910523,0.45643702728370406,2.0626453416371624,0.48481432062687047,0.468902992344038,2.1326372753584217
AKRBP.OL,2025-09-10,2.20848880258748,0.45279831114760166,2.0815331379642497,0.4804151237188591,0.46464817455852103,2.1521659930121024
AKRBP.OL,2025-09-11,2.18895904379043,0.45683815000411654,2.056105910041595,0.4863562694490626,0.4703943352891712,2.125875940630233
AKRBP.OL,2025-09-12,2.18918536030668,0.4567909223821556,2.0563184908698835,0.4863059902636826,0.470345706237854,2.12609573498328
AKRBP.OL,2025-09-15,2.17684492837874,0.4593804487234537,2.0400248526871523,0.4901901065973704,0.47410234809844365,2.1092492032803807
AKRBP.OL,2025-09-16,2.22816548798121,0.4487996988527241,2.0694570060640056,0.4832185433520774,0.4673595875652816,2.139680080619547
AKRBP.OL,2025-09-17,2.21460914618747,0.4515469475602665,2.0662873193007956,0.48395980106889824,0.4680765176284554,2.1364028365844425
AKRBP.OL,2025-09-18,2.2230613048756,0.44983014989591524,2.0787304083179285,0.4810628622155877,0.46527465464883405,2.149268158083422
AKRBP.OL,2025-09-19,2.21152800003098,0.4521760520264684,2.075355267955709,0.4818452124512792,0.466031328597953,2.145778488773453
AKRBP.OL,2025-09-22,2.19118973603223,0.4563730760307336,2.046150970962597,0.48872249124880424,0.4726828990449106,2.1155831996896253
AKRBP.OL,2025-09-23,2.26561724627216,0.44138082089787983,2.113329870262392,0.47318689527434704,0.45765717243095144,2.1850416867461506
AKRBP.OL,2025-09-24,2.29348032219902,0.43601856546176354,2.153550535895133,0.46434944680058116,0.4491097639536687,2.2266271639179114
AKRBP.OL,2025-09-25,2.29895723376446,0.4349798183772805,2.1720202778177056,0.46040085822989196,0.44529076579796517,2.24572364128861
AKRBP.OL,2025-09-26,2.33132541290518,0.42894054792370256,2.195818241796197,0.4554110995917367,0.44046476817999186,2.2703291437633424
AKRBP.OL,2025-09-29,2.27285494197494,0.43997528462202484,2.1363627974114183,0.46808529020055817,0.4527229991132896,2.2088561923264685
AKRBP.OL,2025-09-30,2.23510852487563,0.44740556839656986,2.3925867793011952,0.41795767186010735,0.4039484925248581,2.4755631435818817
AKRBP.OL,2025-10-01,2.26567020832478,0.44137050322932597,2.426126959451729,0.4121795836381069,0.3983640752881454,2.5102665175735996
AKRBP.OL,2025-10-02,2.26096808088067,0.44228841992784346,2.424187085990921,0.412509416364305,0.3986828526225579,2.508259368121665
AKRBP.OL,2025-10-03,2.27512632136209,0.4395360339382441,2.4337667613425418,0.4108857166938909,0.3971135764055241,2.51817127243925
AKRBP.OL,2025-10-06,2.35599760362775,0.42444864903945845,2.527142034069931,0.39570391632856206,0.382440642316064,2.614784856400175
AKRBP.OL,2025-10-07,2.32748264530466,0.4296487460464407,2.508131683895892,0.39870314881023133,0.38533934599174796,2.5951152157231694
AKRBP.OL,2025-10-08,2.34810580969537,0.42587518665938406,2.5366666714023136,0.39421813329820843,0.381004660024698,2.624639813946571
AKRBP.OL,2025-10-09,2.31656322621074,0.4316739507411265,2.5162367416106983,0.3974188849018547,0.3840981282687084,2.6035013617676817
AKRBP.OL,2025-10-10,2.23529628484494,0.44736798731330996,2.416454553244348,0.4138294257003068,0.3999586176516426,2.5002586664377953
AKRBP.OL,2025-10-13,2.22942063576717,0.44854702784963146,2.4205189694181137,0.41313454372158764,0.39928702685026457,2.504464039035776
AKRBP.OL,2025-10-14,2.16759495038267,0.4613408053121081,2.345907149042795,0.4262743307671115,0.4119863921843531,2.4272646353633114
AKRBP.OL,2025-10-15,2.19404371120519,0.45577943360604206,2.3661545223201417,0.4226266672640831,0.40846099171322825,2.4482141998570053
AKRBP.OL,2025-10-16,2.19082447080411,0.4564491648356313,2.3544004554008597,0.4247365811139126,0.41050018509662406,2.4360524947500783
AKRBP.OL,2025-10-17,2.15978292003189,0.46300949541041586,2.328229620069682,0.42951090020496807,0.41511447771405635,2.408974038936871
AKRBP.OL,2025-10-20,2.1597322240518,0.4630203637578431,2.330372129369285,0.4291160143039686,0.4147328276686877,2.4111908517616967
AKRBP.OL,2025-10-21,2.17738802913282,0.4592658665429819,2.3579278857839294,0.42410118054460116,0.4098860819962304,2.4397022585636288
AKRBP.OL,2025-10-22,2.25832503232418,0.44280605567695414,2.4430514746029024,0.4093241629968282,0.39560436314209035,2.5277779852009044
AKRBP.OL,2025-10-23,2.63112913702196,0.38006496371814297,2.553406847757473,0.39163363287689507,0.3785067873466544,2.641960549796305
AKRBP.OL,2025-10-24,2.62451647373543,0.38102256549249885,2.5452438103034964,0.39288966972510164,0.3797207241291281,2.6335144132400297
AKRBP.OL,2025-10-27,2.54707726042797,0.3926068578822678,2.4663244943080196,0.4054616504470031,0.3918713149726037,2.5518581273801875
AKRBP.OL,2025-10-28,2.49582448468257,0.4006692001529845,2.415233494251393,0.4140386436260285,0.40016082297384203,2.4989952603765224
AKRBP.OL,2025-10-29,2.53312595330579,0.39476915812061225,2.4620968409873627,0.40615786647895413,0.3925441951121791,2.5474838564718185
AKRBP.OL,2025-10-30,2.57021976383351,0.3890717883627544,2.5055104815355147,0.39912026206617385,0.38574247837163694,2.592403108471158
AKRBP.OL,2025-10-31,2.55532068905179,0.391340313677448,2.4976700140694774,0.4003731455184068,0.3869533674542244,2.5842907288261228
AKRBP.OL,2025-11-03,2.54956701052647,0.39222346220800297,2.4955240866159234,0.40071743060434994,0.3872861127316252,2.582070379303692
AKRBP.OL,2025-11-04,2.48346216724717,0.40266367379715895,2.4384359363900328,0.4100989429644167,0.3963531738973832,2.5230023773164043
AKRBP.OL,2025-11-05,2.4744930489541,0.40412318006820525,2.427732439160691,0.41190700584192763,0.3981006338028567,2.5119276762950586
AKRBP.OL,2025-11-06,2.46904994657686,0.4050140830024196,2.4106455764796286,0.41482663804122705,0.4009224052525458,2.494248230826831
AKRBP.OL,2025-11-07,2.49637027022984,0.40058160118528024,2.433520263856962,0.4109273363580169,0.39715380105436826,2.517916226271004
AKRBP.OL,2025-11-10,2.49408045860023,0.4009493745687887,2.4331719929816007,0.41098615424000645,0.39721064746816354,2.51755587714992
AKRBP.OL,2025-11-11,2.58175140816448,0.3873339612937247,2.5134919083940637,0.39785288214392,0.3845175787142812,2.6006613360661404
AKRBP.OL,2025-11-12,2.5642018767142,0.3899848951368105,2.49380462464005,0.400993722651524,0.38755314397298624,2.5802912853409943
AKRBP.OL,2025-11-13,2.56535492729094,0.38980960855035274,2.4865677599568574,0.4021607679886231,0.38868107207759794,2.572803441790332
AKRBP.OL,2025-11-14,2.56023110652459,0.39058973912611333,2.483968112917443,0.40258165746962465,0.38908785411036695,2.570113637410908
AKRBP.OL,2025-11-17,2.55692960606666,0.3910940675204218,2.4871644008479517,0.40206429444674785,0.38858783215300297,2.573420774550293
AKRBP.OL,2025-11-18,2.5137709087168,0.39780872494481534,2.447507138849161,0.40857899212102344,0.3948841690357964,2.5323881745924073
AKRBP.OL,2025-11-19,2.44607620289791,0.40881800771998933,2.3904765475751453,0.4183266307357758,0.4043050845715297,2.4733797277364684
AKRBP.OL,2025-11-20,2.48556962322975,0.40232226474533417,2.4309777613167505,0.4113571156069915,0.3975691748862911,2.515285548196764
AKRBP.OL,2025-11-21,2.4085855704354,0.41518142941428904,2.3589430205526405,0.42391867513854803,0.4097096938387261,2.440752598823375
AKRBP.OL,2025-11-24,2.36623670687119,0.42261198852006343,2.315679670175337,0.4318386575135769,0.41736421284056135,2.3959888491493957
AKRBP.OL,2025-11-25,2.33552584235086,0.42816910087941246,2.275935436807124,0.43937977493899616,0.42465256575533294,2.354866261602098
AKRBP.OL,2025-11-26,2.35341044379982,0.42491525548998527,2.2884287847674827,0.4369810442240201,0.42233423612167514,2.3677928864661077
AKRBP.OL,2025-11-27,2.36987444401016,0.4219632827078635,2.3042244459371535,0.4339855007454749,0.4194390978004532,2.384136350769443
AKRBP.OL,2025-11-28,2.39458904475162,0.4176081913478083,2.3282544055597025,0.4295063278360271,0.4151100586025903,2.4089996840027426
AKRBP.OL,2025-12-01,2.39854208266287,0.41691993116493353,2.3290964194043227,0.42935105290993264,0.4149599882089931,2.4098708993994706
AKRBP.OL,2025-12-02,2.37667280330123,0.4207562768467695,2.3052612951055567,0.43379030486616077,0.4192504445312218,2.385209158497456
AKRBP.OL,2025-12-03,2.44498952648305,0.40899970702059874,2.361988055938918,0.42337216629255486,0.40918150297311146,2.4439032378883287
AKRBP.OL,2025-12-04,2.44526980117154,0.40895282783147097,2.3677447478792737,0.422342822593387,0.40818666099852124,2.449859575405436
AKRBP.OL,2025-12-05,2.46734326412304,0.40529423471015363,2.3893131062221875,0.4185303288195364,0.4045019550668078,2.4721759375299914
AKRBP.OL,2025-12-08,2.46054424170271,0.40641415141066295,2.3839496507774065,0.4194719463449657,0.40541201128910603,2.4666264741892006
AKRBP.OL,2025-12-09,2.43310033855136,0.41099825771895154,2.359609337003334,0.4237989671925879,0.40959399828491966,2.4414420235337166
AKRBP.OL,2025-12-10,2.41496506418375,0.4140846651700929,2.3281911022723576,0.42951800607088547,0.4151213454043015,2.4089341853189077
AKRBP.OL,2025-12-11,2.43840943120887,0.4101034006845349,2.3419687321709812,0.4269911832140518,0.4126792170439032,2.4231896317996893
AKRBP.OL,2025-12-12,2.42583104586426,0.412229863124588,2.329504953376236,0.42927575601445433,0.41488721512820476,2.410293601577935
AKRBP.OL,2025-12-15,2.39856339423092,0.4169162267735858,2.300967497460309,0.4345997938274874,0.4200328008980461,2.3807664493391036
AKRBP.OL,2025-12-16,2.33756031932542,0.42779644731845157,2.2435797834166675,0.4457162644232494,0.4307766676618045,2.321388494478729
AKRBP.OL,2025-12-17,2.36339416625245,0.42312027941816593,2.269733859222875,0.44058028915442354,0.42581284092247595,2.3484496095364613
AKRBP.OL,2025-12-18,2.35151394712731,0.42525794976535614,2.261797325166236,0.44212626342481975,0.4273069969532269,2.3402378316530594
AKRBP.OL,2025-12-19,2.37786002274619,0.4205462013887177,2.2896849422501466,0.43674130949093287,0.42210253685986665,2.3690926082540673
AKRBP.OL,2025-12-22,2.44700638973906,0.4086626026778117,2.345839330413606,0.4262866544332707,0.4119983027836863,2.4271944647428203
AKRBP.OL,2025-12-23,2.45224115319795,0.4077902365743708,2.344084379824094,0.4266058033606463,0.41230675442074083,2.425378651399788
AKRBP.OL,2025-12-29,2.47498138839345,0.4040434423828601,2.370230239289004,0.42189994179635865,0.4077586247585556,2.452431265168519
AKRBP.OL,2025-12-30,2.51421932690859,0.39773777462349336,2.4131362969728367,0.4143984744062952,0.4005085928822316,2.4968253310211677
TLIT.MI,2024-01-02,2.03768803881527,0.4907522549827642,,,0.5423534312893252,1.8438161212011166
TLIT.MI,2024-01-03,1.97232951835879,0.5070146700598578,,,0.5594836907895422,1.7873621992247926
TLIT.MI,2024-01-04,1.99003078431575,0.5025047893135175,,,0.5540212052300546,1.804985062953962
TLIT.MI,2024-01-05,1.99683896352997,0.5007915101136754,,,0.5515202113490888,1.8131701783945005
TLIT.MI,2024-01-08,1.98049933341585,0.5049231691864587,,,0.5562336718686365,1.7978055816731748
TLIT.MI,2024-01-09,1.97641442588732,0.5059667582374813,,,0.55763921740765,1.7932741614709133
TLIT.MI,2024-01-10,1.94713925526618,0.5135739507564377,,,0.5665451413904442,1.7650844159491839
TLIT.MI,2024-01-11,1.93352289683775,0.5171906687195099,,,0.56865013157096,1.758550547130601
TLIT.MI,2024-01-12,1.93079962515206,0.5179201336965481,,,0.5699461524351237,1.7545517163813626
TLIT.MI,2024-01-15,1.91718326672363,0.5215985437370053,,,0.5732650096068899,1.7443939246976523
TLIT.MI,2024-01-16,1.92943798930922,0.5182856383780551,,,0.5697828648252009,1.7550545334612369
TLIT.MI,2024-01-17,1.94645843734476,0.5137535848770237,,,0.5655798588579133,1.7680969085768365
TLIT.MI,2024-01-18,1.91854490256647,0.5212283531452837,,,0.5735438101420702,1.7435459721068107
TLIT.MI,2024-01-19,1.92739553554495,0.5188348637101419,,,0.5701545159508147,1.7539105137707385
TLIT.MI,2024-01-22,1.95258579863756,0.5121413874349398,,,0.5636057075457059,1.7742900517360434
TLIT.MI,2024-01-23,1.97232951835879,0.5070146700598578,,,0.5570098724434372,1.7953003159769798
TLIT.MI,2024-01-24,1.93488453268059,0.5168267062503206,,,0.5684779640046657,1.7590831365836246
TLIT.MI,2024-01-25,1.92331062801642,0.5199368138631544,,,0.5724784716792969,1.746790577236241
TLIT.MI,2024-01-26,1.9478200731876,0.5133944422102108,,,0.5650236338877725,1.7698374723182364
TLIT.MI,2024-01-29,1.89812036492382,0.5268369796138478,,,0.5800480554717458,1.7239950906941883
TLIT.MI,2024-01-30,1.85863292548136,0.5380298531734091,,,0.5925937407714119,1.687496730387744
TLIT.MI,2024-01-31,1.89880118284524,0.5266480814497703,,,0.578973409733814,1.7271950372638964
TLIT.MI,2024-02-01,1.89403545739529,0.5279732204038129,,,0.5804698174388064,1.7227424578460893
TLIT.MI,2024-02-02,1.93488453268059,0.5168267062503206,,,0.5693716585627924,1.7563220524959031
TLIT.MI,2024-02-05,1.85250556418856,0.5398094447495076,,,0.595265362223818,1.6799230451846836
TLIT.MI,2024-02-06,1.84978229250287,0.5406041586909874,,,0.5969930502440011,1.6750613756580304
TLIT.MI,2024-02-07,1.82391121148885,0.5482723027858931,,,0.6041279890012363,1.65527838174363
TLIT.MI,2024-02-08,1.80348667384619,0.5544815021379441,,,0.6119944213409706,1.634001822776181
TLIT.MI,2024-02-09,1.81369894266752,0.551359421607887,,,0.6076213486383848,1.645761792670541
TLIT.MI,2024-02-12,1.86680274053842,0.5356752367481429,,,0.5915340710813772,1.6905196993503866
TLIT.MI,2024-02-13,1.83684675199586,0.5444112302310639,,,0.6006638260817552,1.6648247431898655
TLIT.MI,2024-02-14,1.87224928390979,0.5341169087866948,,,0.5878528864159211,1.701105877181105
TLIT.MI,2024-02-15,1.87905746312401,0.532181702595438,,,0.587588746323904,1.7018705791359003
TLIT.MI,2024-02-16,1.89335463947387,0.5281630705370033,,,0.5826610363322704,1.7162637239222158
TLIT.MI,2024-02-19,2.00500877858703,0.49875093350200694,,,0.5506022316267204,1.8161931473571429
TLIT.MI,2024-02-20,1.95735152408751,0.5108944344916205,,,0.562576935497513,1.777534656865471
TLIT.MI,2024-02-21,1.94305434773765,0.5146536437152809,,,0.5666148738406719,1.7648671896339825
TLIT.MI,2024-02-22,1.9382886222877,0.5159190372895714,,,0.5690520829122172,1.757308390617492
TLIT.MI,2024-02-23,1.94237352981623,0.5148340340565757,,,0.5667003813077162,1.7646008949074692
TLIT.MI,2024-02-26,1.93284207891633,0.5173728422555149,,,0.5703596237932411,1.7532797874951018
TLIT.MI,2024-02-27,1.9444159835805,0.514293242003994,,,0.5658355219069653,1.7672980243973089
TLIT.MI,2024-02-28,1.9444159835805,0.514293242003994,,,0.5667209210278987,1.7645369403095879
TLIT.MI,2024-02-29,1.89335463947387,0.5281630705370033,,,0.5821927274548667,1.7176442659660722
TLIT.MI,2024-03-01,1.93352289683775,0.5171906687195099,,,0.5706661262873699,1.752338107933238
TLIT.MI,2024-03-04,1.92399144593784,0.5197528305603016,,,0.5718263830319337,1.748782549517578
TLIT.MI,2024-03-05,1.90220527245235,0.5257056188845413,,,0.5776623645864156,1.731115027228686
TLIT.MI,2024-03-06,1.89199300363102,0.5285431806993203,,,0.5819054571220228,1.7184922185569138
TLIT.MI,2024-03-07,1.44197235757125,0.6934945699543956,,,0.763848691980775,1.3091597989214971
TLIT.MI,2024-03-08,1.51141578555627,0.661631305929463,,,0.7327104831406911,1.3647955406801318
TLIT.MI,2024-03-11,1.44197235757125,0.6934945699543956,,,0.7704499204045676,1.2979428948151417
TLIT.MI,2024-03-12,1.43516417835703,0.6967843923925108,,,0.770391671469957,1.2980410316377582
TLIT.MI,2024-03-13,1.44537644717836,0.6918612808117799,,,0.765694139373273,1.3060045109115088
TLIT.MI,2024-03-14,1.49575697336357,0.6685578057184377,,,0.741096410379101,1.3493521031743485
TLIT.MI,2024-03-15,1.48554470454224,0.6731537576367604,,,0.7449211108632195,1.3424240304334956
TLIT.MI,2024-03-18,1.48758715830651,0.6722295190679207,,,0.7435228423029567,1.34494859216785
TLIT.MI,2024-03-19,1.49235288375646,0.670082800713234,,,0.740312065161902,1.3507817136295162
TLIT.MI,2024-03-20,1.52026641853475,0.6577794443185894,,,0.7254583587148302,1.378438869698225
TLIT.MI,2024-03-21,1.45899280560679,0.685404339320305,,,0.7614820156622013,1.3132286507520183
TLIT.MI,2024-03-22,1.46512016689959,0.6825378713584616,,,0.7557332087153027,1.3232182845318323
TLIT.MI,2024-03-25,1.52639377982755,0.6551389380746682,,,0.7274721429738286,1.3746230830394504
TLIT.MI,2024-03-26,1.55022240707731,0.6450687304187119,,,0.717651177920515,1.3934346250188376
TLIT.MI,2024-03-27,1.99613008525292,0.5009693543461096,,,0.7254113550688469,1.3785281868176609
TLIT.MI,2024-03-28,2.00146495407765,0.49963402954554226,,,0.7239379115137157,1.3813339294651017
TLIT.MI,2024-04-02,1.96945574112927,0.5077544923282247,,,0.7371579582202273,1.3565613568282853
TLIT.MI,2024-04-03,2.07170739360325,0.48269364828627376,,,0.7010861987297926,1.4263581308714544
TLIT.MI,2024-04-04,2.03169587741778,0.49219965011248035,,,0.7132044161353611,1.40212255753925
TLIT.MI,2024-04-05,2.00591067809826,0.49852668462190364,,,0.7217094991759264,1.385599054940853
TLIT.MI,2024-04-08,2.0654833799744,0.48414817068748056,,,0.7018335807199573,1.4248392032968509
TLIT.MI,2024-04-09,2.09482515851041,0.47736680836460876,,,0.6889892723188609,1.4514014080863726
TLIT.MI,2024-04-10,2.0779314072321,0.48124783932692267,,,0.697054914659405,1.434607200909874
TLIT.MI,2024-04-11,2.04770048389197,0.4883526706500289,,,0.7073906737657668,1.4136460050802462
TLIT.MI,2024-04-12,2.02902844300542,0.4928467136314701,,,0.7151080775844834,1.398390021516516
TLIT.MI,2024-04-15,2.01035640211886,0.4974242372874918,,,0.718691658520934,1.3914172902159432
TLIT.MI,2024-04-16,1.9827929131911,0.504339103366374,,,0.7255155252195022,1.3783302565406212
TLIT.MI,2024-04-17,1.98368205799522,0.5041130437055199,,,0.7247403392863933,1.3798045255555083
TLIT.MI,2024-04-18,1.94722712102623,0.5135507764872229,,,0.7414569253115301,1.3486960143771545
TLIT.MI,2024-04-19,1.97212317554164,0.5070677188940553,,,0.7324406378402629,1.3652983577600029
TLIT.MI,2024-04-22,1.99168436123231,0.5020875895120612,,,0.7244786461354547,1.3803029327837932
TLIT.MI,2024-04-23,2.02725015339717,0.4932790353100959,,,0.7085576748316895,1.411317716991125
TLIT.MI,2024-04-24,2.00413238849001,0.498969033055465,,,0.7166298459251389,1.3954205308167735
TLIT.MI,2024-04-25,1.97745804436637,0.5056997304438013,,,0.7270866215794626,1.375351946137701
TLIT.MI,2024-04-26,1.97923633397461,0.5052453730938976,,,0.7262586366914722,1.3769199421236187
TLIT.MI,2024-04-29,2.01035640211886,0.4974242372874918,,,0.7130319867987885,1.4024616265668195
TLIT.MI,2024-04-30,1.98190376838697,0.5045653658622785,,,0.7260193850696093,1.3773736907921845
TLIT.MI,2024-05-02,1.97212317554164,0.5070677188940553,,,0.7269278076467578,1.3756524230889493
TLIT.MI,2024-05-03,2.01124554692298,0.4972043326733067,,,0.7121081734059315,1.404281031092671
TLIT.MI,2024-05-06,2.00857811251062,0.49786463059186237,,,0.7140939661236035,1.4003759273144574
TLIT.MI,2024-05-07,1.99346265084055,0.5016396969255215,,,0.7203282725238412,1.3882559357225595
TLIT.MI,2024-05-08,1.97656889956224,0.5059272157026627,,,0.7266802540570032,1.3761210579440855
TLIT.MI,2024-05-09,2.00146495407765,0.49963402954554226,,,0.7173066289319172,1.3941039433707987
TLIT.MI,2024-05-10,2.01124554692298,0.4972043326733067,,,0.7125459862753178,1.403418192315259
TLIT.MI,2024-05-13,2.06637252477852,0.4839398453128305,,,0.6931412382749971,1.4427074090825622
TLIT.MI,2024-05-14,2.11171890978872,0.47354787389769176,,,0.6787944240970607,1.473200080171858
TLIT.MI,2024-05-15,2.15884358440717,0.46321095572776544,,,0.6616817247567187,1.5113006186889493
TLIT.MI,2024-05-16,2.18551792853081,0.45755744528357123,,,0.6555961254198353,1.525329331926135
TLIT.MI,2024-05-17,2.18729621813906,0.457185447360575,,,0.6543312702871555,1.5282778699559116
TLIT.MI,2024-05-20,2.20507911422149,0.4534984679463771,,,0.6461694177177676,1.547581752680189
TLIT.MI,2024-05-21,2.18018305970608,0.4586770801415246,,,0.6525881853834349,1.5323599513411965
TLIT.MI,2024-05-22,2.19440937657203,0.45570348480835327,,,0.6471448708755863,1.5452490547394762
TLIT.MI,2024-05-23,2.19174194215966,0.45625809351197505,,,0.6471903608815168,1.5451404415818752
TLIT.MI,2024-05-24,2.18996365255142,0.45662858323468003,,,0.6461141746187081,1.5477140717275408
TLIT.MI,2024-05-27,2.23975576158223,0.4464772530794029,,,0.6330964262757022,1.5795382164493814
TLIT.MI,2024-05-28,2.22730773432453,0.4489725351325408,,,0.6368958798034867,1.5701153543473205
TLIT.MI,2024-05-29,2.18018305970608,0.4586770801415246,,,0.6517074756295519,1.5344307644069854
TLIT.MI,2024-05-30,2.2139705622627,0.4516771889586418,,,0.6435550504851173,1.5538686228104208
TLIT.MI,2024-05-31,2.66965727437501,0.37457991690491754,,,0.6590737220037779,1.5172809453845404
TLIT.MI,2024-06-03,2.77997369067149,0.3597156344880568,,,0.6327823470815894,1.5803222144423419
TLIT.MI,2024-06-04,2.71929966170843,0.3677417439796756,,,0.6469735907212066,1.5456581448483253
TLIT.MI,2024-06-05,2.66193512523425,0.3756665557024047,,,0.659508919165732,1.5162797210763785
TLIT.MI,2024-06-06,2.63987184197495,0.37880626782695503,,,0.6662469769408773,1.500944896728199
TLIT.MI,2024-06-07,2.61118957373787,0.38296721542454626,,,0.6746333550779346,1.482286626466132
TLIT.MI,2024-06-10,2.54389655979701,0.39309774454028706,,,0.6932056121682079,1.442573433403404
TLIT.MI,2024-06-11,2.51080163490806,0.39827917351050224,,,0.7013686892566795,1.4257836360785
TLIT.MI,2024-06-12,2.45784975508575,0.40685969430426466,,,0.7151371207899746,1.3983332299900084
TLIT.MI,2024-06-13,2.47329405336726,0.4043190896119095,,,0.7100021883609778,1.4084463631139994
TLIT.MI,2024-06-14,2.4688813967154,0.4050417332037092,,,0.710539554756643,1.4073811842079589
TLIT.MI,2024-06-17,2.49756366495248,0.4003901938647984,,,0.7049108824213781,1.418619040984283
TLIT.MI,2024-06-18,2.5317617540044,0.3949818731633553,,,0.6967876689045758,1.4351574297692529
TLIT.MI,2024-06-19,2.47550038169319,0.4039587339170681,,,0.7119136390520373,1.404664758679957
TLIT.MI,2024-06-20,2.53507124649329,0.394466231031289,,,0.6965674376318,1.4356111784378187
TLIT.MI,2024-06-21,2.47439721753022,0.4041388314355341,,,0.7116988237881805,1.4050887349753793
TLIT.MI,2024-06-24,2.54941238061183,0.39224725180004477,,,0.6921527718886235,1.4447677458133668
TLIT.MI,2024-06-25,2.48211936667098,0.4028815106266225,,,0.7090166302701216,1.4104041531705955
TLIT.MI,2024-06-26,2.47880987418208,0.4034194031641756,,,0.7094184606132716,1.4096052689910679
TLIT.MI,2024-06-27,2.47550038169319,0.4039587339170681,,,0.7124387919576826,1.4036293521470655
TLIT.MI,2024-06-28,2.4655719042265,0.405585413382507,,,0.714273099549269,1.4000247253200975
TLIT.MI,2024-07-01,2.49315100830063,0.40109884907517707,,,0.7721771503163734,1.295039615702542
TLIT.MI,2024-07-02,2.54830921644887,0.39241705580515224,,,0.7579258150236718,1.319390341611161
TLIT.MI,2024-07-03,2.5725788280341,0.3887150081088768,,,0.7497619209966062,1.333756719293999
TLIT.MI,2024-07-04,2.6133959020638,0.3826438999197556,,,0.7373531091694827,1.3562023236415854
TLIT.MI,2024-07-05,2.53286491816736,0.39480984273079367,,,0.7602562752048884,1.3153459334886792
TLIT.MI,2024-07-08,2.51852378404882,0.39705799339023257,,,0.7631027297235707,1.3104395529580188
TLIT.MI,2024-07-09,2.49646050078952,0.4005671228059664,,,0.7708017287144562,1.2973504894284564
TLIT.MI,2024-07-10,2.61780855871566,0.38199890388112123,,,0.7351121979546384,1.3603365619321515
TLIT.MI,2024-07-11,2.65641930441943,0.37644659423168647,,,0.7255905860471733,1.3781876711600367
TLIT.MI,2024-07-12,2.64980031944164,0.3773869271065367,,,0.7266949124965831,1.3760932996826256
TLIT.MI,2024-07-15,2.63987184197495,0.37880626782695503,,,0.7314715412131347,1.3671071855256525
TLIT.MI,2024-07-16,2.64207817030088,0.3784899369143646,,,0.7292734305078105,1.3712277976501572
TLIT.MI,2024-07-17,2.66083196107129,0.3758223046890136,,,0.7244138596025111,1.3804263774697851
TLIT.MI,2024-07-18,2.69392688596023,0.37120532305892834,,,0.7136110150768724,1.4013236607513366
TLIT.MI,2024-07-19,2.69392688596023,0.37120532305892834,,,0.7132893994249339,1.4019555047449423
TLIT.MI,2024-07-22,2.56485667889334,0.3898853328644743,,,0.7484148070023494,1.3361574231879954
TLIT.MI,2024-07-23,2.4909446799747,0.4014541182063332,,,0.7703998518913188,1.298027248506106
TLIT.MI,2024-07-24,2.48653202332284,0.40216654787484496,,,0.7694796034514179,1.29957960615799
TLIT.MI,2024-07-25,2.50749214241917,0.39880483893968394,,,0.7626827115661069,1.311161227119704
TLIT.MI,2024-07-26,2.52073011237475,0.3967104590415322,,,0.7587959554794984,1.317877346048952
TLIT.MI,2024-07-29,2.51962694821178,0.39688415013568423,,,0.7583908223359691,1.318581357458724
TLIT.MI,2024-07-30,2.54499972395997,0.39292735106627813,,,0.7527554652741795,1.3284526597701494
TLIT.MI,2024-07-31,2.50087315744138,0.399860343586194,,,0.7658435758356493,1.3057496746758648
TLIT.MI,2024-08-01,2.52293644070068,0.3963635325360301,,,0.7567020675466076,1.3215240751782495
TLIT.MI,2024-08-02,2.39496939779675,0.4175418696038242,,,0.7952973133399306,1.2573913971875499
TLIT.MI,2024-08-05,2.3210573988781,0.4308381173526158,,,0.8183663943755364,1.2219465594784853
TLIT.MI,2024-08-06,2.33429536883368,0.42839480099711863,,,0.8139976882700134,1.228504717409329
TLIT.MI,2024-08-07,2.40158838277454,0.41639108815337716,,,0.7926824240861815,1.2615392616441796
TLIT.MI,2024-08-08,2.39276306947082,0.41792687824338515,,,0.7954058566589373,1.2572198100230871
TLIT.MI,2024-08-09,2.42585799435977,0.4122252837243752,,,0.7857024657776264,1.2727464193589857
TLIT.MI,2024-08-12,2.43909596431535,0.4099879687516511,,,0.7817712115748346,1.2791466162914282
TLIT.MI,2024-08-13,2.40379471110047,0.41600890266631574,,,0.7934686738094847,1.2602891998230346
TLIT.MI,2024-08-14,2.48653202332284,0.40216654787484496,,,0.7701348606564529,1.2984738791691797
TLIT.MI,2024-08-16,2.5063889782562,0.3989803692385138,,,0.762457032606051,1.3115493165326781
TLIT.MI,2024-08-19,2.60457058876008,0.3839404485005935,,,0.7343036635323275,1.3618344149197825
TLIT.MI,2024-08-20,2.57809464884892,0.3878833542618324,,,0.7436220978465778,1.3447690740980607
TLIT.MI,2024-08-21,2.55934085807852,0.3907256029784057,,,0.7481243281577542,1.3366762212672405
TLIT.MI,2024-08-22,2.55603136558962,0.3912315057876147,,,0.7496861825562894,1.3338914645461217
TLIT.MI,2024-08-23,2.56816617138224,0.3893829033118131,,,0.7438744613149666,1.3443128538547666
TLIT.MI,2024-08-26,2.62222121536752,0.3813560786326885,,,0.7302641061800501,1.3693675911731655
TLIT.MI,2024-08-27,2.61780855871566,0.38199890388112123,,,0.730953195770058,1.3680766508538234
TLIT.MI,2024-08-28,2.62884020034531,0.38039588707926997,,,0.7287292489467281,1.3722517676425838
TLIT.MI,2024-08-29,2.59353894713043,0.3855735427094435,,,0.7365618173695094,1.3576592981310245
TLIT.MI,2024-08-30,2.63876867781199,0.37896463165129674,,,0.7251492646006973,1.3790264278219313
TLIT.MI,2024-09-02,2.59353894713043,0.3855735427094435,,,0.7365618173695079,1.3576592981310274
TLIT.MI,2024-09-03,2.52734909735254,0.3956714966869929,,,0.7563248584252529,1.3221831715039807
TLIT.MI,2024-09-04,2.58581679798968,0.3867249995349404,,,0.7403347613828108,1.350740303119337
TLIT.MI,2024-09-05,2.63435602116013,0.3795994132788534,,,0.7261617560257897,1.3771036435089883
TLIT.MI,2024-09-06,2.56265035056741,0.3902210068488605,,,0.7463929255766917,1.3397768999851678
TLIT.MI,2024-09-09,2.54941238061183,0.39224725180004477,,,0.7489109514621783,1.3352722350335429
TLIT.MI,2024-09-10,2.49646050078952,0.4005671228059664,,,0.7638266578414644,1.3091975643085692
TLIT.MI,2024-09-11,2.48432569499691,0.4025237117717143,,,0.7672494690837992,1.3033570439535613
TLIT.MI,2024-09-12,2.65200664776757,0.3770729612769972,,,0.7213058800536427,1.3863743907447852
TLIT.MI,2024-09-13,2.71599016921953,0.36818984521117065,,,0.7017563010584515,1.4249961111737945
TLIT.MI,2024-09-16,2.75129142243441,0.3634656771892145,,,0.692515265887123,1.4440114886405924
TLIT.MI,2024-09-17,2.7546009149233,0.3630289943571896,,,0.6883265771288618,1.4527987633009696
TLIT.MI,2024-09-18,2.83733822714567,0.3524430011313768,,,0.6660410904401709,1.5014088685416143
TLIT.MI,2024-09-19,2.8141717797234,0.3553443351273632,,,0.6720086649537044,1.4880760504314203
TLIT.MI,2024-09-20,2.64759399111571,0.3777014162124589,,,0.7116705804824452,1.4051444972224294
TLIT.MI,2024-09-23,2.67076043853797,0.37442519574964983,,,0.7069494521997848,1.414528290372589
TLIT.MI,2024-09-24,2.69613321428616,0.3709015543821207,,,0.7005740530710073,1.4274008516536427
TLIT.MI,2024-09-25,2.6762762593528,0.3736535032604701,,,0.7052392491262889,1.4179585172533804
TLIT.MI,2024-09-26,2.70164903510099,0.3701443033523483,,,0.6993577666283944,1.4298833125440251
TLIT.MI,2024-09-27,2.73143446750104,0.3661079963287164,,,0.6921197779425724,1.4448366191364257
TLIT.MI,2024-09-30,2.73123317255382,0.36613497889854535,,,0.6881833811321725,1.4531010591317086
TLIT.MI,2024-10-01,2.69948737615941,0.3704407024946755,,,0.6956510693983747,1.4375022823796384
TLIT.MI,2024-10-02,2.70496078933086,0.36969112600237547,,,0.6933109973600642,1.442354158246043
TLIT.MI,2024-10-03,2.74874809470247,0.3638019802277451,,,0.6819055312855415,1.4664787923259408
TLIT.MI,2024-10-04,2.80457690905126,0.3565600204339851,,,0.6663517516196706,1.5007088937176887
TLIT.MI,2024-10-07,2.79034603480549,0.3583784905264297,,,0.6713734090606189,1.4894840732509695
TLIT.MI,2024-10-08,2.75860023841108,0.36250268744121755,,,0.6773174049805298,1.4764126724733229
TLIT.MI,2024-10-09,2.79253540007407,0.3580975195420892,,,0.6682490879259111,1.4964479833466982
TLIT.MI,2024-10-10,2.76626301685111,0.3614985248721284,,,0.6753086857817568,1.480804291510587
TLIT.MI,2024-10-11,2.63818514863917,0.3790484532580363,,,0.706080106238171,1.4162698979408517
TLIT.MI,2024-10-14,2.63818514863917,0.3790484532580363,,,0.7060801062381695,1.4162698979408543
TLIT.MI,2024-10-15,2.69291928035367,0.371344216403199,,,0.693309057058847,1.4423581948318922
TLIT.MI,2024-10-16,2.76188428631395,0.3620716497629284,,,0.6789424027995086,1.4728789892583858
TLIT.MI,2024-10-17,2.77173643002256,0.3607846652258565,,,0.6761947719228983,1.4788638444457285
TLIT.MI,2024-10-18,2.76954706475398,0.3610698704948097,,,0.6774311004572241,1.4761648813068398
TLIT.MI,2024-10-21,2.73670658572528,0.365402708940747,,,0.6837448798092784,1.4625338039517557
TLIT.MI,2024-10-22,2.72794912465095,0.3665757513450524,,,0.6882304691854007,1.4530016393834093
TLIT.MI,2024-10-23,2.66226816659355,0.37561956099994587,,,0.7040424940672588,1.4203688107275918
TLIT.MI,2024-10-24,2.64475324444491,0.37810710776153467,,,0.7093826566931007,1.409676414506182
TLIT.MI,2024-10-25,2.62942768756484,0.3803108960665573,,,0.7134280812800626,1.4016829814236609
TLIT.MI,2024-10-28,2.61738617858765,0.38206054887154756,,,0.7152799968854546,1.3980539150462787
TLIT.MI,2024-10-29,2.60643935224475,0.38366517108436365,,,0.7201155199066951,1.38866608531027
TLIT.MI,2024-10-30,2.58235633429037,0.3872432269401734,,,0.7276433185934249,1.3742997076274344
TLIT.MI,2024-10-31,2.54732648999309,0.39256844535963376,,,0.7357088436894779,1.3592333551206734
TLIT.MI,2024-11-01,2.55608395106741,0.3912234571100078,,,0.7339734620601336,1.3624470797529613
TLIT.MI,2024-11-04,2.5341902983816,0.3946033573874172,,,0.7393621118026649,1.3525172361914308
TLIT.MI,2024-11-05,2.50572854989006,0.39908552745822184,,,0.7487292771474233,1.335596230202044
TLIT.MI,2024-11-06,2.46522529242133,0.4056424388773838,,,0.7620772904759614,1.3122028598640463
TLIT.MI,2024-11-07,2.4685093403242,0.40510278153076207,,,0.7603720964772482,1.3151455775835692
TLIT.MI,2024-11-08,2.4466156876384,0.40872786234982894,,,0.7670852176928723,1.303636124038024
TLIT.MI,2024-11-11,2.47179338822707,0.4045645581717753,,,0.758583606985258,1.3182462563014938
TLIT.MI,2024-11-12,2.37765068167812,0.4205832285229598,,,0.7831427620952726,1.276906393573163
TLIT.MI,2024-11-13,2.37765068167812,0.4205832285229598,,,0.7783285659264334,1.2848044434932362
TLIT.MI,2024-11-14,2.57140950794747,0.3888917719675899,,,0.7231905293730513,1.3827614707107967
TLIT.MI,2024-11-15,2.56155736423886,0.39038750955208046,,,0.7262509178366381,1.3769345765218552
TLIT.MI,2024-11-18,2.61519681331907,0.382380398640381,,,0.7107097953177323,1.4070440657890986
TLIT.MI,2024-11-19,2.50682323252435,0.39891125430212665,,,0.7394984224932016,1.3522679286164307
TLIT.MI,2024-11-20,2.55936799897028,0.39072145951748,,,0.7241811451301091,1.3808699753158256
TLIT.MI,2024-11-21,2.51667537623296,0.3973496182478774,,,0.7369255973263783,1.3569890958165594
TLIT.MI,2024-11-22,2.53856902891877,0.39392271339019724,,,0.7333519437264522,1.3636017584116613
TLIT.MI,2024-11-25,2.58892443009611,0.38626079169212235,,,0.7209922471816329,1.3869774659977436
TLIT.MI,2024-11-26,2.54294775945593,0.3932444134101884,,,0.7340175085905913,1.3623653227565775
TLIT.MI,2024-11-27,2.55608395106741,0.3912234571100078,,,0.7298272986801423,1.3701871686746332
TLIT.MI,2024-11-28,2.52543283730728,0.3959717262036717,,,0.7393919083232859,1.3524627315271724
TLIT.MI,2024-11-29,2.48821362774142,0.40189475246452666,,,0.7496771079468906,1.3339076108895178
TLIT.MI,2024-12-02,2.44771037027269,0.40854506813589786,,,0.7615904838155934,1.3130416165259406
TLIT.MI,2024-12-03,2.44880505290698,0.40836243734996325,,,0.7617239863117075,1.3128114881113733
TLIT.MI,2024-12-04,2.48274021456997,0.4027807638235754,,,0.7503627039534375,1.332688837986347
TLIT.MI,2024-12-05,2.59330316063327,0.38560859955756416,,,0.7199941102871179,1.388900250310689
TLIT.MI,2024-12-06,2.62395427439339,0.38110420206586165,,,0.714048951708977,1.4004642085204926
TLIT.MI,2024-12-09,2.65460538815352,0.37670382365025484,,,0.706147289756461,1.4161351526887316
TLIT.MI,2024-12-10,2.65898411869068,0.3760834797661046,,,0.7052683665449824,1.4178999760032758
TLIT.MI,2024-12-11,2.73780126835956,0.36525660629822904,,,0.6842959976191829,1.4613559095467767
TLIT.MI,2024-12-12,2.77173643002256,0.3607846652258565,,,0.6766284057516815,1.4779160784553198
TLIT.MI,2024-12-13,2.84617484915429,0.35134875859687226,,,0.6579280181823793,1.5199231106810798
TLIT.MI,2024-12-16,3.00818787902922,0.33242604525177216,,,0.6273260508034335,1.5940673892296882
TLIT.MI,2024-12-17,2.99724105268632,0.33364016521251627,,,0.6293485996146331,1.5889445064505214
TLIT.MI,2024-12-18,2.98191549580626,0.33535490908658927,,,0.6329733491267828,1.5798453463791928
TLIT.MI,2024-12-19,2.74765341206818,0.36394692125572425,,,0.6817251193336233,1.4668668817389123
TLIT.MI,2024-12-20,2.64694260971349,0.3777943640826583,,,0.7062104596791731,1.416008480608307
TLIT.MI,2024-12-23,2.64913197498207,0.37748213733548264,,,0.704631593691702,1.4191813267423978
TLIT.MI,2024-12-27,2.69182459771938,0.3714952307246317,,,0.692137426766023,1.4447997772240828
TLIT.MI,2024-12-30,2.69948737615941,0.3704407024946755,,,0.6906422152746527,1.4479277082741353
TLIT.MI,2025-01-02,2.7334225378224,0.36584171900355256,,,0.5686743249154425,1.7584757323951496
TLIT.MI,2025-01-03,2.66226816659355,0.37561956099994587,,,0.582778387032063,1.7159181298619137
TLIT.MI,2025-01-06,2.67102562766787,0.3743880214556839,,,0.57974341373548,1.7249010101842586
TLIT.MI,2025-01-07,2.77939920846259,0.3597899851720634,,,0.5595690545127736,1.787089532445137
TLIT.MI,2025-01-08,2.82428119646848,0.3540723923844459,,,0.5511275853198493,1.8144618898356277
TLIT.MI,2025-01-09,2.83522802281139,0.3527053175103736,,,0.5506996544648476,1.8158718493690873
TLIT.MI,2025-01-10,2.7892513521712,0.35851914142538044,,,0.5575630266602087,1.793519211612685
TLIT.MI,2025-01-13,3.41182199665126,0.2930985265296697,,,0.5553689608322617,1.8006047700278847
TLIT.MI,2025-01-14,3.43050959757188,0.29150188085985873,,,0.5501169662607641,1.8177952350700346
TLIT.MI,2025-01-15,3.44652754121813,0.29014710836941787,,,0.5503744602886491,1.816944775154611
TLIT.MI,2025-01-16,3.46654997077594,0.28847124906039173,,,0.5457499546048045,1.8323409678048126
TLIT.MI,2025-01-17,3.50526000125438,0.2852855421971961,,,0.539396681814885,1.8539231584357225
TLIT.MI,2025-01-20,3.49191171488251,0.2863760832606406,,,0.5415265576612482,1.8466315009901133
TLIT.MI,2025-01-21,3.45186685576688,0.289698311604732,,,0.5523833767378221,1.8103368821589834
TLIT.MI,2025-01-22,3.42517028302313,0.2919562875330619,,,0.5533032330295152,1.8073272309013535
TLIT.MI,2025-01-23,3.46388031350157,0.2886935775760448,,,0.5486522124777379,1.822648259238681
TLIT.MI,2025-01-24,3.40247819619094,0.29390342636713906,,,0.5570007091063038,1.7953298508443185
TLIT.MI,2025-01-27,3.44385788394376,0.2903720286084635,,,0.55083958808396,1.8154105507892035
TLIT.MI,2025-01-28,3.56666211856501,0.2803741893000883,,,0.5326920599305218,1.8772571908250866
TLIT.MI,2025-01-29,3.54397003173282,0.2821694289302585,,,0.5364457435796867,1.8641214176237646
TLIT.MI,2025-01-30,3.55998797537907,0.2808998252005386,,,0.533593529879536,1.8740856925790683
TLIT.MI,2025-01-31,3.54397003173282,0.2821694289302585,,,0.5359547933202813,1.8658290073401953
TLIT.MI,2025-02-03,3.59469351994594,0.27818783282949777,,,0.5297789503327421,1.8875797148450741
TLIT.MI,2025-02-04,3.64141252224751,0.27461870740829764,,,0.5214446852458134,1.917748954577208
TLIT.MI,2025-02-05,3.68145738136313,0.2716315568563586,,,0.516270876517204,1.9369676762440353
TLIT.MI,2025-02-06,3.76421675686876,0.26565951553540285,,,0.5064643013079203,1.9744728254638022
TLIT.MI,2025-02-07,4.00048142565095,0.24996991451779635,,,0.4769431765181003,2.096685830166289
TLIT.MI,2025-02-10,4.06054871432438,0.2462721347172377,,,0.47041146884230695,2.1257985109525968
TLIT.MI,2025-02-11,4.06455320023595,0.24602950207219565,,,0.4720280047028745,2.118518371869622
TLIT.MI,2025-02-12,4.07656665797063,0.245304464246836,,,0.47199046037095715,2.1186868887435946
TLIT.MI,2025-02-13,3.97245002427001,0.2517338151242729,,,0.4869640604485906,2.0535396371526913
TLIT.MI,2025-02-14,3.67077875226563,0.2724217577490316,,,0.5232072874434046,1.9112883631388071
TLIT.MI,2025-02-17,3.64675183679626,0.27421663023786086,,,0.524549505173233,1.9063977568137236
TLIT.MI,2025-02-18,3.73752018412501,0.26755708350351287,,,0.5125649932285253,1.9509720976090021
TLIT.MI,2025-02-19,3.66543943771688,0.272818584781441,,,0.5213530603355214,1.9180859883251495
TLIT.MI,2025-02-20,3.61872043541532,0.2763407723385601,,,0.5262992778590887,1.900059608798741
TLIT.MI,2025-02-21,3.62005526405251,0.2762388767735383,,,0.5267440965767777,1.8984550685975101
TLIT.MI,2025-02-24,3.63206872178719,0.27532518699369257,,,0.5258040900192602,1.9018490327136293
TLIT.MI,2025-02-25,3.62939906451282,0.27552770643980745,,,0.5268071746189986,1.8982277542503618
TLIT.MI,2025-02-26,3.61338112086657,0.27674910742882763,,,0.5277311906441131,1.894904105970063
TLIT.MI,2025-02-27,3.59202386267157,0.27839458707165976,,,0.5305835338993883,1.8847173651446647
TLIT.MI,2025-02-28,3.61338112086657,0.27674910742882763,,,0.5281542531649964,1.89338624844435
TLIT.MI,2025-03-03,3.60403732040626,0.277466605114754,,,0.5306429262542923,1.8845064176372048
TLIT.MI,2025-03-04,3.41048716801407,0.29321324219563066,,,0.5613755324152856,1.7813387692505194
TLIT.MI,2025-03-05,3.44519271258094,0.290259524916636,,,0.5528304168277544,1.808872973629399
TLIT.MI,2025-03-06,3.53729588854688,0.28270182407918376,,,0.5389534868742434,1.8554476858470255
TLIT.MI,2025-03-07,3.67211358090282,0.2723227313012855,,,0.519466451955131,1.925052130385458
TLIT.MI,2025-03-10,3.66810909499126,0.2726200268594745,,,0.5224338368311706,1.9141179791598364
TLIT.MI,2025-03-11,3.58134523357407,0.2792246864740352,,,0.5335562524820929,1.8742166272965974
TLIT.MI,2025-03-12,3.65476080861938,0.27361571724245326,,,0.5227152487062738,1.913087484007806
TLIT.MI,2025-03-13,3.73351569821345,0.2678440592813141,,,0.5131953046240921,1.9485758949655336
TLIT.MI,2025-03-14,3.96444105244688,0.2522423682861404,,,0.4862120039129357,2.056715983875763
TLIT.MI,2025-03-17,3.96711070972126,0.2520726224124617,,,0.4848662770460503,2.06242431643689
TLIT.MI,2025-03-18,3.89369513467595,0.25682544868352264,,,0.4942728615043531,2.023173995344256
TLIT.MI,2025-03-19,3.87500753375532,0.2580640144022861,,,0.49686375696789864,2.012624156977117
TLIT.MI,2025-03-20,3.84831096101157,0.2598542607734431,,,0.5007755889778275,1.9969024489416085
TLIT.MI,2025-03-21,3.88969064876438,0.25708985374393856,,,0.4924086348515357,2.0308335988086528
TLIT.MI,2025-03-24,3.96978036699563,0.25190310484527134,,,0.4790017454999247,2.0876750646416116
TLIT.MI,2025-03-25,3.36032890290919,0.29758991720550165,,,0.4776448220928632,2.093605863072836
TLIT.MI,2025-03-26,3.38739195447625,0.295212367933553,,,0.4739921077535618,2.1097397691691535
TLIT.MI,2025-03-27,3.54638738243269,0.2819770916605385,,,0.45443347976472204,2.20054209148001
TLIT.MI,2025-03-28,3.52496246660877,0.2836909639387058,,,0.45456358005618563,2.199912276026154
TLIT.MI,2025-03-31,3.50466517793348,0.2853339617993546,,,0.4583895333079971,2.18155068416034
TLIT.MI,2025-04-01,3.60276873986405,0.2775643046235976,,,0.4474826342694682,2.234723592419484
TLIT.MI,2025-04-02,3.55202551817583,0.28152950897536283,,,0.4527659553674716,2.208646626684608
TLIT.MI,2025-04-03,3.60840687560719,0.27713061039762293,,,0.44677271505641203,2.238274555046931
TLIT.MI,2025-04-04,3.38288144588174,0.2956059844241312,,,0.47314842935411466,2.1135016793040604
TLIT.MI,2025-04-07,3.17990855912883,0.3144744515150337,,,0.5046699847689249,1.9814929165202362
TLIT.MI,2025-04-08,3.1990782206555,0.3125900434516719,,,0.5012987593333834,1.9948184219122727
TLIT.MI,2025-04-09,3.10886804876532,0.3216604835953548,,,0.5150873729099071,1.9414181993059805
TLIT.MI,2025-04-10,3.36709466580096,0.29699194684273045,,,0.4794148966459395,2.0858759437726158
TLIT.MI,2025-04-11,3.36596703865233,0.29709144163229273,,,0.47778703170195713,2.0929827175045608
TLIT.MI,2025-04-14,3.54977026387857,0.28170837143341615,,,0.45495796551908657,2.1980052571649007
TLIT.MI,2025-04-15,3.57345043399974,0.2798415756618475,,,0.45151238405248606,2.214778675669182
TLIT.MI,2025-04-16,3.61968314709346,0.2762672751627396,,,0.4442709391024061,2.2508787138325435
TLIT.MI,2025-04-17,3.6377251814715,0.2748970716901404,,,0.44275235588834005,2.258598936178659
TLIT.MI,2025-04-22,3.72116959046991,0.2687327131128468,,,0.4336384892972597,2.3060683603537298
TLIT.MI,2025-04-23,3.75612603207736,0.2662317482054618,,,0.4298249470796952,2.326528524680041
TLIT.MI,2025-04-24,3.81025213521147,0.26244982340112244,,,0.4244571615429399,2.3559503540119575
TLIT.MI,2025-04-25,3.82040077954911,0.2617526426423831,,,0.4223182943083273,2.3678822667102297
TLIT.MI,2025-04-28,3.84859145826479,0.2598353217909154,,,0.41927527808002607,2.3850678832753225
TLIT.MI,2025-04-29,3.9275253586687,0.25461325101131027,,,0.41106685601611914,2.432694305961722
TLIT.MI,2025-04-30,3.92414247722282,0.2548327451932164,,,0.4128257784020666,2.422329351308247
TLIT.MI,2025-05-02,3.98841722469457,0.2507260258050308,,,0.4059276212273248,2.4634933611477177
TLIT.MI,2025-05-05,3.98052383465418,0.25122321622447413,,,0.4068614783640132,2.4578389775827194
TLIT.MI,2025-05-06,4.04367095497731,0.24730004274188308,,,0.40136457816192794,2.491500382469119
TLIT.MI,2025-05-07,4.01886315770751,0.24882658621559847,,,0.4044739464816989,2.472347128161064
TLIT.MI,2025-05-08,4.04818146357181,0.24702449951877292,,,0.4020328375609307,2.4873590079527856
TLIT.MI,2025-05-09,4.3482763087662,0.2299761857322596,,,0.3915397241897676,2.554019268592348
TLIT.MI,2025-05-12,4.27381547499281,0.23398296109208652,,,0.39998494433375475,2.5000941014559332
TLIT.MI,2025-05-13,4.29981767091368,0.23256800090956117,,,0.3972131894345252,2.5175397660475607
TLIT.MI,2025-05-14,4.32581986683454,0.2311700511773181,,,0.3949821493972073,2.531759983397038
TLIT.MI,2025-05-15,4.40619029058994,0.2269534300721522,,,0.38809122085441844,2.5767137885737488
TLIT.MI,2025-05-16,4.514926746259,0.2214875359447603,,,0.3785318140811,2.641785875851775
TLIT.MI,2025-05-19,4.58584182604317,0.21806247095592393,,,0.3723651691245542,2.6855358205254296
TLIT.MI,2025-05-20,4.60238867799282,0.21727847645325712,,,0.37161419200968693,2.6909628897432767
TLIT.MI,2025-05-21,4.67093992178418,0.21408967290207095,,,0.3659505800818851,2.7326094134793832
TLIT.MI,2025-05-22,4.60002484200001,0.21739013034660432,,,0.3708320578446855,2.6966384886250236
TLIT.MI,2025-05-23,4.58347799005037,0.21817493226121296,,,0.3726307024220435,2.683622131778596
TLIT.MI,2025-05-26,4.62720895591728,0.2161129980355002,,,0.3690535830642556,2.7096336301547055
TLIT.MI,2025-05-27,4.52674592622303,0.2209092395062622,,,0.3781941574617577,2.64414449633881
TLIT.MI,2025-05-28,4.51138099226979,0.2216616157477036,,,0.3795849156293364,2.6344566362497326
TLIT.MI,2025-05-29,4.52556400822663,0.22096693322250813,,,0.3775045800260821,2.6489744837821814
TLIT.MI,2025-05-30,4.44873933846044,0.22478278090036774,,,0.38456428916367946,2.6003454511460813
TLIT.MI,2025-06-02,4.47828728837051,0.2232996535521205,,,0.3823997385814919,2.6150645492318856
TLIT.MI,2025-06-03,4.44755742046404,0.2248425158939632,,,0.3858464644082628,2.591704453048722
TLIT.MI,2025-06-04,4.48301496035613,0.22306416749511812,,,0.38233947253979933,2.6154767472926976
TLIT.MI,2025-06-05,4.52910976221584,0.22079394240839859,,,0.3789259436089563,2.63903809402921
TLIT.MI,2025-06-06,4.56338538411152,0.21913555744858432,,,0.37577181446581975,2.66118948123226
TLIT.MI,2025-06-09,4.53501935219785,0.22050622551706653,,,0.3778470635497534,2.646573432661662
TLIT.MI,2025-06-10,4.54565661416548,0.21999022030914805,,,0.3770661645615258,2.6520544508756374
TLIT.MI,2025-06-11,4.58938758003238,0.21789399621658118,,,0.37240122978855433,2.6852757724988985
TLIT.MI,2025-06-12,4.53501935219785,0.22050622551706653,,,0.3759603880840014,2.6598546860116774
TLIT.MI,2025-06-13,4.4321924865108,0.22562196994906242,,,0.3837132774774713,2.6061125811803905
TLIT.MI,2025-06-16,4.56693113810073,0.21896542114621734,,,0.3736769954118492,2.676108008462889
TLIT.MI,2025-06-17,4.59293333402159,0.21772578160292957,,,0.3713875579618473,2.692605012100944
TLIT.MI,2025-06-18,4.81040624535972,0.20788265044446794,,,0.3549564580734781,2.8172469531262734
TLIT.MI,2025-06-19,4.64257388987051,0.21539775644322418,,,0.3671751849252027,2.7234955984395026
TLIT.MI,2025-06-20,4.77731254146044,0.20932270838915987,,,0.35589620432835334,2.80980799412345
TLIT.MI,2025-06-23,4.66148457781296,0.21452393187347463,,,0.3642395794675981,2.745445735089197
TLIT.MI,2025-06-24,4.7595837715144,0.21010240558951668,,,0.3570086692954523,2.801052428148244
TLIT.MI,2025-06-25,4.83640844128059,0.20676500178616403,,,0.3512204102126604,2.8472149423050617
TLIT.MI,2025-06-26,4.93214379898922,0.2027515905365406,,,0.345035595562089,2.8982516959472675
TLIT.MI,2025-06-27,4.92977996299641,0.2028488101915571,,,0.3457845548813031,2.8919741668139816
TLIT.MI,2025-06-30,4.94750873294246,0.20212192721189284,,,0.24744323096764576,4.0413309997991185
TLIT.MI,2025-07-01,4.8411361132662,0.20656308283910732,,,0.25292027265922223,3.953815127138394
TLIT.MI,2025-07-02,4.79740514739929,0.20844601806084853,,,0.254951468246905,3.9223151248203862
TLIT.MI,2025-07-03,4.89905009508994,0.2041212032108525,,,0.2496039435122886,4.006346958820254
TLIT.MI,2025-07-04,4.88013940714749,0.20491217905279352,,,0.25070775397553724,3.988707904493352
TLIT.MI,2025-07-07,4.91559694703958,0.20343409168285256,,,0.24839693022742526,4.0258146470829095
TLIT.MI,2025-07-08,4.90495968507195,0.20387527405035769,,,0.24896759532238744,4.0165869727146735
TLIT.MI,2025-07-09,4.95696407691368,0.20173638228635762,,,0.24713034545622378,4.046447627279096
TLIT.MI,2025-07-10,4.84468186725541,0.20641190224664144,,,0.2520161469652368,3.96799971764484
TLIT.MI,2025-07-11,4.79031363942087,0.20875459839846644,,,0.254424055553989,3.9304459549729924
TLIT.MI,2025-07-14,4.76903911548562,0.20968584567756732,,,0.2559531344565346,3.906965242380408
TLIT.MI,2025-07-15,4.73712732958274,0.2110984000271918,,,0.2577620722746916,3.8795467121102325
TLIT.MI,2025-07-16,4.80567857337411,0.20808715870855485,,,0.25397865011956416,3.9373388256423736
TLIT.MI,2025-07-17,4.79267747541368,0.20865163682095778,,,0.25471396636957416,3.9259723926918957
TLIT.MI,2025-07-18,4.81040624535972,0.20788265044446794,,,0.2538563375064337,3.9392359072960152
TLIT.MI,2025-07-21,4.77613062346404,0.20937450811902594,,,0.255637146679225,3.9117945611198905
TLIT.MI,2025-07-22,4.8009509013885,0.20829206974618017,,,0.2542548721130907,3.933061308477925
TLIT.MI,2025-07-23,4.73949116557555,0.21099311404214063,,,0.2581653709914142,3.873486192821953
TLIT.MI,2025-07-24,4.77376678747123,0.2094781845280972,,,0.25633190877052064,3.901192031832615
TLIT.MI,2025-07-25,4.81277008135253,0.20778054698157752,,,0.25416203987653124,3.9344978521803946
TLIT.MI,2025-07-28,4.79385939341008,0.20860019410971015,,,0.2551687791345175,3.918974740529794
TLIT.MI,2025-07-29,4.81277008135253,0.20778054698157752,,,0.2534294681282164,3.9458710440653046
TLIT.MI,2025-07-30,4.77849445945684,0.20927093428369647,,,0.2549289503515084,3.9226615832417284
TLIT.MI,2025-07-31,4.77140295147843,0.20958196366335977,,,0.25567470365003814,3.911219943638921
TLIT.MI,2025-08-01,4.77022103348203,0.20963389180103642,,,0.2561344537483708,3.90419947557079
TLIT.MI,2025-08-04,4.81158816335612,0.20783158617268113,,,0.25333680375251455,3.947314346702277
TLIT.MI,2025-08-05,4.89550434110073,0.20426904570472815,,,0.2498617579840853,4.002213096026059
TLIT.MI,2025-08-06,4.99242161680577,0.2003035954803464,,,0.24444139239489662,4.090960169235551
TLIT.MI,2025-08-07,5.05624518861152,0.1977752190998093,,,0.24187165874502467,4.134424037891004
TLIT.MI,2025-08-08,4.35081304057127,0.2298420986319141,,,0.23918191178354195,4.180918166190566
TLIT.MI,2025-08-11,4.47236657968674,0.22359526711024738,,,0.23295230095425631,4.292724286918999
TLIT.MI,2025-08-12,4.50049467138289,0.22219779669080794,,,0.23139530088707602,4.321608935732075
TLIT.MI,2025-08-13,4.48341690142452,0.22304416965602042,,,0.23202343008858362,4.309909562229179
TLIT.MI,2025-08-14,4.60898873935373,0.21696733417062317,,,0.22531860707508897,4.438159870510575
TLIT.MI,2025-08-18,4.71446908321426,0.21211296168225455,,,0.21942076727409238,4.557453756192716
TLIT.MI,2025-08-19,4.73154685317263,0.21134737349783886,,,0.21920153624385288,4.56201182316323
TLIT.MI,2025-08-20,4.65519917571167,0.21481357988235245,,,0.22233751467598364,4.497666538448618
TLIT.MI,2025-08-21,4.61702533698119,0.21658967127389492,,,0.22403228126845476,4.463642446249583
TLIT.MI,2025-08-22,4.63008480812583,0.21597876527984827,,,0.22354137774036603,4.473444738098815
TLIT.MI,2025-08-25,4.61401161287089,0.2167311406868759,,,0.22426655652258573,4.45897959778631
TLIT.MI,2025-08-26,4.57181947532668,0.2187312962370512,,,0.2264264018312834,4.416446103070294
TLIT.MI,2025-08-27,4.55976457888548,0.21930956800502732,,,0.22703168551787742,4.40467152291505
TLIT.MI,2025-08-28,4.15893927221544,0.24044592492145397,,,0.24892548999176756,4.01726637168846
TLIT.MI,2025-08-29,4.11473798526436,0.24302884013057102,,,0.25150699690009565,3.97603252523914
TLIT.MI,2025-09-01,4.25236471963477,0.23516327171623436,,,0.24368690981291793,4.103626250452742
TLIT.MI,2025-09-02,4.21820917971802,0.2370674277625199,,,0.24529107989286814,4.076789096598025
TLIT.MI,2025-09-03,4.19209023742875,0.23854448338720818,,,0.2464281477421769,4.05797799140316
TLIT.MI,2025-09-04,4.39702347692922,0.22742657737601554,,,0.23561967563634142,4.244127733812067
TLIT.MI,2025-09-05,4.3518176152747,0.22978904182244247,,,0.2376851400492632,4.207246611179553
TLIT.MI,2025-09-08,4.41611039629446,0.22644361446196995,,,0.23418476862309137,4.270132536285696
TLIT.MI,2025-09-09,4.48341690142452,0.22304416965602042,,,0.23056603163866743,4.337152324186047
TLIT.MI,2025-09-10,4.39400975281892,0.22758256268285773,,,0.23555551622453572,4.245283727708513
TLIT.MI,2025-09-11,4.44323391328717,0.22506129983604337,,,0.23297743336347518,4.292261209865204
TLIT.MI,2025-09-12,4.44624763739747,0.22490875037840485,,,0.23276759898689314,4.296130579824853
TLIT.MI,2025-09-15,4.48743520023825,0.22284444351350352,,,0.23076061862418804,4.333495056314524
TLIT.MI,2025-09-16,4.4412247638803,0.22516311449328663,,,0.2333093381572949,4.286155058764985
TLIT.MI,2025-09-17,4.51154499312066,0.2216535580438254,,,0.23040855231166818,4.340116675214919
TLIT.MI,2025-09-18,4.45629338443181,0.22440174237484656,,,0.23319210348782582,4.288309874318736
TLIT.MI,2025-09-19,4.44222933858373,0.22511219565237928,,,0.2342700711733534,4.268577693221545
TLIT.MI,2025-09-22,4.39903262633609,0.22732270590884204,,,0.2364287842306892,4.229603443818736
TLIT.MI,2025-09-23,4.31565292595109,0.23171464831816116,,,0.24088883569483255,4.1512924296202725
TLIT.MI,2025-09-24,4.32368952357856,0.23128395194582255,,,0.24103710950920512,4.148738764898815
TLIT.MI,2025-09-25,4.38898687930175,0.2278430142309041,,,0.23777339430247693,4.205685009180957
TLIT.MI,2025-09-26,4.4502659362112,0.2247056724999596,,,0.23425054800865366,4.268933449679947
TLIT.MI,2025-09-29,4.4321835915494,0.22562242275041244,,,0.23491681752686358,4.256825928972269
TLIT.MI,2025-09-30,4.47337115439018,0.22354505483377943,,,0.23265781458046775,4.298157797979904
TLIT.MI,2025-10-01,4.63108938282927,0.21593191522230357,,,0.22464988904882482,4.451370994368319
TLIT.MI,2025-10-02,4.7215011061383,0.21179704876059993,,,0.21978043395362398,4.549995566079421
TLIT.MI,2025-10-03,4.84305464525377,0.20648125475520032,,,0.21374533240294843,4.678464735383415
TLIT.MI,2025-10-06,4.85109124288124,0.2061391859960283,,,0.21354800274851912,4.682787884359807
TLIT.MI,2025-10-07,4.87821475987395,0.2049930249536286,,,0.21286671807054006,4.697775251406933
TLIT.MI,2025-10-08,4.74360174961384,0.21081027725006773,,,0.2185613984360877,4.575373360325669
TLIT.MI,2025-10-09,4.87821475987395,0.2049930249536286,,,0.21205486240970356,4.7157607641551555
TLIT.MI,2025-10-10,4.76972069190311,0.20965588230303728,,,0.21685498897149824,4.61137649976516
TLIT.MI,2025-10-13,4.86515528872931,0.20554328498344432,,,0.21290340625822812,4.696965715931812
TLIT.MI,2025-10-14,4.78077101364089,0.2091712816084932,,,0.2165323977818852,4.6182465545285645
TLIT.MI,2025-10-15,4.81191282944733,0.20781756350205008,,,0.21489751174604,4.653381008812111
TLIT.MI,2025-10-16,5.08917544759503,0.19649548542732315,,,0.20404328155467022,4.900920982943835
TLIT.MI,2025-10-17,5.09319374640876,0.19634045940331757,,,0.20338281822074503,4.916836184827732
TLIT.MI,2025-10-20,5.13940418276671,0.1945750838887451,,,0.20195979660719224,4.951480526319702
TLIT.MI,2025-10-21,5.10524864284996,0.1958768455676546,,,0.20342092526870242,4.915915108925406
TLIT.MI,2025-10-22,5.10123034403623,0.19603114005018116,,,0.20359808339227944,4.911637591760948
TLIT.MI,2025-10-23,4.95154871322461,0.20195701545441677,,,0.2091498000016429,4.781262042766213
TLIT.MI,2025-10-24,5.03492841360961,0.19861255570128078,,,0.205768194873369,4.8598375497992095
TLIT.MI,2025-10-27,5.05501990767828,0.19782315762615663,,,0.20482220676111818,4.8822831069596315
TLIT.MI,2025-10-28,5.07912970056069,0.196884123650083,,,0.20434579768532385,4.893665596881615
TLIT.MI,2025-10-29,5.0168460689478,0.1993284199388907,,,0.2065525832231314,4.841382201062747
TLIT.MI,2025-10-30,5.25794399777188,0.1901884083253383,,,0.19730053278993154,5.0684100334625715
TLIT.MI,2025-10-31,5.13538588395297,0.19472733356314964,,,0.20150956483245738,4.96254359355814
TLIT.MI,2025-11-03,5.01584149424437,0.1993683415130822,,,0.2068751759260332,4.833832747325582
TLIT.MI,2025-11-04,4.96058988555551,0.2015889285489714,,,0.20883916901686575,4.788373774458184
TLIT.MI,2025-11-05,4.90533827686666,0.20385953904870374,,,0.21150130551206037,4.728103202856955
TLIT.MI,2025-11-06,4.8199494270748,0.20747105651830341,,,0.21508889985086702,4.6492403870834575
TLIT.MI,2025-11-07,4.38650757540405,0.2279717936900834,,,0.21149692077924873,4.72820122541527
TLIT.MI,2025-11-10,4.42336143003347,0.2260724147952869,,,0.20903815304481552,4.783815707487671
TLIT.MI,2025-11-11,4.45661978665026,0.22438530722218786,,,0.2079333918816516,4.809232374611409
TLIT.MI,2025-11-12,4.44942879062501,0.22474795014295088,,,0.20837282070889387,4.7990903832752965
TLIT.MI,2025-11-13,4.45661978665026,0.22438530722218786,,,0.2080249176734505,4.807116431935147
TLIT.MI,2025-11-14,4.48538377075127,0.22294636336825804,,,0.20650940182961175,4.842394540588942
TLIT.MI,2025-11-17,4.51055225683966,0.22170234220956675,,,0.204874195126761,4.881044190954717
TLIT.MI,2025-11-18,4.21032817278536,0.23751117702980523,,,0.21953400898649292,4.555102895522334
TLIT.MI,2025-11-19,4.32358636018309,0.231289470521332,,,0.21413240816363785,4.670007723612812
TLIT.MI,2025-11-20,4.40268731646087,0.22713400432985023,,,0.21011262701941752,4.759352230209302
TLIT.MI,2025-11-21,4.37482220686301,0.2285807177332254,,,0.2117938306326143,4.72157284758043
TLIT.MI,2025-11-24,4.4620130336692,0.22411409210467514,,,0.2072806536154505,4.824376913897675
TLIT.MI,2025-11-25,4.47459727671339,0.22348379935869983,,,0.20717157295521693,4.826917060750241
TLIT.MI,2025-11-26,4.50156351180809,0.22214503857979376,,,0.20543470515280127,4.867726703023256
TLIT.MI,2025-11-27,4.43774342208397,0.2253397515105546,,,0.2084999202032575,4.796164905123914
TLIT.MI,2025-11-28,4.35774359130304,0.22947655800486944,,,0.21196385720333139,4.717785443207547
TLIT.MI,2025-12-01,4.33437285422097,0.23071388494558415,,,0.21313631437657843,4.691833031480299
TLIT.MI,2025-12-02,4.39459744593246,0.22755212788046772,,,0.2102632256679732,4.75594339820079
TLIT.MI,2025-12-03,4.45482203764395,0.22447585819362523,,,0.2072164106634844,4.825872607281001
TLIT.MI,2025-12-04,4.48538377075127,0.22294636336825804,,,0.20565569633781938,4.862495996013427
TLIT.MI,2025-12-05,4.49796801379546,0.22232261255148042,,,0.20485780549012828,4.881434698607021
TLIT.MI,2025-12-08,4.45392316314079,0.2245211610913436,,,0.20667884297430988,4.83842460896832
TLIT.MI,2025-12-09,4.39100194791983,0.2277384551090292,,,0.20986841045408544,4.7648905227629665
TLIT.MI,2025-12-10,4.37212558335354,0.22872170090616945,,,0.2106800813527462,4.746533196584818
TLIT.MI,2025-12-11,4.40628281447349,0.22694866446503634,,,0.2096213446513671,4.77050656107161
TLIT.MI,2025-12-12,4.42246255553031,0.22611836447309097,,,0.2090675494959565,4.783143067448354
TLIT.MI,2025-12-15,4.49617026478915,0.2224115060391058,,,0.20473673572732298,4.884321303880912
TLIT.MI,2025-12-16,4.49796801379546,0.22232261255148042,,,0.20481341552351653,4.882492669945152
TLIT.MI,2025-12-17,4.46021528466289,0.22420442426594245,,,0.20647791038841654,4.843133089243528
TLIT.MI,2025-12-18,4.43414792407135,0.22552247176314744,,,0.20722199869866686,4.82574247077964
TLIT.MI,2025-12-19,4.51235000584597,0.22161401458318863,,,0.2042525445579151,4.895899838919526
TLIT.MI,2025-12-22,4.62740594225001,0.21610379821437586,,,0.19559300695233128,5.112657224211057
TLIT.MI,2025-12-23,4.64538343231314,0.21526748320580638,,,0.19497909514047743,5.1287549533426935
TLIT.MI,2025-12-29,4.54470948795961,0.22003606669454231,,,0.19871787852024786,5.032259842176744
TLIT.MI,2025-12-30,4.61841719721844,0.2165243972766851,,,0.19593187121557906,5.103814881141641
AAL.L,2024-01-02,3.927995342985,0.25458278655698974,4.01179770769258,0.24926481165351647,0.188189315324551,5.3137979607152594
AAL.L,2024-01-03,3.74423511249913,0.2670772454063493,3.833243090480522,0.2608757066525211,0.19695527938368598,5.077294719538404
AAL.L,2024-01-04,3.75764497998083,0.26612412969495103,3.839241410982543,0.26046812194184965,0.19664756211252346,5.085239752058514
AAL.L,2024-01-05,3.76380641255312,0.26568847873386386,3.8462099422147564,0.25999620796158923,0.19629127769257684,5.0944698702616735
AAL.L,2024-01-08,3.7245676077095,0.2684875414612143,3.803363629902744,0.26292516238463665,0.19850257227452614,5.037718093733388
AAL.L,2024-01-09,3.66607850473766,0.2727710273273482,3.7497854776948745,0.2666819224588643,0.20133884146756814,4.966751535426318
AAL.L,2024-01-10,3.67467666782732,0.2721327862000053,3.7448575679328977,0.2670328528815007,0.20160378602806409,4.960224307795468
AAL.L,2024-01-11,3.7142378529954,0.26923423851101397,3.7855480592814654,0.26416254247471105,0.1994367663566953,5.014120607087495
AAL.L,2024-01-12,3.72454446341334,0.2684892098411292,3.8033399959722485,0.26292679619992004,0.19850380576827795,5.037686789578951
AAL.L,2024-01-15,3.67387654767147,0.272192053005648,3.7519287709701343,0.2665295801288441,0.20122382644163575,4.96959041920439
AAL.L,2024-01-16,3.5829839168733,0.2790969826268862,3.683982264146412,0.2714453893365044,0.2049351516099667,4.8795923595538335
AAL.L,2024-01-17,3.50859253605442,0.2850145720040059,3.6051794567369457,0.2773787025029544,0.20941466933650593,4.7752146646093445
AAL.L,2024-01-18,3.59130159916893,0.27845057631233533,3.6925344080471776,0.2708167045974412,0.2044605088000472,4.890920040593038
AAL.L,2024-01-19,3.56376627466639,0.28060201565648735,3.656492984912236,0.2734860983259899,0.20647584090726775,4.84318163135182
AAL.L,2024-01-22,3.52041129249758,0.2840577185203105,3.617323567941331,0.27644748422909643,0.20871162052576353,4.791300060250163
AAL.L,2024-01-23,3.59222039782653,0.27837935573358724,3.7013109108296747,0.270174547367555,0.20397569456330944,4.902544894581166
AAL.L,2024-01-24,3.74573583801028,0.26697024116126566,3.8481390493602463,0.25986586949508755,0.196192875087717,5.097025055333454
AAL.L,2024-01-25,3.66973192215766,0.27249946895631516,3.7829406256754434,0.2643446194245912,0.199574230350621,5.010666949551327
AAL.L,2024-01-26,3.79461499411335,0.2635313468036459,3.90951252895207,0.2557863653318554,0.19311294138080698,5.178316858775719
AAL.L,2024-01-29,3.80978073431316,0.26248229747014123,3.932037953489094,0.2543210446665831,0.19200665730124353,5.208152748740778
AAL.L,2024-01-30,3.80035329227482,0.26313343078727786,3.9197585726480493,0.2551177531641791,0.19260815426219435,5.191888182671208
AAL.L,2024-01-31,3.80641938273602,0.26271408887194375,3.934739640540767,0.2541464217090018,0.19187482090359187,5.211731249002459
AAL.L,2024-02-01,3.78720430104922,0.26404701740620556,3.894679113990421,0.2567605624832638,0.19384843827541165,5.1586693650801685
AAL.L,2024-02-02,3.6679883750068,0.2726289992667019,3.802878713684063,0.2629586887432557,0.19852788391970216,5.037075801424782
AAL.L,2024-02-05,3.58877637415595,0.2786465067038878,3.7356399148020305,0.2676917537039955,0.20210124129999227,4.948015131265986
AAL.L,2024-02-06,3.63251429086664,0.2752914152366408,3.7766189944904207,0.2647871022888106,0.19990829494122966,5.002293678178719
AAL.L,2024-02-07,3.50475788492679,0.28532641421559674,3.63803416398879,0.27487372435875823,0.20752346729017984,4.818732132119309
AAL.L,2024-02-08,3.47234091780371,0.28799015525022525,3.602715089479737,0.2775684380150107,0.20955791537215981,4.771950504585197
AAL.L,2024-02-09,3.39925874040656,0.29418178384396754,3.52491263845382,0.2836949741933586,0.21418331211819408,4.668897824533426
AAL.L,2024-02-12,3.49903053131466,0.28579344794235867,3.632089014911179,0.27532364870315673,0.20786315003068365,4.8108575274279515
AAL.L,2024-02-13,3.49757489496177,0.28591239073693386,3.6515773612189517,0.2738542555938579,0.2067537913475579,4.836670677148439
AAL.L,2024-02-14,3.47340069956995,0.2879022855393023,3.6209407333547814,0.27617132497871777,0.20850312651533284,4.796091150827238
AAL.L,2024-02-15,3.52254437559903,0.2838857068564094,3.6564970258597462,0.27348579608508544,0.20647561272210102,4.843186983762178
AAL.L,2024-02-16,3.59212777962527,0.27838653337223984,3.7276822811816244,0.2682632060807,0.20253267496603206,4.9374749045689335
AAL.L,2024-02-19,3.54250909257693,0.2822857962723165,3.6751613663780494,0.27209689597535186,0.2054270244397411,4.867908702505375
AAL.L,2024-02-20,3.43293949832783,0.2912955502091126,3.5529296038059783,0.2814578704089092,0.2124943491765686,4.70600749561141
AAL.L,2024-02-21,3.43372204111911,0.29122916416207134,3.5491325787489245,0.2817589869670357,0.2127216853920503,4.70097817322658
AAL.L,2024-02-22,3.54465140431219,0.2821151887555052,3.661769185406487,0.27309203539790877,0.20617833227717733,4.850170184981625
AAL.L,2024-02-23,3.58272151091489,0.2791174242690826,3.702819601785544,0.2700644664184526,0.20389258592751144,4.904543220397054
AAL.L,2024-02-26,3.46439950041899,0.2886503129558408,3.570925234171662,0.2800394672032296,0.21142348672168995,4.7298434791039226
AAL.L,2024-02-27,3.53650081437656,0.28276538094797166,3.6462716120439613,0.27425274537884414,0.2070546421548577,4.829642985024661
AAL.L,2024-02-28,3.42540106878145,0.29193661703262663,3.5343276606608596,0.2829392450311234,0.21361275363191415,4.681368424860744
AAL.L,2024-02-29,3.39717891178077,0.2943618884870003,3.515919092361114,0.28442065182121423,0.21473118237311795,4.656985487382057
AAL.L,2024-03-01,3.52412744252886,0.2837581830702511,3.6358388835567865,0.2750396901585866,0.20764876772885596,4.815824389123185
AAL.L,2024-03-04,3.41800988614991,0.2925679074399673,3.520854495916901,0.2840219614754571,0.21443018014710846,4.663522640861265
AAL.L,2024-03-05,3.85022568587556,0.25972503473457953,3.5269863205769747,0.2835281764961344,0.2140573836156974,4.671644505359951
AAL.L,2024-03-06,4.00213321054416,0.24986674540601625,3.6520130656989696,0.27382158333231676,0.2067291245264593,4.837247786399878
AAL.L,2024-03-07,4.23140732671061,0.23632799274310826,3.8439783508335577,0.26014714671406836,0.1964052330491349,5.091514031857944
AAL.L,2024-03-08,4.23266497982869,0.23625777252998495,3.848277490068389,0.2598565208929953,0.19618581710381375,5.097208425983411
AAL.L,2024-03-11,4.21831635912007,0.23706140432971162,3.8390909478455266,0.26047833030920864,0.1966552691997697,5.085040457187867
AAL.L,2024-03-12,4.21232011325053,0.2373988616995986,3.834345828004495,0.2608006801828903,0.19689863608991925,5.078755342638951
AAL.L,2024-03-13,4.4093024314288,0.22679324350086774,4.0055853242230155,0.24965140399149413,0.18848118382732765,5.305569392625023
AAL.L,2024-03-14,4.15923793192082,0.240428659376594,3.8009571131030238,0.2630916293563808,0.19862825108670948,5.034530559116983
AAL.L,2024-03-15,4.20290741773739,0.23793053251178775,3.8387752369935195,0.26049975272404524,0.19667144264024541,5.084622284635477
AAL.L,2024-03-18,4.14008323358278,0.24154103760242798,3.7869516896808846,0.26406463085465637,0.19936284529019144,5.0159797756919335
AAL.L,2024-03-19,4.12152635670004,0.24262855880428347,3.7720677872403905,0.2651065824910826,0.20014949529403822,4.996265409167817
AAL.L,2024-03-20,4.18134959934392,0.2391572329079841,3.8082332304020725,0.2625889591049076,0.1982487463750992,5.044168088245746
AAL.L,2024-03-21,4.33131295696271,0.2308768749652392,3.965875785147822,0.25215111470333823,0.19036840908090663,5.252972406650725
AAL.L,2024-03-22,4.32503652853328,0.2312119200387709,3.980299195027769,0.25123739472882095,0.18967857109185535,5.272076831049785
AAL.L,2024-03-25,4.34044781280546,0.23039097418698076,3.9830446172298717,0.2510642224980849,0.1895478299603008,5.275713260391541
AAL.L,2024-03-26,4.30677978369862,0.2321920437597136,3.954332996003117,0.25288714961809244,0.19092409885410566,5.23768348784586
AAL.L,2024-03-27,4.32293389027291,0.23132437954929475,3.9706266533941155,0.25184941504011565,0.19014063263430975,5.259265135207907
AAL.L,2024-03-28,4.38253905125216,0.22817822917385855,4.03992947814238,0.24752907331932314,0.18687887199909037,5.351059696062739
AAL.L,2024-04-02,4.56763427360405,0.21893171390251417,4.218003460035376,0.2370789899711493,0.17898929457606405,5.586926315165937
AAL.L,2024-04-03,4.60913300603991,0.216960543054318,4.229972263847612,0.2364081695160793,0.17848284025018113,5.602779508653551
AAL.L,2024-04-04,4.74565000751825,0.21071928996360026,4.355258978081964,0.22960747111309449,0.1733484662176059,5.768727129922747
AAL.L,2024-04-05,4.69357355603615,0.2130572767340472,4.3074664875905135,0.23215502729526152,0.17527181372301973,5.705423928460567
AAL.L,2024-04-08,4.85031036946633,0.2061723732763988,4.441904784364677,0.22512864380163192,0.16996705253311054,5.883493212928396
AAL.L,2024-04-09,4.94184040933407,0.20235376239815756,4.526956325220212,0.22089897232471212,0.16677374588863672,5.996147623066228
AAL.L,2024-04-10,4.7827583141391,0.2090843681236694,4.427361429745482,0.22586816456443842,0.1705253740430459,5.864229916584548
AAL.L,2024-04-11,4.74090422348029,0.21093022614700738,4.3959716276719165,0.22748099503308095,0.17174302469985114,5.822652778752806
AAL.L,2024-04-12,4.87588299260636,0.20509105766409275,4.555941646144979,0.21949359269036126,0.16571271593656073,6.034539922590049
AAL.L,2024-04-15,4.80157057003859,0.2082651885280868,4.49495635093654,0.22247157078436292,0.16796102228528198,5.953762285999301
AAL.L,2024-04-16,4.63032193851545,0.21596770446605595,4.336715076068258,0.23058927839608442,0.1740897085901457,5.7441649371375005
AAL.L,2024-04-17,4.80124041368616,0.2082795098428009,4.474022621302108,0.22351250421459928,0.16874690356649108,5.926034664132202
AAL.L,2024-04-18,4.82686520113202,0.2071737987970899,4.509708286853193,0.22174383272532805,0.16741159645116735,5.973301857208513
AAL.L,2024-04-19,4.7954222332865,0.2085322107944307,4.475705942314148,0.22342844076189544,0.16868343755412163,5.928264294940946
AAL.L,2024-04-22,4.74515493332558,0.21074127484793487,4.428790020797987,0.2257953064615645,0.17047036781732985,5.866122146645248
AAL.L,2024-04-23,4.67468695925334,0.2139180673949821,4.344705592094952,0.23016519273928868,0.17376953347652324,5.754748717991482
AAL.L,2024-04-24,4.88795551748471,0.2045845131820245,4.543746018150379,0.2200827238154191,0.16615749665923113,6.0183862907544805
AAL.L,2024-04-25,5.69855159825859,0.17548318774644212,5.281450474822497,0.18934192505773875,0.14294888637698677,6.995507452662389
AAL.L,2024-04-26,5.87206733351598,0.17029777473638683,5.461125918406099,0.18311242314146514,0.13824575281931337,7.233495276393741
AAL.L,2024-04-29,6.14502008798342,0.16273339804950335,5.700556132046936,0.17542148113905573,0.13243926493183628,7.550630853430658
AAL.L,2024-04-30,5.85251019905528,0.17086685302341229,5.456729845584502,0.183259942914195,0.1383571269232131,7.227672489578297
AAL.L,2024-05-01,5.870044139116,0.1703564702923333,5.450547158202922,0.18346781909684567,0.1385140687563602,7.219483255227695
AAL.L,2024-05-02,5.93302785042238,0.16854800368564068,5.500829293002043,0.18179077130645813,0.13724793546884503,7.286084097250393
AAL.L,2024-05-03,6.01061387963198,0.16637235730424732,5.555669841359001,0.17999629721613997,0.13589314797121735,7.358722753348856
AAL.L,2024-05-07,5.96141928181895,0.16774528895321716,5.513281284209586,0.18138018875693288,0.13693795489690436,7.3025772931461095
AAL.L,2024-05-08,5.89974853387051,0.16949874969398965,5.459825111215759,0.1831560498056551,0.13827868996759926,7.231772301533336
AAL.L,2024-05-09,6.09475030376534,0.16407563069190864,5.621438263618551,0.17789041755949025,0.13430325628891843,7.445835846666003
AAL.L,2024-05-10,6.17774429979992,0.16187138079385824,5.704314305680743,0.17530590819726258,0.13235200996539231,7.5556087154360725
AAL.L,2024-05-13,6.04741507825564,0.16535990783825064,5.574171009674516,0.17939887353014514,0.13544210655193026,7.383228343518026
AAL.L,2024-05-14,5.86593697676579,0.17047574905098187,5.391903950030889,0.1854632443877772,0.1400205698817864,7.141807813268142
AAL.L,2024-05-15,5.92358938210775,0.16881656298130795,5.412854384892176,0.18474540951833124,0.1394786207325759,7.169557561924223
AAL.L,2024-05-16,5.92367389905984,0.16881415436435696,5.421413710103307,0.18445373355964464,0.13925841195706543,7.180894754912965
AAL.L,2024-05-17,6.04873654782331,0.16532378160193778,5.5332861460509495,0.18072443275207986,0.13644287389147086,7.329074589820046
AAL.L,2024-05-20,6.0567686672704,0.16510453922465382,5.5482826148938935,0.18023595216934063,0.13607408205998162,7.348938055368978
AAL.L,2024-05-21,6.07397754046806,0.16463676286872475,5.564590327619909,0.17970774866147618,0.13567530031524141,7.370538319624139
AAL.L,2024-05-22,6.10385142178305,0.163830986519636,5.6090141866268315,0.17828444834107,0.13460074064905014,7.4293796243464945
AAL.L,2024-05-23,5.97545891699893,0.16735116313078638,5.4950708697418005,0.181981274437501,0.13739176103957632,7.278456818905942
AAL.L,2024-05-24,5.92658417900348,0.16873125729703956,5.434036803451299,0.18402525344783713,0.1389349191289212,7.197614582926232
AAL.L,2024-05-28,5.806499401794,0.17222080479178828,5.319024294002217,0.1880044054560175,0.14193908922023443,7.045275586124044
AAL.L,2024-05-29,5.60605295882426,0.17837862170494495,5.161606200287205,0.19373814297269662,0.14626793182889708,6.836768575970508
AAL.L,2024-05-30,5.68412448720174,0.17592858887091228,5.218001363253416,0.1916442580951151,0.1446870959344336,6.9114663857318686
AAL.L,2024-05-31,5.69611118002963,0.1755583710349555,5.224643767239573,0.1914006092186353,0.14450314652361212,6.920264534423808
AAL.L,2024-06-03,5.70122193357456,0.1754009950237139,5.200078722118461,0.19230478103081677,0.14518577586521597,6.887727079602865
AAL.L,2024-06-04,5.45711712361256,0.18324693741189294,4.98844659046572,0.20046320670472295,0.15134520338937898,6.607411253247405
AAL.L,2024-06-05,5.40050921590378,0.1851677240092718,4.9412112112463324,0.20237952948134913,0.15279198389913962,6.544845969538007
AAL.L,2024-06-06,5.48713127036203,0.18224459206969582,5.011245230102339,0.19955120016738398,0.15065665900682437,6.637609028318506
AAL.L,2024-06-07,5.39161416076949,0.18547321269318728,4.964168067298802,0.201443622867535,0.1520853954974894,6.575253309029978
AAL.L,2024-06-10,5.37387546140626,0.18608544376990746,4.96482846059688,0.20141682798035246,0.15206516596150602,6.576128028250345
AAL.L,2024-06-11,5.3463908521106,0.18704206775403054,4.950493839203019,0.2020000493851721,0.15250548497859845,6.557141208005293
AAL.L,2024-06-12,5.40520837554346,0.18500674359283256,4.973459658051009,0.2010672788671776,0.15180126425854204,6.587560419107174
AAL.L,2024-06-13,5.42246486866205,0.1844179767358718,5.0227678854992615,0.1990934127947663,0.15031103985725985,6.652871279113176
AAL.L,2024-06-14,5.38860344767917,0.18557684003091604,5.007745200837817,0.19969067112933295,0.15076195643996904,6.6329730895883126
AAL.L,2024-06-17,5.35795580538265,0.1866383442348276,4.963493372517596,0.20147100538844426,0.15210606868364043,6.574359646884711
AAL.L,2024-06-18,5.40034698331902,0.18517328665896318,5.000884148417327,0.19996464031594863,0.15096879700162164,6.623885331677237
AAL.L,2024-06-19,5.49396526031814,0.18201789647685046,5.0857200578151325,0.19662899031638958,0.14845045642477003,6.736254128708376
AAL.L,2024-06-20,5.55499699385115,0.18001809921893824,5.16237830575572,0.1937091667391102,0.14624605542550603,6.837791262748787
AAL.L,2024-06-21,5.56181906797552,0.17979729073854897,5.173087320999198,0.19330816163506145,0.1459433056091227,6.851975812294412
AAL.L,2024-06-24,5.6387956193652,0.17734283480070115,5.22461045124018,0.19140182973117686,0.1445040679830776,6.920220405954985
AAL.L,2024-06-25,5.68570820192923,0.17587958517826993,5.277462345175751,0.18948500900515622,0.14305691153270692,6.990225004063305
AAL.L,2024-06-26,5.67434673881797,0.17623174015064,5.28367464558792,0.1892622212904498,0.1428887118288773,6.998453462143282
AAL.L,2024-06-27,5.59814093341977,0.1786307297178251,5.201470902010443,0.1922533104267652,0.14514691671914498,6.88957108151991
AAL.L,2024-06-28,5.6268977541926,0.17771781960226665,5.222874611792084,0.19146544275488128,0.1445520943824025,6.917921212227958
AAL.L,2024-07-01,5.47273982754507,0.18272383331048542,4.141153317964525,0.2414786227937882,0.17912556810837293,5.582675943810484
AAL.L,2024-07-02,5.40641524377887,0.18496544473728577,4.088682037932894,0.24457759021671635,0.18142434012287473,5.511939573944279
AAL.L,2024-07-03,5.49710513429176,0.18191393025428076,4.141098605222191,0.24148181324128237,0.17912793473904345,5.582602185732877
AAL.L,2024-07-04,5.52262378353456,0.1810733519421425,4.151078539405988,0.24090124783403838,0.1786972791920423,5.596056104051368
AAL.L,2024-07-05,5.56861686601191,0.17957780613414198,4.175604428298898,0.23948628687688947,0.1776476803398592,5.629119378800174
AAL.L,2024-07-08,5.49850169702316,0.18186772599186268,4.128345435892592,0.2422277921091139,0.17968129174828304,5.565409677713737
AAL.L,2024-07-09,5.41105094324273,0.1848069830591395,4.0664674153075,0.2459136881893302,0.1824154394823728,5.481992110084696
AAL.L,2024-07-10,5.50130587495394,0.18177502264557732,4.127411254417047,0.24228261696234565,0.1797219600809729,5.564150310565579
AAL.L,2024-07-11,5.49771614851671,0.18189371240452296,4.1114508136411105,0.24322314563077496,0.18041963149431017,5.542634089858102
AAL.L,2024-07-12,5.53769483440668,0.18058055380495558,4.125780283205109,0.2423783942326543,0.17979300636144635,5.561951603332406
AAL.L,2024-07-15,5.4539083247088,0.18335475047674055,4.067832137396365,0.24583118629866935,0.1823542406985688,5.483831887699273
AAL.L,2024-07-16,5.32663203716634,0.1877358888360495,3.9717770141441497,0.25177647094457617,0.18676437223502818,5.35434027396606
AAL.L,2024-07-17,5.26446587827679,0.1899527935258132,3.911093326834813,0.2556829808020164,0.1896621682777733,5.272532783319397
AAL.L,2024-07-18,5.26267468534442,0.19001744546073043,3.9244723775321018,0.25481132335777795,0.1890155846046977,5.290569040068173
AAL.L,2024-07-19,5.16183869836038,0.1937294166742643,3.855987806307442,0.2593369196770403,0.19237261059040342,5.198245202011545
AAL.L,2024-07-22,5.13937234494581,0.19457628925902312,3.8349873622612582,0.2607570522501959,0.19342604567715646,5.169934568527963
AAL.L,2024-07-23,5.0150548231869,0.19939961481109658,3.7553023422838288,0.26629014360314834,0.19753041781799743,5.062511440245067
AAL.L,2024-07-24,5.10154027249014,0.19601923077868494,3.8242912239558198,0.26148636216192944,0.1939670378808239,5.1555151376514505
AAL.L,2024-07-25,5.17807786495183,0.19312185449519165,3.879899362925456,0.257738643830699,0.19118703123912179,5.2304802973235045
AAL.L,2024-07-26,4.49725630167875,0.2223577961582303,4.078641414802794,0.24517968075611052,0.18187096272108053,5.498403841044224
AAL.L,2024-07-29,4.41623654217837,0.22643714630075862,4.019252066492207,0.24880250938646595,0.18455832787608387,5.418341244787501
AAL.L,2024-07-30,4.28992655662509,0.23310422376710935,3.9057325217253247,0.25603391794947045,0.18992248869532505,5.265305898577429
AAL.L,2024-07-31,4.43503068832438,0.22547758296973922,4.034129632494899,0.24788494448591927,0.1838776906743451,5.438397645373092
AAL.L,2024-08-01,4.34045881009427,0.23039039045235893,3.9605433019691643,0.25249061145292984,0.18729411198093163,5.3391961414238684
AAL.L,2024-08-02,4.21496491624154,0.2372498988417902,3.8047802947659437,0.2628272653155959,0.19496170165845894,5.129212514526759
AAL.L,2024-08-05,4.11391158039444,0.24307765990053692,3.6986543495967705,0.2703686004368104,0.20055576179622717,4.986144457001643
AAL.L,2024-08-06,4.08500835084378,0.24479754118334782,3.680029387768878,0.27173696039592726,0.20157079265988584,4.961036203728774
AAL.L,2024-08-07,4.10053472561507,0.24387063320138144,3.6970850670343656,0.2704833623972182,0.2006408906622986,4.984028912048211
AAL.L,2024-08-08,4.15791617681351,0.24050508896174216,3.749844303093706,0.26667773890638,0.19781793075844487,5.0551534745406785
AAL.L,2024-08-09,4.16933400701942,0.23984645948643524,3.7608394528688756,0.2658980827371324,0.19723959238366118,5.06997600185082
AAL.L,2024-08-12,4.18316317552807,0.23905354824552427,3.7681238390635166,0.2653840592055827,0.19685829669772645,5.079796060287405
AAL.L,2024-08-13,4.21171678050583,0.23743286932980792,3.772777444911453,0.2650567160670327,0.19661547799607573,5.08606957189789
AAL.L,2024-08-14,4.13816751557866,0.24165285630303082,3.700170246096264,0.27025783504286466,0.2004735975288733,4.988188032371567
AAL.L,2024-08-15,4.12298839227553,0.24254252131136544,3.700360055034339,0.27024397224251195,0.2004633142915624,4.988443913211758
AAL.L,2024-08-16,4.15282103325205,0.2408001674025682,3.707875231809026,0.26969623773238793,0.2000570122588468,4.99857509971275
AAL.L,2024-08-19,4.26133098392349,0.2346684647995309,3.7852061996817365,0.264186400224136,0.1959698895046974,5.102824737654557
AAL.L,2024-08-20,4.29198083982512,0.23299265241844502,3.7970063092031188,0.2633653775018011,0.19536086598181632,5.118732428699806
AAL.L,2024-08-21,4.37709827051839,0.22846185719325138,3.8653686116092856,0.25870753878338804,0.19190574437747407,5.210891436543054
AAL.L,2024-08-22,4.29700700272074,0.2327201234177252,3.8076301303746165,0.26263055122468376,0.1948157818131012,5.133054369072429
AAL.L,2024-08-23,4.36291589191027,0.22920451018874843,3.8390973413264633,0.26047789651889514,0.19321897174082525,5.175475218558519
AAL.L,2024-08-27,4.43455451759184,0.22550179415610036,3.9041871592770065,0.2561352617596294,0.1899976641594964,5.263222600255417
AAL.L,2024-08-28,4.327598994608,0.23107501440081593,3.8319683177247095,0.26096249161938934,0.19357843781562728,5.1658646039516265
AAL.L,2024-08-29,4.32809401700429,0.23104858537526748,3.847279766087842,0.25992391008696086,0.19280803211736927,5.186505919998518
AAL.L,2024-08-30,4.25648264574173,0.2349357634525821,3.793892067452486,0.2635815627384144,0.19552122925898385,5.114534129055716
AAL.L,2024-09-02,4.27556412750042,0.23388726497352758,3.802648356947841,0.2629746182480676,0.19507100606579236,5.126338455765825
AAL.L,2024-09-03,4.05819670428975,0.2464148667172643,3.6184743001287027,0.2763595695468755,0.20499978144874717,4.878053980999068
AAL.L,2024-09-04,4.04657499285036,0.24712256705160227,3.5954014778345242,0.2781330558395082,0.20631532953339649,4.84694958082661
AAL.L,2024-09-05,4.06546135330227,0.24597454337813976,3.6030952024587997,0.27753915558977926,0.20587478238094897,4.857321467131454
AAL.L,2024-09-06,3.89913939195663,0.256466850624232,3.4640970907927513,0.2886755116240556,0.21413558028611251,4.669938543906959
AAL.L,2024-09-09,3.89455571030587,0.2567686982506824,3.475402205337322,0.2877364808206249,0.2134390199686707,4.685178933761893
AAL.L,2024-09-10,3.85728409334702,0.25924976636405483,3.4468135760958343,0.29012303042298226,0.21520933010374171,4.646638691352042
AAL.L,2024-09-11,3.83422283265118,0.260809046225555,3.4286980968241774,0.2916558914668653,0.2163463856416128,4.622217269931856
AAL.L,2024-09-12,3.97234457816926,0.251740497411952,3.5320288870853966,0.28312339223963495,0.21001709340956884,4.761517187793047
AAL.L,2024-09-13,4.05389960327596,0.246676064496491,3.6038653404136616,0.2774798460935883,0.2058307874008649,4.858359687719865
AAL.L,2024-09-16,4.07323743012101,0.24550496187753326,3.602847865733788,0.2775582087467163,0.20588891575442136,4.85698803325951
AAL.L,2024-09-17,4.12842245130045,0.24222327336801514,3.657920107752589,0.27337939882300927,0.20278913121476924,4.931230751913047
AAL.L,2024-09-18,4.11854789687195,0.24280402341793889,3.6475082456945125,0.2741597640472483,0.20336799555691024,4.917194552965741
AAL.L,2024-09-19,4.29210980804162,0.23298565151488387,3.7865971481167793,0.2640893553985109,0.19589790296889018,5.104699870926165
AAL.L,2024-09-20,4.1633186682006,0.24019299979076628,3.672646716164634,0.27228319990557265,0.20197598572155215,4.95108364703623
AAL.L,2024-09-23,4.15836288020069,0.24047925320835356,3.6847758883473767,0.2713869256370163,0.20131114162191835,4.967434946437768
AAL.L,2024-09-24,4.45655450611637,0.22438859406466508,3.924960176409519,0.25477965509315853,0.18899209351543758,5.291226640220884
AAL.L,2024-09-25,4.49446144675542,0.22249606807104919,3.9754276810201326,0.2515452626076675,0.18659286502576541,5.35926172665775
AAL.L,2024-09-26,4.80417234017867,0.2081523994542647,4.232626597916305,0.23625991494082982,0.17525440138507167,5.705990788800702
AAL.L,2024-09-27,4.78612987082115,0.20893708006056078,4.221678890218253,0.23687258695042576,0.17570887317433245,5.691232218010035
AAL.L,2024-09-30,4.76744155732026,0.20975611089862878,4.2161321586105105,0.23718421585948696,0.17594003527363203,5.683754686332435
AAL.L,2024-10-01,4.76440711887637,0.2098897040175354,4.238969038950128,0.23590641753016234,0.17499218179895107,5.7145410138888515
AAL.L,2024-10-02,4.82612537461499,0.20720555774616117,4.3024343978993596,0.23242655378737317,0.17241086605907885,5.800098467444255
AAL.L,2024-10-03,4.6681614093064,0.21421710012134756,4.16689732550424,0.23998671478640024,0.17801889097769685,5.6173813605281095
AAL.L,2024-10-04,4.67876163521891,0.2137317687809954,4.197274733234936,0.23824983198783298,0.17673049486864814,5.658333049671096
AAL.L,2024-10-07,4.69581757167199,0.21295546190563375,4.213315254128216,0.23734279057808402,0.17605766384971938,5.6799572261369295
AAL.L,2024-10-08,4.38880787362756,0.22785230723108688,3.9357337681994937,0.254082226821322,0.1884747506799641,5.305750485899464
AAL.L,2024-10-09,4.43117305618903,0.22567387626698482,3.988603715525802,0.2507143028793408,0.18597647036648718,5.3770242979092435
AAL.L,2024-10-10,4.40699503514386,0.2269119869719473,3.9682724850912594,0.25199882411225166,0.1869293107999061,5.349615829218059
AAL.L,2024-10-11,4.4019714996174,0.2271709392227813,3.9630555484565506,0.2523305534764607,0.1871753831441993,5.342582893123309
AAL.L,2024-10-14,4.4159094834854,0.2264539170786439,3.9857783587247932,0.25089202409135947,0.18610830155178135,5.373215443169082
AAL.L,2024-10-15,4.26779595945812,0.23431298250888488,3.85881544116187,0.25914688464574637,0.19223164518093036,5.202057127788663
AAL.L,2024-10-16,4.3106220340948,0.23198508059637682,3.9079788274408993,0.25588674968713687,0.18981332127378064,5.268334136346691
AAL.L,2024-10-17,4.4642988674024,0.22399934003116165,4.058510304168902,0.24639582631410348,0.18277308300590342,5.471265153237585
AAL.L,2024-10-18,4.55779550896303,0.21940431465902155,4.130134756166045,0.24212285047287127,0.17960344746539386,5.567821854826483
AAL.L,2024-10-21,4.50302339762921,0.22207301888026795,4.099744995179373,0.24391760979666682,0.18093477559618346,5.52685351229459
AAL.L,2024-10-22,4.53507280596862,0.22050362646524607,4.135800923677668,0.24179113512813194,0.17935738552049288,5.575460397674802
AAL.L,2024-10-23,4.40688736189161,0.22691753110085403,4.024889168177732,0.2484540463639027,0.1842998427308668,5.425940604085597
AAL.L,2024-10-24,4.55219606533417,0.21967419365241936,4.139941947851584,0.24154928078615892,0.17917798124899215,5.581042899519915
AAL.L,2024-10-25,4.63135864467539,0.21591936118997962,4.225205757170322,0.23667486448511177,0.17556220533052982,5.695986776409573
AAL.L,2024-10-28,4.68989178772751,0.21322453592997517,4.2710786149162105,0.23413289479327878,0.1736766066804972,5.75782783365662
AAL.L,2024-10-29,4.7440351626952,0.21079101771072795,4.318004610408755,0.23158845120022628,0.17178917292400753,5.821088622636067
AAL.L,2024-10-30,4.53914172447637,0.2203059654664911,4.117387852633478,0.2428724316948671,0.18015947665208348,5.550637793709617
AAL.L,2024-10-31,4.54423182830725,0.2200591954333688,4.11140054437557,0.2432261194711394,0.18042183744877607,5.542566322016935
AAL.L,2024-11-01,4.54650982791974,0.21994893618376954,4.132084644487318,0.24200859518551163,0.17951869444249052,5.5704504932234435
AAL.L,2024-11-04,4.54694657130977,0.21992780964477995,4.116140049045135,0.24294605822073054,0.18021409181063897,5.54895563356253
AAL.L,2024-11-05,4.64820782622068,0.2151366800681695,4.187394475561936,0.2388119881793088,0.17714749470901578,5.645013504947444
AAL.L,2024-11-06,4.52202701481251,0.22113976690638182,4.150441157120328,0.24093824298278285,0.17872472169174947,5.59519685096907
AAL.L,2024-11-07,4.72581356812961,0.21160377691238075,4.306956746810829,0.2321825035137559,0.17222983287527246,5.80619503198492
AAL.L,2024-11-08,4.49922410862159,0.22226054445337826,4.133366243716978,0.241933557550114,0.17946303254198165,5.572178213170842
AAL.L,2024-11-11,4.39514417767482,0.22752382164833415,4.061984545887991,0.24618508236628212,0.18261675600294922,5.4759487677234295
AAL.L,2024-11-12,4.15417367800449,0.24072176021305944,3.850487698326521,0.25970736133882855,0.19264739919221333,5.190830523500882
AAL.L,2024-11-13,4.16219759697232,0.2402576948118521,3.8798508881980838,0.257741864008704,0.1911894199235027,5.23041494869388
AAL.L,2024-11-14,4.17206759819471,0.23968930906889158,3.90125213262815,0.25632795984563334,0.19014060498689755,5.259265899931839
AAL.L,2024-11-15,4.22388018552521,0.236749139671834,3.9455840485023645,0.2534479021881621,0.1880042172680658,5.319029618224735
AAL.L,2024-11-18,4.31341857022195,0.23183467676974004,4.0071801640761615,0.24955204384491303,0.18511432237416697,5.402067150583437
AAL.L,2024-11-19,4.29030949276063,0.23308341780176398,3.9871903065293273,0.2508031779577774,0.18604239669459516,5.375118885624697
AAL.L,2024-11-20,4.34543354206116,0.23012663531051775,4.05835852729512,0.24640504116980916,0.18277991846091599,5.471060543304876
AAL.L,2024-11-21,4.34192367929861,0.23031266182033375,4.082185663255991,0.24496681005988105,0.1817130581249582,5.503181831392284
AAL.L,2024-11-22,4.3394909617975,0.23044177503846694,4.10181824950115,0.243794322218352,0.1808433225422712,5.529648460015742
AAL.L,2024-11-25,4.4110143168969,0.2267052265437871,4.13884755669427,0.24161315107694079,0.17922535936470313,5.579567554193679
AAL.L,2024-11-26,4.37721481514248,0.22845577432951497,4.110236743149674,0.24329498821853754,0.18047292335182336,5.540997405192732
AAL.L,2024-11-27,4.4387697952982,0.22528764637879112,4.137268187963824,0.24170538494681312,0.17929377719874118,5.577438412106926
AAL.L,2024-11-28,4.45309806064929,0.22456276200982506,4.154964088170585,0.24067596705518005,0.1785301689649161,5.601294200290122
AAL.L,2024-11-29,4.71281959894034,0.21218720110246664,4.388155623600014,0.2278861749163779,0.16904287457693118,5.915658985939105
AAL.L,2024-12-02,4.76048796754384,0.21006249922651252,4.465445644245281,0.22394181447236342,0.16611700148228717,6.019853423050312
AAL.L,2024-12-03,4.78190676295151,0.20912160139709113,4.48045179759456,0.22319177734193557,0.1655606341089142,6.0400831718375105
AAL.L,2024-12-04,4.67558919097678,0.21387678839061766,4.380376184721983,0.22829089508061712,0.16934309050701815,5.905171548517101
AAL.L,2024-12-05,4.66719901677138,0.21426127242625453,4.341128240553336,0.23035486274244144,0.17087411373258912,5.852261516714922
AAL.L,2024-12-06,4.60987253792035,0.21692573748495214,4.295114774645906,0.23282264909496883,0.17270468418748353,5.790230906038582
AAL.L,2024-12-09,4.73685680981326,0.21111045576220883,4.420145020434245,0.2262369210460334,0.16781948041859063,5.95878379259493
AAL.L,2024-12-10,4.69520035543163,0.21298345635946137,4.3920918394047055,0.22768194212795373,0.16889137746370889,5.920965386257676
AAL.L,2024-12-11,4.77284192791141,0.20951877625614115,4.4783498154048935,0.2232965358266879,0.16563834253246404,6.037249496166665
AAL.L,2024-12-12,4.6916996536543,0.21314237351513193,4.413532322468549,0.22657588682633378,0.16807092063827708,5.949869234977323
AAL.L,2024-12-13,4.55761631990856,0.21941294084624988,4.273128002545384,0.23402060490683352,0.1735933115653066,5.760590606763069
AAL.L,2024-12-16,4.53571001301819,0.22047264863270474,4.249328867508969,0.23533127963951106,0.17456555231015417,5.728507066636376
AAL.L,2024-12-17,4.53395896380176,0.22055779683579052,4.256215273174206,0.23495052195849545,0.1742831114252061,5.737790608754146
AAL.L,2024-12-18,4.45736308862958,0.2243478891255078,4.239699759321199,0.23586575860742223,0.17496202156136204,5.715526095754922
AAL.L,2024-12-19,4.28989410671587,0.23310598702995733,4.076438090381184,0.24531220095298711,0.1819692644061922,5.495433546226783
AAL.L,2024-12-20,4.30558527520876,0.23225646133591304,4.065063749810944,0.24599860212438426,0.1824784274880723,5.480099832980888
AAL.L,2024-12-23,4.2923619837696,0.2329719636370903,4.061961878117771,0.24618645620164692,0.18261777509536917,5.475918209373465
AAL.L,2024-12-24,4.3847269206654,0.22806437392644877,4.152563841671227,0.24081508150818542,0.1786333621798438,5.598058435429458
AAL.L,2024-12-27,4.32469327486282,0.2312302714767026,4.0839134006007285,0.24486317458467746,0.18163618273471852,5.505510988746719
AAL.L,2024-12-30,4.30403098676301,0.23234033469449608,4.0721993171618465,0.2455675476850083,0.18215867714973394,5.48971926919519
AAL.L,2024-12-31,4.34172470051648,0.2303232169190835,,,0.18464244051998335,5.415872955230857
AAL.L,2025-01-02,4.32810952446294,0.23104775753660867,,,0.1836489834512499,5.445170352742261
AAL.L,2025-01-03,4.2782719218291,0.23373923356710516,,,0.1865658442540374,5.360037921187491
AAL.L,2025-01-06,4.39621285892169,0.22746851257909328,,,0.18300568400019765,5.464311152209459
AAL.L,2025-01-07,4.33863585807056,0.23048719291337602,,,0.1845236347836711,5.41935997072876
AAL.L,2025-01-08,4.28550129829309,0.2333449298914689,,,0.18643176266186776,5.36389285667864
AAL.L,2025-01-09,4.40629744757166,0.22694791077962898,,,0.18096979911563577,5.525783887072902
AAL.L,2025-01-10,4.34092295269112,0.23036575652190697,,,0.18273174310159646,5.472502932585791
AAL.L,2025-01-13,4.39232633204979,0.22766978689703246,,,0.18059323416545872,5.537306004962536
AAL.L,2025-01-14,4.43265788433562,0.22559828123299505,,,0.1800511999833729,5.553975758519501
AAL.L,2025-01-15,4.39864887744157,0.22734253809811708,,,0.18112593226392992,5.521020582203754
AAL.L,2025-01-16,4.41983218891516,0.22625293388015444,,,0.1804156198352191,5.542757333945589
AAL.L,2025-01-17,4.54948692139646,0.2198050059880271,,,0.17481313962686637,5.7203937995420215
AAL.L,2025-01-20,4.74051597814834,0.21094750120230646,,,0.17010459670541644,5.878735903485189
AAL.L,2025-01-21,4.680827107756,0.21363745700904607,,,0.1725234674102457,5.79631290172303
AAL.L,2025-01-22,4.62211912187466,0.21635097963343175,,,0.174345672683743,5.73573169099508
AAL.L,2025-01-23,4.62018016794245,0.2164417757858434,,,0.17455326729440798,5.7289102375457865
AAL.L,2025-01-24,4.64478907180581,0.21529502944925294,,,0.17492745138327898,5.716655631190362
AAL.L,2025-01-27,4.36219789235063,0.22924223629413024,,,0.1862243996789328,5.369865612261807
AAL.L,2025-01-28,4.30377410696706,0.23235420241531132,,,0.1876186555394299,5.329960376940448
AAL.L,2025-01-29,4.31677295575866,0.23165452764106584,,,0.1869114056409476,5.350128295118472
AAL.L,2025-01-30,4.35670957044924,0.22953102193977218,,,0.18466503866000583,5.415210194936465
AAL.L,2025-01-31,4.32977632663499,0.2309588127794072,,,0.18531313506041097,5.3962715577285225
AAL.L,2025-02-03,4.29226058960467,0.23297746703028183,,,0.1866079796929286,5.358827643091912
AAL.L,2025-02-04,4.29123186775985,0.23303331789480522,,,0.1872473411829551,5.340529770315525
AAL.L,2025-02-05,4.28123947384018,0.2335772166239095,,,0.18813730928229258,5.315266832585235
AAL.L,2025-02-06,4.47197778886747,0.2236147063362876,,,0.1797482960226824,5.563335075364553
AAL.L,2025-02-07,4.49759892376628,0.22234085718844002,,,0.17779411589653252,5.62448309921545
AAL.L,2025-02-10,4.5428393318449,0.2201266492059468,,,0.17566615508036715,5.692616198848894
AAL.L,2025-02-11,4.458821118727,0.22427452758757485,,,0.17991448104038735,5.5581962842419514
AAL.L,2025-02-12,4.45295334851584,0.22457005985326522,,,0.18053310520864585,5.539150278528026
AAL.L,2025-02-13,4.54678971686502,0.21993539668016426,,,0.1782041043924229,5.611543030445034
AAL.L,2025-02-14,4.55030464856345,0.21976550522077773,,,0.17852599914165335,5.601425029452093
AAL.L,2025-02-17,4.58354711298383,0.21817164203838912,,,0.17707889415647554,5.647200389202517
AAL.L,2025-02-18,4.54120273679652,0.22020598021250765,,,0.17809907593424024,5.614852265540285
AAL.L,2025-02-19,4.37849046573097,0.22838921491931455,,,0.18429405782931416,5.426110921743121
AAL.L,2025-02-20,4.51710844877959,0.22138056044905788,,,0.17999282617589987,5.55577697870436
AAL.L,2025-02-21,4.52392511097706,0.22104698364116462,,,0.17900175623178857,5.586537367293226
AAL.L,2025-02-24,4.44490416601628,0.22497672900251622,,,0.18232512618290375,5.484707571225408
AAL.L,2025-02-25,4.33906678788784,0.2304643023221999,,,0.18761078630356204,5.330183939328299
AAL.L,2025-02-26,4.49435626293213,0.2225012752655254,,,0.18061007693095787,5.536789624325733
AAL.L,2025-02-27,4.36973767757355,0.2288466891576167,,,0.18423698179912382,5.427791913625214
AAL.L,2025-02-28,4.31296275777063,0.23185917805534215,,,0.18626716929472212,5.368632614037019
AAL.L,2025-03-03,4.40048074831788,0.22724789794439126,,,0.1845171940797745,5.419549137343039
AAL.L,2025-03-04,4.19840977704059,0.23818542093451592,,,0.19035583105760906,5.253319504025917
AAL.L,2025-03-05,4.42768740766864,0.22585153555963006,,,0.1833207482763082,5.454919911699034
AAL.L,2025-03-06,4.52399078430225,0.22104377477290402,,,0.17930033729115674,5.57723434940421
AAL.L,2025-03-07,4.38812616646425,0.2278877046978241,,,0.18569278481058882,5.385238855780123
AAL.L,2025-03-10,4.14481141648708,0.24126550028844168,,,0.19659359282540717,5.086635762784447
AAL.L,2025-03-11,4.14491338581422,0.24125956489765382,,,0.19814915498254665,5.04670332855107
AAL.L,2025-03-12,4.16883284687579,0.23987529285311135,,,0.19643531871007083,5.090734225223278
AAL.L,2025-03-13,4.16337625167531,0.24018967769189914,,,0.19607803206263574,5.100010386071996
AAL.L,2025-03-14,4.26582194969139,0.2344214108777664,,,0.1918458842228562,5.212517349803336
AAL.L,2025-03-17,4.34276308353922,0.2302681451333123,,,0.1891734148999958,5.2861550367880055
AAL.L,2025-03-18,4.39674000685871,0.22744124020070472,,,0.18722723783187278,5.341103204748364
AAL.L,2025-03-19,4.38839704669389,0.22787363799576324,,,0.18686340029304843,5.351502747096277
AAL.L,2025-03-20,4.30100950572327,0.23250355496060154,,,0.189787015199505,5.269064371705279
AAL.L,2025-03-21,4.15439453287527,0.24070896302376382,,,0.19581346001746358,5.106901230951208
AAL.L,2025-03-24,4.2477600997068,0.23541819135902348,,,0.19126129418707125,5.228449406087922
AAL.L,2025-03-25,4.41805741361672,0.22634382181588217,,,0.1837361907928388,5.442585892767815
AAL.L,2025-03-26,4.3725209127181,0.2287010216672395,,,0.18497897336571426,5.406019840011446
AAL.L,2025-03-27,4.28674447605504,0.23327725867165972,,,0.18954035500206598,5.275921320233362
AAL.L,2025-03-28,4.15802299517183,0.24049891045844854,,,0.19587770699763324,5.105226191013574
AAL.L,2025-03-31,3.95174114102769,0.25305301240959827,,,0.20591307108355322,4.856418267853577
AAL.L,2025-04-01,3.94744134184421,0.2533286535254274,,,0.2056790490332714,4.861943910671409
AAL.L,2025-04-02,3.98758428841498,0.25077839806553376,,,0.20477987716982882,4.8832923128021815
AAL.L,2025-04-03,3.74284079622576,0.26717673939227904,,,0.22208789650686256,4.502721740935124
AAL.L,2025-04-04,3.36848313587981,0.29686952840831465,,,0.24464759152454016,4.087512138453617
AAL.L,2025-04-07,3.28799394987639,0.30413681267193154,,,0.24947225866992356,4.008461723686475
AAL.L,2025-04-08,3.38026675055025,0.29583464081265687,,,0.24381878886159655,4.10140664166636
AAL.L,2025-04-09,3.22509197019575,0.3100686768753773,,,0.2554325525495634,3.9149277960801925
AAL.L,2025-04-10,3.49735678460211,0.2859302214754646,,,0.24083810313764914,4.152166899555996
AAL.L,2025-04-11,3.64273102210331,0.27451930815978853,,,0.23459420920189633,4.262679813802993
AAL.L,2025-04-14,3.73704659538671,0.2675909904988808,,,0.2284529265262416,4.377269379760532
AAL.L,2025-04-15,3.83206114237494,0.2609561702818355,,,0.22145146236850533,4.515662210150387
AAL.L,2025-04-16,3.84061773875895,0.26037478031415284,,,0.2232498947532209,4.479285426339815
AAL.L,2025-04-17,3.82993100656195,0.26110130921070546,,,0.2231859898160532,4.4805679819964785
AAL.L,2025-04-22,3.86616043170365,0.2586545534426628,,,0.222202961729933,4.500390058776115
AAL.L,2025-04-23,3.9678693007894,0.25202443029084953,,,0.21447915076464738,4.662457849328775
AAL.L,2025-04-24,4.10014246939804,0.2438939640423798,,,0.20893558353735595,4.786164151982318
AAL.L,2025-04-25,4.07855353088534,0.24518496384254349,,,0.20959995908016335,4.770993297844782
AAL.L,2025-04-28,4.04595267292223,0.2471605777033818,,,0.21234820563318535,4.709246292042705
AAL.L,2025-04-29,4.06757307856756,0.24584684299074988,,,0.21055339904948991,4.749389012546661
AAL.L,2025-04-30,3.85609126191599,0.25932996189076873,,,0.22096882258440728,4.525525313047331
AAL.L,2025-05-01,3.97124748744924,0.2518100428543946,,,0.2138805257689627,4.675507489074609
AAL.L,2025-05-02,4.04268901181891,0.24736011033163155,,,0.21017444101792995,4.7579524663262465
AAL.L,2025-05-06,3.94636982847353,0.2533974370027057,,,0.21669685109316522,4.614741723081461
AAL.L,2025-05-07,3.92011812627828,0.25509435373810785,,,0.21682436364156746,4.612027833058009
AAL.L,2025-05-08,3.86317823088399,0.2588542231900016,,,0.21861711228560013,4.574207341525972
AAL.L,2025-05-09,3.88672824221455,0.257285803812779,,,0.21767862559465861,4.593928307238164
AAL.L,2025-05-12,4.06133749135355,0.2462243047097086,,,0.20535669610010354,4.869575811214543
AAL.L,2025-05-13,4.24532801657557,0.23555305882032526,,,0.1981770266989133,5.0459935576653985
AAL.L,2025-05-14,4.1610095678438,0.2403262918999226,,,0.20201212890444145,4.950197819424168
AAL.L,2025-05-15,4.06386549226753,0.24607113643469197,,,0.20708174828626502,4.829010805035425
AAL.L,2025-05-16,3.91046336475986,0.2557241704427551,,,0.21474163277844452,4.656758855101612
AAL.L,2025-05-19,3.94124950682855,0.2537266413271768,,,0.21457325042005115,4.660413159806211
AAL.L,2025-05-20,4.00725027587385,0.24954767762338798,,,0.21178915163270315,4.721677160000419
AAL.L,2025-05-21,4.09673395620492,0.24409688563871676,,,0.20802678567988034,4.807073265742031
AAL.L,2025-05-22,4.05595252997142,0.24655120902192768,,,0.2092106676659186,4.779870984384343
AAL.L,2025-05-23,4.23054280164683,0.23637628713051398,,,0.20206973271776071,4.948786671563237
AAL.L,2025-05-27,4.30493466261292,0.23229156267682832,,,0.19794799017775982,5.051832044882028
AAL.L,2025-05-28,4.1970888159436,0.2382603856752499,,,0.20239010108549504,4.94095311300612
AAL.L,2025-05-29,4.24121798005985,0.23578132619014514,,,0.20168488703977525,4.958229715064299
AAL.L,2025-05-30,4.23237021711356,0.2362742266629953,,,0.20167995458618115,4.958350977675789
AAL.L,2025-06-02,4.0034640301982,0.24978368544265225,,,0.24882980487184472,4.018811173022588
AAL.L,2025-06-03,3.92378482488549,0.2548559731557613,,,0.25230661790306236,3.963431511670477
AAL.L,2025-06-04,4.03228670474081,0.2479982385241326,,,0.24653219081710925,4.056265417857149
AAL.L,2025-06-05,4.14426038880554,0.24129757934641272,,,0.24043937564325538,4.159052556698199
AAL.L,2025-06-06,3.9921616536202,0.25049085852853004,,,0.24851072198433424,4.02397124765924
AAL.L,2025-06-09,3.96195374385049,0.2524007256652455,,,0.2509745559683629,3.9844676530718006
AAL.L,2025-06-10,3.94555103244594,0.2534500230199979,,,0.2520841365270566,3.9669295092381525
AAL.L,2025-06-11,3.86549496547287,0.2586990822474578,,,0.2587472693236571,3.8647750857967047
AAL.L,2025-06-12,3.86679408237907,0.258612167779243,,,0.2608235064527129,3.8340102608094457
AAL.L,2025-06-13,3.81786815915485,0.26192627883236463,,,0.26345797331673687,3.7956718007458847
AAL.L,2025-06-16,3.84873888465094,0.25982536876899476,,,0.26154721111890483,3.8234015026272985
AAL.L,2025-06-17,3.7838704968753,0.26427965778051726,,,0.26414379707090296,3.7858167069945403
AAL.L,2025-06-18,3.73478927183042,0.2677527237058545,,,0.2676150775648344,3.736710237328585
AAL.L,2025-06-19,3.62083706114123,0.2761792323471236,,,0.2763989499857455,3.617958751477067
AAL.L,2025-06-20,3.60372177957968,0.2774909000096658,,,0.2783900212504151,3.592082774764718
AAL.L,2025-06-23,3.63226633318073,0.27531020808276263,,,0.27749397411262594,3.6036818572288416
AAL.L,2025-06-24,3.72588830666672,0.2683923718836937,,,0.27127178011367103,3.6863399487442807
AAL.L,2025-06-25,3.64925637371533,0.2740284314368119,,,0.27818246956635345,3.5947628244111014
AAL.L,2025-06-26,3.9186217921193,0.2551917620657063,,,0.25995129566691455,3.8468744594423487
AAL.L,2025-06-27,3.92861181271017,0.25454283794716426,,,0.2597308663569914,3.850139238458988
AAL.L,2025-06-30,4.29263203704954,0.2329573071647043,,,0.18247967270350726,5.480062437555983
AAL.L,2025-07-01,4.34231010804752,0.23029216594796378,,,0.18068163470864393,5.534596815069436
AAL.L,2025-07-02,4.48732151289921,0.22285008932954992,,,0.17473962241787544,5.7228005083391
AAL.L,2025-07-03,4.45388641751046,0.22452301344472972,,,0.17542427713526162,5.7004652738511545
AAL.L,2025-07-04,4.3705249070223,0.22880546874204044,,,0.17910502789840518,5.583316178969783
AAL.L,2025-07-07,4.34561829167226,0.23011685170700644,,,0.17904552435780624,5.585171724268241
AAL.L,2025-07-08,4.3944576418406,0.22755936716257757,,,0.1773130385715193,5.6397431799503535
AAL.L,2025-07-09,4.28617996363863,0.23330798251202653,,,0.18171350357476926,5.503168340973252
AAL.L,2025-07-10,4.44385962686544,0.22502961028617566,,,0.17498285275084483,5.714845679329982
AAL.L,2025-07-11,4.43139995442053,0.22566232122705443,,,0.17530870806550466,5.704223201658338
AAL.L,2025-07-14,4.36288070228958,0.22920635888008895,,,0.1776673588032561,5.628495896690692
AAL.L,2025-07-15,4.3220093665881,0.23137386228975818,,,0.1783635179501123,5.606527677255709
AAL.L,2025-07-16,4.3414363370491,0.230338515266518,,,0.17810042134925133,5.614809849545612
AAL.L,2025-07-17,4.28490477468079,0.23337741503823653,,,0.17984545325352927,5.560329615841295
AAL.L,2025-07-18,4.35149785062988,0.22980592759691928,,,0.1775502219364749,5.632209236876013
AAL.L,2025-07-21,4.52390001509098,0.2210482098773549,,,0.1718125411163516,5.820296897435438
AAL.L,2025-07-22,4.60220552033643,0.21728712365867967,,,0.1697268363733497,5.891820182167837
AAL.L,2025-07-23,4.63371255985244,0.2158096746579043,,,0.16881681850787475,5.923580415972318
AAL.L,2025-07-24,4.56824386141899,0.2189024995897175,,,0.17100471372261813,5.847792018307001
AAL.L,2025-07-25,4.48235220733731,0.2230971493857772,,,0.1740728390212248,5.74472160977434
AAL.L,2025-07-28,4.39388112554982,0.227589224975873,,,0.17527927154476608,5.7051811728040045
AAL.L,2025-07-29,4.32167423572048,0.2313918045313489,,,0.17754536935930768,5.632363173472853
AAL.L,2025-07-30,4.29282168730976,0.2329470154691385,,,0.17655562624318055,5.66393731697137
AAL.L,2025-07-31,4.12372826953556,0.24249900445371156,,,0.18397361916476992,5.435561927519526
AAL.L,2025-08-01,5.08772802555904,0.196551386979873,,,0.1928543053603449,5.1852614756591375
AAL.L,2025-08-04,5.09461018784293,0.19628587136779593,,,0.19236203864542956,5.198530890199419
AAL.L,2025-08-05,5.14999014958585,0.194175128680667,,,0.19035736146349447,5.253277269194413
AAL.L,2025-08-06,5.25833194902568,0.19017437653119076,,,0.18780466310900396,5.324681418690806
AAL.L,2025-08-07,5.34199526345161,0.18719597279348252,,,0.1849582549422624,5.406625404809132
AAL.L,2025-08-08,5.41243810915427,0.1847596184626408,,,0.18214520446028423,5.490125325907466
AAL.L,2025-08-11,5.37166297960295,0.1861620886859726,,,0.18313350327032382,5.460497299196518
AAL.L,2025-08-12,5.43841859187505,0.18387698245478773,,,0.1818040626462056,5.500427138121882
AAL.L,2025-08-13,5.43043662192372,0.18414725548270044,,,0.18255501652505995,5.477800714738105
AAL.L,2025-08-14,5.3226186280378,0.1878774471521085,,,0.18533108237511486,5.395748987080183
AAL.L,2025-08-15,5.44848923387122,0.1835371159005645,,,0.18184161072110275,5.499291367000358
AAL.L,2025-08-18,5.33120583094207,0.18757482485407836,,,0.18525478278237728,5.397971296507476
AAL.L,2025-08-19,5.42643971063749,0.18428289142136647,,,0.18178524483934722,5.500996524133465
AAL.L,2025-08-20,5.36328165928939,0.1864530083494618,,,0.18400309421298117,5.434691216890696
AAL.L,2025-08-21,5.41948625745034,0.18451933495084855,,,0.18137633895282398,5.513398306380526
AAL.L,2025-08-22,5.5144432782464,0.1813419686344115,,,0.1799424692235969,5.557331764506342
AAL.L,2025-08-26,5.51982523005379,0.18116515620010945,,,0.17864734921228448,5.59762014051332
AAL.L,2025-08-27,5.5042466453339,0.18167790515850651,,,0.179075834523253,5.584226384661354
AAL.L,2025-08-28,5.67064994546385,0.17634662862586584,,,0.17449303377992215,5.730887808743366
AAL.L,2025-08-29,5.69934622884824,0.1754587210263389,,,0.17364488677036882,5.758879622654357
AAL.L,2025-09-01,5.68111939310621,0.1760216483416026,,,0.17457526723435215,5.728188281433858
AAL.L,2025-09-02,5.54789504895242,0.1802485431278706,,,0.17768348602591005,5.6279850331964925
AAL.L,2025-09-03,5.69935396500866,0.17545848286306262,,,0.17330244823749894,5.770258932693032
AAL.L,2025-09-04,5.6249936822617,0.177777977449731,,,0.17541343733698503,5.700817538162198
AAL.L,2025-09-05,5.69815233073194,0.17549548379159388,,,0.1741717105922885,5.741460519618249
AAL.L,2025-09-08,5.72879663182927,0.1745567287978049,,,0.1739043068797715,5.7502888682989814
AAL.L,2025-09-09,6.23943953904761,0.16027080537311214,,,0.1589129141110984,6.292754780778138
AAL.L,2025-09-10,6.34457980091864,0.15761485100324668,,,0.15610586105458973,6.405909382545881
AAL.L,2025-09-11,6.37730279809584,0.1568061030908841,,,0.1558351119518496,6.417039057981894
AAL.L,2025-09-12,6.41750470524579,0.1558238047231319,,,0.15485889627470806,6.457491458715262
AAL.L,2025-09-15,6.44903425620549,0.15506197676617464,,,0.15445698429744578,6.4742944745978495
AAL.L,2025-09-16,6.5136947884612,0.153522698326527,,,0.15430280853518483,6.480763438417749
AAL.L,2025-09-17,6.35679884095085,0.15731188370441182,,,0.15739035361983783,6.3536295395549445
AAL.L,2025-09-18,6.34371819221328,0.15763625837406672,,,0.1573691463981102,6.354485760952242
AAL.L,2025-09-19,6.34246462132771,0.15766741475187976,,,0.15683830428620057,6.375993444657417
AAL.L,2025-09-22,6.38417543529042,0.15663729954415162,,,0.15658411389969557,6.386343895911296
AAL.L,2025-09-23,6.39134248196572,0.15646165149523333,,,0.1565803867461005,6.3864959129365815
AAL.L,2025-09-24,6.65339791981562,0.15029914219044818,,,0.1494192849098375,6.692576534571287
AAL.L,2025-09-25,6.6216932065179,0.15101877553246876,,,0.1492135154895547,6.70180577623347
AAL.L,2025-09-26,6.69123197477207,0.14944930974898146,,,0.1481189496130573,6.751330620507221
AAL.L,2025-09-29,6.85351825085915,0.14591045991227075,,,0.14490832612298096,6.90091471453006
AAL.L,2025-09-30,6.93587730009918,0.1441778677350161,,,0.14328507447470257,6.979093975182692
AAL.L,2025-10-01,6.92451347296825,0.14441447820179368,,,0.14347140280356926,6.970030127670308
AAL.L,2025-10-02,6.88301549499795,0.14528515891424676,,,0.1441521053497063,6.937116857045178
AAL.L,2025-10-03,7.02487164292779,0.14235135541682653,,,0.1415662099189002,7.063832538660711
AAL.L,2025-10-06,7.04444144933149,0.14195589631806776,,,0.1407894356671658,7.102805656271374
AAL.L,2025-10-07,6.98569500519092,0.14314967934570882,,,0.14131814741446214,7.076232021830641
AAL.L,2025-10-08,7.20233575935705,0.13884384641480108,,,0.13672638637190446,7.313877200556859
AAL.L,2025-10-09,7.30232364123018,0.13694271154373758,,,0.13412292629185382,7.455846868595625
AAL.L,2025-10-10,7.12810950015283,0.14028965183244724,,,0.13805544526448527,7.243466551313568
AAL.L,2025-10-13,7.40819116177573,0.13498571758781422,,,0.13226434475743776,7.56061659575693
AAL.L,2025-10-14,7.19206308785356,0.13904216186435672,,,0.13667379782048672,7.316691391816325
AAL.L,2025-10-15,7.31252787635136,0.1367516154343821,,,0.13489817585439262,7.412998683387589
AAL.L,2025-10-16,7.30345527394599,0.13692149297707812,,,0.1355408844105335,7.377847682999813
AAL.L,2025-10-17,7.04900277569355,0.14186403833577865,,,0.1400000045180692,7.142856912343415
AAL.L,2025-10-20,7.18991793908229,0.13908364580411867,,,0.1371267351141725,7.292523949960556
AAL.L,2025-10-21,6.99866438642532,0.14288440547879536,,,0.1403658899132776,7.12423795138428
AAL.L,2025-10-22,6.96574326423872,0.1435596980919292,,,0.1411750031957684,7.0834069584775765
AAL.L,2025-10-23,7.07293830966979,0.1413839561745996,,,0.1391193917148396,7.188070531890715
AAL.L,2025-10-24,7.06009910381048,0.1416410712223968,,,0.13946798000617303,7.170104564185548
AAL.L,2025-10-27,6.99725021905429,0.1429132828888824,,,0.14093858050658778,7.09528928420886
AAL.L,2025-10-28,7.10823910745981,0.14068181794145618,,,0.1388219961574741,7.203469390150825
AAL.L,2025-10-29,7.22097838106667,0.1384853889913297,,,0.1360570354502225,7.349858805102788
AAL.L,2025-10-30,7.09022331601963,0.14103928119451511,,,0.13815910647645122,7.238031755586425
AAL.L,2025-10-31,7.00549844711787,0.14274501772410067,,,0.13945583975156892,7.170728753858081
AAL.L,2025-11-03,6.81358921892602,0.14676552516877783,,,0.14318387547139128,6.9840266350368765
AAL.L,2025-11-04,6.635544230772,0.15070353918561052,,,0.14656661064440085,6.82283635818116
AAL.L,2025-11-05,6.75777328879186,0.14797773723166405,,,0.1440280875279952,6.943090178890466
AAL.L,2025-11-06,6.84902383968037,0.14600620809733783,,,0.14280165124948976,7.002720145391687
AAL.L,2025-11-07,6.74056455922225,0.1483555258931284,,,0.1453259455425793,6.881083733991658
AAL.L,2025-11-10,6.83416054819165,0.14632375007119267,,,0.14322468268825025,6.982036763709564
AAL.L,2025-11-11,6.97327117884817,0.14340471987282988,,,0.14065843195052474,7.109420929359858
AAL.L,2025-11-12,7.035726539256,0.1421317321559439,,,0.13955526686389505,7.165619918704152
AAL.L,2025-11-13,6.99396446982614,0.1429804232369597,,,0.14086047057152318,7.099223763364052
AAL.L,2025-11-14,6.95354276304091,0.143811584120133,,,0.14154431097883183,7.0649254151200145
AAL.L,2025-11-17,6.81018603624131,0.14683886676198962,,,0.14415200853942495,6.937121515906623
AAL.L,2025-11-18,6.62815142961079,0.15087162848038924,,,0.14797035025347274,6.758110650458035
AAL.L,2025-11-19,6.66946481993303,0.1499370679655285,,,0.14554920012855102,6.87052899718299
AAL.L,2025-11-20,6.62575716864789,0.1509261469363612,,,0.14735837600695642,6.786176850597163
AAL.L,2025-11-21,6.57482372924421,0.15209533231318312,,,0.14829479587788288,6.7433249702401925
AAL.L,2025-11-24,6.64008517563483,0.1506004777874546,,,0.14705268060279572,6.800284060792485
AAL.L,2025-11-25,6.77689269911448,0.14756025281773572,,,0.14529195687133958,6.882693450715447
AAL.L,2025-11-26,6.98420587617861,0.14318020083152924,,,0.14060754864895092,7.11199369883518
AAL.L,2025-11-27,6.9322301665367,0.14425372152632865,,,0.14167492095390335,7.058412267089735
AAL.L,2025-11-28,6.99188943783318,0.1430228565384616,,,0.14046605994140468,7.119157470617097
AAL.L,2025-12-01,7.07801190072486,0.14128261071411732,,,0.13893574090898236,7.197572010323147
AAL.L,2025-12-02,6.99147382431754,0.14303135864169716,,,0.14081401995315077,7.101565599311084
AAL.L,2025-12-03,7.24124426633903,0.13809781347226557,,,0.13650592535408104,7.325689323786585
AAL.L,2025-12-04,7.28336341416463,0.13729920410880606,,,0.13540207418525924,7.385411235516115
AAL.L,2025-12-05,7.35968707390169,0.13587534224737852,,,0.13398696650582148,7.463412495099304
AAL.L,2025-12-08,7.22964960603553,0.13831928993697976,,,0.13632711535978512,7.33529787790836
AAL.L,2025-12-09,7.18372099916165,0.13920362443317347,,,0.13706792910898835,7.295652648292795
AAL.L,2025-12-10,7.14098697124789,0.14003666496330963,,,0.1387073203019623,7.20942483657694
AAL.L,2025-12-11,7.18525400492435,0.13917392472342088,,,0.13837218745871552,7.226885824135419
AAL.L,2025-12-12,6.97740150164835,0.14331983042164892,,,0.1425176302106227,7.016675751078157
AAL.L,2025-12-15,7.06673777185124,0.14150801010096556,,,0.1408598223381108,7.099256433815915
AAL.L,2025-12-16,7.05677316220701,0.14170782835355436,,,0.1409874793441109,7.092828417474437
AAL.L,2025-12-17,7.16204419607358,0.13962494123510522,,,0.1388320131292207,7.202949647277893
AAL.L,2025-12-18,7.20571589834207,0.13877871596770633,,,0.13777871588652355,7.258015097365357
AAL.L,2025-12-19,7.2413471075872,0.13809585221404994,,,0.13694828151368643,7.30202664061952
AAL.L,2025-12-22,7.24602790420999,0.13800664491217227,,,0.13746819581879902,7.274409866542006
AAL.L,2025-12-23,7.49549759257908,0.1334134242121631,,,0.1332768935546217,7.503176081982763
AAL.L,2025-12-24,7.53523789901337,0.13270981134264329,,,0.13239443310771482,7.553187672070847
AAL.L,2025-12-29,7.4710197827097,0.13385053568112829,,,0.13346485271679104,7.492609324808338
AAL.L,2025-12-30,7.62492993028225,0.13114874617122982,,,0.1304820725619323,7.663888075699884
AAL.L,2025-12-31,7.70122770766418,0.12984942634598515,,,0.12917721904355922,7.741303051761742
ABVX.PA,2024-01-02,,,,,-0.16204551316719867,-6.171105761923807
ABVX.PA,2024-01-03,,,,,-0.1635397853173063,-6.11472002399759
ABVX.PA,2024-01-04,,,,,-0.1612271014845363,-6.202431171882802
ABVX.PA,2024-01-05,,,,,-0.1648913537910028,-6.0645993680631936
ABVX.PA,2024-01-08,,,,,-0.16188116680496042,-6.177370843915598
ABVX.PA,2024-01-09,,,,,-0.15834804610088365,-6.315202647735226
ABVX.PA,2024-01-10,,,,,-0.16140464817027542,-6.195608437156284
ABVX.PA,2024-01-11,,,,,-0.1596220667145796,-6.2647979730026995
ABVX.PA,2024-01-12,,,,,-0.1589835784477213,-6.289957804219578
ABVX.PA,2024-01-15,,,,,-0.1589835784477215,-6.2899578042195685
ABVX.PA,2024-01-16,,,,,-0.1555612313578486,-6.428336875912409
ABVX.PA,2024-01-17,,,,,-0.1499845079695484,-6.6673552724727525
ABVX.PA,2024-01-18,,,,,-0.13872912604513202,-7.208291643635636
ABVX.PA,2024-01-19,,,,,-0.15495475482234067,-6.453496707129277
ABVX.PA,2024-01-22,,,,,-0.1474801284301684,-6.780574512948696
ABVX.PA,2024-01-23,,,,,-0.14886102850910232,-6.717674934906509
ABVX.PA,2024-01-24,,,,,-0.14886102850910232,-6.717674934906509
ABVX.PA,2024-01-25,,,,,-0.14479378729300663,-6.906373669033097
ABVX.PA,2024-01-26,,,,,-0.1368189143267827,-7.30893096850314
ABVX.PA,2024-01-29,,,,,-0.13292941341782716,-7.522789533846615
ABVX.PA,2024-01-30,,,,,-0.13226587225267994,-7.560529280671933
ABVX.PA,2024-01-31,,,,,-0.13160892255606085,-7.59826902749724
ABVX.PA,2024-02-01,,,,,-0.1296766545250583,-7.711488267973192
ABVX.PA,2024-02-02,,,,,-0.13427667098625126,-7.447310040195971
ABVX.PA,2024-02-05,,,,,-0.13897165948227405,-7.195711728027187
ABVX.PA,2024-02-06,,,,,-0.1394592793401066,-7.170551896810308
ABVX.PA,2024-02-07,,,,,-0.1411932313034825,-7.082492487551244
ABVX.PA,2024-02-08,,,,,-0.13897165948227405,-7.195711728027187
ABVX.PA,2024-02-09,,,,,-0.13705480900665648,-7.296351052894701
ABVX.PA,2024-02-12,,,,,-0.13588340038266797,-7.359250630936896
ABVX.PA,2024-02-13,,,,,-0.1406934322546206,-7.107652318768123
ABVX.PA,2024-02-14,,,,,-0.14044485728597286,-7.120232234376562
ABVX.PA,2024-02-15,,,,,-0.1411932313034825,-7.082492487551244
ABVX.PA,2024-02-16,,,,,-0.14119323130348269,-7.082492487551235
ABVX.PA,2024-02-19,,,,,-0.1370548090066563,-7.29635105289471
ABVX.PA,2024-02-20,,,,,-0.14374645429269556,-6.9566933314668535
ABVX.PA,2024-02-21,,,,,-0.13945927934010638,-7.170551896810319
ABVX.PA,2024-02-22,,,,,-0.13681891432678253,-7.308930968503149
ABVX.PA,2024-02-23,,,,,-0.13031440856370596,-7.6737485211478855
ABVX.PA,2024-02-26,,,,,-0.11776561366497873,-8.491443035696431
ABVX.PA,2024-02-27,,,,,-0.11776561366497873,-8.491443035696431
ABVX.PA,2024-02-28,,,,,-0.12117650796320234,-8.252424639136077
ABVX.PA,2024-02-29,,,,,-0.12557944585128064,-7.963086580141986
ABVX.PA,2024-03-01,,,,,-0.12305230530009388,-8.126625483051694
ABVX.PA,2024-03-04,,,,,-0.12459528091514208,-8.025986158184182
ABVX.PA,2024-03-05,,,,,-0.12062486983893876,-8.290164385961404
ABVX.PA,2024-03-06,,,,,-0.11520549162878367,-8.680141769823008
ABVX.PA,2024-03-07,,,,,-0.12229506034440099,-8.176945145485451
ABVX.PA,2024-03-08,,,,,-0.12248349649285167,-8.164365229877003
ABVX.PA,2024-03-11,,,,,-0.1257781475061086,-7.950506664533546
ABVX.PA,2024-03-12,,,,,-0.1280061018097595,-7.8121275928407155
ABVX.PA,2024-03-13,,,,,-0.13182717947572245,-7.5856891118888115
ABVX.PA,2024-03-14,,,,,-0.1298885444834326,-7.698908352364754
ABVX.PA,2024-03-15,,,,,-0.12617744321247723,-7.9253468333166674
ABVX.PA,2024-03-18,,,,,-0.12538137101555305,-7.975666495750425
ABVX.PA,2024-03-19,,,,,-0.12286211626562711,-8.139205398660124
ABVX.PA,2024-03-20,,,,,-0.11689969003508932,-8.554342613738616
ABVX.PA,2024-03-21,,,,,-0.11689969003508918,-8.554342613738626
ABVX.PA,2024-03-22,,,,,-0.1172445268788505,-8.529182782521747
ABVX.PA,2024-03-25,,,,,-0.11829135301169752,-8.453703288871102
ABVX.PA,2024-03-26,,,,,-0.11917809478839676,-8.390803710828918
ABVX.PA,2024-03-27,,,,,-0.1197165500359347,-8.3530639640036
ABVX.PA,2024-03-28,,,,,-0.11864446152815021,-8.428543457654236
ABVX.PA,2024-04-02,,,,,-0.11846764414882376,-8.441123373262664
ABVX.PA,2024-04-03,,,,,-0.11776561366497873,-8.491443035696431
ABVX.PA,2024-04-04,,,,,-0.11307509135684302,-8.843680672732727
ABVX.PA,2024-04-05,,,,,-0.11227653845178057,-8.906580250774923
ABVX.PA,2024-04-08,,,,,-0.11243534543686089,-8.894000335166483
ABVX.PA,2024-04-09,,,,,-0.11323616698555647,-8.831100757124288
ABVX.PA,2024-04-10,,,,,-0.11794034009474873,-8.478863120087992
ABVX.PA,2024-04-11,,,,,-0.1077124515228464,-9.283977719028096
ABVX.PA,2024-04-12,,,,,-0.11537269843811414,-8.667561854214577
ABVX.PA,2024-04-15,,,,,-0.11368068489997679,-8.796569099490041
ABVX.PA,2024-04-16,,,,,-0.11351828392154813,-8.809153604639537
ABVX.PA,2024-04-17,,,,,-0.11223559144785832,-8.909829645835416
ABVX.PA,2024-04-18,,,,,-0.11255353929898552,-8.884660635536436
ABVX.PA,2024-04-19,,,,,-0.11223559144785832,-8.909829645835416
ABVX.PA,2024-04-22,,,,,-0.11036499825706067,-9.060843707629237
ABVX.PA,2024-04-23,,,,,-0.10469406949286443,-9.551639408459105
ABVX.PA,2024-04-24,,,,,-0.10524874005971449,-9.501301387861124
ABVX.PA,2024-04-25,,,,,-0.10781926559712847,-9.274780295170483
ABVX.PA,2024-04-26,,,,,-0.10723724527001847,-9.325118315768423
ABVX.PA,2024-04-29,,,,,-0.10723724527001847,-9.325118315768423
ABVX.PA,2024-04-30,,,,,-0.10767316903127871,-9.287364800319967
ABVX.PA,2024-05-02,,,,,-0.11499681439230648,-8.69589305829416
ABVX.PA,2024-05-03,,,,,-0.11303385312245204,-8.84690712008798
ABVX.PA,2024-05-06,,,,,-0.11417068785213175,-8.758815584041596
ABVX.PA,2024-05-07,,,,,-0.1133563462839997,-8.82173810978901
ABVX.PA,2024-05-08,,,,,-0.11807250927947056,-8.46937196560344
ABVX.PA,2024-05-09,,,,,-0.11807250927947056,-8.46937196560344
ABVX.PA,2024-05-10,,,,,-0.11877847346051373,-8.4190339450055
ABVX.PA,2024-05-13,,,,,-0.12113231516018856,-8.255435378062193
ABVX.PA,2024-05-14,,,,,-0.12058087821712259,-8.29318889351064
ABVX.PA,2024-05-15,,,,,-0.12076413183143418,-8.280604388361164
ABVX.PA,2024-05-16,,,,,-0.12262777584117868,-8.154759336866304
ABVX.PA,2024-05-17,,,,,-0.12300742839796237,-8.129590326567342
ABVX.PA,2024-05-20,,,,,-0.12094794329540912,-8.26801988321167
ABVX.PA,2024-05-21,,,,,-0.12243882703402727,-8.167343842015798
ABVX.PA,2024-05-22,,,,,-0.12076413183143432,-8.280604388361155
ABVX.PA,2024-05-23,,,,,-0.12454984129323478,-8.028914285371453
ABVX.PA,2024-05-24,,,,,-0.12653311902083406,-7.903069233876602
ABVX.PA,2024-05-27,,,,,-0.12454984129323464,-8.028914285371462
ABVX.PA,2024-05-28,,,,,-0.12416062303919327,-8.054083295670432
ABVX.PA,2024-05-29,,,,,-0.12837285742339852,-7.789808687531247
ABVX.PA,2024-05-30,,,,,-0.12984117442007137,-7.701717151484852
ABVX.PA,2024-05-31,,,,,-0.12633195348979936,-7.915653739026087
ABVX.PA,2024-06-03,,,,,-0.12693737818703482,-7.877900223577631
ABVX.PA,2024-06-04,,,,,-0.12962936173749395,-7.714301656634326
ABVX.PA,2024-06-05,,,,,-0.12693737818703466,-7.877900223577642
ABVX.PA,2024-06-06,,,,,-0.12474536694675635,-8.016329780221968
ABVX.PA,2024-06-07,,,,,-0.1231981375892772,-8.117005821417848
ABVX.PA,2024-06-10,,,,,-0.12225045960782106,-8.179928347165283
ABVX.PA,2024-06-11,,,,,-0.1215027503747457,-8.230266367763225
ABVX.PA,2024-06-12,,,,,-0.12131724999249419,-8.242850872912708
ABVX.PA,2024-06-13,,,,,-0.123389439045161,-8.104421316268374
ABVX.PA,2024-06-14,,,,,-0.13422770058291164,-7.4500270484951505
ABVX.PA,2024-06-17,,,,,-0.13221763518316754,-7.563287594840516
ABVX.PA,2024-06-18,,,,,-0.12494150746082341,-8.003745275072493
ABVX.PA,2024-06-19,,,,,-0.1231981375892772,-8.117005821417848
ABVX.PA,2024-06-20,,,,,-0.12094794329540896,-8.268019883211679
ABVX.PA,2024-06-21,,,,,-0.12281730872501344,-8.142174831716828
ABVX.PA,2024-06-24,,,,,-0.12113231516018856,-8.255435378062193
ABVX.PA,2024-06-25,,,,,-0.127548633619717,-7.840146708129187
ABVX.PA,2024-06-26,,,,,-0.13221763518316773,-7.563287594840506
ABVX.PA,2024-06-27,,,,,-0.13177910239649054,-7.588456605139476
ABVX.PA,2024-06-28,,,,,-0.13606643620733527,-7.34935100729926
ABVX.PA,2024-07-01,,,,,-0.1914043863667003,-5.2245406648317845
ABVX.PA,2024-07-02,,,,,-0.1929091378318473,-5.183787617524205
ABVX.PA,2024-07-03,,,,,-0.19413008174217544,-5.15118517967814
ABVX.PA,2024-07-04,,,,,-0.19443773638835957,-5.143034570216624
ABVX.PA,2024-07-05,,,,,-0.19693452915097115,-5.077829694524489
ABVX.PA,2024-07-08,,,,,-0.19884961371321697,-5.028926037755399
ABVX.PA,2024-07-09,,,,,-0.19474636771596038,-5.134883960755102
ABVX.PA,2024-07-10,,,,,-0.19630433865768782,-5.094130913447528
ABVX.PA,2024-07-11,,,,,-0.1956781685184291,-5.110432132370553
ABVX.PA,2024-07-12,,,,,-0.19321293174969298,-5.175637008062681
ABVX.PA,2024-07-15,,,,,-0.19290913783184754,-5.183787617524198
ABVX.PA,2024-07-16,,,,,-0.1938233991485859,-5.159335789139656
ABVX.PA,2024-07-17,,,,,-0.1985278505842312,-5.0370766472169155
ABVX.PA,2024-07-18,,,,,-0.20080231041089205,-4.980022380986297
ABVX.PA,2024-07-19,,,,,-0.2108079238162455,-4.743654706602338
ABVX.PA,2024-07-22,,,,,-0.2130038396893317,-4.6947510498332345
ABVX.PA,2024-07-23,,,,,-0.21449337702981652,-4.662148611987171
ABVX.PA,2024-07-24,,,,,-0.21710899073941148,-4.605981523815685
ABVX.PA,2024-07-25,,,,,-0.21633910070132817,-4.622372917138879
ABVX.PA,2024-07-26,,,,,-0.2174959942879666,-4.597785827154092
ABVX.PA,2024-07-29,,,,,-0.220244138620125,-4.540415950522935
ABVX.PA,2024-07-30,,,,,-0.21827415526931887,-4.581394433830904
ABVX.PA,2024-07-31,,,,,-0.22144329001007093,-4.51582886053816
ABVX.PA,2024-08-01,,,,,-0.2174959942879663,-4.597785827154098
ABVX.PA,2024-08-02,,,,,-0.22347115896620712,-4.474850377230191
ABVX.PA,2024-08-05,,,,,-0.2280658930757927,-4.38469771395266
ABVX.PA,2024-08-06,,,,,-0.23374569501063044,-4.278153657351941
ABVX.PA,2024-08-07,,,,,-0.23555068107248858,-4.245370870705566
ABVX.PA,2024-08-08,,,,,-0.2324100053248554,-4.302740747336722
ABVX.PA,2024-08-09,,,,,-0.2315279939194483,-4.319132140659904
ABVX.PA,2024-08-12,,,,,-0.23374569501063078,-4.278153657351935
ABVX.PA,2024-08-13,,,,,-0.24018750550304938,-4.163413904089628
ABVX.PA,2024-08-14,,,,,-0.24066124811745382,-4.155218207428035
ABVX.PA,2024-08-15,,,,,-0.23692282096223125,-4.220783780720785
ABVX.PA,2024-08-16,,,,,-0.24209375554672474,-4.130631117443247
ABVX.PA,2024-08-19,,,,,-0.24403050559109818,-4.097848330796879
ABVX.PA,2024-08-20,,,,,-0.24161436197138433,-4.138826814104847
ABVX.PA,2024-08-21,,,,,-0.23464471691451746,-4.261762264028754
ABVX.PA,2024-08-22,,,,,-0.2328535358693685,-4.294545050675128
ABVX.PA,2024-08-23,,,,,-0.23464471691451746,-4.261762264028754
ABVX.PA,2024-08-26,,,,,-0.2341943431776374,-4.2699579606903475
ABVX.PA,2024-08-27,,,,,-0.23600629167417653,-4.2371751740439665
ABVX.PA,2024-08-28,,,,,-0.22595417184360975,-4.425676197260622
ABVX.PA,2024-08-29,,,,,-0.21331337901319772,-4.6879384904316295
ABVX.PA,2024-08-30,,,,,-0.21331337901319772,-4.6879384904316295
ABVX.PA,2024-09-02,,,,,-0.2085730817017936,-4.794482547032342
ABVX.PA,2024-09-03,,,,,-0.22265557079479792,-4.491241770553373
ABVX.PA,2024-09-04,,,,,-0.22104212462961792,-4.524024557199754
ABVX.PA,2024-09-05,,,,,-0.22595417184360975,-4.425676197260622
ABVX.PA,2024-09-06,,,,,-0.22388119778999863,-4.466654680568592
ABVX.PA,2024-09-09,,,,,-0.22429274410946523,-4.458458983907004
ABVX.PA,2024-09-10,,,,,-0.2272164856527916,-4.401089107275848
ABVX.PA,2024-09-11,,,,,-0.23196816120826824,-4.310936443998316
ABVX.PA,2024-09-12,,,,,-0.23196816120826824,-4.310936443998316
ABVX.PA,2024-09-13,,,,,-0.22757663792482138,-4.394124147006443
ABVX.PA,2024-09-16,,,,,-0.23503097866609718,-4.254758269209591
ABVX.PA,2024-09-17,,,,,-0.23594018941528905,-4.238362283586433
ABVX.PA,2024-09-18,,,,,-0.24059384206647785,-4.156382355470647
ABVX.PA,2024-09-19,,,,,-0.2327883166559245,-4.295748233267487
ABVX.PA,2024-09-20,,,,,-0.2401202321411501,-4.164580348282227
ABVX.PA,2024-09-23,,,,,-0.24396215585540887,-4.0989964057895865
ABVX.PA,2024-09-24,,,,,-0.2439621558554085,-4.098996405789593
ABVX.PA,2024-09-25,,,,,-0.24299019507510844,-4.115392391412745
ABVX.PA,2024-09-26,,,,,-0.23824429282754736,-4.197372319528544
ABVX.PA,2024-09-27,,,,,-0.23964848315855455,-4.172778341093806
ABVX.PA,2024-09-30,,,,,-0.2401202321411501,-4.164580348282227
ABVX.PA,2024-10-01,,,,,-0.24543476444206086,-4.074402427354856
ABVX.PA,2024-10-02,,,,,-0.26232489876925646,-3.8120666573843214
ABVX.PA,2024-10-03,,,,,-0.26927390271016394,-3.7136907436453708
ABVX.PA,2024-10-04,,,,,-0.271069062061565,-3.6890967652106337
ABVX.PA,2024-10-07,,,,,-0.28073895955743267,-3.5620278766311495
ABVX.PA,2024-10-08,,,,,-0.2870143010063635,-3.484146944921148
ABVX.PA,2024-10-09,,,,,-0.2975148242139128,-3.3611770527474665
ABVX.PA,2024-10-10,,,,,-0.2986072899087008,-3.3488800635300975
ABVX.PA,2024-10-11,,,,,-0.2939303082595283,-3.402167016805362
ABVX.PA,2024-10-14,,,,,-0.2853358548016474,-3.504641926950102
ABVX.PA,2024-10-15,,,,,-0.2850025185226735,-3.5087409233558913
ABVX.PA,2024-10-16,,,,,-0.2846699601580035,-3.5128399197616744
ABVX.PA,2024-10-17,,,,,-0.264601036719532,-3.7792746861380047
ABVX.PA,2024-10-18,,,,,-0.2533355720201546,-3.947333538775372
ABVX.PA,2024-10-21,,,,,-0.25599386763421667,-3.906343574717482
ABVX.PA,2024-10-22,,,,,-0.25202702051178605,-3.9678285208043196
ABVX.PA,2024-10-23,,,,,-0.2557255302467594,-3.9104425711232715
ABVX.PA,2024-10-24,,,,,-0.25953420835681756,-3.8530566214422177
ABVX.PA,2024-10-25,,,,,-0.26176196980194094,-3.820264650195894
ABVX.PA,2024-10-28,,,,,-0.25359891461061174,-3.9432345423695887
ABVX.PA,2024-10-29,,,,,-0.24642642005596818,-4.058006441731697
ABVX.PA,2024-10-30,,,,,-0.25021759574913693,-3.996521495644853
ABVX.PA,2024-10-31,,,,,-0.2530727757836188,-3.9514325351811674
ABVX.PA,2024-11-01,,,,,-0.25680226932148303,-3.894046585500107
ABVX.PA,2024-11-04,,,,,-0.2530727757836192,-3.951432535181161
ABVX.PA,2024-11-05,,,,,-0.25680226932148265,-3.894046585500113
ABVX.PA,2024-11-06,,,,,-0.2549238828165188,-3.9227395603406405
ABVX.PA,2024-11-07,,,,,-0.25898318031359713,-3.8612546142537965
ABVX.PA,2024-11-08,,,,,-0.2538628052605712,-3.9391355459637922
ABVX.PA,2024-11-11,,,,,-0.2522876482475786,-3.9637295243985364
ABVX.PA,2024-11-12,,,,,-0.2581610114872048,-3.8735516034711654
ABVX.PA,2024-11-13,,,,,-0.2554577548224173,-3.9145415675290613
ABVX.PA,2024-11-14,,,,,-0.25981060261491856,-3.8489576250364275
ABVX.PA,2024-11-15,,,,,-0.28009432359978015,-3.5702258694427353
ABVX.PA,2024-11-18,,,,,-0.2791329014363942,-3.5825228586601043
ABVX.PA,2024-11-19,,,,,-0.28701430100636294,-3.484146944921154
ABVX.PA,2024-11-20,,,,,-0.2964303230320881,-3.373474041964835
ABVX.PA,2024-11-21,,,,,-0.2975148242139128,-3.3611770527474665
ABVX.PA,2024-11-22,,,,,-0.28905468703247456,-3.4595529664864166
ABVX.PA,2024-11-25,,,,,-0.29897323021496197,-3.3447810671243015
ABVX.PA,2024-11-26,,,,,-0.31131205131777506,-3.2122110138911375
ABVX.PA,2024-11-27,,,,,-0.30318076639529645,-3.2983622671372537
ABVX.PA,2024-11-28,,,,,-0.3169796309256409,-3.1547768450603892
ABVX.PA,2024-11-29,,,,,-0.30661300148656395,-3.261440301460344
ABVX.PA,2024-12-02,,,,,-0.31051889959467244,-3.220415895152673
ABVX.PA,2024-12-03,,,,,-0.3182210655115115,-3.142469523168086
ABVX.PA,2024-12-04,,,,,-0.30242845680126285,-3.3065671483987957
ABVX.PA,2024-12-05,,,,,-0.308163509711527,-3.2450305389372796
ABVX.PA,2024-12-06,,,,,-0.30546032102984755,-3.273747623352647
ABVX.PA,2024-12-09,,,,,-0.30546032102984694,-3.2737476233526537
ABVX.PA,2024-12-10,,,,,-0.30280414432524017,-3.302464707768021
ABVX.PA,2024-12-11,,,,,-0.314525595073314,-3.1793914888449892
ABVX.PA,2024-12-12,,,,,-0.3276308282013688,-3.0522158292911894
ABVX.PA,2024-12-13,,,,,-0.3413968293862995,-2.9291426103681637
ABVX.PA,2024-12-16,,,,,-0.34235580924412695,-2.9209377291066216
ABVX.PA,2024-12-17,,,,,-0.3352920717769159,-2.9824743385681445
ABVX.PA,2024-12-18,,,,,-0.32587879168692296,-3.06862559181426
ABVX.PA,2024-12-19,,,,,-0.32500978157575783,-3.0768304730757956
ABVX.PA,2024-12-20,,,,,-0.34526534869945946,-2.8963230853220154
ABVX.PA,2024-12-23,,,,,-0.34429002285567495,-2.904527966583557
ABVX.PA,2024-12-24,,,,,-0.34429002285567495,-2.904527966583557
ABVX.PA,2024-12-27,,,,,-0.3457550867827203,-2.892220644691254
ABVX.PA,2024-12-30,,,,,-0.36381691967435587,-2.748635222614377
ABVX.PA,2024-12-31,,,,,-0.3586589116245492,-2.7881643745320304
ABVX.PA,2025-01-02,,,,,-0.3330404179370821,-3.002638557188334
ABVX.PA,2025-01-03,,,,,-0.34636203465456544,-2.887152458834936
ABVX.PA,2025-01-06,,,,,-0.34636203465456544,-2.887152458834936
ABVX.PA,2025-01-07,,,,,-0.34636203465456467,-2.8871524588349424
ABVX.PA,2025-01-08,,,,,-0.35919025816029015,-2.7840398710194023
ABVX.PA,2025-01-09,,,,,-0.3830227871377493,-2.6108107234893123
ABVX.PA,2025-01-10,,,,,-0.3747348133820647,-2.6685537726660047
ABVX.PA,2025-01-13,,,,,-0.395519452297219,-2.5283206532368854
ABVX.PA,2025-01-14,,,,,-0.4000881588419074,-2.4994491286485294
ABVX.PA,2025-01-15,,,,,-0.3916856611602509,-2.5530676743126133
ABVX.PA,2025-01-16,,,,,-0.39735342989783173,-2.516651234788943
ABVX.PA,2025-01-17,,,,,-0.40130064940012805,-2.4918972882172485
ABVX.PA,2025-01-20,,,,,-0.38781694758028273,-2.578536101218186
ABVX.PA,2025-01-21,,,,,-0.390944503609157,-2.557907812408434
ABVX.PA,2025-01-22,,,,,-0.390944503609157,-2.557907812408434
ABVX.PA,2025-01-23,,,,,-0.40397598706279453,-2.475394657169459
ABVX.PA,2025-01-24,,,,,-0.39735342989783173,-2.516651234788943
ABVX.PA,2025-01-27,,,,,-0.39997622481464906,-2.500148603741147
ABVX.PA,2025-01-28,,,,,-0.40805655258868134,-2.450640710597764
ABVX.PA,2025-01-29,,,,,-0.41292264435720166,-2.421761106264114
ABVX.PA,2025-01-30,,,,,-0.41292264435720055,-2.4217611062641207
ABVX.PA,2025-01-31,,,,,-0.40130064940012805,-2.4918972882172485
ABVX.PA,2025-02-03,,,,,-0.41504382232479003,-2.409384132978267
ABVX.PA,2025-02-04,,,,,-0.4143343457054303,-2.413509790740222
ABVX.PA,2025-02-05,,,,,-0.42673519760154355,-2.3433736087870876
ABVX.PA,2025-02-06,,,,,-0.4164700897554594,-2.4011328174543687
ABVX.PA,2025-02-07,,,,,-0.42449315628314666,-2.3557505820729348
ABVX.PA,2025-02-10,,,,,-0.38231165968087905,-2.615667021075722
ABVX.PA,2025-02-11,,,,,-0.37991472137566884,-2.6321696521235243
ABVX.PA,2025-02-12,,,,,-0.38473903529789955,-2.5991643900279318
ABVX.PA,2025-02-13,,,,,-0.3644896123874838,-2.74356241169615
ABVX.PA,2025-02-14,,,,,-0.35592597979100843,-2.8095729358873354
ABVX.PA,2025-02-17,,,,,-0.36949023206962917,-2.706431491838608
ABVX.PA,2025-02-18,,,,,-0.35478447754280207,-2.8186126037020816
ABVX.PA,2025-02-19,,,,,-0.3627511948528941,-2.7567104235329354
ABVX.PA,2025-02-20,,,,,-0.32878941405933954,-3.0414604523110382
ABVX.PA,2025-02-21,,,,,-0.31758558081485416,-3.1487575646042294
ABVX.PA,2025-02-24,,,,,-0.33058362641437006,-3.0249532042659304
ABVX.PA,2025-02-25,,,,,-0.33843267899683416,-2.954797400074224
ABVX.PA,2025-02-26,,,,,-0.3412926734672299,-2.9300365280065632
ABVX.PA,2025-02-27,,,,,-0.32745648400234223,-3.0538408883448684
ABVX.PA,2025-02-28,,,,,-0.349161092452066,-2.864007535826127
ABVX.PA,2025-03-03,,,,,-0.35118521472714964,-2.847500287781026
ABVX.PA,2025-03-04,,,,,-0.36770530828791087,-2.719569115431444
ABVX.PA,2025-03-05,,,,,-0.3496649324123135,-2.8598807238148565
ABVX.PA,2025-03-06,,,,,-0.31551796635642415,-3.1693916246606135
ABVX.PA,2025-03-07,,,,,-0.32968407913160985,-3.0332068282884843
ABVX.PA,2025-03-10,,,,,-0.3952982025476898,-2.5297357629127024
ABVX.PA,2025-03-11,,,,,-0.4100131948591098,-2.438945898664611
ABVX.PA,2025-03-12,,,,,-0.42289319050913426,-2.364663282461628
ABVX.PA,2025-03-13,,,,,-0.4495691988158317,-2.2243516740782217
ABVX.PA,2025-03-14,,,,,-0.4438054911387056,-2.2532393581571597
ABVX.PA,2025-03-17,,,,,-0.4236325142687656,-2.3605364704503513
ABVX.PA,2025-03-18,,,,,-0.4192349449164935,-2.385297342518019
ABVX.PA,2025-03-19,,,,,-0.3908351583253772,-2.55862344699164
ABVX.PA,2025-03-20,,,,,-0.39273549134802793,-2.546243010957816
ABVX.PA,2025-03-21,,,,,-0.3568745186476189,-2.802105355656981
ABVX.PA,2025-03-24,,,,,-0.35374861045508504,-2.8268662277246417
ABVX.PA,2025-03-25,,,,,-0.361129356425832,-2.7690908595667656
ABVX.PA,2025-03-26,,,,,-0.3745251903581658,-2.6700473712961212
ABVX.PA,2025-03-27,,,,,-0.3883298047463684,-2.5751306950367474
ABVX.PA,2025-03-28,,,,,-0.4022962187978202,-2.485730546979276
ABVX.PA,2025-03-31,,,,,-0.42118664994137,-2.3742442932111025
ABVX.PA,2025-04-01,,,,,-0.43401850128366976,-2.3040492445422527
ABVX.PA,2025-04-02,,,,,-0.4451880950667067,-2.246241557403193
ABVX.PA,2025-04-03,,,,,-0.44931785476120173,-2.225595954853538
ABVX.PA,2025-04-04,,,,,-0.48436464743257707,-2.0645602549661692
ABVX.PA,2025-04-07,,,,,-0.49934499735317067,-2.0026234473171907
ABVX.PA,2025-04-08,,,,,-0.4720902996418879,-2.11823882159529
ABVX.PA,2025-04-09,,,,,-0.5311015870971223,-1.8828789525291525
ABVX.PA,2025-04-10,,,,,-0.5045465077422662,-1.981977844767529
ABVX.PA,2025-04-11,,,,,-0.48728837769876815,-2.0521728934363788
ABVX.PA,2025-04-14,,,,,-0.45183269350053684,-2.2132085933237406
ABVX.PA,2025-04-15,,,,,-0.45954900135917975,-2.1760465087343497
ABVX.PA,2025-04-16,,,,,-0.4612996642215005,-2.1677882677144846
ABVX.PA,2025-04-17,,,,,-0.4621800070921536,-2.163659147204546
ABVX.PA,2025-04-22,,,,,-0.4509912918366625,-2.217337713833673
ABVX.PA,2025-04-23,,,,,-0.4009641121130592,-2.4939887879991405
ABVX.PA,2025-04-24,,,,,-0.39572275117040484,-2.5270217520785994
ABVX.PA,2025-04-25,,,,,-0.3983261903228427,-2.5105052700388635
ABVX.PA,2025-04-28,,,,,-0.3912476958259899,-2.5559255956481257
ABVX.PA,2025-04-29,,,,,-0.3874917179460614,-2.5807003187077133
ABVX.PA,2025-04-30,,,,,-0.373738153883161,-2.675670090436158
ABVX.PA,2025-05-02,,,,,-0.37316228615760827,-2.679799210946096
ABVX.PA,2025-05-05,,,,,-0.3844163868512514,-2.601345921257375
ABVX.PA,2025-05-06,,,,,-0.38625569970699797,-2.5889585597275846
ABVX.PA,2025-05-07,,,,,-0.4049871634051635,-2.469214064939546
ABVX.PA,2025-05-08,,,,,-0.3874917179460604,-2.58070031870772
ABVX.PA,2025-05-09,,,,,-0.39240622898417077,-2.5483795264634774
ABVX.PA,2025-05-12,,,,,-0.4292812824170794,-2.329474964222698
ABVX.PA,2025-05-13,,,,,-0.44020844233315176,-2.2716511175930503
ABVX.PA,2025-05-14,,,,,-0.4500272179985739,-2.2220878204819354
ABVX.PA,2025-05-15,,,,,-0.4602939986373247,-2.1725245233708144
ABVX.PA,2025-05-16,,,,,-0.4500272179985739,-2.2220878204819354
ABVX.PA,2025-05-19,,,,,-0.45682008166647686,-2.1890456224078547
ABVX.PA,2025-05-20,,,,,-0.460293998637326,-2.172524523370808
ABVX.PA,2025-05-21,,,,,-0.45682008166647686,-2.1890456224078547
ABVX.PA,2025-05-22,,,,,-0.4638211557150067,-2.1560034243337673
ABVX.PA,2025-05-23,,,,,-0.47848743731864335,-2.0899190281856055
ABVX.PA,2025-05-26,,,,,-0.4508652575106755,-2.2179575457226757
ABVX.PA,2025-05-27,,,,,-0.4683068535459048,-2.135352050537473
ABVX.PA,2025-05-28,,,,,-0.4683068535459048,-2.135352050537473
ABVX.PA,2025-05-29,,,,,-0.46293430838094224,-2.1601336990930338
ABVX.PA,2025-05-30,,,,,-0.45855046076369843,-2.1807850728893343
ABVX.PA,2025-06-02,,,,,-0.4434334126066547,-2.25513001855601
ABVX.PA,2025-06-03,,,,,-0.3690772001268801,-2.709460242074621
ABVX.PA,2025-06-04,,,,,-0.34100653983553914,-2.9324950790746733
ABVX.PA,2025-06-05,,,,,-0.3453846551829291,-2.895322606241326
ABVX.PA,2025-06-06,,,,,-0.328960113156567,-3.0398822228154296
ABVX.PA,2025-06-09,,,,,-0.35762871976843835,-2.79619601201909
ABVX.PA,2025-06-10,,,,,-0.36353550042527444,-2.7507629896672285
ABVX.PA,2025-06-11,,,,,-0.3646304868723385,-2.7425024401487086
ABVX.PA,2025-06-12,,,,,-0.38738342925317243,-2.5814217245375644
ABVX.PA,2025-06-13,,,,,-0.41804317904602334,-2.3920973959723613
ABVX.PA,2025-06-16,,,,,-0.4246438608204331,-2.354914534895077
ABVX.PA,2025-06-17,,,,,-0.4284017710931803,-2.3342573898521377
ABVX.PA,2025-06-18,,,,,-0.4575557668575555,-2.185525945542975
ABVX.PA,2025-06-19,,,,,-0.4566924540898997,-2.189657374551563
ABVX.PA,2025-06-20,,,,,-0.46104190603361306,-2.1690002295086237
ABVX.PA,2025-06-23,,,,,-0.4672722020610943,-2.1400802264485086
ABVX.PA,2025-06-24,,,,,-0.43222678690651223,-2.313600244809199
ABVX.PA,2025-06-25,,,,,-0.41732241494421984,-2.396228824980949
ABVX.PA,2025-06-26,,,,,-0.4014046445566283,-2.491251692178476
ABVX.PA,2025-06-27,,,,,-0.38665655058729625,-2.5862745593759904
ABVX.PA,2025-06-30,,,,,-0.33143388202524804,-3.0171930337641877
ABVX.PA,2025-07-01,,,,,-0.3334425722193404,-2.999017172115006
ABVX.PA,2025-07-02,,,,,-0.320715204847615,-3.118031153138315
ABVX.PA,2025-07-03,,,,,-0.32837407541114094,-3.045307394464528
ABVX.PA,2025-07-04,,,,,-0.31295964512868263,-3.195300146729206
ABVX.PA,2025-07-07,,,,,-0.3235450448903881,-3.0907597436356475
ABVX.PA,2025-07-08,,,,,-0.32118340222695463,-3.113485918221204
ABVX.PA,2025-07-09,,,,,-0.3259416748525391,-3.0680335690500913
ABVX.PA,2025-07-10,,,,,-0.3116297882796939,-3.20893585148054
ABVX.PA,2025-07-11,,,,,-0.3094382989106391,-3.231662026066089
ABVX.PA,2025-07-14,,,,,-0.30179784708568436,-3.3134762545740983
ABVX.PA,2025-07-15,,,,,-0.277791200158414,-3.5998260543521075
ABVX.PA,2025-07-16,,,,,-0.26160598159983817,-3.822542565290558
ABVX.PA,2025-07-17,,,,,-0.2531767900177951,-3.949809142969673
ABVX.PA,2025-07-18,,,,,-0.2552327500295405,-3.9179924985498946
ABVX.PA,2025-07-21,,,,,-0.24418493953991552,-4.095256660317233
ABVX.PA,2025-07-22,,,,,-0.24720295564658912,-4.0452590762290015
ABVX.PA,2025-07-23,,,,,-0.040517611514818516,-24.680625599914
ABVX.PA,2025-07-24,,,,,-0.037737672474350586,-26.498719566758567
ABVX.PA,2025-07-25,,,,,-0.038598356232537635,-25.90783902753403
ABVX.PA,2025-07-28,,,,,-0.03259971823389685,-30.67511175480683
ABVX.PA,2025-07-29,,,,,-0.030764634757154383,-32.50485526298822
ABVX.PA,2025-07-30,,,,,-0.030067701283691278,-33.25827906047477
ABVX.PA,2025-07-31,,,,,-0.028882528249757962,-34.62300776970174
ABVX.PA,2025-08-01,,,,,-0.030203951110858062,-33.10825117977723
ABVX.PA,2025-08-04,,,,,-0.030203951110858062,-33.10825117977723
ABVX.PA,2025-08-05,,,,,-0.03080803013307516,-32.459069784095384
ABVX.PA,2025-08-06,,,,,-0.03015467875994306,-33.16234962941745
ABVX.PA,2025-08-07,,,,,-0.030503000131757583,-32.78366048193634
ABVX.PA,2025-08-08,,,,,-0.030604003443452144,-32.67546358265602
ABVX.PA,2025-08-11,,,,,-0.030452748072232447,-32.837758931576495
ABVX.PA,2025-08-12,,,,,-0.030951484054514117,-32.30862850513803
ABVX.PA,2025-08-13,,,,,-0.030951484054514117,-32.30862850513803
ABVX.PA,2025-08-14,,,,,-0.03131870505177106,-31.929800365211786
ABVX.PA,2025-08-15,,,,,-0.03079672663424161,-32.470983422249205
ABVX.PA,2025-08-18,,,,,-0.030951484054514117,-32.30862850513803
ABVX.PA,2025-08-19,,,,,-0.031425231259430156,-31.821563753804288
ABVX.PA,2025-08-20,,,,,-0.03131870505177113,-31.92980036521172
ABVX.PA,2025-08-21,,,,,-0.02961223714830918,-33.769822759139245
ABVX.PA,2025-08-22,,,,,-0.027786520271496133,-35.98867329299295
ABVX.PA,2025-08-25,,,,,-0.028253877646093165,-35.39337193025171
ABVX.PA,2025-08-26,,,,,-0.027334372752285452,-36.58397465573411
ABVX.PA,2025-08-27,,,,,-0.026857610436838562,-37.233394324179166
ABVX.PA,2025-08-28,,,,,-0.026896704484053804,-37.17927601847535
ABVX.PA,2025-08-29,,,,,-0.026896704484053752,-37.17927601847542
ABVX.PA,2025-09-01,,,,,-0.02741548365066013,-36.47573804432668
ABVX.PA,2025-09-02,,,,,-0.02677976229064487,-37.3416309355866
ABVX.PA,2025-09-03,,,,,-0.0258434069657971,-38.69458857818039
ABVX.PA,2025-09-04,,,,,-0.02538191755569363,-39.398126552329046
ABVX.PA,2025-09-05,,,,,-0.024154295399405137,-41.400503863367824
ABVX.PA,2025-09-08,,,,,-0.024539224409754222,-40.75108419492284
ABVX.PA,2025-09-09,,,,,-0.024185910969299687,-41.34638555766401
ABVX.PA,2025-09-10,,,,,-0.025037989133529715,-39.9393096093666
ABVX.PA,2025-09-11,,,,,-0.025771319359197995,-38.802825189587814
ABVX.PA,2025-09-12,,,,,-0.026135835898932057,-38.26164213255032
ABVX.PA,2025-09-15,,,,,-0.025771319359197947,-38.802825189587885
ABVX.PA,2025-09-16,,,,,-0.026935912508082985,-37.125157712771674
ABVX.PA,2025-09-17,,,,,-0.026625412075713156,-37.55810415840166
ABVX.PA,2025-09-18,,,,,-0.02643495848432751,-37.828695686920405
ABVX.PA,2025-09-19,,,,,-0.026321988576274876,-37.99105060403158
ABVX.PA,2025-09-22,,,,,-0.026625412075713204,-37.55810415840159
ABVX.PA,2025-09-23,,,,,-0.026284546202766615,-38.045168909735395
ABVX.PA,2025-09-24,,,,,-0.0258434069657971,-38.69458857818039
ABVX.PA,2025-09-25,,,,,-0.02635953777538506,-37.9369322983279
ABVX.PA,2025-09-26,,,,,-0.02628454620276666,-38.04516890973533
ABVX.PA,2025-09-29,,,,,-0.026062109986664216,-38.36987874395789
ABVX.PA,2025-09-30,,,,,-0.025699632796307274,-38.91106180099538
ABVX.PA,2025-10-01,,,,,-0.02523566751382828,-39.626453290844566
ABVX.PA,2025-10-02,,,,,-0.02563222800333125,-39.0133857997064
ABVX.PA,2025-10-03,,,,,-0.02485119058494719,-40.23952078198289
ABVX.PA,2025-10-06,,,,,-0.023546666144792526,-42.468857113394606
ABVX.PA,2025-10-07,,,,,-0.0242795123170932,-41.18698872283289
ABVX.PA,2025-10-08,,,,,-0.023515805507643348,-42.52459052167997
ABVX.PA,2025-10-09,,,,,-0.02271210076244541,-44.02939254538293
ABVX.PA,2025-10-10,,,,,-0.022683387613567474,-44.08512595366823
ABVX.PA,2025-10-13,,,,,-0.021854518395044913,-45.75712820222708
ABVX.PA,2025-10-14,,,,,-0.02146239186881803,-46.5931293265065
ABVX.PA,2025-10-15,,,,,-0.021669757973830767,-46.147262060224136
ABVX.PA,2025-10-16,,,,,-0.022123994577474566,-45.199794119374126
ABVX.PA,2025-10-17,,,,,-0.02285676382462659,-43.75072550395646
ABVX.PA,2025-10-20,,,,,-0.02276974568823842,-43.91792572881234
ABVX.PA,2025-10-21,,,,,-0.02254090402302999,-44.363792995094705
ABVX.PA,2025-10-22,,,,,-0.023577607887426903,-42.413123705109385
ABVX.PA,2025-10-23,,,,,-0.022626178565361758,-44.196592770238816
ABVX.PA,2025-10-24,,,,,-0.022654746972641252,-44.14085936195353
ABVX.PA,2025-10-27,,,,,-0.02198843088521063,-45.478461160800606
ABVX.PA,2025-10-28,,,,,-0.02196151726111612,-45.5341945690859
ABVX.PA,2025-10-29,,,,,-0.02143674982357452,-46.6488627347918
ABVX.PA,2025-10-30,,,,,-0.019826032709758978,-50.43873449819184
ABVX.PA,2025-10-31,,,,,-0.01973878944150921,-50.66166813133302
ABVX.PA,2025-11-03,,,,,-0.021539687397757353,-46.42592910165061
ABVX.PA,2025-11-04,,,,,-0.02031999954963972,-49.21259951591536
ABVX.PA,2025-11-05,,,,,-0.021084088839402906,-47.42913045078592
ABVX.PA,2025-11-06,,,,,-0.020482373975264697,-48.82246565791829
ABVX.PA,2025-11-07,,,,,-0.02029701312480981,-49.26833292420065
ABVX.PA,2025-11-10,,,,,-0.019609354756646855,-50.996068581044796
ABVX.PA,2025-11-11,,,,,-0.019936177335924305,-50.16006745676537
ABVX.PA,2025-11-12,,,,,-0.019760528196400742,-50.605934723047724
ABVX.PA,2025-11-13,,,,,-0.020069977183816413,-49.825667007053596
ABVX.PA,2025-11-14,,,,,-0.019047303187188825,-52.50087060474775
ABVX.PA,2025-11-17,,,,,-0.01845942345918917,-54.1728728533066
ABVX.PA,2025-11-18,,,,,-0.018178885108745563,-55.00887397758603
ABVX.PA,2025-11-19,,,,,-0.018535702068524663,-53.94993922016542
ABVX.PA,2025-11-20,,,,,-0.016644303898267043,-60.080614131547854
ABVX.PA,2025-11-21,,,,,-0.017487874856073952,-57.18247690071252
ABVX.PA,2025-11-24,,,,,-0.016706293856919806,-59.85768049840667
ABVX.PA,2025-11-25,,,,,-0.016536367869443437,-60.47277176554835
ABVX.PA,2025-11-26,,,,,-0.01603347296107038,-62.369519219449316
ABVX.PA,2025-11-27,,,,,-0.01603347296107038,-62.369519219449316
ABVX.PA,2025-11-28,,,,,-0.0165976136763673,-60.24962500626589
ABVX.PA,2025-12-01,,,,,-0.01687892916240742,-59.245464589494794
ABVX.PA,2025-12-02,,,,,-0.017643132648106973,-56.67927685774643
ABVX.PA,2025-12-03,,,,,-0.018549760411982603,-53.90905207347202
ABVX.PA,2025-12-04,,,,,-0.0192058612625672,-52.06743849332235
ABVX.PA,2025-12-05,,,,,-0.01900219359276267,-52.62550321457982
ABVX.PA,2025-12-08,,,,,-0.017937005563538735,-55.75066565362168
ABVX.PA,2025-12-09,,,,,-0.017065779579023995,-58.5967957320348
ABVX.PA,2025-12-10,,,,,-0.015581798746065387,-64.17744294460955
ABVX.PA,2025-12-11,,,,,-0.01547415246802694,-64.62389472161553
ABVX.PA,2025-12-12,,,,,-0.01656106151384029,-60.38260284005872
ABVX.PA,2025-12-15,,,,,-0.017196802838747787,-58.15034395502882
ABVX.PA,2025-12-16,,,,,-0.019042580826753662,-52.51389027032833
ABVX.PA,2025-12-17,,,,,-0.018961977310026662,-52.73711615883132
ABVX.PA,2025-12-18,,,,,-0.018359701391368027,-54.46711679472949
ABVX.PA,2025-12-19,,,,,-0.017919068557975197,-55.80647212574743
ABVX.PA,2025-12-22,,,,,-0.015527789045039164,-64.40066883311255
ABVX.PA,2025-12-23,,,,,-0.014957486275438395,-66.85615360664542
ABVX.PA,2025-12-24,,,,,-0.014687761113094423,-68.08389599341187
ABVX.PA,2025-12-29,,,,,-0.014639761893770585,-68.30712188191487
ABVX.PA,2025-12-30,,,,,-0.015447472894806203,-64.73550766586702
ABVX.PA,2025-12-31,,,,,-0.014882947307288367,-67.1909924393999
SVT.L,2024-01-02,10.1435593082923,0.09858472451405749,,,0.07133786095582864,14.017801860069584
SVT.L,2024-01-03,10.1714262294689,0.09831462937840281,,,0.07070356959397435,14.143557471605002
SVT.L,2024-01-04,10.2749319366964,0.09732424566517571,,,0.07003901477100205,14.277756522840548
SVT.L,2024-01-05,10.2430840267803,0.09762684728403317,,,0.07003963819133656,14.277629437036317
SVT.L,2024-01-08,10.2152171056036,0.09789317149720154,,,0.07011075916901673,14.263146082747296
SVT.L,2024-01-09,10.418247531319,0.09598543296210156,,,0.06885831182055313,14.522575032133094
SVT.L,2024-01-10,10.4301904975376,0.09587552597779339,,,0.06884731719341652,14.52489422631597
SVT.L,2024-01-11,10.1236543645947,0.09877855999285047,,,0.07080840231642901,14.122617758429204
SVT.L,2024-01-12,10.3585327002263,0.09653876943190547,,,0.06911870760087051,14.467863111309182
SVT.L,2024-01-15,10.3903806101424,0.09624286515778512,,,0.06904138344596751,14.484066658116868
SVT.L,2024-01-16,10.402323576361,0.09613236818286186,,,0.06897930870376824,14.497100924778788
SVT.L,2024-01-17,10.1037494208971,0.09897315920481439,,,0.0708612564071522,14.112083961004501
SVT.L,2024-01-18,9.98830074745108,0.10011712955831757,,,0.07144822146811948,13.996149651481591
SVT.L,2024-01-19,9.94052888257687,0.10059826914770467,,,0.07197168960396412,13.894352147388258
SVT.L,2024-01-22,10.0838444771995,0.09916852667264871,,,0.07081128995440335,14.122041847337027
SVT.L,2024-01-23,10.0838444771995,0.09916852667264871,,,0.07072199756036929,14.139872097735728
SVT.L,2024-01-24,10.0042247024092,0.09995777081648134,,,0.07129281404145275,14.026659116282833
SVT.L,2024-01-25,9.94450987131639,0.10055799762282568,,,0.07156123156989812,13.974046813647142
SVT.L,2024-01-26,10.1833691956875,0.09819932684199298,,,0.06995425712231605,14.295055671186462
SVT.L,2024-01-29,10.1395783195528,0.09862343072705851,,,0.07010546483893586,14.264223228495167
SVT.L,2024-01-30,10.1913311731665,0.09812260861789802,,,0.06984981212009359,14.31643077694595
SVT.L,2024-01-31,10.3426087452682,0.09668740495066155,,,0.06874005953509699,14.547557956207829
SVT.L,2024-02-01,10.3227038015706,0.09687384421975276,,,0.0689206595292587,14.509437472452982
SVT.L,2024-02-02,10.2271600718222,0.0977788548313811,,,0.0696130681278661,14.365118890654095
SVT.L,2024-02-05,10.1674452407294,0.09835312375169096,,,0.07028812849974304,14.227153593990709
SVT.L,2024-02-06,10.0957874434181,0.09905121374677368,,,0.07050635262804429,14.183119147794981
SVT.L,2024-02-07,10.087825465939,0.09912939150032346,,,0.07051703549231032,14.180970499093755
SVT.L,2024-02-08,9.94052888257687,0.10059826914770467,,,0.07164571863716294,13.957568142547679
SVT.L,2024-02-09,9.82906119787036,0.1017391162664312,,,0.07248238686060315,13.796455157073986
SVT.L,2024-02-12,9.93256690509783,0.10067890904281311,,,0.07161388062959073,13.963773380363383
SVT.L,2024-02-13,9.93256690509783,0.10067890904281311,,,0.07141061294134139,14.00352074867957
SVT.L,2024-02-14,9.94052888257687,0.10059826914770467,,,0.0715965288489622,13.967157571417586
SVT.L,2024-02-15,10.1236543645947,0.09877855999285047,,,0.0704067455102051,14.203184549342012
SVT.L,2024-02-16,10.1674452407294,0.09835312375169096,,,0.0701346296725578,14.258291583897517
SVT.L,2024-02-19,10.1236543645947,0.09877855999285047,,,0.07048525723097929,14.187363986244849
SVT.L,2024-02-20,10.3067798466125,0.09702351412198516,,,0.06926248808210357,14.437829591316483
SVT.L,2024-02-21,10.2430840267803,0.09762684728403317,,,0.06969472269666617,14.34828866960733
SVT.L,2024-02-22,10.1077304096366,0.09893417804719157,,,0.07052771756084478,14.178822661279131
SVT.L,2024-02-23,10.0679205222415,0.09932537685322948,,,0.07066256145671013,14.151765508990616
SVT.L,2024-02-26,9.86489009652602,0.10136960373761852,,,0.07229345526106566,13.832510790759779
SVT.L,2024-02-27,9.95645283753495,0.10043737627421767,,,0.07160297734678972,13.965899702141847
SVT.L,2024-02-28,9.93654789383736,0.10063857294143363,,,0.07181811876303543,13.924062858002582
SVT.L,2024-02-29,9.95247184879542,0.10047755122472747,,,0.07169927056923503,13.947143284175661
SVT.L,2024-03-01,9.98830074745108,0.10011712955831757,,,0.07151448959823765,13.983180270430724
SVT.L,2024-03-04,9.94450987131639,0.10055799762282568,,,0.0717150662626068,13.944071338346003
SVT.L,2024-03-05,10.0519965672834,0.09948272398487844,,,0.07088310955748624,14.107733227885545
SVT.L,2024-03-06,10.1196733758552,0.0988174185923754,,,0.07053688664783496,14.17697955670537
SVT.L,2024-03-07,10.2789129254359,0.09728655230899261,,,0.06933580709887778,14.422562335993712
SVT.L,2024-03-08,10.3545517114868,0.09657588545244813,,,0.06850071904951721,14.598386905648809
SVT.L,2024-03-11,10.3943615988819,0.09620600461961684,,,0.06840904433575742,14.6179501513267
SVT.L,2024-03-12,10.1555022745108,0.09846878795053698,,,0.07011983860510354,14.26129922562624
SVT.L,2024-03-13,10.2470650155198,0.09758891921593545,,,0.06960563439156724,14.366653055332984
SVT.L,2024-03-14,10.2590079817383,0.09747531162662754,,,0.06935639597017805,14.418280909953586
SVT.L,2024-03-15,10.2510460042593,0.09755102060653137,,,0.06951357791481873,14.385678740711498
SVT.L,2024-03-18,10.0042247024092,0.09995777081648134,,,0.07119111043338769,14.04669759907289
SVT.L,2024-03-19,10.0480155785439,0.09952213869327163,,,0.07088034095674962,14.1082842788551
SVT.L,2024-03-20,10.195312161906,0.09808429444038243,,,0.06984630628445496,14.317149369752151
SVT.L,2024-03-21,10.1634642519899,0.09839164828116657,,,0.07039783499148528,14.204982299824298
SVT.L,2024-03-22,10.2231790830827,0.09781693070943052,,,0.06993600836653867,14.298785752239992
SVT.L,2024-03-25,10.1515212857713,0.0985074031614978,,,0.07044678957650947,14.195111033611255
SVT.L,2024-03-26,10.0559775560229,0.09944334048369696,,,0.07112802358698914,14.059156287071666
SVT.L,2024-03-27,10.1117113983762,0.09889522758339267,,,0.07063674012350891,14.156938701467421
SVT.L,2024-03-28,9.83304218660987,0.10169792634081734,,,0.07246926914197642,13.798952464124815
SVT.L,2024-04-02,9.90885659077602,0.10091981762364816,,,0.08030915819700363,12.451879990410738
SVT.L,2024-04-03,9.86904599780383,0.10132691652491346,,,0.08066096686464407,12.397570211104519
SVT.L,2024-04-04,9.89691341288436,0.10104160340517314,,,0.08050405662151727,12.421734282303461
SVT.L,2024-04-05,9.66601197364571,0.10345528256394576,,,0.08245318235385667,12.128094652652615
SVT.L,2024-04-08,9.48288324597367,0.10545315955720422,,,0.08411700286158294,11.88820293140413
SVT.L,2024-04-09,9.48288324597367,0.10545315955720422,,,0.08393458180119788,11.914040417435288
SVT.L,2024-04-10,9.39928100073209,0.10639111650371046,,,0.08476861201807995,11.796819320183207
SVT.L,2024-04-11,9.35548934846269,0.10688911747457888,,,0.08489400840182602,11.779394315635715
SVT.L,2024-04-12,9.53861807613473,0.10483698917581814,,,0.08329160691577714,12.006011614245606
SVT.L,2024-04-15,9.47492112737923,0.10554177565767248,,,0.0837345390293542,11.942503196314695
SVT.L,2024-04-16,9.36743252635434,0.10675283725680429,,,0.08479079905603266,11.793732470184244
SVT.L,2024-04-17,9.42714841581262,0.10607661573701871,,,0.08453315347567118,11.829678166304324
SVT.L,2024-04-18,9.63018243997075,0.10384019266856562,,,0.0826072082740457,12.105481118337094
SVT.L,2024-04-19,9.76951951537338,0.10235917932569698,,,0.0819348464629423,12.20481935548976
SVT.L,2024-04-22,9.89691341288436,0.10104160340517314,,,0.08102425652005665,12.341983042478903
SVT.L,2024-04-23,9.85312176061496,0.10149067719808502,,,0.08107747122662971,12.3338824567527
SVT.L,2024-04-24,9.74563315959007,0.10261005966718152,,,0.08187110468662596,12.214321570811231
SVT.L,2024-04-25,9.72174680380676,0.10286217283589699,,,0.0819763564623341,12.198639255935616
SVT.L,2024-04-26,9.78544375256225,0.10219260621043956,,,0.08131686218601653,12.297572399097845
SVT.L,2024-04-29,9.87302705710105,0.10128605889728244,,,0.08033620351497178,12.447688044078856
SVT.L,2024-04-30,9.82127328623721,0.10181979167623045,,,0.08080936344385713,12.374803579473275
SVT.L,2024-05-01,9.94468612445098,0.10055621539842288,,,0.07991221802337418,12.513731000527375
SVT.L,2024-05-02,9.86108387920939,0.10140873074899498,,,0.08067144085558182,12.395960570360979
SVT.L,2024-05-03,10.0203262510981,0.09979714980741398,,,0.07955085525208679,12.570575097289954
SVT.L,2024-05-07,10.2591898089312,0.09747358403774184,,,0.07790363862848478,12.836370901350413
SVT.L,2024-05-08,10.2472466310396,0.09758718961354289,,,0.07799399422401186,12.82150003919317
SVT.L,2024-05-09,10.3746405285505,0.09638888183624765,,,0.07713327187358143,12.96457385651892
SVT.L,2024-05-10,10.2990004019034,0.09709680172603798,,,0.07762038851140503,12.883213021448181
SVT.L,2024-05-13,10.2830761647145,0.09724716456262524,,,0.07764814392645576,12.878607902684028
SVT.L,2024-05-14,10.4622238330893,0.09558197338860781,,,0.07634813141322355,13.097897505672277
SVT.L,2024-05-15,10.5617503155198,0.09468127631559,,,0.0754941381335756,13.246061544946038
SVT.L,2024-05-16,10.4462995959005,0.09572767761633369,,,0.07632410552768122,13.102020562000824
SVT.L,2024-05-17,10.5299018411421,0.09496764690558002,,,0.07555586658453556,13.2352396339886
SVT.L,2024-05-20,10.4821291295754,0.09540046565334642,,,0.07576574147764215,13.198577358278634
SVT.L,2024-05-21,10.4025079436311,0.09613066439543039,,,0.07632074091895921,13.102598166098058
SVT.L,2024-05-22,10.5060154853587,0.09518356425360415,,,0.0752911639999896,13.281771018975588
SVT.L,2024-05-23,9.96459142093707,0.1003553440132882,,,0.07943668936430924,12.588641445187143
SVT.L,2024-05-24,9.74961421888729,0.1025681609086404,,,0.08115361125426628,12.32231054840988
SVT.L,2024-05-28,9.49482642386533,0.10532051407348439,,,0.08327750409843976,12.008044799444649
SVT.L,2024-05-29,9.48686430527089,0.10540890728714242,,,0.08327033056782304,12.009079262457206
SVT.L,2024-05-30,9.29975451830164,0.10752972006218334,,,0.0850441045003646,11.758604619038733
SVT.L,2024-05-31,9.52157899968055,0.10502459728933092,,,0.08307290435126345,12.037619339413299
SVT.L,2024-06-03,9.40585150974311,0.10631679640744315,,,0.08413931598341623,11.885050268261022
SVT.L,2024-06-04,9.60139106170637,0.10415157486797325,,,0.08250700167169786,12.120183496415033
SVT.L,2024-06-05,9.60139106170637,0.10415157486797325,,,0.08229070084199186,12.152041357870088
SVT.L,2024-06-06,9.59340985550379,0.10423822343275521,,,0.08249066649329367,12.122583590487755
SVT.L,2024-06-07,9.61735347411154,0.10397870918354499,,,0.08204970396222747,12.187734406212623
SVT.L,2024-06-10,9.60139106170637,0.10415157486797325,,,0.08184751453010336,12.217841992406525
SVT.L,2024-06-11,9.50561658727539,0.10520096101273863,,,0.08242240595339599,12.132623264667
SVT.L,2024-06-12,8.91737480153695,0.11214062683870207,,,0.08131774640126364,12.297438680426348
SVT.L,2024-06-13,9.28970008262634,0.10764610171540487,,,0.07776427518897007,12.859375305305205
SVT.L,2024-06-14,9.12012619222919,0.10964760562765576,,,0.07943116918852539,12.589516309731719
SVT.L,2024-06-17,8.79203757819993,0.11373927728420137,,,0.08252078536365269,12.11815902615564
SVT.L,2024-06-18,8.81415591172998,0.11345385877156865,,,0.08231849243222411,12.147938700691553
SVT.L,2024-06-19,8.87313813447682,0.11269969934475299,,,0.08173671792463406,12.23440364857881
SVT.L,2024-06-20,8.99847535781385,0.11112993704335115,,,0.08067652494716628,12.39517939890053
SVT.L,2024-06-21,9.08326230301242,0.11009260402711864,,,0.07991962101609436,12.512571847639494
SVT.L,2024-06-24,9.12012619222919,0.10964760562765576,,,0.07968820178989389,12.548909092422521
SVT.L,2024-06-25,9.06114396948235,0.11036134105891804,,,0.08003890661247869,12.493923796856219
SVT.L,2024-06-26,9.00216174673552,0.11108442928862423,,,0.08070808930219261,12.39033173311455
SVT.L,2024-06-27,8.85470618986844,0.11293429488876781,,,0.08211222095845809,12.178455147448958
SVT.L,2024-06-28,8.77360563359154,0.11397822534572284,,,0.08292937206761171,12.058453779014597
SVT.L,2024-07-01,8.82699914275175,0.11328878408480932,,,0.08258831660988415,12.108250186568402
SVT.L,2024-07-02,8.66845237452354,0.115360846065093,,,0.08390002052623813,11.918948216315025
SVT.L,2024-07-03,8.87861902077954,0.11263012836338598,,,0.08187295122865121,12.214046092063343
SVT.L,2024-07-04,8.95604883782122,0.11165638085592158,,,0.08123704287781652,12.30965535641218
SVT.L,2024-07-05,9.23258389868437,0.1083120403750134,,,0.07867898494958812,12.709874188650613
SVT.L,2024-07-08,9.22152249624984,0.10844196285447168,,,0.07869710664312195,12.706947468028662
SVT.L,2024-07-09,9.45430907901143,0.10577187519921476,,,0.07681371603372165,13.018508303399804
SVT.L,2024-07-10,9.64973746481003,0.10362976232739265,,,0.07501933551090531,13.329896795135346
SVT.L,2024-07-11,10.0110956121357,0.09988916685480209,,,0.07218510574674748,13.85327332633378
SVT.L,2024-07-12,9.80460524223533,0.10199288755576785,,,0.07351073485773686,13.603455358394529
SVT.L,2024-07-15,9.57967823216525,0.10438763972701562,,,0.07530529817268793,13.279278141981845
SVT.L,2024-07-16,9.11876222792327,0.10966400647423642,,,0.07914024238529933,12.63579652854026
SVT.L,2024-07-17,9.29206664551825,0.10761868571856617,,,0.0776910632172231,12.871493304242913
SVT.L,2024-07-18,9.45799640704536,0.1057306386006966,,,0.07643565013717811,13.08290042938488
SVT.L,2024-07-19,9.3178779417558,0.10732057301574467,,,0.07758133383903532,12.889698468896993
SVT.L,2024-07-22,9.27363000534858,0.10783263936810597,,,0.07795960431671914,12.827155919588742
SVT.L,2024-07-23,9.21832008483953,0.10847963520431475,,,0.07831690497980676,12.768635331769561
SVT.L,2024-07-24,9.17038482039837,0.10904667792954834,,,0.07863315412662879,12.717282056238338
SVT.L,2024-07-25,9.19250878860198,0.10878423105125826,,,0.07881590211517801,12.687794888633578
SVT.L,2024-07-26,9.24413138107708,0.10817674033138687,,,0.07834214931754072,12.764520870454357
SVT.L,2024-07-29,9.3584385501291,0.10685543262836353,,,0.0771924049978139,12.954642364469926
SVT.L,2024-07-30,9.36581320619697,0.10677129449243569,,,0.07725297267550113,12.944485698957772
SVT.L,2024-07-31,9.48752831991886,0.10540152991169699,,,0.0762017747954015,13.12305392735218
SVT.L,2024-08-01,9.55395208878645,0.10466872669098978,,,0.07612678248697678,13.135981415884388
SVT.L,2024-08-02,9.7901254892045,0.1021437366765822,,,0.07474951699486805,13.378012864867813
SVT.L,2024-08-05,9.22183324444856,0.10843830868466298,,,0.07983177224257326,12.526340978143947
SVT.L,2024-08-06,9.13326821929179,0.10948983167796882,,,0.0809769270839239,12.349196691097049
SVT.L,2024-08-07,9.33622973527606,0.10710961794583897,,,0.07913875768825436,12.636033584697252
SVT.L,2024-08-08,9.29194722269767,0.1076200688653585,,,0.07914513853014299,12.635014841993648
SVT.L,2024-08-09,9.33622973527606,0.10710961794583897,,,0.07868084134450415,12.709574312017063
SVT.L,2024-08-12,9.27718638517154,0.10779130206959936,,,0.07925928995168477,12.616817544158982
SVT.L,2024-08-13,9.43217517919589,0.10602008349099087,,,0.07782587375104538,12.849197211699376
SVT.L,2024-08-14,9.54657167002338,0.10474964569113752,,,0.07722513983470566,12.949151042528655
SVT.L,2024-08-15,9.502289157445,0.10523779937979519,,,0.07713984179821157,12.963469676485444
SVT.L,2024-08-16,9.41003392290669,0.10626954251096976,,,0.07773823375081801,12.863683052092465
SVT.L,2024-08-19,9.46538706362968,0.10564808319803999,,,0.07741939369444574,12.916660183968121
SVT.L,2024-08-20,9.34361015403912,0.1070250131923273,,,0.07849951671884224,12.738931929755053
SVT.L,2024-08-21,9.11481717238413,0.1097114710133493,,,0.08022683646327297,12.464657016082018
SVT.L,2024-08-22,9.13695842867333,0.10944561122898731,,,0.07978342166423336,12.533932227279953
SVT.L,2024-08-23,9.25504512888235,0.10804917599799552,,,0.07859139771851024,12.724038877405981
SVT.L,2024-08-27,9.26611575702695,0.10792008498724516,,,0.07818368469087245,12.79039231719332
SVT.L,2024-08-28,9.33991994465759,0.10706729885538231,,,0.07750194881667034,12.902901349816176
SVT.L,2024-08-29,9.34361015403912,0.1070250131923273,,,0.07730111786281517,12.936423529795274
SVT.L,2024-08-30,9.48752831991886,0.10540152991169699,,,0.07616541597606902,13.129318433896527
SVT.L,2024-09-02,9.45885640872987,0.1057210255435392,,,0.07642740086725851,13.084312545664496
SVT.L,2024-09-03,9.59171588228206,0.10425663273108546,,,0.07539663546047204,13.26319130678274
SVT.L,2024-09-04,9.59909696414607,0.10417646615459096,,,0.07542656976593004,13.257927585773588
SVT.L,2024-09-05,9.85374428845445,0.10148426534385428,,,0.07347774941901422,13.609562185926515
SVT.L,2024-09-06,10.0013659257347,0.0999863426081513,,,0.07250388767912716,13.792363858136753
SVT.L,2024-09-09,10.0308902531907,0.0996920487373404,,,0.07225113329275266,13.84061334994046
SVT.L,2024-09-10,9.94231727082257,0.10058017389312962,,,0.0727569832104436,13.744385155546954
SVT.L,2024-09-11,9.92755510709456,0.1007297354899966,,,0.07301315765135374,13.69616151619021
SVT.L,2024-09-12,9.80945779727039,0.10194243358468427,,,0.07386174609847501,13.538808013917864
SVT.L,2024-09-13,9.90910240243453,0.10091731414081599,,,0.07313852838681541,13.672684179687005
SVT.L,2024-09-16,9.92386456616255,0.10076719541394236,,,0.0728767984692116,13.721788292092329
SVT.L,2024-09-17,10.0530334987827,0.09947246272690605,,,0.07212292569936653,13.86521678513637
SVT.L,2024-09-18,9.89803077963851,0.10103019704253954,,,0.07299739165330996,13.699119617168629
SVT.L,2024-09-19,9.77624292888233,0.10228878386866408,,,0.07379027238716088,13.55192178656322
SVT.L,2024-09-20,9.72457535583426,0.10283225368808006,,,0.07398199195163997,13.516802854587546
SVT.L,2024-09-23,9.74302806049429,0.10263749563185261,,,0.07337410653678617,13.628786055454714
SVT.L,2024-09-24,9.7577902242223,0.10248221954163812,,,0.07334895419395586,13.633459549480564
SVT.L,2024-09-25,9.76517130608632,0.10240475754651963,,,0.07346601105099888,13.61173671598716
SVT.L,2024-09-26,9.73564697863027,0.10271531026083819,,,0.07347273509935186,13.610491002516408
SVT.L,2024-09-27,9.8205294200664,0.10182750412179292,,,0.07298166423430637,13.702071753112087
SVT.L,2024-09-30,9.75116958226978,0.10255180074175574,,,0.07725004901663218,12.944975604930644
SVT.L,2024-10-01,9.9283293627198,0.10072188013372439,,,0.07589780574885018,13.17561147036388
SVT.L,2024-10-02,9.6293722332104,0.1038489296894283,,,0.07820440997838639,12.787002680237258
SVT.L,2024-10-03,9.58877311685727,0.10428862877587315,,,0.07929024247844335,12.61189231792134
SVT.L,2024-10-04,9.43006748020413,0.10604377986681737,,,0.08027240042648692,12.457581867329298
SVT.L,2024-10-07,9.31934261742286,0.107303705964245,,,0.08141638275893173,12.282540271543759
SVT.L,2024-10-08,9.27505267231036,0.10781609930748845,,,0.08171853070470592,12.237126529031109
SVT.L,2024-10-09,9.31565178866349,0.10734621931843046,,,0.08126920370544401,12.304784031408108
SVT.L,2024-10-10,9.27136184355098,0.10785901972918735,,,0.08170264725773128,12.239505494179356
SVT.L,2024-10-11,9.35994173377599,0.10683827190840639,,,0.08089497756335037,12.361706871318201
SVT.L,2024-10-14,9.57031897306039,0.10448972524478155,,,0.07895703530090831,12.665115859390633
SVT.L,2024-10-15,9.67735300708228,0.10333404178478964,,,0.07786931705588322,12.842028642454205
SVT.L,2024-10-16,10.1128708006886,0.09888388962033495,,,0.07478595163525688,13.371495289344729
SVT.L,2024-10-17,10.0169092529448,0.09983119291072914,,,0.07517845585996305,13.30168315591274
SVT.L,2024-10-18,10.0169092529448,0.09983119291072914,,,0.07520209195789397,13.297502422670703
SVT.L,2024-10-21,9.89142107512605,0.10109770804467108,,,0.076172543362129,13.128089937156725
SVT.L,2024-10-22,9.86189444505104,0.10140039579330788,,,0.07627951224752798,13.109680050850185
SVT.L,2024-10-23,9.90618439016355,0.10094704081956728,,,0.07619465682617611,13.12427985969296
SVT.L,2024-10-24,9.72164295219478,0.10286327166276332,,,0.0776599316609675,12.876653102987571
SVT.L,2024-10-25,9.71795212343541,0.10290233860984369,,,0.07752277937767417,12.899434308569058
SVT.L,2024-10-28,9.7031888083979,0.10305890359821934,,,0.07770599724909966,12.869019578943586
SVT.L,2024-10-29,9.6146089181729,0.10400839061793413,,,0.07819953455520134,12.787799897889368
SVT.L,2024-10-30,9.65151720576664,0.10361065298650815,,,0.07848817422023557,12.740772860813767
SVT.L,2024-10-31,9.47876494489118,0.1054989764820548,,,0.08052150302262276,12.41904289490283
SVT.L,2024-11-01,9.55258710178285,0.10468368300074068,,,0.07936678203946537,12.599729689213643
SVT.L,2024-11-04,9.48614716058035,0.10541687611125161,,,0.08004808033258484,12.492491960396633
SVT.L,2024-11-05,9.77405357245789,0.1023116962257993,,,0.07756615531416572,12.892220788173736
SVT.L,2024-11-06,9.60426261160703,0.10412043489850756,,,0.0784594142779914,12.745443095673343
SVT.L,2024-11-07,9.61902704298537,0.10396061842130334,,,0.07823787473105608,12.781533284710452
SVT.L,2024-11-08,9.68915809203246,0.1032081415641587,,,0.0774402824288877,12.913176045274442
SVT.L,2024-11-11,9.84418462150498,0.1015828165001562,,,0.07607241682320111,13.145369133257416
SVT.L,2024-11-12,9.64855590574204,0.10364245279491835,,,0.07812986800294126,12.799202476092166
SVT.L,2024-11-13,9.53782267040452,0.10484573204563341,,,0.07886278058695728,12.680252871598405
SVT.L,2024-11-14,9.88847791563998,0.10112779828514996,,,0.0760556635156254,13.148264754728663
SVT.L,2024-11-15,9.92908010193041,0.10071426453751543,,,0.07611179021896623,13.138568901389615
SVT.L,2024-11-18,9.97337339606541,0.10026697690818528,,,0.075835867249157,13.186372573739058
SVT.L,2024-11-19,9.92538899408582,0.10075171870803894,,,0.07613851200706304,13.13395775198804
SVT.L,2024-11-20,10.06565109218,0.09934777103260609,,,0.07489722858513594,13.351628877206004
SVT.L,2024-11-21,9.53954930148613,0.10482675526863873,,,0.07450505700755077,13.421907722299364
SVT.L,2024-11-22,9.67199463340299,0.10339128979108629,,,0.0734131704445108,13.621534037354346
SVT.L,2024-11-25,9.58485954661558,0.10433121060736886,,,0.0744136986624834,13.438385915148208
SVT.L,2024-11-26,9.51515147718565,0.10509554182060962,,,0.07489661266651157,13.351738675454527
SVT.L,2024-11-27,9.59183035355857,0.10425538850663678,,,0.0742013350984329,13.476846456649804
SVT.L,2024-11-28,9.50120986329966,0.10524975391425694,,,0.07477766327071794,13.37297738737429
SVT.L,2024-11-29,9.40013316262626,0.1063814716982812,,,0.07544130177271308,13.255338607660367
SVT.L,2024-12-02,9.44571585510276,0.10586810098249785,,,0.07500715425262867,13.332061587511225
SVT.L,2024-12-03,9.5049694231975,0.1052081238219909,,,0.07453633633636286,13.416275190764184
SVT.L,2024-12-04,9.45965787112505,0.10571206840920017,,,0.07471238530193904,13.384661672340513
SVT.L,2024-12-05,9.55725198328109,0.10463258703959495,,,0.07415678360795193,13.484942999776607
SVT.L,2024-12-06,9.25749863880182,0.10802053978259381,,,0.07652421638234795,13.067758773295623
SVT.L,2024-12-09,9.20173057471265,0.10867520972067016,,,0.07682889957635584,13.015935481493617
SVT.L,2024-12-10,9.05533940647858,0.11043208378081962,,,0.07776247659240766,12.859672734466832
SVT.L,2024-12-11,8.88454971020551,0.11255494455181216,,,0.07912709894942828,12.637895402169617
SVT.L,2024-12-12,9.04488289446186,0.11055975092969919,,,0.0780154133929239,12.8179798902495
SVT.L,2024-12-13,9.09019444653432,0.11000864787675195,,,0.07820648965743253,12.786662646287983
SVT.L,2024-12-16,9.03442638244514,0.11068771360438635,,,0.07835811639981562,12.761919836071417
SVT.L,2024-12-17,8.97168731034484,0.11146175355966162,,,0.07856824604383462,12.727788265020989
SVT.L,2024-12-18,8.88803521421108,0.11251080535787032,,,0.07912518984900217,12.638200324174145
SVT.L,2024-12-19,8.97168731034484,0.11146175355966162,,,0.07892744170253682,12.669864605124516
SVT.L,2024-12-20,8.7695280780216,0.11403122164649018,,,0.0808169991744297,12.373634386518988
SVT.L,2024-12-23,8.73467303796587,0.11448625445433731,,,0.08118405538178958,12.317689665750676
SVT.L,2024-12-24,8.84272366213863,0.1130873289958886,,,0.08007311310484988,12.488586508314885
SVT.L,2024-12-27,8.77649908603275,0.11394064879371292,,,0.08067287853603315,12.395739660551996
SVT.L,2024-12-30,8.72073102194357,0.11466928603619886,,,0.08121372287297328,12.313189995785615
SVT.L,2024-12-31,8.74165918773949,0.11439475945282082,,,0.08085701204994575,12.367511173703715
SVT.L,2025-01-02,8.75211571786836,0.11425808709983065,,,0.08092051137126154,12.357806235455211
SVT.L,2025-01-03,8.59178225589228,0.11639028669682543,,,0.08250912650266845,12.119871369231605
SVT.L,2025-01-06,8.53601409520494,0.1171506968998264,,,0.08306038824868366,12.039433249529123
SVT.L,2025-01-07,8.55344164541973,0.11691200354835982,,,0.08277522543400519,12.080909411684747
SVT.L,2025-01-08,8.30597043236969,0.12039532383872216,,,0.08583215766045808,11.650645017638753
SVT.L,2025-01-09,8.33734002275632,0.11994233139952958,,,0.08574562458340287,11.662402657377836
SVT.L,2025-01-10,8.22928921142461,0.12151717776691012,,,0.08712396679111638,11.477897951978528
SVT.L,2025-01-13,8.23626023151053,0.1214143278492064,,,0.08707891052611666,11.483836832111956
SVT.L,2025-01-14,8.14912248043657,0.12271259910507902,,,0.08844355615680254,11.30664622108918
SVT.L,2025-01-15,8.57086919563453,0.1166742808896603,,,0.0837721641937385,11.937139378270288
SVT.L,2025-01-16,8.69983306722399,0.11494473425788246,,,0.08260966814462241,12.105120653061192
SVT.L,2025-01-17,8.72074612748173,0.11466908741313947,,,0.08270893102242965,12.090592728478285
SVT.L,2025-01-20,8.66149245675145,0.11545354394675032,,,0.08333741733046511,11.999411933232981
SVT.L,2025-01-21,8.80091285846977,0.11362457691393069,,,0.08192963440417132,12.205595780726277
SVT.L,2025-01-22,8.61618082619298,0.11606070255164844,,,0.08376733905007366,11.9378269781523
SVT.L,2025-01-23,8.65800694670849,0.11550002282917658,,,0.0831844273525095,12.021480844753716
SVT.L,2025-01-24,8.49418797468944,0.11772755712255843,,,0.08455363271575198,11.826812969251696
SVT.L,2025-01-27,8.57086919563453,0.1166742808896603,,,0.08366737069603208,11.952090661878836
SVT.L,2025-01-28,8.64057939649369,0.11573297971265627,,,0.08285775337639216,12.068876589706331
SVT.L,2025-01-29,8.61269531615003,0.11610767167449401,,,0.08302351035768521,12.044780998680494
SVT.L,2025-01-30,8.77651428816907,0.11394045143275407,,,0.08144865561342833,12.277673492196122
SVT.L,2025-01-31,8.80794593132474,0.11353384861771025,,,0.08110213821590956,12.330131140782095
SVT.L,2025-02-03,8.7382352393475,0.11443958334940316,,,0.08121375643023425,12.313184908015412
SVT.L,2025-02-04,8.64064027057936,0.11573216436343432,,,0.08220190636920659,12.165167989031055
SVT.L,2025-02-05,8.71383649715546,0.11476001418278153,,,0.08153172350139318,12.26516449125367
SVT.L,2025-02-06,8.60229938999188,0.11624798843474617,,,0.0828989191378056,12.06288345373559
SVT.L,2025-02-07,8.57790064779983,0.11657864098210241,,,0.08286860292541211,12.067296475362017
SVT.L,2025-02-10,8.63366920138163,0.11582560979287598,,,0.08245164644863298,12.128320574204611
SVT.L,2025-02-11,8.62669813218391,0.11591920624523383,,,0.08243693828285635,12.130484474918457
SVT.L,2025-02-12,8.54653083641008,0.11700653974590282,,,0.08339370032561927,11.991313445684714
SVT.L,2025-02-13,8.63366920138163,0.11582560979287598,,,0.08238948279719017,12.137471507881637
SVT.L,2025-02-14,8.62669813218391,0.11591920624523383,,,0.08253798038728774,12.115634466796537
SVT.L,2025-02-17,8.61972706298618,0.11601295408692028,,,0.0822844473438049,12.152964895319176
SVT.L,2025-02-18,8.49424781742714,0.11772672772135984,,,0.08328500999997426,12.006962597474732
SVT.L,2025-02-19,8.51516102502032,0.11743759126359138,,,0.0830614232898061,12.039283224306695
SVT.L,2025-02-20,8.4524214022408,0.11830929297193968,,,0.08375950943040132,11.938942894966864
SVT.L,2025-02-21,8.48379121363056,0.1178718305081979,,,0.08336614155973342,11.995277474650559
SVT.L,2025-02-24,8.60927045918959,0.11615386050888826,,,0.08225313305842276,12.157591605534588
SVT.L,2025-02-25,8.69989435876002,0.1149439244619205,,,0.08150368248677484,12.269384271836607
SVT.L,2025-02-26,8.66852454737025,0.11535988558783832,,,0.08151288779394582,12.267998681728372
SVT.L,2025-02-27,8.56047297480553,0.1168159753489225,,,0.0823522229303396,12.142963048439915
SVT.L,2025-02-28,8.7243476769883,0.11462175018971806,,,0.08076231212275159,12.382013017161869
SVT.L,2025-03-03,8.48732984157671,0.11782268612930775,,,0.08310024826322927,12.033658393322591
SVT.L,2025-03-04,8.7557176846163,0.11421108309110846,,,0.0810071976889529,12.344582068370597
SVT.L,2025-03-05,8.3618498110647,0.11959076311999339,,,0.08548664953438363,11.697732984584798
SVT.L,2025-03-06,8.26076867537445,0.12105411001049139,,,0.08655047187084186,11.553952028040783
SVT.L,2025-03-07,8.34093647264602,0.11989061459459445,,,0.08585455802735252,11.647605240497642
SVT.L,2025-03-10,8.57795430805761,0.11657791171266332,,,0.08378107822121489,11.935869306427495
SVT.L,2025-03-11,8.66857877453851,0.11535916394244651,,,0.08309850774789845,12.033910440771901
SVT.L,2025-03-12,8.52218540560783,0.11734079375250071,,,0.08418679652793258,11.878347214081334
SVT.L,2025-03-13,8.52567096201094,0.1172928212284809,,,0.08398069671199178,11.907498260337817
SVT.L,2025-03-14,8.58143986446073,0.11653056081432336,,,0.08373374411775085,11.942616570372712
SVT.L,2025-03-17,8.54658430042961,0.11700580779969996,,,0.08401516515438072,11.902613036140155
SVT.L,2025-03-18,8.53264207481716,0.11719699376015703,,,0.0842638282513885,11.86748834881617
SVT.L,2025-03-19,8.48035872877048,0.11791953996089792,,,0.08445800848717205,11.840203408915158
SVT.L,2025-03-20,8.61629542849184,0.11605915886928168,,,0.08298154688586847,12.050872001402729
SVT.L,2025-03-21,8.56749763884827,0.11672019557561619,,,0.08345793781355489,11.982083744196999
SVT.L,2025-03-24,8.46990205956115,0.11806511963986191,,,0.08430365100825876,11.861882469384815
SVT.L,2025-03-25,8.46990205956115,0.11806511963986191,,,0.0840779873152625,11.893719532680489
SVT.L,2025-03-26,8.56401208244516,0.11676770074272061,,,0.08322683085724322,12.01535598195819
SVT.L,2025-03-27,8.49778651078604,0.11767770333259414,,,0.0838669103830187,11.923653744164625
SVT.L,2025-03-28,8.69994878216652,0.11494320541861551,,,0.0821596221105812,12.171428912538921
SVT.L,2025-03-31,8.82199044988971,0.11335310389193423,,,0.08591636045459786,11.639226739922785
SVT.L,2025-04-01,8.88821637582724,0.11250851213744541,,,0.08508000562020805,11.753642853103925
SVT.L,2025-04-02,8.87078850058052,0.11272955047170363,,,0.08517159013571032,11.741004229304918
SVT.L,2025-04-03,9.38665360788343,0.10653423912012103,,,0.08136601728474857,12.290143150308062
SVT.L,2025-04-04,9.1147787540346,0.10971193344186839,,,0.08440075636847603,11.8482350517596
SVT.L,2025-04-07,8.67559629781726,0.11526585212956433,,,0.08945488445351095,11.178819425111357
SVT.L,2025-04-08,8.81501929979102,0.1134427465205558,,,0.08813334870450694,11.346442801723049
SVT.L,2025-04-09,8.66862514771856,0.11535854682367754,,,0.08923860183266956,11.205912906110859
SVT.L,2025-04-10,8.91261540117265,0.11220051073542657,,,0.08769780697751625,11.40279368965723
SVT.L,2025-04-11,9.01369707760363,0.11094226834898901,,,0.08721744049576732,11.465596723725573
SVT.L,2025-04-14,9.13917777938001,0.10941903354328214,,,0.08522656677543515,11.733430523312245
SVT.L,2025-04-15,9.4075670581795,0.10629740865153231,,,0.08204316302789151,12.188706079750222
SVT.L,2025-04-16,9.5504756352026,0.10470682698922841,,,0.08159216418396117,12.256078877199009
SVT.L,2025-04-17,9.54699006015326,0.10474505511153186,,,0.08121747470606634,12.312621189209512
SVT.L,2025-04-22,9.62367271123883,0.10391043315845189,,,0.08059186191043553,12.408200732616574
SVT.L,2025-04-23,9.34831228234065,0.10697118044387985,,,0.08264099748967872,12.100531580888685
SVT.L,2025-04-24,9.48076413421572,0.1054767301288551,,,0.08149811895017034,12.270221851518084
SVT.L,2025-04-25,9.42150935837688,0.10614010579004277,,,0.08200422507321829,12.194493626482538
SVT.L,2025-04-28,9.48424970926507,0.10543796617070403,,,0.08110826120773205,12.329200319543652
SVT.L,2025-04-29,9.6132159860908,0.10402346118581784,,,0.07996397373154236,12.505631640533927
SVT.L,2025-04-30,9.7248480355277,0.1028293703250384,,,0.07911547999050332,12.639751412998262
SVT.L,2025-05-01,9.68999194937885,0.10319926014635153,,,0.07942870822015297,12.58990637526541
SVT.L,2025-05-02,9.55405321339836,0.10466761882774796,,,0.08063521268412818,12.401529886419395
SVT.L,2025-05-06,9.65513586323001,0.10357182065229499,,,0.07972523329885177,12.543080259815337
SVT.L,2025-05-07,9.61679416846628,0.10398475650846581,,,0.07999346702925474,12.501020860044557
SVT.L,2025-05-08,9.31354621897133,0.1073704877271172,,,0.08237465977536688,12.139655601940799
SVT.L,2025-05-09,9.35188791373506,0.10693028073308129,,,0.08182456482322693,12.221268785973885
SVT.L,2025-05-12,9.18109309160572,0.10891949248551905,,,0.08298534607115644,12.050320295616313
SVT.L,2025-05-13,8.97892779194242,0.11137187236291039,,,0.08474676235774938,11.799860810948827
SVT.L,2025-05-14,9.03469752978057,0.11068439166931221,,,0.08443382093487198,11.843595243324945
SVT.L,2025-05-15,9.19503552606526,0.10875433783429003,,,0.08282125833472809,12.074194718926243
SVT.L,2025-05-16,9.3205174362011,0.10729018070563093,,,0.08168414867373161,12.242277311284324
SVT.L,2025-05-19,9.41114326018809,0.10625701600253974,,,0.08095150522695316,12.353074809374213
SVT.L,2025-05-20,9.45645617218159,0.10574785964130383,,,0.08063285229185822,12.40189292052333
SVT.L,2025-05-21,9.67256390630443,0.10338520475922781,,,0.07901791397821502,12.655358128989544
SVT.L,2025-05-22,9.55753882201324,0.10462944682963429,,,0.07963516016606283,12.557267391874452
SVT.L,2025-05-23,9.54708199616859,0.10474404644281021,,,0.07959821553935276,12.563095707913295
SVT.L,2025-05-27,9.54011077893882,0.10482058575332744,,,0.0795982638597323,12.56308808144604
SVT.L,2025-05-28,9.48782664971555,0.10539821572625174,,,0.07996608190391197,12.50530195041455
SVT.L,2025-05-29,9.27171891559272,0.1078548658672395,,,0.08231006323156766,12.14918274557319
SVT.L,2025-05-30,9.42160008603275,0.10613908368733152,,,0.08099867318927712,12.345881242563163
SVT.L,2025-06-02,9.5032885451759,0.1052267323302126,,,0.08047720894500651,12.425878246887793
SVT.L,2025-06-03,9.26937218495298,0.10788217152649295,,,0.08215353655291181,12.17233051623943
SVT.L,2025-06-04,9.26238960703588,0.10796349996337681,,,0.08230533660995631,12.149880447473098
SVT.L,2025-06-05,9.28682862974574,0.10767938548978895,,,0.08221070128194684,12.16386655759615
SVT.L,2025-06-06,9.30079378557994,0.10751770473079532,,,0.08201291666608296,12.193201274276316
SVT.L,2025-06-09,9.29031991870428,0.10763891973049189,,,0.08213396886768073,12.17523046537563
SVT.L,2025-06-10,9.44742792183908,0.10584891552211338,,,0.08110671639956218,12.329435149040235
SVT.L,2025-06-11,8.96873328595857,0.11149846562675668,,,0.08081185165528987,12.37442255704756
SVT.L,2025-06-12,8.99180610220323,0.11121236252580821,,,0.08089108559369715,12.362301638808985
SVT.L,2025-06-13,8.91599542025649,0.11215797595948436,,,0.08163041094824205,12.250336466320771
SVT.L,2025-06-16,8.87973813758632,0.11261593354506497,,,0.08196601421685795,12.20017844657292
SVT.L,2025-06-17,8.85007308812891,0.11299341712119361,,,0.08256957568370857,12.110998412182777
SVT.L,2025-06-18,8.8830342541927,0.11257414655673656,,,0.08230074153144401,12.150558808974251
SVT.L,2025-06-19,8.92258765346925,0.11207511081285745,,,0.08175044126404832,12.232349875275517
SVT.L,2025-06-20,8.85996143794805,0.11286730839672798,,,0.08263385802434563,12.101577052173692
SVT.L,2025-06-23,9.02476726826702,0.1108061815085482,,,0.08106467849216169,12.335828854199331
SVT.L,2025-06-24,9.03465561808616,0.11068490513331078,,,0.08065161372865416,12.399007952456095
SVT.L,2025-06-25,8.94566046971391,0.11178604457273582,,,0.08151700871285825,12.267378499160543
SVT.L,2025-06-26,9.05772843433081,0.11040295668500913,,,0.08040895154430293,12.436426303221102
SVT.L,2025-06-27,9.04784008451167,0.11052361565406381,,,0.08070998735176596,12.39004035078838
SVT.L,2025-06-30,9.01330087944757,0.11094714504430152,,,0.08137048651633551,12.289468120597329
SVT.L,2025-07-01,9.14517068017102,0.10934733040775783,,,0.08025641393221628,12.460063327082986
SVT.L,2025-07-02,8.82868315843475,0.11326717496307699,,,0.0837478735732841,11.9406016813662
SVT.L,2025-07-03,8.8880245687603,0.11251094011540066,,,0.0827951943648472,12.077995681650037
SVT.L,2025-07-04,8.86824409865178,0.11276189388517482,,,0.08313526433186888,12.028589889461172
SVT.L,2025-07-07,8.80560594330815,0.11356401892591542,,,0.08354678437961771,11.969341578201574
SVT.L,2025-07-08,8.73967104294642,0.11442078255417591,,,0.08438658840601479,11.850224293801684
SVT.L,2025-07-09,8.77263849312728,0.11399079088730565,,,0.08402616275417397,11.901055185937611
SVT.L,2025-07-10,8.65725241749427,0.11551008931878148,,,0.0850906079634418,11.752178341816979
SVT.L,2025-07-11,8.62428496731341,0.1159516416479817,,,0.08580293759277302,11.654612628137194
SVT.L,2025-07-14,8.75615476803685,0.11420538198460856,,,0.08477534632150444,11.795882215657032
SVT.L,2025-07-15,8.73307755291025,0.11450717046097403,,,0.08483608050057603,11.787437539540855
SVT.L,2025-07-16,8.78582547319963,0.11381969776777492,,,0.08431604336374514,11.860139068503631
SVT.L,2025-07-17,8.70011010272939,0.11494107410046236,,,0.08489900473665206,11.77870109434023
SVT.L,2025-07-18,8.83857339348901,0.11314043064196945,,,0.08385435027269864,11.925439726716013
SVT.L,2025-07-21,8.97373993923054,0.11143625810107281,,,0.08257085933613796,12.110810133743394
SVT.L,2025-07-22,9.1748413853338,0.10899370986385919,,,0.08092181909372886,12.357606529355643
SVT.L,2025-07-23,8.95725621414011,0.11164133034638211,,,0.08268974110979077,12.093398607600626
SVT.L,2025-07-24,8.83527664847092,0.11318264722056726,,,0.08415801198581832,11.882409961971447
SVT.L,2025-07-25,8.80230919829006,0.11360655226633716,,,0.08484278395414359,11.786506210598734
SVT.L,2025-07-28,8.71329708280173,0.11476711863455176,,,0.08510016852538,11.750858045619067
SVT.L,2025-07-29,8.67043939756662,0.11533440857457034,,,0.08524841008051323,11.730424051962325
SVT.L,2025-07-30,8.66714265254852,0.11537827864249542,,,0.0849577526102846,11.770556179695182
SVT.L,2025-07-31,8.74043403758634,0.11441079421224587,,,0.0845190598662159,11.83165077300773
SVT.L,2025-08-01,8.76023117017431,0.11415223874509949,,,0.08510638321496745,11.749999967383557
SVT.L,2025-08-04,8.82952113423218,0.11325642521234652,,,0.08430442960283155,11.86177291882671
SVT.L,2025-08-05,8.86251635521213,0.11283477061364074,,,0.08391831230736811,11.916350228032398
SVT.L,2025-08-06,8.89881109829006,0.11237456205718915,,,0.08383611529580295,11.928033598308467
SVT.L,2025-08-07,8.73053547129236,0.11454051166600122,,,0.08494893975563024,11.771777292061165
SVT.L,2025-08-08,8.6018541094706,0.11625400608678133,,,0.08597720411620285,11.630989984838838
SVT.L,2025-08-11,8.60845315366658,0.11616488841251021,,,0.08586044865475743,11.646806133298618
SVT.L,2025-08-12,8.49296988023679,0.11774444206225293,,,0.08703643408207323,11.48944129600972
SVT.L,2025-08-13,8.51936605702074,0.11737962582038697,,,0.08648423794156682,11.562800618948058
SVT.L,2025-08-14,8.62165124205856,0.1159870623299805,,,0.0853111180124269,11.721801604502879
SVT.L,2025-08-15,8.58535649898062,0.11647739964190594,,,0.08591964979102282,11.638781145317045
SVT.L,2025-08-18,8.55896032219667,0.11683662061227414,,,0.08622430331548696,11.597658218716946
SVT.L,2025-08-19,8.46987322555083,0.11806552156924002,,,0.08710425511239878,11.48049539841201
SVT.L,2025-08-20,8.68104263982245,0.11519353624790542,,,0.08522980119518066,11.732985246673852
SVT.L,2025-08-21,8.7107383387044,0.1148008310106966,,,0.08489442225737294,11.77933689174911
SVT.L,2025-08-22,8.64474789674451,0.11567717323215242,,,0.08564444785636247,11.67618012643549
SVT.L,2025-08-26,8.54576223380469,0.11701706326959045,,,0.08636462129399806,11.57881531832173
SVT.L,2025-08-27,8.62495076415655,0.11594269084477399,,,0.08542760481130177,11.705818069099177
SVT.L,2025-08-28,8.54576223380469,0.11701706326959045,,,0.08645563852211029,11.56662557924731
SVT.L,2025-08-29,8.53256414541272,0.11719806414085035,,,0.08666305320744898,11.538942640368996
SVT.L,2025-09-01,8.37460844334103,0.11940856778744541,,,0.08822516019784739,11.334635128544646
SVT.L,2025-09-02,8.20302466120795,0.12190625303480965,,,0.0905404557861375,11.044786458354768
SVT.L,2025-09-03,8.24922029485917,0.1212235780178146,,,0.08985570269054716,11.12895420164802
SVT.L,2025-09-04,8.30531499286421,0.12040482520641102,,,0.08923043657615709,11.206938331479666
SVT.L,2025-09-05,8.42740345322813,0.11866051098063288,,,0.08797204551041238,11.367247336332992
SVT.L,2025-09-08,8.40430563640252,0.11898662938536965,,,0.08831047884777116,11.323684494156026
SVT.L,2025-09-09,8.38450750769486,0.11926758954920759,,,0.08822238800987275,11.334991293684913
SVT.L,2025-09-10,8.42080407699224,0.11875350511149547,,,0.08771131447790534,11.401037664894444
SVT.L,2025-09-11,8.43400282946401,0.11856766238049164,,,0.08759486595860685,11.416194191935315
SVT.L,2025-09-12,8.50329627994083,0.1176014532574841,,,0.08698364065015908,11.49641464217296
SVT.L,2025-09-15,8.53629316112027,0.11714686704466039,,,0.08659165158229087,11.548457405846651
SVT.L,2025-09-16,8.39770626016663,0.11908013557742106,,,0.08848238866034808,11.30168404289625
SVT.L,2025-09-17,8.4406022056999,0.11847495896971719,,,0.08777245223970652,11.393096290268847
SVT.L,2025-09-18,8.36470937898719,0.1195498797019869,,,0.08883823202001817,11.256414915761349
SVT.L,2025-09-19,8.37460844334103,0.11940856778744541,,,0.08899405625888779,11.23670548391405
SVT.L,2025-09-22,8.36140969086925,0.11959705802862534,,,0.08927013760799513,11.201954279394311
SVT.L,2025-09-23,8.33831187404365,0.11992835181817824,,,0.08955039657113094,11.166896387842215
SVT.L,2025-09-24,8.3416115621616,0.11988091180559185,,,0.0894393032647847,11.18076688320686
SVT.L,2025-09-25,8.32511312157187,0.12011848792886903,,,0.08976118160695207,11.140673307742523
SVT.L,2025-09-26,8.36800906710514,0.1195027385822305,,,0.08917540270615625,11.213854601757404
SVT.L,2025-09-29,8.38780719581281,0.11922067074922747,,,0.08897424923921678,11.239206945274617
SVT.L,2025-09-30,8.54005036610764,0.117095328145679,,,0.09480414327322885,10.548062199327777
SVT.L,2025-10-01,8.5796487449304,0.11655488816962194,,,0.09408216504663636,10.629007097193202
SVT.L,2025-10-02,8.54335023100954,0.11705010013171767,,,0.09465629719458744,10.564537486019274
SVT.L,2025-10-03,8.5796487449304,0.11655488816962194,,,0.09417192020130748,10.618876602094772
SVT.L,2025-10-06,8.58294860983229,0.1165100766016983,,,0.09385215753782594,10.655056060879181
SVT.L,2025-10-07,8.62914671845884,0.11588631328528383,,,0.09333476066473989,10.714121864971805
SVT.L,2025-10-08,8.60934752904747,0.1161528207133066,,,0.09344190658413774,10.701836430312685
SVT.L,2025-10-09,8.69184415159487,0.11505038315908019,,,0.09276504035048436,10.779923085483556
SVT.L,2025-10-10,8.77104090924039,0.11401155351430281,,,0.09197218174291885,10.872852867568213
SVT.L,2025-10-13,8.77764063904418,0.11392583054173572,,,0.09168600516348557,10.90678995356922
SVT.L,2025-10-14,8.83703820727831,0.11316008560157473,,,0.09147000137865159,10.932546025230437
SVT.L,2025-10-15,8.95583334374658,0.11165906751695542,,,0.09000092427238894,11.11099700458061
SVT.L,2025-10-16,8.99543172256933,0.11116753823955143,,,0.08972593773085502,11.14504930558245
SVT.L,2025-10-17,9.01853077688261,0.11088280616209917,,,0.0892593460270786,11.203308611477278
SVT.L,2025-10-20,8.97893239805985,0.11137181523006878,,,0.089703130365746,11.14788297713476
SVT.L,2025-10-21,9.09442766962622,0.1099574416694547,,,0.08849525079262206,11.30004142644196
SVT.L,2025-10-22,9.34851726707224,0.10696883488916946,,,0.0862491984299788,11.59431065103576
SVT.L,2025-10-23,9.25942091472104,0.10799811448361261,,,0.08733535026896411,11.450117242563628
SVT.L,2025-10-24,9.34851726707224,0.10696883488916946,,,0.08665920907755506,11.539454498194843
SVT.L,2025-10-27,9.30231915844569,0.10750007422526325,,,0.08705495651411044,11.4869967207199
SVT.L,2025-10-28,9.27262037432862,0.10784438051281751,,,0.08781435047459724,11.387660383473179
SVT.L,2025-10-29,9.22972213060397,0.10834562361137545,,,0.08834957509224459,11.318673564144634
SVT.L,2025-10-30,9.17362442727173,0.10900816879173282,,,0.08891870838023286,11.246227236273102
SVT.L,2025-10-31,9.17785882157187,0.10895787562667393,,,0.0886328630002675,11.28249687699902
SVT.L,2025-11-03,9.06565198952101,0.1103064623654096,,,0.08969320951194899,11.149116030537176
SVT.L,2025-11-04,9.14155661120248,0.10939056033132852,,,0.08948846916831336,11.174624052615778
SVT.L,2025-11-05,9.29996625645074,0.10752727186578441,,,0.08782319448178091,11.386513618648339
SVT.L,2025-11-06,9.3296680649348,0.10718494945800501,,,0.0873881864484945,11.443194333703074
SVT.L,2025-11-07,9.30326645739342,0.10748912810137645,,,0.08763234427249882,11.411311751405748
SVT.L,2025-11-10,9.22406163476928,0.10841211167004663,,,0.08820948785065781,11.336648974688982
SVT.L,2025-11-11,9.1976600272279,0.10872330538851106,,,0.08880136570973808,11.261088070071636
SVT.L,2025-11-12,9.14485681214515,0.10935108340591125,,,0.08954249824414684,11.167881392737078
SVT.L,2025-11-13,9.12175540554644,0.10962802175028227,,,0.08966891985258865,11.152136120786906
SVT.L,2025-11-14,9.05245118575032,0.11046731757848349,,,0.09041337554500105,11.060310423896013
SVT.L,2025-11-17,9.05575138669299,0.1104270598096867,,,0.09023690795467242,11.081940002890143
SVT.L,2025-11-18,8.96004555935549,0.11160657536566493,,,0.09120406625845959,10.964423419084623
SVT.L,2025-11-19,8.86103953107533,0.11285357620773928,,,0.092485488103387,10.812507134980219
SVT.L,2025-11-20,8.08704603593242,0.12365454525135543,,,0.09119324713225718,10.965724233393118
SVT.L,2025-11-21,8.24771582472578,0.12124569047373161,,,0.08912985257336814,11.219585482617507
SVT.L,2025-11-24,8.3310260855816,0.12003323356899424,,,0.08824537662699121,11.332038438987574
SVT.L,2025-11-25,8.35482901725469,0.11969125854458115,,,0.08794595625156305,11.370619442007909
SVT.L,2025-11-26,8.48574514145668,0.11784468933842361,,,0.08629145570960238,11.588632869577625
SVT.L,2025-11-27,8.41136097997828,0.11888682490031265,,,0.08706839537281297,11.485223722318066
SVT.L,2025-11-28,8.38458268184605,0.1192665202246927,,,0.08736728539721016,11.445931912083106
SVT.L,2025-12-01,8.38181357245778,0.11930592244212516,,,0.08768714872531104,11.404179683531533
SVT.L,2025-12-02,8.35801005503511,0.1196457043501127,,,0.08801625510315501,11.361537693554451
SVT.L,2025-12-03,8.36098549471294,0.1196031258076394,,,0.08741348427490994,11.439882625603419
SVT.L,2025-12-04,8.37883813277994,0.11934828960208341,,,0.08720175154260905,11.467659563138179
SVT.L,2025-12-05,8.23899246792175,0.1213740641095944,,,0.08864747882942343,11.280636665642938
SVT.L,2025-12-08,8.18840999339858,0.12212383122073647,,,0.08923021956147564,11.206965587606165
SVT.L,2025-12-09,8.17650823468724,0.12230159516720049,,,0.08941639740201347,11.183631068293096
SVT.L,2025-12-10,8.06641696660739,0.12397077960880375,,,0.09058846013517058,11.038933640199437
SVT.L,2025-12-11,8.01583449208422,0.12475307480306858,,,0.09147664666204544,10.931751834918428
SVT.L,2025-12-12,8.03071169047339,0.1245219649942448,,,0.0914456561094843,10.935456560153488
SVT.L,2025-12-15,8.03666256982906,0.12442976065141303,,,0.09143713268353866,10.936475922325473
SVT.L,2025-12-16,8.03963800950689,0.12438370966671607,,,0.09103703780029304,10.984540184553117
SVT.L,2025-12-17,8.23899246792175,0.1213740641095944,,,0.08907893861946443,11.225998148360203
SVT.L,2025-12-18,8.22709070921042,0.12154965045911996,,,0.0890517696911998,11.229423103747946
SVT.L,2025-12-19,8.20328719178775,0.12190235165740541,,,0.08922993116606097,11.207001809056138
SVT.L,2025-12-22,8.16163103629807,0.12252452917224461,,,0.08950207160278653,11.172925744535128
SVT.L,2025-12-23,8.16163103629807,0.12252452917224461,,,0.08940180688770148,11.18545625432504
SVT.L,2025-12-24,8.16163103629807,0.12252452917224461,,,0.08937363252122911,11.188982385408446
SVT.L,2025-12-29,8.25386966631092,0.12115529326584965,,,0.08829077232319478,11.326211943638091
SVT.L,2025-12-30,8.35205917567944,0.11973095244726281,,,0.087331779425296,11.450585417824955
SVT.L,2025-12-31,8.29853654085386,0.12050317487631466,,,0.08784180760091598,11.384100888989133
FER.MC,2024-01-02,23.0152075597273,0.043449532115010334,,,0.042146046151560076,23.727018102811623
FER.MC,2024-01-03,22.4899921736364,0.04446422178715727,,,0.04313029513354262,23.18555894189316
FER.MC,2024-01-04,22.7997345808182,0.0438601597073554,,,0.04254435491613477,23.504881011152765
FER.MC,2024-01-05,22.4428574595,0.04455760599133078,,,0.04322087781159086,23.136966453092786
FER.MC,2024-01-08,22.6852645607728,0.044081478411726036,,,0.042759034059374396,23.386870681208997
FER.MC,2024-01-09,22.7930010502273,0.04387311691849493,,,0.04255692341094013,23.497939227038426
FER.MC,2024-01-10,23.0825428656364,0.043322783188187074,,,0.04202309969254152,23.796435943955014
FER.MC,2024-01-11,23.1229440491819,0.0432470881680562,,,0.041949675523014665,23.83808664864105
FER.MC,2024-01-12,23.412485864591,0.04271225216252658,,,0.04143088459765095,24.136583365557637
FER.MC,2024-01-15,23.5067552928637,0.042540962695246376,,,0.041264733814389096,24.23376834315839
FER.MC,2024-01-16,23.5404229458182,0.04248012035729559,,,0.041205716746576755,24.268477263730087
FER.MC,2024-01-17,23.2374140692273,0.043034048324863905,,,0.041743026875118036,23.956096978584817
FER.MC,2024-01-18,23.405752334,0.04272453992206718,,,0.04144280372440516,24.129641581443302
FER.MC,2024-01-19,23.3182164363182,0.04288492658651614,,,0.041598378788920684,24.03939838795689
FER.MC,2024-01-22,23.7356953329546,0.04213063851605821,,,0.04086671936057655,24.469789003045925
FER.MC,2024-01-23,23.1902793550909,0.04312151590276003,,,0.04182787042567722,23.90750448978444
FER.MC,2024-01-24,23.5000217622728,0.04255315208283812,,,0.041276557520353106,24.22682655904405
FER.MC,2024-01-25,23.6212253129091,0.0423348063765979,,,0.04106476218529998,24.351778673102157
FER.MC,2024-01-26,23.9242341895,0.04179862110022671,,,0.04054466246721991,24.664158958247423
FER.MC,2024-01-29,23.7626294553182,0.04208288488781677,,,0.040820398341182305,24.497556139503278
FER.MC,2024-01-30,23.9511683118637,0.04175161674700734,,,0.04049906824459723,24.69192609470478
FER.MC,2024-01-31,23.8434318224091,0.04194027132705604,,,0.04068206318724438,24.580857548875354
FER.MC,2024-02-01,23.0892763962273,0.04331014895570292,,,0.04201084448703189,23.803377728069353
FER.MC,2024-02-02,23.1296775797728,0.04323449804049637,,,0.04193746309928161,23.845028432755388
FER.MC,2024-02-05,23.6481594352728,0.04228658905726226,,,0.04101799138554452,24.379545809559513
FER.MC,2024-02-06,23.9175006589091,0.04181038873004095,,,0.04055607706813974,24.657217174133084
FER.MC,2024-02-07,23.998303026,0.0416696130104112,,,0.040419524620098866,24.740518583505153
FER.MC,2024-02-08,24.0050365565909,0.0416579244794125,,,0.04040818674503011,24.747460367619492
FER.MC,2024-02-09,23.9915694954091,0.04168130810247136,,,0.04043086885939723,24.733576799390818
FER.MC,2024-02-12,23.8973000671364,0.04184573140859546,,,0.040590359466337655,24.636391821790063
FER.MC,2024-02-13,23.6885606188182,0.04221446866660187,,,0.040948034606603845,24.421196514245548
FER.MC,2024-02-14,23.8097641694546,0.04199957600936232,,,0.040739588729081545,24.546148628303655
FER.MC,2024-02-15,23.8366982918182,0.041952118861329206,,,0.04069355529548936,24.57391576476101
FER.MC,2024-02-16,23.4394199869546,0.042663171723385566,,,0.04138327657168409,24.164350502014997
FER.MC,2024-02-19,23.6750935576364,0.04223848144741333,,,0.04097132700399099,24.40731294601687
FER.MC,2024-02-20,23.9040335977273,0.04183394387862122,,,0.040578925562262634,24.643333605904406
FER.MC,2024-02-21,23.8703659447728,0.041892948030777165,,,0.040636159589853976,24.608624685332707
FER.MC,2024-02-22,23.8366982918182,0.041952118861329206,,,0.04069355529548936,24.57391576476101
FER.MC,2024-02-23,23.5000217622728,0.04255315208283812,,,0.041276557520353106,24.22682655904405
FER.MC,2024-02-26,23.5673570681819,0.042431571648315715,,,0.041158624498866384,24.29624440018744
FER.MC,2024-02-27,23.3990188034091,0.04273683475369941,,,0.04145472971108844,24.12269979732896
FER.MC,2024-02-28,23.1970128856819,0.04310899877187373,,,0.04181572880871766,23.914446273898783
FER.MC,2024-02-29,20.8827110229862,0.04788650280604234,,,0.041574368180673116,24.053281956185568
FER.MC,2024-03-01,20.7923096765664,0.04809470499215544,,,0.04175512630319778,23.949155194470478
FER.MC,2024-03-04,20.7019083301465,0.04830472553797282,,,0.04193746309928161,23.845028432755388
FER.MC,2024-03-05,20.7019083301465,0.04830472553797282,,,0.04193746309928161,23.845028432755388
FER.MC,2024-03-06,20.7923096765664,0.04809470499215544,,,0.04175512630319778,23.949155194470478
FER.MC,2024-03-07,21.2744501908056,0.047004740006497576,,,0.040808834488961006,24.50449792361762
FER.MC,2024-03-08,21.1900756008137,0.04719190336260999,,,0.04097132700399099,24.40731294601687
FER.MC,2024-03-11,21.7204301664769,0.04603960383544292,,,0.039970917243627176,25.018189948078724
FER.MC,2024-03-12,21.7204301664769,0.04603960383544292,,,0.039970917243627176,25.018189948078724
FER.MC,2024-03-13,21.9373933978845,0.04558426709421337,,,0.039575600479679215,25.26809417619494
FER.MC,2024-03-14,21.7686442179008,0.04593763350579636,,,0.039882388080296885,25.073724220993437
FER.MC,2024-03-15,21.8771258336046,0.04570984358758585,,,0.0396846241724607,25.198676335051548
FER.MC,2024-03-18,21.9012328593166,0.04565953005584379,,,0.039640942692909284,25.2264434715089
FER.MC,2024-03-19,21.9494469107405,0.04555923454775851,,,0.039553867585401525,25.281977744423617
FER.MC,2024-03-20,22.0458750135883,0.04535995960167765,,,0.0393808599633768,25.393046290253046
FER.MC,2024-03-21,22.4918549892596,0.0444605391808512,,,0.03859999618060888,25.90673831471415
FER.MC,2024-03-22,22.25078473214,0.04494223516330894,,,0.03901819765602176,25.62906695014058
FER.MC,2024-03-25,22.2748917578519,0.044893596380664785,,,0.03897597016938104,25.65683408659794
FER.MC,2024-03-26,22.1061425778682,0.04523629558967744,,,0.039273496659223646,25.46246413139644
FER.MC,2024-03-27,22.3592663478438,0.044724186583001826,,,0.038828891036666396,25.754019064198687
FER.MC,2024-03-28,22.1061425778682,0.04523629558967744,,,0.039273496659223646,25.46246413139644
FER.MC,2024-04-02,21.3347177550855,0.0468719582550668,,,0.04069355529548936,24.57391576476101
FER.MC,2024-04-03,21.5155204479252,0.04647807625292339,,,0.04035159264594743,24.78216928819119
FER.MC,2024-04-04,21.3949853193654,0.04673992456984127,,,0.040578925562262634,24.643333605904406
FER.MC,2024-04-05,21.1659685751017,0.04724565268306863,,,0.04101799138554452,24.379545809559513
FER.MC,2024-04-08,21.0574869593979,0.0474890475738228,,,0.0412293033045313,24.254593695501406
FER.MC,2024-04-09,20.8646307537022,0.047927998908993914,,,0.04161039449625429,24.032456603842547
FER.MC,2024-04-10,20.8043631894223,0.04806684015728184,,,0.041730934457135674,23.963038762699156
FER.MC,2024-04-11,20.6115069837266,0.048516588369279835,,,0.04212139934094513,23.7409016710403
FER.MC,2024-04-12,20.7079350865745,0.04829066711959737,,,0.04192525778406063,23.85197021686973
FER.MC,2024-04-15,20.2981156494711,0.04926565683578892,,,0.04277172973457017,23.379928897094658
FER.MC,2024-04-16,20.2499015980472,0.049382956018731224,,,0.04287356718631915,23.324394624179945
FER.MC,2024-04-17,20.2137410594793,0.049471297621626886,,,0.042950264086473566,23.282743919493907
FER.MC,2024-04-18,20.0208848537836,0.04994784233080574,,,0.043363993301033216,23.060606827835052
FER.MC,2024-04-19,20.0208848537836,0.04994784233080574,,,0.043363993301033216,23.060606827835052
FER.MC,2024-04-22,20.2499015980472,0.049382956018731224,,,0.04287356718631915,23.324394624179945
FER.MC,2024-04-23,20.6115069837266,0.048516588369279835,,,0.04212139934094513,23.7409016710403
FER.MC,2024-04-24,20.6958815737185,0.04831879214412835,,,0.041949675523014665,23.83808664864105
FER.MC,2024-04-25,20.3101691623271,0.04923641905725132,,,0.04274634591870396,23.393812465323336
FER.MC,2024-04-26,20.3101691623271,0.04923641905725132,,,0.04274634591870396,23.393812465323336
FER.MC,2024-04-29,20.418650778031,0.04897483241527046,,,0.042519240184779324,23.518764579381443
FER.MC,2024-04-30,20.370436726607,0.049090749178383714,,,0.042619877439654535,23.46323030646673
FER.MC,2024-05-02,20.5271323937348,0.048716010635037145,,,0.042294534863779314,23.64371669343955
FER.MC,2024-05-03,20.6235604965826,0.04848823267765543,,,0.04209678134016141,23.754785239268976
FER.MC,2024-05-06,21.1177545236778,0.04735351947001623,,,0.041111639767703295,24.324011536644797
FER.MC,2024-05-07,21.4070388322214,0.04671360704474559,,,0.04055607706813974,24.657217174133084
FER.MC,2024-05-08,21.5396274736371,0.046426058260474815,,,0.04030643137829668,24.809936424648544
FER.MC,2024-05-09,21.3467712679415,0.0468454918754761,,,0.04067057756804979,24.58779933298969
FER.MC,2024-05-10,20.8405237279903,0.04798343904654034,,,0.04165852682071496,24.004689467385194
FER.MC,2024-05-13,21.1177545236778,0.04735351947001623,,,0.041111639767703295,24.324011536644797
FER.MC,2024-05-14,22.0458750135883,0.04535995960167765,,,0.0393808599633768,25.393046290253046
FER.MC,2024-05-15,22.5400690406835,0.04436543642324515,,,0.03851742934385891,25.962272587628867
FER.MC,2024-05-16,22.1302496035802,0.04518701857923109,,,0.03923071507244889,25.490231267853794
FER.MC,2024-05-17,22.3110522964199,0.044820835284423724,,,0.03891280003944688,25.698484791283974
FER.MC,2024-05-20,22.0771818965012,0.045295636222414795,,,0.0393250153371168,25.429106420618556
FER.MC,2024-05-21,22.1499638148413,0.04514680061598849,,,0.03919579841925114,25.512938639587627
FER.MC,2024-05-22,22.2470063726281,0.04494986800697658,,,0.039024824380344915,25.62471493154639
FER.MC,2024-05-23,22.2712670120748,0.04490090300914764,,,0.03898231367840554,25.652659004536083
FER.MC,2024-05-24,22.0286606176078,0.04539540634625269,,,0.03941163431363027,25.373218274639175
FER.MC,2024-05-27,22.2348760529048,0.04497439057544728,,,0.039046114519123064,25.610742895051548
FER.MC,2024-05-28,22.137833495118,0.04517153858892865,,,0.039217275569069905,25.498966603092782
FER.MC,2024-05-29,21.8952271006509,0.04567205425196399,,,0.039651816018588686,25.219525873195877
FER.MC,2024-05-30,22.0286606176078,0.04539540634625269,,,0.03941163431363027,25.373218274639175
FER.MC,2024-05-31,21.9922696584377,0.04547052284875624,,,0.03947684937316744,25.33130216515464
FER.MC,2024-06-03,22.0529212570545,0.04534546640527773,,,0.03936827718017193,25.401162347628865
FER.MC,2024-06-04,22.137833495118,0.04517153858892865,,,0.039217275569069905,25.498966603092782
FER.MC,2024-06-05,22.0407909373311,0.04537042263334898,,,0.039389943815934275,25.38719031113402
FER.MC,2024-06-06,22.1620941345647,0.045122089723478274,,,0.039174344780269606,25.526910676082476
FER.MC,2024-06-07,21.9194877400976,0.04562150410890703,,,0.039607929116520516,25.247469946185568
FER.MC,2024-06-10,21.8709664612042,0.04572271654176094,,,0.039695800284832265,25.191581800206187
FER.MC,2024-06-11,21.5919691075671,0.04631351568808706,,,0.04020872354693965,24.870224960824743
FER.MC,2024-06-12,22.1620941345647,0.045122089723478274,,,0.039174344780269606,25.526910676082476
FER.MC,2024-06-13,21.9194877400976,0.04562150410890703,,,0.039607929116520516,25.247469946185568
FER.MC,2024-06-14,22.2106154134581,0.04502351607034126,,,0.039088764562289775,25.582798822061854
FER.MC,2024-06-17,21.5677084681204,0.04636561188121201,,,0.040253952707284914,24.842280887835052
FER.MC,2024-06-18,22.0529212570545,0.04534546640527773,,,0.03936827718017193,25.401162347628865
FER.MC,2024-06-19,22.0650515767779,0.04532053761670959,,,0.03934663436698877,25.41513438412371
FER.MC,2024-06-20,22.1257031753946,0.04519630368683934,,,0.03923877626839505,25.48499456659794
FER.MC,2024-06-21,21.8709664612042,0.04572271654176094,,,0.039695800284832265,25.191581800206187
FER.MC,2024-06-24,22.174224454288,0.04509740586695569,,,0.0391529146135408,25.540882712577318
FER.MC,2024-06-25,22.2227457331814,0.04499893991528113,,,0.03906742790041079,25.596770858556702
FER.MC,2024-06-26,22.174224454288,0.04509740586695569,,,0.0391529146135408,25.540882712577318
FER.MC,2024-06-27,22.137833495118,0.04517153858892865,,,0.039217275569069905,25.498966603092782
FER.MC,2024-06-28,21.9922696584377,0.04547052284875624,,,0.03947684937316744,25.33130216515464
FER.MC,2024-07-01,22.1135728556713,0.045221095954358075,,,0.034660921390565785,28.850935286220807
FER.MC,2024-07-02,21.9922696584377,0.04547052284875624,,,0.034852101321015676,28.692674533142252
FER.MC,2024-07-03,22.4289611684784,0.04458521250664954,,,0.03417353147377038,29.262413244225055
FER.MC,2024-07-04,22.5260037262652,0.04439313835476309,,,0.03402631109046927,29.3890218466879
FER.MC,2024-07-05,22.6715675629455,0.04410811017913044,,,0.03380784360353206,29.578934750382167
FER.MC,2024-07-08,22.5502643657119,0.044345378119846734,,,0.0339897039779459,29.42067399730361
FER.MC,2024-07-09,22.0771818965012,0.045295636222414795,,,0.03471805477747331,28.80345706029724
FER.MC,2024-07-10,22.5502643657119,0.044345378119846734,,,0.0339897039779459,29.42067399730361
FER.MC,2024-07-11,23.1082590729862,0.043274571089131096,,,0.03316895522047319,30.14867346146497
FER.MC,2024-07-12,23.1810409913263,0.0431387011642045,,,0.03306481407378411,30.243629913312102
FER.MC,2024-07-15,23.2295622702197,0.043048594216603044,,,0.0329957491879903,30.306934214543524
FER.MC,2024-07-16,23.1931713110496,0.04311613908200574,,,0.03304752076098401,30.259455988619955
FER.MC,2024-07-17,23.1203893927095,0.04325186669716418,,,0.033151552830535905,30.164499536772823
FER.MC,2024-07-18,23.205301630773,0.04309360058797428,,,0.03303024552796729,30.275282063927815
FER.MC,2024-07-19,23.1931713110496,0.04311613908200574,,,0.03304752076098401,30.259455988619955
FER.MC,2024-07-22,23.4721686646867,0.042603647506354,,,0.03265470785271391,30.623455720700637
FER.MC,2024-07-23,23.4964293041334,0.04255965819555756,,,0.03262099106608231,30.655107871316346
FER.MC,2024-07-24,23.3266048280065,0.042869504901089386,,,0.03285848138065597,30.43354281700637
FER.MC,2024-07-25,23.1567803518796,0.043183896241380186,,,0.033099455052384194,30.21197776269639
FER.MC,2024-07-26,23.0839984335394,0.043320051458116175,,,0.03320381486862923,30.117021310849257
FER.MC,2024-07-29,23.0476074743694,0.04338845153936573,,,0.03325624194473759,30.06954308492569
FER.MC,2024-07-30,23.4964293041334,0.04255965819555756,,,0.03262099106608231,30.655107871316346
FER.MC,2024-07-31,22.2833973317982,0.04487646049253941,,,0.034396766301035074,29.072500340530784
FER.MC,2024-08-01,22.8955858439693,0.043676541269346905,,,0.035045401938436735,28.534413780063694
FER.MC,2024-08-02,22.9717774773935,0.04353167711919981,,,0.03492916511608703,28.629370231910826
FER.MC,2024-08-05,22.4511346489949,0.04454117868135312,,,0.03573917403563429,27.980501144288745
FER.MC,2024-08-06,22.3495458044293,0.0447436385844502,,,0.03590162482670536,27.853892541825903
FER.MC,2024-08-07,22.8828872383986,0.04370077908359184,,,0.035064849997226095,28.51858770475584
FER.MC,2024-08-08,22.6670109436967,0.04411697697962609,,,0.03539880094958063,28.249544424522295
FER.MC,2024-08-09,22.7178053659795,0.04401833644976665,,,0.03531965326718917,28.312848725753714
FER.MC,2024-08-12,22.7178053659795,0.04401833644976665,,,0.03531965326718917,28.312848725753714
FER.MC,2024-08-13,23.0606677163884,0.043363878804313,,,0.034794526263767306,28.74015275906582
FER.MC,2024-08-14,23.1114621386712,0.04326857357617164,,,0.03471805477747331,28.80345706029724
FER.MC,2024-08-15,23.3019412222317,0.04291487951424104,,,0.034434255964578435,29.040848189915074
FER.MC,2024-08-16,23.0860649275298,0.04331617376712453,,,0.034756248457096496,28.771804909681528
FER.MC,2024-08-19,23.2638454055196,0.04298515497196088,,,0.034490643938319555,28.99336996399151
FER.MC,2024-08-20,23.1368593498126,0.043221077886186815,,,0.03467994494786028,28.83510921091295
FER.MC,2024-08-21,23.1495579553833,0.043197369121575624,,,0.034660921390565785,28.850935286220807
FER.MC,2024-08-22,23.2638454055196,0.04298515497196088,,,0.034490643938319555,28.99336996399151
FER.MC,2024-08-23,23.5686119392163,0.04242931245077184,,,0.034044644232220596,29.373195771380043
FER.MC,2024-08-26,23.289242616661,0.04293827912139166,,,0.0344530314585613,29.025022114607218
FER.MC,2024-08-27,22.8255258720614,0.04381060071102269,,,0.03515296922468782,28.447099122929934
FER.MC,2024-08-28,23.2496066806133,0.043011480311787406,,,0.03451176699634051,28.975624461825902
FER.MC,2024-08-29,23.299498540443,0.04291937864088412,,,0.03443786599634835,29.03780391346072
FER.MC,2024-08-30,23.5364848746338,0.04248722803453712,,,0.034091114828393596,29.333156308726114
FER.MC,2024-09-02,23.6237956293357,0.04233020026461006,,,0.03396511809988317,29.44197034908705
FER.MC,2024-09-03,23.4491741199319,0.042645425160197675,,,0.03421804983041421,29.22434226836518
FER.MC,2024-09-04,23.3493904002726,0.04282767056686521,,,0.03436428081259547,29.09998336509554
FER.MC,2024-09-05,23.4242281900171,0.04269084094844066,,,0.034254490778050435,29.19325254254777
FER.MC,2024-09-06,23.4367011549745,0.04266812096922384,,,0.03423626060733301,29.208797405456473
FER.MC,2024-09-09,23.7485252789098,0.04210787778422872,,,0.033786729874568655,29.597418978174098
FER.MC,2024-09-10,23.573903769506,0.042419787990037906,,,0.034037001947713606,29.37979089745223
FER.MC,2024-09-11,23.3369174353152,0.04285056082371547,,,0.03438264761153325,29.08443850218684
FER.MC,2024-09-12,23.2870255754856,0.042942367060081144,,,0.03445631155928158,29.022259050552016
FER.MC,2024-09-13,23.6736874891653,0.04224099014814099,,,0.033893537239820186,29.504149800721866
FER.MC,2024-09-16,23.5614308045486,0.042442244203902385,,,0.03405502047706655,29.364246034543527
FER.MC,2024-09-17,23.997984578058,0.041670165956949855,,,0.0334355164663091,29.908316236348195
FER.MC,2024-09-18,23.8982008583987,0.04184415412378474,,,0.03357512196303691,29.783957333078554
FER.MC,2024-09-19,23.848308998569,0.041931694195173515,,,0.03364536280396376,29.721777881443735
FER.MC,2024-09-20,23.6736874891653,0.04224099014814099,,,0.033893537239820186,29.504149800721866
FER.MC,2024-09-23,24.0478764378876,0.041583713330483225,,,0.03336614817488522,29.970495687983018
FER.MC,2024-09-24,24.060349402845,0.041562156195527056,,,0.03334885105296979,29.98604055089172
FER.MC,2024-09-25,24.0104575430154,0.04164851911749171,,,0.033418147366846084,29.9238610992569
FER.MC,2024-09-26,24.1726060874617,0.0413691430862599,,,0.03319398022764639,30.125944317070065
FER.MC,2024-09-27,24.2100249823339,0.041305203143313644,,,0.03314267577598079,30.172578905796176
FER.MC,2024-09-30,24.060349402845,0.041562156195527056,,,0.03334885105296979,29.98604055089172
FER.MC,2024-10-01,24.1227142276321,0.04145470491270504,,,0.033262633754487445,30.063764865435246
FER.MC,2024-10-02,24.0728223678024,0.04154062139957084,,,0.03333157185553302,30.001585413800424
FER.MC,2024-10-03,23.848308998569,0.041931694195173515,,,0.03364536280396376,29.721777881443735
FER.MC,2024-10-04,22.7881069771891,0.04388253930003928,,,0.035210691670048554,28.400464534203824
FER.MC,2024-10-07,23.1373499959966,0.043220161348340565,,,0.03467920953163273,28.835720695647556
FER.MC,2024-10-08,23.2121877857411,0.043080816389667716,,,0.03456740122578115,28.928989873099788
FER.MC,2024-10-09,23.2745526105282,0.04296538011852704,,,0.03447477689237873,29.00671418764331
FER.MC,2024-10-10,23.4117552250597,0.04271358513647923,,,0.03427274037356351,29.177707679639067
FER.MC,2024-10-11,23.36186336523,0.042804804752360766,,,0.034345933625829536,29.115528228004244
FER.MC,2024-10-14,23.6612145242079,0.042263257407048796,,,0.033911404154548616,29.48860493781316
FER.MC,2024-10-15,23.8982008583987,0.04184415412378474,,,0.03357512196303691,29.783957333078554
FER.MC,2024-10-16,24.2599168421636,0.04122025671011392,,,0.03307451603145435,30.234758357430998
FER.MC,2024-10-17,24.1975520173765,0.04132649448514008,,,0.03315975962947356,30.157034042887474
FER.MC,2024-10-18,24.2973357370358,0.04115677582195672,,,0.03302357991846957,30.281392946157112
FER.MC,2024-10-21,23.8732549284839,0.041887878422764625,,,0.03361020568504635,29.752867607261148
FER.MC,2024-10-22,23.7235793489949,0.042152155258239614,,,0.03382225745592992,29.566329252356688
FER.MC,2024-10-23,23.8108901036968,0.04199758999537541,,,0.03369823660617009,29.675143292717625
FER.MC,2024-10-24,23.5614308045486,0.042442244203902385,,,0.03405502047706655,29.364246034543527
FER.MC,2024-10-25,23.1997148207837,0.04310397811890945,,,0.03458598585009608,28.913445010191083
FER.MC,2024-10-28,23.573903769506,0.042419787990037906,,,0.034037001947713606,29.37979089745223
FER.MC,2024-10-29,23.5988496994208,0.04237494677651782,,,0.03400102203022131,29.410880623269637
FER.MC,2024-10-30,23.087458136167,0.04331355986016834,,,0.034754151097341285,28.77354124401274
FER.MC,2024-10-31,23.0001473814651,0.04347798226744669,,,0.03488608117200581,28.664727203651804
FER.MC,2024-11-01,23.2121877857411,0.043080816389667716,,,0.03456740122578115,28.928989873099788
FER.MC,2024-11-04,22.601012502828,0.044245805353847444,,,0.03550217090572777,28.16729159057325
FER.MC,2024-11-05,22.6758502925725,0.04409977959360365,,,0.03538500202485078,28.260560768025478
FER.MC,2024-11-06,22.5019404195911,0.04444061184738359,,,0.035658480715702955,28.043819588747343
FER.MC,2024-11-07,22.615332056644,0.044217789838120775,,,0.03547969167590277,28.185137828556265
FER.MC,2024-11-08,22.6783274105622,0.044094962644126046,,,0.03538113697680304,28.26364796178344
FER.MC,2024-11-11,23.0688986048552,0.04334840675009664,,,0.03478211171941315,28.75041078779193
FER.MC,2024-11-12,22.8799125431005,0.04370646077060958,,,0.03506940889771227,28.514880388110402
FER.MC,2024-11-13,22.6783274105622,0.044094962644126046,,,0.03538113697680304,28.26364796178344
FER.MC,2024-11-14,23.1192948879898,0.043253914310314376,,,0.03470629240231361,28.813218894373673
FER.MC,2024-11-15,23.1318939587734,0.04323035553345699,,,0.03468738919294416,28.828920921019108
FER.MC,2024-11-18,23.0311013925043,0.043419547461393225,,,0.03483919395965289,28.703304707855626
FER.MC,2024-11-19,23.1948893126917,0.04311294555101944,,,0.03459318118318603,28.90743105424628
FER.MC,2024-11-20,23.0940967464225,0.04330110897950186,,,0.034744160697351596,28.781814841082802
FER.MC,2024-11-21,23.1318939587734,0.04323035553345699,,,0.03468738919294416,28.828920921019108
FER.MC,2024-11-22,23.4972670114992,0.04255814088977307,,,0.0341480142403461,29.284279693736732
FER.MC,2024-11-25,24.2784094000852,0.041188859760989564,,,0.033049323590163715,30.257805345753717
FER.MC,2024-11-26,24.3792019663543,0.04101856990151271,,,0.03291268555981679,30.3834215589172
FER.MC,2024-11-27,24.4799945326235,0.040849682326004624,,,0.03277717270110421,30.509037772080678
FER.MC,2024-11-28,24.4799945326235,0.040849682326004624,,,0.03277717270110421,30.509037772080678
FER.MC,2024-11-29,24.5807870988927,0.04068217978443202,,,0.03264277117285776,30.63465398524416
FER.MC,2024-12-02,24.9839573639693,0.04002568469966065,,,0.03211600935867145,31.13711883789809
FER.MC,2024-12-03,25.6391090447189,0.03900291536089778,,,0.0312953545740764,31.95362422346072
FER.MC,2024-12-04,25.601311832368,0.03906049840522976,,,0.03134155834559325,31.906518143524416
FER.MC,2024-12-05,25.8280951064736,0.03871752817533021,,,0.03106636417475389,32.18915462314225
FER.MC,2024-12-06,25.8280951064736,0.03871752817533021,,,0.03106636417475389,32.18915462314225
FER.MC,2024-12-09,25.6391090447189,0.03900291536089778,,,0.0312953545740764,31.95362422346072
FER.MC,2024-12-10,25.2737359919932,0.03956676608146905,,,0.031747779939304825,31.498265450743098
FER.MC,2024-12-11,25.5383164784497,0.039156848919302954,,,0.031418868553648484,31.82800801029724
FER.MC,2024-12-12,25.6769062570699,0.03894550184466477,,,0.031249286829364807,32.00073030339703
FER.MC,2024-12-13,25.5887127615843,0.03907973055609406,,,0.031356989935128254,31.89081611687898
FER.MC,2024-12-16,25.8532932480409,0.03867979179309304,,,0.03103608506737109,32.22055867643312
FER.MC,2024-12-17,25.6643071862862,0.03896462089318947,,,0.03126462766727809,31.985028276751592
FER.MC,2024-12-18,25.5257174076661,0.0391761760905365,,,0.0314343763861034,31.812305983651804
FER.MC,2024-12-19,25.2611369212095,0.039586500129390065,,,0.031763614243513955,31.482563424097666
FER.MC,2024-12-20,25.0973490010222,0.03984484576276445,,,0.03197090690674974,31.278437077707007
FER.MC,2024-12-23,25.2359387796423,0.039626027338705336,,,0.031795330283697194,31.451159370806792
FER.MC,2024-12-24,25.5383164784497,0.039156848919302954,,,0.031418868553648484,31.82800801029724
FER.MC,2024-12-27,25.5761136908007,0.0390989816548901,,,0.03137243672819974,31.875114090233545
FER.MC,2024-12-30,25.6139109031516,0.03904128517433695,,,0.03132614193715961,31.92222017016985
FER.MC,2024-12-31,25.5761136908007,0.0390989816548901,,,0.03333737703283221,29.996361111888113
FER.MC,2025-01-02,25.7399016109881,0.0388501873516529,,,0.03312524492249114,30.188456035264736
FER.MC,2025-01-03,25.2176684936797,0.03965473652929611,,,0.033811236171912576,29.575966844735266
FER.MC,2025-01-06,25.3668119248893,0.03942158766190182,,,0.033612443994517696,29.750886313506495
FER.MC,2025-01-07,25.279811590017,0.03955725684264593,,,0.03372812103874662,29.64884995672328
FER.MC,2025-01-08,25.2549543514821,0.039596191150561885,,,0.03376131800827294,29.61969671192807
FER.MC,2025-01-09,25.5035267368313,0.03921026336157011,,,0.033432260327880416,29.911229159880122
FER.MC,2025-01-10,24.658380626644,0.040554163517107646,,,0.03457812408911825,28.920018836843155
FER.MC,2025-01-13,24.5713802917717,0.040697754384391396,,,0.034700555484476786,28.817982480059943
FER.MC,2025-01-14,24.2730934293526,0.04119788039833172,,,0.03512698320164394,28.468143542517485
FER.MC,2025-01-15,24.4222368605622,0.04094629028902883,,,0.03491246727369497,28.64306301128871
FER.MC,2025-01-16,24.7205237229813,0.04045221740469662,,,0.03449120070025672,28.992901948831168
FER.MC,2025-01-17,24.9815247275979,0.04002958229748353,,,0.03413084487204508,29.29901101918082
FER.MC,2025-01-20,25.1928112551448,0.03969386305769202,,,0.03384459703641372,29.546813599940062
FER.MC,2025-01-21,25.4289550212266,0.03932524947113472,,,0.03353030214702376,29.823769425494504
FER.MC,2025-01-22,25.8639566955877,0.038663844506459315,,,0.03296636145738136,30.33395120941059
FER.MC,2025-01-23,26.0255287460647,0.038423811087842326,,,0.032761699232478805,30.52344730057942
FER.MC,2025-01-24,25.6650987873083,0.0389634190885917,,,0.033221790892402236,30.10072525104895
FER.MC,2025-01-27,25.5532412139012,0.03913397880250083,,,0.03336721701984952,29.96953564947053
FER.MC,2025-01-28,25.9012425533901,0.03860818638097014,,,0.032918905082922556,30.3776810766034
FER.MC,2025-01-29,25.5905270717036,0.039076959892152326,,,0.033318600385046436,30.01326551666334
FER.MC,2025-01-30,26.0131001267973,0.03844216933489806,,,0.03277735221825639,30.508870678181818
FER.MC,2025-01-31,25.7272418836457,0.038869304549730234,,,0.03314154502068145,30.173608363036966
FER.MC,2025-02-03,25.0809536817376,0.03987089217935673,,,0.03399553924321636,29.41562399836164
FER.MC,2025-02-04,25.3668119248893,0.03942158766190182,,,0.033612443994517696,29.750886313506495
FER.MC,2025-02-05,25.3295260670869,0.03947961747690955,,,0.03366192256762052,29.707156446313686
FER.MC,2025-02-06,25.4165264019591,0.039344479421976414,,,0.03354669838279247,29.809192803096906
FER.MC,2025-02-07,25.602955690971,0.03905799049414652,,,0.03330242630718962,30.02784213906094
FER.MC,2025-02-10,26.1001004616695,0.03831402877044845,,,0.032668094377528864,30.610907034965035
FER.MC,2025-02-11,26.2368152736116,0.03811438200755171,,,0.032497867452776226,30.77124988133866
FER.MC,2025-02-12,26.4232445626235,0.03784546585980327,,,0.03226857864196172,30.989899217302696
FER.MC,2025-02-13,26.6221024709029,0.03756277330436121,,,0.03202754350738124,31.223125175664336
FER.MC,2025-02-14,26.5848166131005,0.03761545601586805,,,0.03207246292324012,31.179395308471527
FER.MC,2025-02-17,26.8333889984497,0.037267003435822996,,,0.031775358125433355,31.470927756423578
FER.MC,2025-02-18,27.0695327645315,0.03694190101833874,,,0.03149816262296171,31.747883581978023
FER.MC,2025-02-19,26.758817282845,0.037370859460260863,,,0.031863909982726715,31.383468022037963
FER.MC,2025-02-20,26.73396004431,0.03740560688886187,,,0.03189353704919136,31.354314777242756
FER.MC,2025-02-21,26.5599593745656,0.037650659999036815,,,0.032102479266640435,31.150242063676327
FER.MC,2025-02-24,26.2119580350767,0.038150526513959976,,,0.03252868572442419,30.742096636543458
FER.MC,2025-02-25,26.410815943356,0.03786327549079617,,,0.03228376385544029,30.975322594905094
FER.MC,2025-02-26,26.7836745213799,0.037336176528047195,,,0.0318343379084968,31.412621266833167
FER.MC,2025-02-27,26.8831034755196,0.037198086184901384,,,0.031716596483037734,31.529234246013985
FER.MC,2025-02-28,24.8328752796661,0.04026919914581256,,,0.032042502658949375,31.208548553266734
FER.MC,2025-03-03,24.6704930966137,0.040534252642775964,,,0.032253407707010164,31.0044758397003
FER.MC,2025-03-04,24.1137541832909,0.041470108403648245,,,0.032998075128817035,30.304797964615386
FER.MC,2025-03-05,24.3689261852305,0.041035866430835156,,,0.03265254554631633,30.625483657362636
FER.MC,2025-03-06,23.5338178152464,0.042492043061204854,,,0.033811236171912576,29.575966844735266
FER.MC,2025-03-07,23.3134419953895,0.042893709139892836,,,0.03413084487204508,29.29901101918082
FER.MC,2025-03-10,22.9306839924801,0.0436096891103615,,,0.034700555484476786,28.817982480059943
FER.MC,2025-03-11,22.6871107179014,0.0440778912940617,,,0.03507310746053712,28.51187340971029
FER.MC,2025-03-12,22.8262954462321,0.04380912366421983,,,0.03485924704919238,28.68679287848152
FER.MC,2025-03-13,23.0350725387281,0.043412062120435406,,,0.034543302211888526,28.949172081638363
FER.MC,2025-03-14,23.0002763566455,0.043477738462523674,,,0.034595561368033594,28.905442214445554
FER.MC,2025-03-17,23.1626585396979,0.043172937091229185,,,0.034353028639364354,29.109514928011986
FER.MC,2025-03-18,23.4062318142766,0.04272366470326297,,,0.03399553924321636,29.41562399836164
FER.MC,2025-03-19,23.7309961803816,0.04213898111983598,,,0.03353030214702376,29.823769425494504
FER.MC,2025-03-20,23.9397732728776,0.041771490005418854,,,0.033237886721322975,30.086148628651348
FER.MC,2025-03-21,23.9397732728776,0.041771490005418854,,,0.033237886721322975,30.086148628651348
FER.MC,2025-03-24,23.7657923624642,0.042077284222149666,,,0.03348120946452446,29.867499292687313
FER.MC,2025-03-25,23.9745694549603,0.04171086374996827,,,0.033189645956850804,30.129878495844157
FER.MC,2025-03-26,24.1253529106518,0.04145017085153109,,,0.03298221066962049,30.319374587012984
FER.MC,2025-03-27,24.322531275787,0.04111414180790865,,,0.032714829848741356,30.567177167772225
FER.MC,2025-03-28,24.2297414568998,0.04127159184834118,,,0.03284011402240815,30.450564188591407
FER.MC,2025-03-31,23.8817796360731,0.04187292635803044,,,0.033318600385046436,30.01326551666334
FER.MC,2025-04-01,24.1949452748172,0.041330946966051996,,,0.03288734333308275,30.406834321398602
FER.MC,2025-04-02,24.5429070956439,0.04074496945708152,,,0.03242107665066664,30.844132993326674
FER.MC,2025-04-03,24.1485503653736,0.04141035320421931,,,0.03295052747012998,30.34852783180819
FER.MC,2025-04-04,22.8146967188712,0.04383139571488798,,,0.03487696908632975,28.672216256083917
FER.MC,2025-04-07,21.573632891256,0.04635287923181958,,,0.03688333236172613,27.112517659540462
FER.MC,2025-04-08,22.3159514423529,0.044810995515168775,,,0.03565644396715729,28.045421492987014
FER.MC,2025-04-09,21.6606233464626,0.04616672309032649,,,0.03673520652894812,27.221842327522477
FER.MC,2025-04-10,22.7451043547059,0.04396550503375038,,,0.03498368087343733,28.584756521698303
FER.MC,2025-04-11,22.1651679866614,0.04511583221935345,,,0.03589900481047128,27.855925401818183
FER.MC,2025-04-14,22.6697126268601,0.04411171929965953,,,0.03510002465736025,28.490008476113886
FER.MC,2025-04-15,23.0234738113672,0.04343393217691927,,,0.03456070437924968,28.93459545924076
FER.MC,2025-04-16,23.1974547217806,0.043108177685592296,,,0.03430149909640531,29.153244795204795
FER.MC,2025-04-17,23.1394610849761,0.043216218231170306,,,0.03438746776581986,29.080361683216786
FER.MC,2025-04-22,23.3192413590699,0.042883041716580333,,,0.034122356723606376,29.30629933037962
FER.MC,2025-04-23,23.5396171789269,0.042481574462273686,,,0.03380290622951989,29.583255155934065
FER.MC,2025-04-24,23.8353847266296,0.04195443083755935,,,0.03338345410842366,29.954959027072924
FER.MC,2025-04-25,24.4733147314785,0.040860831929471424,,,0.03251326928569223,30.75667325894106
FER.MC,2025-04-28,24.4907128225199,0.04083180458024365,,,0.03249017200701426,30.77853819253746
FER.MC,2025-04-29,24.5487064593243,0.04073534390322922,,,0.03241341752554246,30.851421304525477
FER.MC,2025-04-30,24.8676714617488,0.04021285231864953,,,0.031997667067542264,31.252278420459543
FER.MC,2025-05-02,25.4070122840302,0.039359212678011686,,,0.031318419626939334,31.930091361948055
FER.MC,2025-05-05,25.2852256467409,0.03954878686751579,,,0.03146926522605992,31.777036826773227
FER.MC,2025-05-06,25.1808371004928,0.0397127385403891,,,0.031599722797241186,31.645847225194803
FER.MC,2025-05-07,25.2156332825755,0.0396579371532588,,,0.03155611692401592,31.689577092387612
FER.MC,2025-05-08,25.0706491905644,0.039887279838623425,,,0.031738606612449975,31.50736931241758
FER.MC,2025-05-09,25.2794262830604,0.03955785977113311,,,0.031476484603262495,31.769748515574427
FER.MC,2025-05-12,25.1402415547297,0.039776865223153254,,,0.03165074887788264,31.594829046803195
FER.MC,2025-05-13,25.2040345552146,0.03967618746948212,,,0.03157063883700442,31.67500046999001
FER.MC,2025-05-14,26.0043467431161,0.03845510944299038,,,0.030599017927212584,32.680787415424575
FER.MC,2025-05-15,25.9057575605485,0.03860145752011844,,,0.03071546818572224,32.556886125044954
FER.MC,2025-05-16,26.1493308351272,0.03824189637222645,,,0.03042936269363966,32.8629951953946
FER.MC,2025-05-19,26.3581079276232,0.037938990262347455,,,0.030188338038640534,33.12537439855145
FER.MC,2025-05-20,26.9438436593482,0.037114229604470285,,,0.029532069820409217,33.86149382963037
FER.MC,2025-05-21,27.0482322055962,0.0369709928692901,,,0.02941809527993594,33.99268343120879
FER.MC,2025-05-22,26.8071517465183,0.037303478170890705,,,0.02968265631880892,33.68970718993007
FER.MC,2025-05-23,26.8654788826073,0.037222489290797627,,,0.029618212861755488,33.7630094248951
FER.MC,2025-05-26,27.0754565725278,0.03693381854231235,,,0.02938851539018651,34.026897470769235
FER.MC,2025-05-27,27.0871219997456,0.03691791250504176,,,0.029375858837477557,34.04155791776224
FER.MC,2025-05-28,26.5271814932909,0.03769718242599253,,,0.029995929736421675,33.3378564620979
FER.MC,2025-05-29,26.3930290802862,0.03788879241401405,,,0.030148395235634427,33.16926132167832
FER.MC,2025-05-30,26.1538878223211,0.038235233201029006,,,0.03042406075852939,32.86872215832168
FER.MC,2025-06-02,26.2763748081081,0.03805700014948143,,,0.030282239387623925,33.02265685174825
FER.MC,2025-06-03,26.1888841039746,0.038184139348199,,,0.030383404998050288,32.9127034993007
FER.MC,2025-06-04,26.043066263752,0.038397936321033305,,,0.030553524846863557,32.72944791188811
FER.MC,2025-06-05,26.1713859631479,0.03820966919398562,,,0.030403719287106258,32.89071282881119
FER.MC,2025-06-06,26.3055383761526,0.03801480835330686,,,0.03024866706014319,33.05930796923077
FER.MC,2025-06-09,26.0897279726232,0.038329261272840115,,,0.030498879597864025,32.788089699860144
FER.MC,2025-06-10,26.282207521717,0.03804855429947045,,,0.030275518961661294,33.029987075244755
FER.MC,2025-06-11,26.1772186767568,0.038201155453077874,,,0.03039694483984977,32.89804305230769
FER.MC,2025-06-12,26.0780625454054,0.03834640699472463,,,0.030512522576883423,32.77342925286713
FER.MC,2025-06-13,25.984739127663,0.03848412697495252,,,0.03062210739421903,32.656145676923074
FER.MC,2025-06-16,26.0488989773609,0.03838933848486648,,,0.030546683484381054,32.73677813538462
FER.MC,2025-06-17,25.8155904330048,0.038736282348263346,,,0.030822749308912285,32.443569195524475
FER.MC,2025-06-18,25.5822818886486,0.03908955441710308,,,0.03110385053379977,32.15036025566433
FER.MC,2025-06-19,25.3664714851192,0.03942211673336722,,,0.031368472853816,31.879141986293703
FER.MC,2025-06-20,25.4073004803816,0.039358766224383265,,,0.03131806438045128,31.93045355076923
FER.MC,2025-06-23,25.7047688744356,0.03890328696923391,,,0.03095563613370678,32.30429494909091
FER.MC,2025-06-24,25.8797502827027,0.03864024919391792,,,0.03074633501042276,32.52420165398601
FER.MC,2025-06-25,26.1422223951033,0.038252294884742084,,,0.030437636867747832,32.854061711328676
FER.MC,2025-06-26,26.1947168175835,0.038175636979161334,,,0.030376639599475792,32.9200337227972
FER.MC,2025-06-27,26.4396907891574,0.0378219249224385,,,0.030095188272941935,33.22790310965035
FER.MC,2025-06-30,26.3988617938951,0.03788042105024604,,,0.03420680311055608,29.233950824577466
FER.MC,2025-07-01,26.3172038033704,0.03799795781768927,,,0.03431294124077501,29.14352322591549
FER.MC,2025-07-02,26.1188915406677,0.03828646397351808,,,0.03457346826225476,28.923913343450703
FER.MC,2025-07-03,26.3055383761526,0.03801480835330686,,,0.03432815762269996,29.13060499753521
FER.MC,2025-07-04,26.0838952590143,0.038337832216774115,,,0.03461985484757979,28.88515865830986
FER.MC,2025-07-07,26.2472112400636,0.03809928570520305,,,0.034404442417417073,29.066013855633802
FER.MC,2025-07-08,26.0897279726232,0.038329261272840115,,,0.034612115108065465,28.891617772500002
FER.MC,2025-07-09,26.2413785264547,0.03810775409500194,,,0.03441208954842784,29.059554741443662
FER.MC,2025-07-10,26.2472112400636,0.03809928570520305,,,0.034404442417417073,29.066013855633802
FER.MC,2025-07-11,26.282207521717,0.03804855429947045,,,0.03435863090953769,29.104768540774646
FER.MC,2025-07-14,26.1888841039746,0.038184139348199,,,0.03448106701077435,29.001422713732392
FER.MC,2025-07-15,26.101393399841,0.038312130876740534,,,0.03459664600634119,28.90453600088028
FER.MC,2025-07-16,26.0663971181876,0.03836356806297019,,,0.03464309484859629,28.865781315739437
FER.MC,2025-07-17,26.4455235027663,0.03781358307750634,,,0.03414644703978316,29.28562373809859
FER.MC,2025-07-18,26.5680104885533,0.03763925042226422,,,0.03398902104903992,29.42126513609155
FER.MC,2025-07-21,26.4338580755485,0.03783027044867911,,,0.0341615160808422,29.27270550971831
FER.MC,2025-07-22,26.282207521717,0.03804855429947045,,,0.03435863090953769,29.104768540774646
FER.MC,2025-07-23,26.4571889299841,0.037796910421828436,,,0.034131391287120116,29.298541966478872
FER.MC,2025-07-24,26.6613339062957,0.037507500694249366,,,0.03387004832167509,29.524610963133803
FER.MC,2025-07-25,26.4396907891574,0.0378219249224385,,,0.03415397989816387,29.27916462390845
FER.MC,2025-07-28,26.2997056625437,0.03802323922674959,,,0.03433577087566574,29.12414588334507
FER.MC,2025-07-29,26.5563450613354,0.03765578424630225,,,0.03400395143386269,29.408346907711266
FER.MC,2025-07-30,26.4688543572019,0.03778025246218904,,,0.03411634880528357,29.311460194859155
FER.MC,2025-07-31,23.1197306686316,0.04325309902319842,,,0.03448106701077435,29.001422713732392
FER.MC,2025-08-01,22.6408587416421,0.04416793600504006,,,0.03521036863278982,28.400725094049296
FER.MC,2025-08-04,22.9137642484211,0.04364189092453049,,,0.0347910091861521,28.74305814612676
FER.MC,2025-08-05,23.0270457795368,0.043427194681163114,,,0.03461985484757979,28.88515865830986
FER.MC,2025-08-06,23.0476424215579,0.04338838574936574,,,0.03458891663949438,28.910995115070424
FER.MC,2025-08-07,23.1763714341895,0.043147392715876656,,,0.034396798684376104,29.072472969823945
FER.MC,2025-08-08,23.1403273106526,0.043214600492692774,,,0.0344503762524203,29.027259170492957
FER.MC,2025-08-11,23.3308462493474,0.04286171145755039,,,0.03416905559001916,29.266246395528167
FER.MC,2025-08-12,23.4183819779368,0.04270149837602494,,,0.03404133484572929,29.376051336760565
FER.MC,2025-08-13,23.4544261014737,0.04263587587577628,,,0.03398902104903992,29.42126513609155
FER.MC,2025-08-14,23.8869555839158,0.04186385311794805,,,0.03337356992420281,29.96383072806338
FER.MC,2025-08-15,24.0929220041263,0.04150596593591819,,,0.03308826477417757,30.222195295669014
FER.MC,2025-08-18,24.1598610906947,0.041390966456556134,,,0.032996587996244,30.306163780140842
FER.MC,2025-08-19,24.2679934613053,0.04120653821645678,,,0.032849563097470155,30.441805178133805
FER.MC,2025-08-20,24.4224682764632,0.04094590230110916,,,0.03264178597477901,30.635578603838027
FER.MC,2025-08-21,24.3349325478737,0.04109318971945852,,,0.03275920247109116,30.525773662605634
FER.MC,2025-08-22,24.4945565235368,0.040825397228118857,,,0.03254572017624066,30.726006202500002
FER.MC,2025-08-25,24.2988884243368,0.04115414592374686,,,0.032807796329386914,30.48055986327465
FER.MC,2025-08-26,24.0877728436211,0.04151483852376244,,,0.033095337938943314,30.215736181478874
FER.MC,2025-08-27,24.2268001772632,0.04127660246847199,,,0.032905417827497736,30.390132264612674
FER.MC,2025-08-28,24.2010543747368,0.041320513747693924,,,0.032940423591144005,30.357836693661973
FER.MC,2025-08-29,24.0414303990737,0.04159486284304154,,,0.0331591327646984,30.157604153767608
FER.MC,2025-09-01,24.0980711646316,0.04149709713977797,,,0.033081194632131806,30.228654409859153
FER.MC,2025-09-02,23.5368126695579,0.04248663631900263,,,0.03387004832167509,29.524610963133803
FER.MC,2025-09-03,23.7067349662316,0.04218210569377952,,,0.033627278644304266,29.73776173140845
FER.MC,2025-09-04,24.1495627696842,0.041408617188520506,,,0.03301065903590124,30.293245551760567
FER.MC,2025-09-05,24.1804577327158,0.0413557100967123,,,0.03296848187358961,30.33200023690141
FER.MC,2025-09-08,24.5511972890947,0.0407312111187419,,,0.03247063567080051,30.79705645859155
FER.MC,2025-09-09,24.2988884243368,0.04115414592374686,,,0.032807796329386914,30.48055986327465
FER.MC,2025-09-10,24.6232855361684,0.04061196457845279,,,0.03237557316569988,30.887484057253523
FER.MC,2025-09-11,25.1330524261895,0.03978824310882214,,,0.03171890819061193,31.526936362077464
FER.MC,2025-09-12,25.1690965497263,0.03973126321893641,,,0.03167348422225385,31.57215016140845
FER.MC,2025-09-15,25.0918591421474,0.03985356343405722,,,0.0317709810955011,31.475263448556337
FER.MC,2025-09-16,24.8138044748632,0.040300148290965086,,,0.03212699540949924,31.126471282288733
FER.MC,2025-09-17,25.0867099816421,0.039861743557914844,,,0.03177750223283597,31.468804334366194
FER.MC,2025-09-18,25.2823780808421,0.03955324126561326,,,0.03153156637034152,31.714250673591547
FER.MC,2025-09-19,25.1793948707368,0.03971501321352994,,,0.0316605298319789,31.585068389788734
FER.MC,2025-09-22,25.1948423522526,0.03969066311346032,,,0.03164111810308131,31.604445732359153
FER.MC,2025-09-23,25.0197708950737,0.03996839156496418,,,0.031862521275648654,31.38483584989437
FER.MC,2025-09-24,24.870445240421,0.04020836741494027,,,0.03205382833920845,31.19752153838028
FER.MC,2025-09-25,24.7159704252632,0.04045966971128349,,,0.03225416476632851,31.003748112676057
FER.MC,2025-09-26,24.8395502773895,0.040258377822172654,,,0.03209369628490399,31.158766853239435
FER.MC,2025-09-29,24.947682648,0.04008388330529641,,,0.031954590480573135,31.294408251232397
FER.MC,2025-09-30,25.1176049446737,0.03981271312303423,,,0.03173841551422239,31.507559019507045
FER.MC,2025-10-01,25.3081238833684,0.0395130039906737,,,0.03149948949712651,31.746546244542255
FER.MC,2025-10-02,25.8178907733895,0.03873283099604326,,,0.03087754106070539,32.3859985493662
FER.MC,2025-10-03,26.0341555146105,0.0384110788398262,,,0.030621042499678962,32.65728134535211
FER.MC,2025-10-06,26.2401219348211,0.038109579005918506,,,0.03038068894787614,32.91564591295775
FER.MC,2025-10-07,26.5490715651368,0.03766610058459298,,,0.0300271510625246,33.303192764366194
FER.MC,2025-10-08,26.7344413433263,0.037404933477303774,,,0.02981895047734531,33.53572087521127
FER.MC,2025-10-09,26.5696682071579,0.037636902057007954,,,0.030003874201235823,33.32902922112676
FER.MC,2025-10-10,26.5490715651368,0.03766610058459298,,,0.0300271510625246,33.303192764366194
FER.MC,2025-10-13,26.7035463802947,0.03744820952837666,,,0.029853449841569003,33.496966190070424
FER.MC,2025-10-14,26.9095128005053,0.03716157952815936,,,0.02962495041683445,33.755330757676056
FER.MC,2025-10-15,26.8992144794947,0.037175806779127366,,,0.029636292281465703,33.74241252929578
FER.MC,2025-10-16,27.764273444379,0.036017510128739,,,0.028712906320173745,34.827543713239436
FER.MC,2025-10-17,27.764273444379,0.036017510128739,,,0.028712906320173745,34.827543713239436
FER.MC,2025-10-20,27.9702398645895,0.03575228545916069,,,0.02850147107481164,35.08590828084507
FER.MC,2025-10-21,27.8569583334737,0.035897673680990935,,,0.028617373544986478,34.94380776866197
FER.MC,2025-10-22,27.9084499385263,0.03583144181073085,,,0.02856457396280015,35.00839891056338
FER.MC,2025-10-23,28.1144163587368,0.03556894040552406,,,0.028355309684684405,35.26676347816901
FER.MC,2025-10-24,28.2173995688422,0.035439126754408835,,,0.028251823152988475,35.39594576197183
FER.MC,2025-10-27,28.5675424832001,0.03500476110565256,,,0.027905549905979963,35.835165526901406
FER.MC,2025-10-28,28.3409794209685,0.035284595678444865,,,0.028128632063658583,35.55096450253521
FER.MC,2025-10-29,27.4965170981053,0.03636824243710877,,,0.028992507655126745,34.491669775352115
FER.MC,2025-10-30,27.9393449015579,0.03579181986991542,,,0.02853298762963082,35.04715359570422
FER.MC,2025-10-31,27.393533888,0.0365049651530378,,,0.029101502044807673,34.362487491549295
FER.MC,2025-11-03,27.7436768023579,0.03604424918599871,,,0.028734222508978623,34.80170725647887
FER.MC,2025-11-04,28.0217314696422,0.03568658849947821,,,0.02844909791958413,35.15049942274648
FER.MC,2025-11-05,28.4027693470316,0.035207834411559266,,,0.028067438520372887,35.6284738728169
FER.MC,2025-11-06,28.1247146797474,0.035555916260373646,,,0.028344926927568077,35.2796817065493
FER.MC,2025-11-07,27.9084499385264,0.03583144181073072,,,0.02856457396280015,35.00839891056338
FER.MC,2025-11-10,28.2071012478316,0.03545206546443245,,,0.02826213780182125,35.38302753359155
FER.MC,2025-11-11,28.2894878159159,0.035348819551175886,,,0.02817983088430594,35.486373360633806
FER.MC,2025-11-12,28.5984374462316,0.03496694537525404,,,0.027875403471079734,35.87392021204225
FER.MC,2025-11-13,28.5366475201685,0.03504265871782038,,,0.027935761616451973,35.79641084176056
FER.MC,2025-11-14,28.4027693470316,0.035207834411559266,,,0.028067438520372887,35.6284738728169
FER.MC,2025-11-17,28.1247146797474,0.035555916260373646,,,0.028344926927568077,35.2796817065493
FER.MC,2025-11-18,27.6715885552843,0.03613814935135103,,,0.02880907906184906,34.7112796578169
FER.MC,2025-11-19,27.8672566544843,0.03588440772619373,,,0.028606798018916635,34.956725997042255
FER.MC,2025-11-20,28.351277741979,0.03527177889832196,,,0.028118414616486894,35.563882730915495
FER.MC,2025-11-21,27.8672566544843,0.03588440772619373,,,0.028606798018916635,34.956725997042255
FER.MC,2025-11-24,28.7941055454316,0.03472933022427771,,,0.027685978340196146,36.1193665512676
FER.MC,2025-11-25,28.8558954714948,0.03465496335013574,,,0.027626693590003006,36.19687592154929
FER.MC,2025-11-26,29.0721602127158,0.03439716872372671,,,0.027421181522914777,36.46815871753521
FER.MC,2025-11-27,29.0000719656421,0.0344826730493894,,,0.027489344971302704,36.37773111887324
FER.MC,2025-11-28,29.0721602127158,0.03439716872372671,,,0.027421181522914777,36.46815871753521
FER.MC,2025-12-01,28.8558954714948,0.03465496335013574,,,0.027626693590003006,36.19687592154929
FER.MC,2025-12-02,28.9691770026106,0.03451944802953441,,,0.02751866172740434,36.3389764337324
FER.MC,2025-12-03,29.3502148800001,0.03407130080950183,,,0.027161401908487162,36.81695088380282
FER.MC,2025-12-04,29.2266350278737,0.03421536550637085,,,0.027276249273850747,36.66193214323944
FER.MC,2025-12-05,29.0721602127158,0.03439716872372671,,,0.027421181522914777,36.46815871753521
FER.MC,2025-12-08,29.5355846581895,0.0338574641935427,,,0.026990932858852307,37.049478994647885
FER.MC,2025-12-09,29.5355846581895,0.0338574641935427,,,0.026990932858852307,37.049478994647885
FER.MC,2025-12-10,29.113353496758,0.03434849922429437,,,0.027382382539507755,36.519831631056334
FER.MC,2025-12-11,28.8867904345264,0.03461789921821043,,,0.027597146324131346,36.23563060669014
FER.MC,2025-12-12,29.0206686076632,0.03445819989605408,,,0.02746983514520526,36.4035675756338
FER.MC,2025-12-15,29.6591645103158,0.03371639142606962,,,0.026878470638607092,37.20449773521126
FER.MC,2025-12-16,29.3914081640422,0.034023548460784946,,,0.027123334071194258,36.86862379732395
FER.MC,2025-12-17,29.2369333488843,0.03420331359883066,,,0.02726664157773456,36.67485037161972
FER.MC,2025-12-18,29.1236518177685,0.03433635336176813,,,0.02737269994313593,36.53274985943662
FER.MC,2025-12-19,29.0103702866527,0.034470432128889,,,0.027479586595381047,36.39064934725352
FER.MC,2025-12-22,28.9897736446316,0.034494922666813664,,,0.027499110280351124,36.364812890492956
FER.MC,2025-12-23,28.546945841179,0.035030017066046304,,,0.027925683780371,35.80932907014085
FER.MC,2025-12-24,28.5366475201685,0.03504265871782038,,,0.027935761616451973,35.79641084176056
FER.MC,2025-12-29,28.5057525571369,0.03508063847799145,,,0.0279660388147357,35.75765615661972
FER.MC,2025-12-30,28.6499290512843,0.03490410039794401,,,0.027825303896185625,35.93851135394366
FER.MC,2025-12-31,28.4954542361264,0.03509331669934234,,,0.027976145803826676,35.74473792823944
RAAG.DE,2024-01-02,31.5632004277107,0.031682465226880376,,,0.03423460047558557,29.210213821924132
RAAG.DE,2024-01-03,30.3708128559972,0.03292634954294725,,,0.035578684097028836,28.106716855318144
RAAG.DE,2024-01-04,30.511093746787,0.032774964027807295,,,0.035415103940260935,28.236540027859995
RAAG.DE,2024-01-05,30.2772922621373,0.03302805255311854,,,0.03568857964636329,28.020168073623555
RAAG.DE,2024-01-08,30.6513746375769,0.032624964192439675,,,0.03525302108469905,28.366363200401914
RAAG.DE,2024-01-09,31.1657379038062,0.032086517671634285,,,0.034671200781725815,28.842381499722123
RAAG.DE,2024-01-10,31.0955974584113,0.03215889327540487,,,0.03474940649777478,28.777469913451217
RAAG.DE,2024-01-11,33.1764306717937,0.030141880236989774,,,0.03256991588586361,30.703180306155847
RAAG.DE,2024-01-12,33.5738931956982,0.029785047392958567,,,0.03218433888721484,31.07101262835782
RAAG.DE,2024-01-15,33.0595299294689,0.030248463971915433,,,0.03268508531968915,30.59499432903761
RAAG.DE,2024-01-16,33.4569924533734,0.029889118138566338,,,0.03229679290149581,30.96282665123958
RAAG.DE,2024-01-17,33.5271328987683,0.029826588602711607,,,0.03222922638914955,31.02773823751056
RAAG.DE,2024-01-18,34.0882564619276,0.029335615950815123,,,0.03169870414406067,31.5470309276781
RAAG.DE,2024-01-19,33.8544549772779,0.029538209983624608,,,0.03191761784671302,31.330658973441626
RAAG.DE,2024-01-22,34.6026197281569,0.02889954598397873,,,0.031227507190567876,32.023049226998346
RAAG.DE,2024-01-23,34.4155785404372,0.0290566087338916,,,0.03139722190356009,31.84995166360917
RAAG.DE,2024-01-24,33.5271328987683,0.029826588602711607,,,0.03222922638914959,31.027738237510526
RAAG.DE,2024-01-25,33.9012152742078,0.029497467625026544,,,0.0318735935462348,31.373933364288924
RAAG.DE,2024-01-26,33.4803726018383,0.029868245849363494,,,0.032274239275167954,30.984463846663232
RAAG.DE,2024-01-29,33.6907939380231,0.029681698859325777,,,0.032072665261651985,31.179198605476056
RAAG.DE,2024-01-30,34.1583969073225,0.029275378546398678,,,0.03163361440249176,31.611942513949046
RAAG.DE,2024-01-31,33.3868520079784,0.029951910403563407,,,0.03236464330675102,30.897915064968675
RAAG.DE,2024-02-01,33.8310748288129,0.029558623397573237,,,0.03193967563375295,31.309021778017943
RAAG.DE,2024-02-02,34.1116366103926,0.029315509291493087,,,0.03167697782182348,31.56866812310175
RAAG.DE,2024-02-05,34.1817770557874,0.02925535434766659,,,0.031611977183338205,31.633579709372693
RAAG.DE,2024-02-06,34.1817770557874,0.02925535434766659,,,0.031611977183338205,31.633579709372693
RAAG.DE,2024-02-07,34.4623388373671,0.0290171832132215,,,0.0313546205169881,31.893226054456463
RAAG.DE,2024-02-08,35.0000822520615,0.028571361427046364,,,0.030872886200427826,32.39088154920036
RAAG.DE,2024-02-09,35.1403631428513,0.028457304096000294,,,0.0307496411457355,32.52070472174224
RAAG.DE,2024-02-12,35.1871234397812,0.028419487080590358,,,0.030708777835242864,32.5639791125895
RAAG.DE,2024-02-13,34.7662807674117,0.028763502391586093,,,0.03108050480298622,32.174509594963844
RAAG.DE,2024-02-14,35.0000822520615,0.028571361427046364,,,0.030872886200427826,32.39088154920036
RAAG.DE,2024-02-15,35.2806440336411,0.028344153781503293,,,0.030627376171000965,32.650527894284124
RAAG.DE,2024-02-16,35.7482470029405,0.02797339964440058,,,0.030226756469614428,33.083271802757075
RAAG.DE,2024-02-19,35.4676852213609,0.028194679008759674,,,0.030465860673724757,32.82362545767331
RAAG.DE,2024-02-20,35.2572638851761,0.02836294963944861,,,0.030647686102148845,32.62889069886048
RAAG.DE,2024-02-21,35.7014867060106,0.02801003801983526,,,0.03026634619649015,33.03999741190978
RAAG.DE,2024-02-22,36.3561308630297,0.027505677206616428,,,0.029721357326071066,33.64583888377188
RAAG.DE,2024-02-23,35.9352881906603,0.02782779964625143,,,0.030069427873806447,33.256369366146224
RAAG.DE,2024-02-26,35.1871234397812,0.028419487080590358,,,0.03070877783524283,32.563979112589536
RAAG.DE,2024-02-27,35.5144455182908,0.028157556324087216,,,0.030425747624779762,32.8668998485206
RAAG.DE,2024-02-28,35.7248668544755,0.027991706843120762,,,0.03024653837829873,33.06163460733343
RAAG.DE,2024-02-29,35.5378256667558,0.02813903161597924,,,0.030405730685552933,32.88853704394425
RAAG.DE,2024-03-01,35.4910653698258,0.028176105438925243,,,0.03044579093678558,32.84526265309692
RAAG.DE,2024-03-04,35.4443050728959,0.028213277081984477,,,0.030485956887889517,32.80198826224962
RAAG.DE,2024-03-05,34.1350167588575,0.029295430175540066,,,0.031655281261671546,31.5903053185254
RAAG.DE,2024-03-06,33.1998108202587,0.03012065356076652,,,0.03254697932538064,30.72481750157946
RAAG.DE,2024-03-07,33.8076946803479,0.02957906504584268,,,0.03196176392948856,31.28738458259433
RAAG.DE,2024-03-08,34.2519175011824,0.029195445772210546,,,0.031547242759072024,31.6984912956436
RAAG.DE,2024-03-11,34.6493800250869,0.0288605452471582,,,0.03118536480569535,32.066323617845605
RAAG.DE,2024-03-12,35.8417675968004,0.027900409690990523,,,0.030147886915877664,33.16982058445167
RAAG.DE,2024-03-13,35.4209249244309,0.028231899707121123,,,0.030506079631709905,32.78035106682598
RAAG.DE,2024-03-14,35.3975447759659,0.02825054693281938,,,0.030526228957754628,32.75871387140233
RAAG.DE,2024-03-15,34.9533219551315,0.02860958398413945,,,0.0309141877204284,32.347607158353064
RAAG.DE,2024-03-18,34.7896609158767,0.028744172080839032,,,0.031059617366962673,32.19614679038753
RAAG.DE,2024-03-19,35.4676852213609,0.028194679008759674,,,0.030465860673724757,32.82362545767331
RAAG.DE,2024-03-20,35.2338837367112,0.02838177044212901,,,0.030668022987419018,32.60725350343683
RAAG.DE,2024-03-21,35.8885278937303,0.027864057365660277,,,0.03010860628145958,33.213094975298965
RAAG.DE,2024-03-22,36.0054286360552,0.027773589646940565,,,0.030010851066260037,33.3212809524172
RAAG.DE,2024-03-25,35.3975447759659,0.02825054693281938,,,0.030526228957754597,32.758713871402364
RAAG.DE,2024-03-26,36.4028911599597,0.02747034557243961,,,0.02968317960310887,33.689113274619174
RAAG.DE,2024-03-27,37.9927412555777,0.02632081726540831,,,0.02844105270279431,35.16044256342702
RAAG.DE,2024-03-28,35.1647215932184,0.0284375918446871,,,0.02892159614645836,34.576238286988755
RAAG.DE,2024-04-02,34.8566451837659,0.02868893419684976,,,0.027469394916624496,36.40415098458537
RAAG.DE,2024-04-03,35.3407652557626,0.028295935098262816,,,0.027093101835574847,36.90976419270461
RAAG.DE,2024-04-04,35.3187597979446,0.028313564964367623,,,0.02710998227285558,36.88678177415373
RAAG.DE,2024-04-05,35.0106833884921,0.028562710099189235,,,0.027348536485187404,36.56502791444153
RAAG.DE,2024-04-08,35.5168089183069,0.028155682631852568,,,0.026958811367988354,37.093623541111604
RAAG.DE,2024-04-09,35.2747488823085,0.028348890684847212,,,0.0271438063305884,36.84081693705198
RAAG.DE,2024-04-10,35.1427161354003,0.028455398727495352,,,0.027245786817741518,36.70292242574674
RAAG.DE,2024-04-11,35.2967543401266,0.028331216812849124,,,0.027126883758063065,36.8637993556029
RAAG.DE,2024-04-12,34.7466178946757,0.028779779460297694,,,0.02755637843440985,36.28923889183103
RAAG.DE,2024-04-15,35.0546943041282,0.028526849822856266,,,0.02731420059506162,36.61099275154328
RAAG.DE,2024-04-16,34.92266155722,0.028634701807063654,,,0.02741746789409777,36.47309824023803
RAAG.DE,2024-04-17,34.7906288103118,0.028743372402156873,,,0.02752151900565032,36.33520372893278
RAAG.DE,2024-04-18,35.0106833884921,0.028562710099189235,,,0.027348536485187404,36.56502791444153
RAAG.DE,2024-04-19,34.5705742321314,0.028926334670789366,,,0.02769670372242722,36.105379543424036
RAAG.DE,2024-04-22,34.2404923648609,0.02920518751144607,,,0.027963702794301513,35.760643265160915
RAAG.DE,2024-04-23,34.6365906055855,0.028871201885521024,,,0.027643914579373065,36.174326799076624
RAAG.DE,2024-04-24,35.0987052197643,0.028491079478250775,,,0.027279950813751196,36.65695758864503
RAAG.DE,2024-04-25,34.7686233524938,0.028761564410006314,,,0.02753893768856529,36.31222131038191
RAAG.DE,2024-04-26,35.3407652557626,0.028295935098262816,,,0.02709310183557482,36.90976419270465
RAAG.DE,2024-04-29,35.4507925448528,0.028208114070645586,,,0.027009013996234114,37.02467628545902
RAAG.DE,2024-04-30,35.3847761713987,0.0282607411491356,,,0.027059403947719624,36.9557290298064
RAAG.DE,2024-05-02,34.5485687743134,0.0289447590877771,,,0.027714344934989303,36.082397124873125
RAAG.DE,2024-05-03,37.7569030614566,0.02648522306960156,,,0.027093101835574847,36.90976419270461
RAAG.DE,2024-05-06,38.1565714002142,0.0262078054527296,,,0.02680931703507899,37.30046530806948
RAAG.DE,2024-05-07,38.8383585663302,0.02574774107129546,,,0.026299612729777485,38.02337358632508
RAAG.DE,2024-05-08,38.5562397389718,0.025936139176695232,,,0.02651402577979548,37.715886991481746
RAAG.DE,2024-05-09,37.8039228660163,0.026452281249863263,,,0.027150130958670297,36.83223486185998
RAAG.DE,2024-05-10,37.4277644295385,0.02671813332272623,,,0.027301041579574904,36.62863913397881
RAAG.DE,2024-05-13,37.1691555044601,0.026904027988475694,,,0.02756991384035648,36.27142274692977
RAAG.DE,2024-05-14,37.3572347226989,0.026768576620377706,,,0.027459089234893007,36.41781384100945
RAAG.DE,2024-05-15,37.9920020842552,0.026321329362487694,,,0.027084839754485952,36.92102331284327
RAAG.DE,2024-05-16,37.6628634523371,0.02655135346428225,,,0.027118255565570838,36.875528279539985
RAAG.DE,2024-05-17,37.3102149181392,0.026802311436534436,,,0.027430283137363197,36.456058254750026
RAAG.DE,2024-05-20,37.7569030614566,0.02648522306960156,,,0.02705575151119201,36.96071793039403
RAAG.DE,2024-05-21,37.7333931591767,0.02650172476621816,,,0.027107334009055198,36.89038544572293
RAAG.DE,2024-05-22,37.9920020842552,0.026321329362487694,,,0.02684357435817731,37.252863074673655
RAAG.DE,2024-05-23,38.6032595435315,0.025904548264177953,,,0.02647961518150962,37.764899268562154
RAAG.DE,2024-05-24,38.8148486640503,0.0257633363111933,,,0.026432674744592998,37.83196402416889
RAAG.DE,2024-05-27,38.0860416933746,0.026256338425790223,,,0.02689104372510752,37.187102524634405
RAAG.DE,2024-05-28,37.5688238432177,0.026617814924768533,,,0.027221347654368865,36.7358740903302
RAAG.DE,2024-05-29,37.1691555044601,0.026904027988475694,,,0.027381820389851565,36.52058138437818
RAAG.DE,2024-05-30,37.1456456021802,0.026921055854291213,,,0.027620672422765915,36.20476665788069
RAAG.DE,2024-05-31,36.6284277520232,0.02730119913336341,,,0.027951118907429115,35.77674308180237
RAAG.DE,2024-06-03,36.2052495109857,0.027620304058298826,,,0.0282542347713852,35.392924568346885
RAAG.DE,2024-06-04,37.9920020842552,0.026321329362487694,,,0.026925446502433885,37.139588378213396
RAAG.DE,2024-06-05,38.4151803252927,0.02603137591785808,,,0.02662883815662984,37.55327191212914
RAAG.DE,2024-06-06,38.4622001298524,0.025999552719914505,,,0.02659628456475152,37.5992367492306
RAAG.DE,2024-06-07,37.5923337454975,0.02660116838635409,,,0.02699158830300422,37.048579311973945
RAAG.DE,2024-06-10,37.9920020842552,0.026321329362487694,,,0.02683329065449585,37.267140019312265
RAAG.DE,2024-06-11,38.1095515956545,0.026240140808007472,,,0.026782436656593238,37.337902179032035
RAAG.DE,2024-06-12,38.8853783708899,0.025716607164316882,,,0.026473442933166523,37.7737041050742
RAAG.DE,2024-06-13,38.1800813024941,0.026191667641490207,,,0.02661448348333353,37.57352648328561
RAAG.DE,2024-06-14,37.2631951135795,0.026836131387873895,,,0.02736247431076426,36.546402516186376
RAAG.DE,2024-06-17,37.4512743318184,0.026701361110973078,,,0.027400984942500886,36.49503848487316
RAAG.DE,2024-06-18,38.2741209116135,0.026127314649742103,,,0.026737023661095333,37.40132083045152
RAAG.DE,2024-06-19,38.6032595435315,0.025904548264177953,,,0.026508777767583473,37.723353704479734
RAAG.DE,2024-06-20,38.5092199344121,0.025967807234298017,,,0.026460065569284746,37.792801283184104
RAAG.DE,2024-06-21,37.5923337454975,0.02660116838635409,,,0.027188725669117886,36.779951078613536
RAAG.DE,2024-06-24,39.026437784569,0.025623655572156748,,,0.026312467317594988,38.00479779907626
RAAG.DE,2024-06-25,38.8383585663302,0.02574774107129546,,,0.026291854038274314,38.03459423379774
RAAG.DE,2024-06-26,39.2380269050878,0.02548548127608157,,,0.025987728021366348,38.47970084871711
RAAG.DE,2024-06-27,39.0499476868489,0.025608228928224053,,,0.02625261012093246,38.0914505412417
RAAG.DE,2024-06-28,36.5578980451837,0.02735387025709331,,,0.028010163682035433,35.701326538172246
RAAG.DE,2024-07-01,36.2522693155455,0.027584480058223157,,,0.029984816803497953,33.35021209412033
RAAG.DE,2024-07-02,36.4873683383441,0.027406745006301622,,,0.029791615664300157,33.56649103117689
RAAG.DE,2024-07-03,35.993660390467,0.02778267031337697,,,0.03020025310972818,33.112305263358124
RAAG.DE,2024-07-04,36.0876999995864,0.027710272475426834,,,0.03012155538175498,33.19881683818071
RAAG.DE,2024-07-05,36.2522693155455,0.027584480058223157,,,0.029984816803497984,33.350212094120295
RAAG.DE,2024-07-08,36.0406801950267,0.027746424168154052,,,0.030160852909976447,33.1555610507694
RAAG.DE,2024-07-09,35.7350514653885,0.027983729111697483,,,0.030418807573022264,32.87439843259592
RAAG.DE,2024-07-10,36.0641900973066,0.0277283365383182,,,0.0301411913370234,33.177188944475056
RAAG.DE,2024-07-11,36.1347198041462,0.02767421486648022,,,0.03008236012426408,33.24207262559202
RAAG.DE,2024-07-12,36.7694871657024,0.027196463075307,,,0.029563035492962814,33.82602575564475
RAAG.DE,2024-07-15,36.4873683383441,0.027406745006301622,,,0.029791615664300157,33.56649103117689
RAAG.DE,2024-07-16,36.4873683383441,0.027406745006301622,,,0.029791615664300157,33.56649103117689
RAAG.DE,2024-07-17,35.6880316608288,0.028020598320013274,,,0.030458885053355627,32.831142645184606
RAAG.DE,2024-07-18,36.675447556583,0.027266197596012884,,,0.029638838148072978,33.73951418082213
RAAG.DE,2024-07-19,36.9575663839413,0.027058058683066245,,,0.029412587475186925,33.99904890528999
RAAG.DE,2024-07-22,37.3102149181392,0.026802311436534436,,,0.02913458570320973,34.32346731087482
RAAG.DE,2024-07-23,37.3572347226989,0.026768576620377706,,,0.02909791536248826,34.36672309828613
RAAG.DE,2024-07-24,36.6989574588628,0.027248730461101968,,,0.029619851064057588,33.76114207452775
RAAG.DE,2024-07-25,36.5108782406239,0.027389097392002692,,,0.029772432396003794,33.5881189248825
RAAG.DE,2024-07-26,37.0280960907809,0.027006519523669916,,,0.02935656349904371,34.063932586406956
RAAG.DE,2024-07-29,36.9105465793816,0.02709252754763064,,,0.029450055739486555,33.95579311787864
RAAG.DE,2024-07-30,37.2867050158593,0.02681921075017667,,,0.029152955555481648,34.30183941716913
RAAG.DE,2024-07-31,38.0625317910948,0.02627255605298338,,,0.028558732248915284,35.01555990945578
RAAG.DE,2024-08-01,37.2631951135795,0.026836131387873895,,,0.02917134858737782,34.28021152346351
RAAG.DE,2024-08-02,35.9701504881871,0.027800828921424957,,,0.030219991837250913,33.09067736965243
RAAG.DE,2024-08-05,35.6175019539892,0.028076084653320246,,,0.030519199677223694,32.7662589640676
RAAG.DE,2024-08-06,38.6267694458114,0.025888781649287988,,,0.028141562696892445,35.534629358391165
RAAG.DE,2024-08-07,38.8978168108718,0.02570838370858139,,,0.02664932997751815,37.52439557931167
RAAG.DE,2024-08-08,38.8529778289572,0.02573805293386542,,,0.026680085118865677,37.48113979190017
RAAG.DE,2024-08-09,38.3149100459826,0.026099500137149668,,,0.027054761562898846,36.96207034296453
RAAG.DE,2024-08-12,38.8529778289572,0.02573805293386542,,,0.02668008511886562,37.481139791900254
RAAG.DE,2024-08-13,38.8081388470426,0.025767790718884364,,,0.026710911329286005,37.43788400448898
RAAG.DE,2024-08-14,39.3686261209745,0.025400937206371755,,,0.026330630701021762,37.978581347130245
RAAG.DE,2024-08-15,40.0187913587355,0.024988260915623957,,,0.025902850146215038,38.605790264594546
RAAG.DE,2024-08-16,40.3326642321374,0.024793799741183273,,,0.025701271545855636,38.90858077647334
RAAG.DE,2024-08-19,40.6465371055392,0.02460234182812397,,,0.025502806128512877,39.21137128835289
RAAG.DE,2024-08-20,40.4896006688383,0.02469769974218645,,,0.025601654214282305,39.05997603241331
RAAG.DE,2024-08-21,40.0636303406501,0.02496029419943408,,,0.025873859827081055,38.64904605200586
RAAG.DE,2024-08-22,40.2654057592655,0.02483521477415857,,,0.025744202400330648,38.84369709535675
RAAG.DE,2024-08-23,40.5344396507528,0.0246703792778699,,,0.025573333800328453,39.10323181982462
RAAG.DE,2024-08-26,39.7497574672482,0.02515738620100889,,,0.026078165544835785,38.346255540126684
RAAG.DE,2024-08-27,39.2789481571454,0.025458930213692235,,,0.026390746296229364,37.89206977230793
RAAG.DE,2024-08-28,39.6152405215046,0.025242810262811943,,,0.026166716191847367,38.21648817789238
RAAG.DE,2024-08-29,40.4223421959665,0.024738794084519525,,,0.025644252640595836,38.995092351295966
RAAG.DE,2024-08-30,40.8707320151119,0.024467386579478227,,,0.025362911415795,39.42765022540907
RAAG.DE,2024-09-02,40.4896006688383,0.02469769974218645,,,0.025601654214282305,39.05997603241331
RAAG.DE,2024-09-03,40.1533083044792,0.024904548148737413,,,0.025816073428807283,38.73555762682848
RAAG.DE,2024-09-04,39.57040153959,0.025271414013817998,,,0.026196366861752887,38.173232390481445
RAAG.DE,2024-09-05,38.8081388470426,0.025767790718884364,,,0.026710911329286033,37.43788400448894
RAAG.DE,2024-09-06,38.9874947747009,0.02564924999102284,,,0.026588031921215602,37.61090715413434
RAAG.DE,2024-09-09,39.3462066300172,0.025415410674865427,,,0.026345633909398203,37.956953453424894
RAAG.DE,2024-09-10,39.9066939039491,0.025058452659768984,,,0.025975610961232496,38.497650796066274
RAAG.DE,2024-09-11,39.2341091752309,0.025488026133936425,,,0.02642090714913942,37.8488139848965
RAAG.DE,2024-09-12,39.2116896842736,0.02550259904767797,,,0.02643601344253526,37.82718609119069
RAAG.DE,2024-09-13,39.8618549220346,0.02508663989560671,,,0.026004829871200136,38.45439500865496
RAAG.DE,2024-09-16,39.4134651028891,0.025372039666887794,,,0.02630067548975767,38.02183713454174
RAAG.DE,2024-09-17,40.220566777351,0.024862901747150907,,,0.025772902737455014,38.80044130794507
RAAG.DE,2024-09-18,39.9066939039491,0.025058452659768984,,,0.025975610961232496,38.497650796066274
RAAG.DE,2024-09-19,40.7586345603256,0.024534678621775975,,,0.025432666397686383,39.31951075688117
RAAG.DE,2024-09-20,40.2654057592655,0.02483521477415857,,,0.025744202400330648,38.84369709535675
RAAG.DE,2024-09-23,40.2878252502228,0.024821394398658183,,,0.02572987618864432,38.86532498906241
RAAG.DE,2024-09-24,39.6600795034191,0.025214271189592293,,,0.026137132566983776,38.259743965303684
RAAG.DE,2024-09-25,40.3550837230946,0.024780025407993768,,,0.025686993061663495,38.930208670179
RAAG.DE,2024-09-26,40.5344396507528,0.0246703792778699,,,0.0255733338003287,39.10323181982424
RAAG.DE,2024-09-27,41.117346415642,0.024320635623985128,,,0.025210789264445935,39.66555705617165
RAAG.DE,2024-09-30,41.0276684518129,0.024373795483272526,,,0.02664513555469072,37.53030259303582
RAAG.DE,2024-10-01,40.7362150693683,0.02454818147187053,,,0.02683577218771797,37.26369388609111
RAAG.DE,2024-10-02,41.3191218342574,0.024201869633417687,,,0.026457188315292465,37.796911299980884
RAAG.DE,2024-10-03,40.9828294698983,0.024400462655573732,,,0.026674287781774372,37.48928586889078
RAAG.DE,2024-10-04,40.7586345603256,0.024534678621775975,,,0.026821011036899645,37.28420224816381
RAAG.DE,2024-10-07,40.1533083044792,0.024904548148737413,,,0.027225347886702153,36.730476472200976
RAAG.DE,2024-10-08,40.0860498316073,0.024946334303349436,,,0.02727102800060628,36.66895138598253
RAAG.DE,2024-10-09,40.467181177881,0.02471138267833172,,,0.027014181753509156,37.01759354121838
RAAG.DE,2024-10-10,40.0412108496928,0.024974269728101194,,,0.027301566665780264,36.62793466183749
RAAG.DE,2024-10-11,40.8931515060692,0.02445397244209911,,,0.026732784026910098,37.40725242059963
RAAG.DE,2024-10-14,41.0500879427701,0.024360483743522014,,,0.026630583323366475,37.55081095510852
RAAG.DE,2024-10-15,41.0500879427701,0.024360483743522014,,,0.026630583323366222,37.55081095510887
RAAG.DE,2024-10-16,41.0949269246847,0.02433390383763707,,,0.02660152649486282,37.591827679254266
RAAG.DE,2024-10-17,41.610575216702,0.024032352227580156,,,0.02627187395748061,38.06352000692595
RAAG.DE,2024-10-18,41.857189617232,0.02389075829372726,,,0.02611708519822365,38.28911198972598
RAAG.DE,2024-10-21,41.3863803071292,0.02416253831765375,,,0.026414191801237028,37.85843638619934
RAAG.DE,2024-10-22,41.2967023433002,0.024215008542013423,,,0.02647155160970877,37.77640293790854
RAAG.DE,2024-10-23,41.2518633613856,0.024241329203472158,,,0.02650032503537175,37.735386213762794
RAAG.DE,2024-10-24,41.1621853975565,0.02429414255685663,,,0.026558059948302588,37.65335276547236
RAAG.DE,2024-10-25,41.4536387800011,0.024123334631903054,,,0.02637133481075368,37.91996147241743
RAAG.DE,2024-10-28,42.0589650358475,0.023776143781657124,,,0.025991790013371006,38.473687248379896
RAAG.DE,2024-10-29,41.5881557257447,0.02404530767352496,,,0.026286036692767415,38.04301164485361
RAAG.DE,2024-10-30,41.1397659065993,0.024307381871601468,,,0.026572533005495124,37.63284440339966
RAAG.DE,2024-10-31,40.3550837230946,0.024780025407993768,,,0.027089221147268902,36.9150517308549
RAAG.DE,2024-11-01,40.4896006688383,0.02469769974218645,,,0.026999223734819503,37.03810190329108
RAAG.DE,2024-11-04,39.7945964491628,0.025129039850359833,,,0.027470759473286508,36.40234267903782
RAAG.DE,2024-11-05,40.0860498316073,0.024946334303349436,,,0.02727102800060628,36.66895138598253
RAAG.DE,2024-11-06,39.7945964491628,0.025129039850359833,,,0.027470759473286508,36.40234267903782
RAAG.DE,2024-11-07,38.2476515731108,0.026145396092842176,,,0.028581827705207476,34.98726569602141
RAAG.DE,2024-11-08,37.0750708215297,0.026972301814708725,,,0.02794303614044914,35.78709181685676
RAAG.DE,2024-11-11,38.0311614730878,0.02629422718808195,,,0.027240557578259234,36.709968110127924
RAAG.DE,2024-11-12,38.2011331444759,0.026177233963663345,,,0.02711935376256064,36.874035006709505
RAAG.DE,2024-11-13,37.7974504249292,0.02645681094247703,,,0.027408992729108506,36.484376127328254
RAAG.DE,2024-11-14,37.8611898016997,0.02641227085671531,,,0.027362849643705965,36.545901213546344
RAAG.DE,2024-11-15,37.3300283286119,0.026788085752229174,,,0.02775219013379832,36.0331921617292
RAAG.DE,2024-11-18,37.3300283286119,0.026788085752229174,,,0.02775219013379829,36.03319216172923
RAAG.DE,2024-11-19,36.9900849858357,0.027034271491479987,,,0.028007236108606292,35.70505836856611
RAAG.DE,2024-11-20,36.6926345609065,0.02725342597954064,,,0.028234277976308047,35.417941299548026
RAAG.DE,2024-11-21,37.4150141643059,0.026727238311565434,,,0.027689152791075547,36.1152256100197
RAAG.DE,2024-11-22,38.1586402266289,0.026206384558277653,,,0.02714955348835387,36.83301828256447
RAAG.DE,2024-11-25,38.28611898017,0.026119126896041414,,,0.02705915541902554,36.95606845500029
RAAG.DE,2024-11-26,38.2436260623229,0.026148148148148177,,,0.027089221147268642,36.915051730855254
RAAG.DE,2024-11-27,37.457507082153,0.026696918131972,,,0.027657741386888004,36.156242334165455
RAAG.DE,2024-11-28,37.5212464589235,0.02665156662891658,,,0.027610757681248037,36.21776742038319
RAAG.DE,2024-11-29,37.6062322946175,0.02659133709981172,,,0.027548360488748043,36.29980086867398
RAAG.DE,2024-12-02,37.542492917847,0.02663648368232411,,,0.027595131898745916,36.23827578245589
RAAG.DE,2024-12-03,37.3937677053824,0.026742424242424265,,,0.027704885264252018,36.09471724794736
RAAG.DE,2024-12-04,38.5835694050992,0.025917767988252537,,,0.026850549595310583,37.24318552401805
RAAG.DE,2024-12-05,37.8611898016997,0.02641227085671531,,,0.027362849643705965,36.545901213546344
RAAG.DE,2024-12-06,37.7337110481586,0.02650150150150153,,,0.02745529170331308,36.42285104111016
RAAG.DE,2024-12-09,37.2025495750708,0.026879878164858192,,,0.027847286159385323,35.910141989292974
RAAG.DE,2024-12-10,36.8626062322946,0.02712776176753123,,,0.028104091103794724,35.58200819612971
RAAG.DE,2024-12-11,37.3512747875354,0.026772847933257495,,,0.027736403905053268,36.05370052380189
RAAG.DE,2024-12-12,36.7988668555241,0.027174749807544248,,,0.02815277024542939,35.52048310991172
RAAG.DE,2024-12-13,36.0339943342776,0.02775157232704404,,,0.028750352632714537,34.782182075294514
RAAG.DE,2024-12-16,35.9065155807365,0.02785009861932942,,,0.028852424890582075,34.659131902858434
RAAG.DE,2024-12-17,35.885269121813,0.027866587724491833,,,0.02886950743936294,34.638623540785524
RAAG.DE,2024-12-18,35.9277620396601,0.02783362901636109,,,0.02883536254588028,34.679640264931244
RAAG.DE,2024-12-19,35.1416430594901,0.02845626763401853,,,0.029480409954705928,33.9208308682414
RAAG.DE,2024-12-20,35.3753541076487,0.028268268268268292,,,0.029285644483533695,34.14642285104107
RAAG.DE,2024-12-23,35.4603399433428,0.028200519273017755,,,0.029215457198971572,34.2284562993319
RAAG.DE,2024-12-27,35.9490084985836,0.027817178881008642,,,0.02881832036943475,34.700148627003905
RAAG.DE,2024-12-30,35.014164305949,0.028559870550161816,,,0.029587741544346846,33.79778069580522
RAAG.DE,2025-01-02,35.2053824362606,0.028404747535707122,,,0.031076390824035342,32.17876894592831
RAAG.DE,2025-01-03,34.8016997167139,0.02873422873422872,,,0.03143686177986969,31.809790907320806
RAAG.DE,2025-01-06,34.971671388102,0.028594572701498566,,,0.03128407022808418,31.965150081471336
RAAG.DE,2025-01-07,35.1841359773371,0.028421900161030605,,,0.031095156760523317,32.15934904915947
RAAG.DE,2025-01-08,34.8441926345609,0.028699186991869925,,,0.03139852414355281,31.848630700858404
RAAG.DE,2025-01-09,34.9504249291785,0.02861195542046603,,,0.031303087899955354,31.94573018470252
RAAG.DE,2025-01-10,34.7379603399433,0.02878695208970442,,,0.03149454409506212,31.751531217014357
RAAG.DE,2025-01-13,33.9305949008498,0.029471926528908423,,,0.03224394464334788,31.013575139799343
RAAG.DE,2025-01-14,34.2067988668555,0.029233954451345776,,,0.03198358981082395,31.266033797793956
RAAG.DE,2025-01-15,34.6317280453258,0.028875255623721865,,,0.031591153126028566,31.654431733170277
RAAG.DE,2025-01-16,34.8866855524079,0.028664230613073518,,,0.0313602798997726,31.887470494396037
RAAG.DE,2025-01-17,35.2478753541077,0.02837050431987137,,,0.03103892682063087,32.21760873946591
RAAG.DE,2025-01-20,35.1416430594901,0.02845626763401853,,,0.03113275670823855,32.12050925562186
RAAG.DE,2025-01-21,35.5240793201133,0.028149920255183425,,,0.030797595451810145,32.470067397460554
RAAG.DE,2025-01-22,35.842776203966,0.027899624580122514,,,0.03052375791074488,32.76136584899276
RAAG.DE,2025-01-23,36.0339943342776,0.02775157232704404,,,0.030361780421831797,32.93614491991204
RAAG.DE,2025-01-24,36.2889518413598,0.027556596409055407,,,0.030148465805285025,33.16918368113777
RAAG.DE,2025-01-27,36.0764872521247,0.027718884962701175,,,0.030326018607436167,32.97498471344974
RAAG.DE,2025-01-28,36.2039660056657,0.02762128325508609,,,0.03021923685177643,33.091504094062365
RAAG.DE,2025-01-29,36.1189801699717,0.0276862745098039,,,0.030290340938486243,33.013824506987376
RAAG.DE,2025-01-30,36.71388101983,0.027237654320987677,,,0.02979952522883491,33.55758161651415
RAAG.DE,2025-01-31,36.4801699716714,0.027412152980003872,,,0.029990436572758843,33.34396275205704
RAAG.DE,2025-02-03,35.6515580736544,0.028049264998013503,,,0.0306874729412554,32.58658677807345
RAAG.DE,2025-02-04,35.7365439093484,0.027982560443916008,,,0.030614494408695934,32.66426636514871
RAAG.DE,2025-02-05,35.800283286119,0.02793273986152323,,,0.03055998789046087,32.72252605545516
RAAG.DE,2025-02-06,37.2025495750708,0.026879878164858192,,,0.029408097998530305,34.00423924219703
RAAG.DE,2025-02-07,36.3739376770538,0.027492211838006247,,,0.03007802546461847,33.246863268213026
RAAG.DE,2025-02-10,36.7351274787535,0.027221900906111464,,,0.029782290107245004,33.577001513283044
RAAG.DE,2025-02-11,37.3937677053824,0.026742424242424265,,,0.029257715679219927,34.17901831311603
RAAG.DE,2025-02-12,37.5,0.02666666666666667,,,0.029174832631969724,34.276117796960456
RAAG.DE,2025-02-13,37.2237960339943,0.026864535768645385,,,0.02939131255446727,34.023659138965776
RAAG.DE,2025-02-14,36.8201133144476,0.02715906905174071,,,0.029713548525924276,33.654681100358204
RAAG.DE,2025-02-17,36.6501416430595,0.027285024154589367,,,0.029851350490102506,33.49932192620764
RAAG.DE,2025-02-18,37.0325779036827,0.027003251099636656,,,0.02954307492566077,33.84888006804639
RAAG.DE,2025-02-19,36.5651558073654,0.02734844082897543,,,0.029920731897400674,33.421642339132546
RAAG.DE,2025-02-20,36.3951841359773,0.027476162677563754,,,0.030060466780751274,33.26628316498177
RAAG.DE,2025-02-21,36.9900849858357,0.027034271491479987,,,0.029577012978418502,33.810040274508836
RAAG.DE,2025-02-24,37.1175637393768,0.02694142339248233,,,0.02947543193785167,33.92655965512156
RAAG.DE,2025-02-25,37.2450424929178,0.026849210876592543,,,0.029374546260939337,34.04307903573459
RAAG.DE,2025-02-26,37.1813031161473,0.026895238095238104,,,0.029424902625958243,33.98481934542797
RAAG.DE,2025-02-27,37.1813031161473,0.026895238095238104,,,0.02942490262595827,33.98481934542794
RAAG.DE,2025-02-28,36.8626062322946,0.02712776176753123,,,0.029679296596787794,33.6935208938958
RAAG.DE,2025-03-03,37.1175637393768,0.02694142339248233,,,0.029475431937851702,33.92655965512152
RAAG.DE,2025-03-04,36.5651558073654,0.02734844082897543,,,0.029920731897400705,33.42164233913251
RAAG.DE,2025-03-05,37.4787535410765,0.026681783824640957,,,0.029191371652736435,34.2566979001913
RAAG.DE,2025-03-06,37.5212464589235,0.02665156662891658,,,0.029158312341691143,34.29553769372927
RAAG.DE,2025-03-07,35.6090651558074,0.028082736674622088,,,0.030724092837366716,32.547746984535785
RAAG.DE,2025-03-10,35.8215297450425,0.027916172400158163,,,0.03054186215624367,32.74194595222381
RAAG.DE,2025-03-11,35.2903682719547,0.02833634356813163,,,0.031001553037583722,32.25644853300358
RAAG.DE,2025-03-12,35.6940509915014,0.02801587301587303,,,0.030650940235373143,32.62542657161088
RAAG.DE,2025-03-13,35.5453257790368,0.028133094241880874,,,0.030779186847236628,32.48948729422917
RAAG.DE,2025-03-14,35.6303116147309,0.028065990856688514,,,0.030705771971035745,32.567166881304395
RAAG.DE,2025-03-17,35.9065155807365,0.02785009861932942,,,0.030469573725104473,32.819625539299246
RAAG.DE,2025-03-18,36.1189801699717,0.0276862745098039,,,0.030290340938486433,33.01382450698716
RAAG.DE,2025-03-19,35.842776203966,0.027899624580122514,,,0.030523757910745134,32.76136584899249
RAAG.DE,2025-03-20,35.9490084985836,0.027817178881008642,,,0.03043355768051218,32.85846533283684
RAAG.DE,2025-03-21,34.8016997167139,0.02873422873422872,,,0.03143686177987,31.8097909073205
RAAG.DE,2025-03-24,34.9504249291785,0.02861195542046603,,,0.03130308789995546,31.945730184702413
RAAG.DE,2025-03-25,35.0354107648725,0.028542551041034987,,,0.031227155606687013,32.02340977177758
RAAG.DE,2025-03-26,35.014164305949,0.028559870550161816,,,0.03124610412343851,32.003989875008905
RAAG.DE,2025-03-27,33.314447592068,0.03001700680272108,,,0.032840293109328164,30.45039813350368
RAAG.DE,2025-03-28,30.7282098747986,0.032543386161266064,,,0.03365593437609579,29.712442056288666
RAAG.DE,2025-03-31,30.7282098747986,0.032543386161266064,,,0.03087427641827766,32.38942304111772
RAAG.DE,2025-04-01,30.6679584828873,0.032607322086926634,,,0.030934933149944218,32.32591436848808
RAAG.DE,2025-04-02,30.6277908882797,0.03265008578802426,,,0.030975503554075325,32.283575253401615
RAAG.DE,2025-04-03,29.543265833875,0.03384866133700684,,,0.032112605655992436,31.140419146068048
RAAG.DE,2025-04-04,27.9365620495718,0.035795385209731904,,,0.03395948448595606,29.446854542610915
RAAG.DE,2025-04-07,27.2737967385468,0.03666522888566786,,,0.034784714963155244,28.74825914368488
RAAG.DE,2025-04-08,27.8361430630529,0.03592451719100793,,,0.034081993448748064,29.341006754894877
RAAG.DE,2025-04-09,27.6553888873188,0.036159317956962214,,,0.034304751575864066,29.15048073700595
RAAG.DE,2025-04-10,28.2177352118249,0.03543870521475943,,,0.033621098163676026,29.743228348215947
RAAG.DE,2025-04-11,28.4185731848628,0.03518825500122756,,,0.03338349322965711,29.95492392364809
RAAG.DE,2025-04-14,28.9608357120651,0.03452939030980378,,,0.03275842088763164,30.526501977314872
RAAG.DE,2025-04-15,29.2219250770144,0.03422088029329003,,,0.03246573396561156,30.80170622537666
RAAG.DE,2025-04-16,29.3625116581409,0.03405703202923191,,,0.032310289274941735,30.94989312817916
RAAG.DE,2025-04-17,29.0813384958878,0.03438631272564718,,,0.03262268157456138,30.653519322574123
RAAG.DE,2025-04-22,28.780081536331,0.0347462531938151,,,0.03296416114442765,30.335975959425944
RAAG.DE,2025-04-23,29.3223440635333,0.03410368549776513,,,0.03235454994518138,30.907554013092728
RAAG.DE,2025-04-24,29.6637686176978,0.033711158311941075,,,0.03198215498982046,31.26743649132737
RAAG.DE,2025-04-25,29.7240200096091,0.03364282488293047,,,0.03191732629727356,31.330945163956976
RAAG.DE,2025-04-28,29.5834334284826,0.03380270253003193,,,0.03206900401898498,31.18275826115448
RAAG.DE,2025-04-29,29.7240200096091,0.03364282488293047,,,0.03191732629727353,31.33094516395701
RAAG.DE,2025-04-30,30.2261149422039,0.03308397397125382,,,0.03138713815280058,31.860184102537332
RAAG.DE,2025-05-02,30.7482936721024,0.03252212986723518,,,0.030854110333092665,32.4105925986609
RAAG.DE,2025-05-05,30.8286288613176,0.03243738164608274,,,0.030773708742648093,32.495270828833796
RAAG.DE,2025-05-06,29.1817574824068,0.03426798405143636,,,0.032510421830670905,30.75936711029023
RAAG.DE,2025-05-07,32.8284139705768,0.03046141677439161,,,0.031703116053667664,31.542640739389157
RAAG.DE,2025-05-08,33.1589013595424,0.030157814613849445,,,0.031387138152800545,31.860184102537367
RAAG.DE,2025-05-09,33.5775187188987,0.029781831360789685,,,0.030995828687640958,32.26240569585844
RAAG.DE,2025-05-12,33.9080061078643,0.029491560099963218,,,0.030693725094194164,32.57994905900665
RAAG.DE,2025-05-13,34.5249159005999,0.028964589019683146,,,0.03014527308230046,33.172696670216645
RAAG.DE,2025-05-14,33.7537786596803,0.029626312659166782,,,0.03083397057438957,32.43176215620415
RAAG.DE,2025-05-15,33.3571937929217,0.029978540947056438,,,0.031200556750307015,32.050710120426295
RAAG.DE,2025-05-16,32.6962190149906,0.030584576141403964,,,0.03183129576817036,31.41562339412987
RAAG.DE,2025-05-19,32.7182515075883,0.03056398046723467,,,0.0318098605521649,31.43679295167305
RAAG.DE,2025-05-20,32.8724789557722,0.03042058377603452,,,0.03166061857906493,31.58497985447555
RAAG.DE,2025-05-21,32.6962190149906,0.030584576141403964,,,0.03183129576817036,31.41562339412987
RAAG.DE,2025-05-22,31.8149193110825,0.031431794317066115,,,0.032713049113549046,30.568841092401303
RAAG.DE,2025-05-23,31.3963019517262,0.03185088490796028,,,0.033149223101729734,30.166619499080195
RAAG.DE,2025-05-26,31.8589842962779,0.03138832018938,,,0.03266780284921499,30.611180207487696
RAAG.DE,2025-05-27,31.9471142666687,0.03130173171989207,,,0.03257768477238953,30.695858437660586
RAAG.DE,2025-05-28,31.5284969073124,0.03171733822071518,,,0.03301023264847297,30.293636844339517
RAAG.DE,2025-05-29,31.5725618925078,0.03167307117504776,,,0.032964161144427684,30.33597595942591
RAAG.DE,2025-05-30,31.8810167888756,0.03136662819201347,,,0.03264522662057002,30.632349765030945
RAAG.DE,2025-06-02,31.704756848094,0.03154100833484604,,,0.032826715024298035,30.462993304685195
RAAG.DE,2025-06-03,31.7488218332894,0.031497231779211286,,,0.03278115400413936,30.50533241977166
RAAG.DE,2025-06-04,32.3877641186228,0.03087585781894111,,,0.0321344509659625,31.119249588524834
RAAG.DE,2025-06-05,32.7182515075883,0.03056398046723467,,,0.031809860552164865,31.436792951673084
RAAG.DE,2025-06-06,32.6301215371975,0.03064653004310835,,,0.0318957750978831,31.352114721500193
RAAG.DE,2025-06-09,32.4538615964159,0.030812974198128607,,,0.032069004018984944,31.182758261154515
RAAG.DE,2025-06-10,32.2335366704389,0.031023589196065206,,,0.03228820431986659,30.971062685722373
RAAG.DE,2025-06-11,32.4979265816113,0.030771193894131146,,,0.032025520623704964,31.225097376240942
RAAG.DE,2025-06-12,31.7488218332894,0.031497231779211286,,,0.0327811540041394,30.505332419771623
RAAG.DE,2025-06-13,31.2200420109445,0.03203070641767362,,,0.03333637467887426,29.99726303873452
RAAG.DE,2025-06-16,31.0878470553583,0.03216691069726683,,,0.03347813105596373,29.870245693475233
RAAG.DE,2025-06-17,30.5590672330135,0.03272351189174002,,,0.03405742099492777,29.36217631243809
RAAG.DE,2025-06-18,30.7132946811974,0.03255919009601394,,,0.03388640094689011,29.51036321524059
RAAG.DE,2025-06-19,30.2726448292433,0.033033122994063684,,,0.034379652780178224,29.086972064376273
RAAG.DE,2025-06-20,30.3387423070364,0.03296115540584133,,,0.034304751575864066,29.15048073700595
RAAG.DE,2025-06-23,30.5810997256112,0.03269993587452695,,,0.03403288394810146,29.383345869981305
RAAG.DE,2025-06-24,31.1539445331514,0.03209866406919626,,,0.033407102489366916,29.933754366104875
RAAG.DE,2025-06-25,30.7353271737951,0.03253585017479816,,,0.03386210962004651,29.53153277278377
RAAG.DE,2025-06-26,31.3522369665307,0.03189565073355133,,,0.03319581371747356,30.124280383993767
RAAG.DE,2025-06-27,31.9471142666687,0.03130173171989207,,,0.03257768477238957,30.69585843766055
RAAG.DE,2025-06-30,31.3742694591285,0.03187325210241812,,,0.030768185546431077,32.5011040540866
RAAG.DE,2025-07-01,31.3963019517262,0.03185088490796028,,,0.030746593837275685,32.52392786311335
RAAG.DE,2025-07-02,31.5725618925078,0.03167307117504776,,,0.030574945023110853,32.706518335327324
RAAG.DE,2025-07-03,31.3742694591285,0.03187325210241812,,,0.030768185546431077,32.5011040540866
RAAG.DE,2025-07-04,31.5064644147147,0.03173951817751288,,,0.030639088264418114,32.63804690824705
RAAG.DE,2025-07-07,31.7267893406917,0.031519104856835733,,,0.0304263168181374,32.866284998514544
RAAG.DE,2025-07-08,31.7708543258871,0.0314753890387264,,,0.03038411665611505,32.911932616568
RAAG.DE,2025-07-09,31.9911792518641,0.03125861638694456,,,0.030174859654351172,33.14017070683546
RAAG.DE,2025-07-10,32.6741865223929,0.0306051995912633,,,0.02954409724755081,33.84770878666463
RAAG.DE,2025-07-11,31.925081774071,0.03132333401921566,,,0.030237333483863253,33.07169927975526
RAAG.DE,2025-07-14,31.2861394887377,0.03196303591115731,,,0.03085485649163229,32.40980881797962
RAAG.DE,2025-07-15,31.4403669369216,0.031806244564711574,,,0.030703501204006906,32.569575481166844
RAAG.DE,2025-07-16,31.2420745035422,0.032008117767167506,,,0.030898375330125426,32.36416119992613
RAAG.DE,2025-07-17,31.5945943851055,0.03165098395665512,,,0.030553623583066843,32.72934214435407
RAAG.DE,2025-07-18,31.5505293999101,0.031695189241510775,,,0.030596296241702414,32.68369452630058
RAAG.DE,2025-07-21,31.2861394887377,0.03196303591115731,,,0.03085485649163229,32.40980881797962
RAAG.DE,2025-07-22,30.889554621979,0.032373402991329146,,,0.03125099587597564,31.99898025549819
RAAG.DE,2025-07-23,30.9776845923698,0.03228130227158142,,,0.031162088348590224,32.090275491605176
RAAG.DE,2025-07-24,31.3522369665307,0.03189565073355133,,,0.03078980760233159,32.47828024505986
RAAG.DE,2025-07-25,30.9115871145767,0.03235032857722271,,,0.031228721466940775,32.0218040645249
RAAG.DE,2025-07-28,30.5370347404158,0.032747121929179945,,,0.03161175773312976,31.63379931107025
RAAG.DE,2025-07-29,30.6912621885997,0.03258256352752579,,,0.03145290467919444,31.793565974257472
RAAG.DE,2025-07-30,30.6912621885997,0.03258256352752579,,,0.03145290467919444,31.793565974257472
RAAG.DE,2025-07-31,29.9421574402778,0.03339772700062064,,,0.03223980590001314,31.0175564673481
RAAG.DE,2025-08-01,29.3472801401398,0.034074707953335955,,,0.03289331547906746,30.401313623625956
RAAG.DE,2025-08-04,29.6777675291053,0.033695256862541614,,,0.03252702020647205,30.743670759027147
RAAG.DE,2025-08-05,30.2285798440479,0.03308127623457981,,,0.03193432668959027,31.314265984695805
RAAG.DE,2025-08-06,30.1499017345623,0.03316760395453135,,,0.03447198758309823,29.009061272994437
RAAG.DE,2025-08-07,30.98015079885,0.03227873248561206,,,0.033548159431943225,29.80789458893055
RAAG.DE,2025-08-08,31.0275936025236,0.0322293766255423,,,0.03349686255207787,29.853542206984045
RAAG.DE,2025-08-11,30.4345585566038,0.032857384743732926,,,0.03414956836953847,29.28294698131539
RAAG.DE,2025-08-12,30.7192153786453,0.032552914769273626,,,0.03383312449275514,29.556832689636305
RAAG.DE,2025-08-13,30.8378223878293,0.03242771125093022,,,0.03370299709085989,29.670951734770075
RAAG.DE,2025-08-14,30.8378223878293,0.03242771125093022,,,0.03370299709085993,29.67095173477004
RAAG.DE,2025-08-15,30.5768869676245,0.03270444113747821,,,0.033990609944234224,29.41988983547583
RAAG.DE,2025-08-18,30.5531655657878,0.032729832784323974,,,0.03401700016934616,29.39706602644912
RAAG.DE,2025-08-19,30.9564293970132,0.03230346714652059,,,0.03357386683380678,29.78507077990381
RAAG.DE,2025-08-20,30.5531655657878,0.032729832784323974,,,0.03401700016934616,29.39706602644912
RAAG.DE,2025-08-21,30.3871157529302,0.03290868432959357,,,0.03420288541617319,29.237299363261897
RAAG.DE,2025-08-22,30.8615437896661,0.03240278603090643,,,0.03367709163575546,29.69377554379682
RAAG.DE,2025-08-25,30.7192153786453,0.032552914769273626,,,0.0338331244927551,29.556832689636344
RAAG.DE,2025-08-26,30.7666581823189,0.032502717522135176,,,0.03378095313655968,29.6024803076898
RAAG.DE,2025-08-27,30.5057227621142,0.032780734546041454,,,0.03406990374659242,29.351418408395627
RAAG.DE,2025-08-28,30.6243297712981,0.03265377585298945,,,0.03393795214416565,29.46553745352936
RAAG.DE,2025-08-29,30.2210659400727,0.03308950127645942,,,0.03439081335802034,29.077532700074634
RAAG.DE,2025-09-01,30.1024589308887,0.03321987756202471,,,0.03452631695675171,28.963413654940904
RAAG.DE,2025-09-02,29.2247670629274,0.03421755245633878,,,0.03556322744977099,28.11893272095133
RAAG.DE,2025-09-03,29.8652449125208,0.03348373679603601,,,0.03480055299294508,28.73517556467348
RAAG.DE,2025-09-04,29.6043094923161,0.03377886588638568,,,0.035107288636312385,28.484113665379272
RAAG.DE,2025-09-05,30.4582799584406,0.032831794880225335,,,0.03412297213249054,29.305770790342137
RAAG.DE,2025-09-08,31.3122504245651,0.031936382292582825,,,0.033192345619786255,30.127427915305
RAAG.DE,2025-09-09,31.4545788355858,0.03179187377542187,,,0.033042154010646946,30.264370769465476
RAAG.DE,2025-09-10,31.0275936025236,0.0322293766255423,,,0.03349686255207787,29.853542206984045
RAAG.DE,2025-09-11,31.2410862190547,0.032009130316028374,,,0.03326795460753068,30.058956488224723
RAAG.DE,2025-09-12,31.1462006117075,0.032106644802901305,,,0.03336930405035637,29.96766125211774
RAAG.DE,2025-09-15,31.3596932282387,0.03188806703949267,,,0.03314213027089096,30.173075533358492
RAAG.DE,2025-09-16,31.1699220135443,0.03208221052222938,,,0.03334390884179441,29.990485061144522
RAAG.DE,2025-09-17,30.8378223878293,0.03242771125093022,,,0.03370299709085989,29.670951734770075
RAAG.DE,2025-09-18,31.0038722006868,0.03225403567422291,,,0.03352249136810853,29.8307183979573
RAAG.DE,2025-09-19,31.2173648172179,0.03203345336338099,,,0.03329323420829624,30.036132679198015
RAAG.DE,2025-09-22,31.0038722006868,0.03225403567422291,,,0.03352249136810853,29.8307183979573
RAAG.DE,2025-09-23,31.1462006117075,0.032106644802901305,,,0.033369304050356326,29.967661252117775
RAAG.DE,2025-09-24,30.6006083694613,0.03267908885752667,,,0.03396426063419989,29.442713644502614
RAAG.DE,2025-09-25,31.3359718264019,0.031912206378659595,,,0.03316721893877203,30.150251724331746
RAAG.DE,2025-09-26,30.8378223878293,0.03242771125093022,,,0.03370299709085989,29.670951734770075
RAAG.DE,2025-09-29,30.8378223878293,0.03242771125093022,,,0.03370299709085989,29.670951734770075
RAAG.DE,2025-09-30,30.7903795841557,0.03247767690771133,,,0.037098004778341076,26.95562755935138
RAAG.DE,2025-10-01,31.4308574337491,0.0318158676424221,,,0.03634204543568809,27.516337839861773
RAAG.DE,2025-10-02,33.1387983659981,0.030176109252834135,,,0.03446901231373423,29.011565254556146
RAAG.DE,2025-10-03,33.376012384366,0.029961637971719482,,,0.03422402999451792,29.219235728819257
RAAG.DE,2025-10-06,33.7792762155914,0.029603949877956028,,,0.033815456602729436,29.572275535066538
RAAG.DE,2025-10-07,33.6369478045707,0.029729213417637037,,,0.033958540340117575,29.447673250508675
RAAG.DE,2025-10-08,32.4745991145679,0.03079329775471828,,,0.03517400306960315,28.430087926619446
RAAG.DE,2025-10-09,32.3559921053839,0.030906176412176967,,,0.03530294003100199,28.32625268948789
RAAG.DE,2025-10-10,31.4783002374227,0.03176791607099416,,,0.03628727219463958,27.557871934714395
RAAG.DE,2025-10-13,31.7155142557906,0.031530310116835665,,,0.036015864025644516,27.765542408977502
RAAG.DE,2025-10-14,31.2885290227283,0.03196059486444984,,,0.036507361790967946,27.391735555303907
RAAG.DE,2025-10-15,31.1462006117075,0.032106644802901305,,,0.03667418903449103,27.267133270746044
RAAG.DE,2025-10-16,31.3834146300755,0.031863964192146106,,,0.036396984279884144,27.47480374500915
RAAG.DE,2025-10-17,31.0513150043604,0.03220475525302469,,,0.03678625683902729,27.1840650810408
RAAG.DE,2025-10-20,31.1699220135443,0.03208221052222938,,,0.03664627869276006,27.287900318172355
RAAG.DE,2025-10-21,31.668071452117,0.03157754653648637,,,0.03606982037624473,27.72400831412488
RAAG.DE,2025-10-22,31.7866784613009,0.031459719870305505,,,0.03593523149424382,27.827843551256432
RAAG.DE,2025-10-23,31.3596932282387,0.03188806703949267,,,0.03642451603803837,27.45403669758284
RAAG.DE,2025-10-24,31.549464442933,0.031696259117450644,,,0.036205421204726855,27.620173076993325
RAAG.DE,2025-10-27,31.0513150043604,0.03220475525302469,,,0.03678625683902729,27.1840650810408
RAAG.DE,2025-10-28,30.7666581823189,0.032502717522135176,,,0.03712660771186332,26.93486051192507
RAAG.DE,2025-10-29,30.1499017345623,0.03316760395453135,,,0.03788608198448994,26.39491727884099
RAAG.DE,2025-10-30,29.8178021088472,0.03353701243135192,,,0.038308043120355385,26.10417861487264
RAAG.DE,2025-10-31,30.1499017345623,0.03316760395453135,,,0.03788608198448994,26.39491727884099
RAAG.DE,2025-11-03,30.3633943510934,0.032934394239226075,,,0.0376196954705365,26.58182070567779
RAAG.DE,2025-11-04,29.5568666886425,0.03383308557480686,,,0.03864623611740507,25.875741093183223
RAAG.DE,2025-11-05,29.3196526702746,0.03410681604062243,,,0.03895890793065269,25.66807061892011
RAAG.DE,2025-11-06,30.1024589308887,0.03321987756202471,,,0.03794579212158134,26.35338318398837
RAAG.DE,2025-11-07,27.6006546831516,0.03623102464342756,,,0.03770807376843126,26.519519563398855
RAAG.DE,2025-11-10,27.6006546831516,0.03623102464342756,,,0.03770807376843126,26.519519563398855
RAAG.DE,2025-11-11,28.2058374013413,0.03545365399973716,,,0.036899011649261855,27.100996891335555
RAAG.DE,2025-11-12,28.5300424289429,0.035050771567921996,,,0.03647970469870206,27.412502602730218
RAAG.DE,2025-11-13,27.6438820201652,0.03617436940551753,,,0.037649108836815263,26.561053658251478
RAAG.DE,2025-11-14,27.2548359870432,0.036690736296318,,,0.03818652672663499,26.18724680457788
RAAG.DE,2025-11-17,26.9306309594416,0.03713243857917894,,,0.03864623611740507,25.875741093183223
RAAG.DE,2025-11-18,26.2606072357315,0.038079850592310366,,,0.039632271771429396,25.231962622967586
RAAG.DE,2025-11-19,26.6496532688535,0.03752394036468532,,,0.03905369846089758,25.605769476641182
RAAG.DE,2025-11-20,26.7144942743738,0.037432862839528354,,,0.03895890793065269,25.66807061892011
RAAG.DE,2025-11-21,26.8009489484009,0.03731211166907826,,,0.038833234034102194,25.751138808625356
RAAG.DE,2025-11-24,26.9954719649619,0.03704324937522578,,,0.03855341089054181,25.938042235462152
RAAG.DE,2025-11-25,27.2980633240567,0.03663263536789951,,,0.03812605716728956,26.228780899430504
RAAG.DE,2025-11-26,27.081926638989,0.03692499478823384,,,0.03851320928889766,25.96511738346026
RAAG.DE,2025-11-27,27.27644965555,0.03666166281272342,,,0.03815980736745464,26.205583020129975
RAAG.DE,2025-11-28,27.8384050367261,0.035921598190727516,,,0.03738603276575056,26.747957085088274
RAAG.DE,2025-12-01,27.3845179980839,0.03651698379609859,,,0.03800569076739283,26.311849089135748
RAAG.DE,2025-12-02,26.8441762854145,0.03725202775334699,,,0.038770700645963545,25.79267290347798
RAAG.DE,2025-12-03,26.5631985948264,0.03764606873039626,,,0.039180805697548185,25.522701286935938
RAAG.DE,2025-12-04,27.1251539760025,0.036866150175025564,,,0.03836909179465077,26.06264452002002
RAAG.DE,2025-12-05,27.1467676445093,0.0368367981446314,,,0.03833854315468688,26.08341156744633
RAAG.DE,2025-12-08,26.8441762854145,0.03725202775334699,,,0.038770700645963545,25.79267290347798
RAAG.DE,2025-12-09,26.8009489484009,0.03731211166907826,,,0.038833234034102194,25.751138808625356
RAAG.DE,2025-12-10,26.9738582964551,0.03707293146607135,,,0.0385843030467041,25.91727518803584
RAAG.DE,2025-12-11,27.5358136776313,0.03631634102798819,,,0.03779686829064892,26.457218421119922
RAAG.DE,2025-12-12,27.6871093571787,0.036117891077015615,,,0.03759032802676559,26.6025877531041
RAAG.DE,2025-12-15,27.8816323737397,0.03586590579043175,,,0.03732806992425327,26.789491179940896
RAAG.DE,2025-12-16,27.6871093571787,0.036117891077015615,,,0.03759032802676559,26.6025877531041
RAAG.DE,2025-12-17,27.2116086500297,0.036749021818631385,,,0.03824718840531113,26.14571270972526
RAAG.DE,2025-12-18,28.61649710297,0.034944877998230386,,,0.03636949411048846,27.495570792435462
RAAG.DE,2025-12-19,28.7245654455039,0.03481340742637848,,,0.036232663809094595,27.599406029567014
RAAG.DE,2025-12-22,28.4652014234226,0.03513061387217691,,,0.03656280197592006,27.350201460451284
RAAG.DE,2025-12-23,28.4435877549158,0.03515730886752055,,,0.036590585260096294,27.329434413024977
RAAG.DE,2025-12-29,28.5300424289429,0.035050771567921996,,,0.03647970469870206,27.412502602730218
RAAG.DE,2025-12-30,28.5948834344633,0.034971291360284894,,,0.036396984279884144,27.47480374500915
EQTAB.ST,2024-01-02,82.2231381063774,0.012162026687746156,,,0.028653240854935823,34.900066106404836
EQTAB.ST,2024-01-03,79.4796129751318,0.012581842847081902,,,0.029642310673403026,33.73556167796541
EQTAB.ST,2024-01-04,78.9659946674861,0.012663678893818146,,,0.029835113075334253,33.517553544207466
EQTAB.ST,2024-01-05,76.8954446770113,0.013004671527687525,,,0.03063847786961329,32.63869713944839
EQTAB.ST,2024-01-08,78.1625982263804,0.0127938428697537,,,0.03014177411537915,33.17654747766731
EQTAB.ST,2024-01-09,77.1529077147999,0.01296127430085405,,,0.030536235765988608,32.74797875099603
EQTAB.ST,2024-01-10,77.1522156091656,0.012961390571928062,,,0.030536509695916102,32.747684982928426
EQTAB.ST,2024-01-11,76.0204932778252,0.013154347688134446,,,0.03099110882378226,32.26731917486638
EQTAB.ST,2024-01-12,78.0957293257026,0.012804797504732224,,,0.03016758279041127,33.148164602629315
EQTAB.ST,2024-01-15,77.4264216687895,0.012915487742385217,,,0.03042836449408557,32.86407326277337
EQTAB.ST,2024-01-16,77.0858123206061,0.012972555777721061,,,0.0305628144672338,32.71949973953131
EQTAB.ST,2024-01-17,76.1569873963323,0.013130771504863383,,,0.030935564293659908,32.325254859014976
EQTAB.ST,2024-01-18,75.6256501074834,0.013223026824612339,,,0.03115291407957839,32.09972580560379
EQTAB.ST,2024-01-19,77.9768987979639,0.012824310987167799,,,0.03021355576239211,33.097726327357194
EQTAB.ST,2024-01-22,76.3181689129772,0.013103039738024418,,,0.0308702293774514,32.39366924595746
EQTAB.ST,2024-01-23,78.0401379576363,0.012813918916222893,,,0.030189072465371634,33.12456853873367
EQTAB.ST,2024-01-24,80.3514098503862,0.012445332345281725,,,0.029320697476216833,34.10560068740313
EQTAB.ST,2024-01-25,81.346356920033,0.012293113519306629,,,0.028962076105346624,34.52791147853493
EQTAB.ST,2024-01-26,82.2777997873898,0.012153946782534938,,,0.028634204926463982,34.92326755948412
EQTAB.ST,2024-01-29,82.127492497675,0.01217619057379975,,,0.028686610395141244,34.859468798355266
EQTAB.ST,2024-01-30,82.5500301540467,0.01211386595660715,,,0.02853977612866085,35.03881724551293
EQTAB.ST,2024-01-31,83.4883394437763,0.011977720561485498,,,0.02821902310797865,35.4370878174468
EQTAB.ST,2024-02-01,82.1402161965291,0.012174304455291364,,,0.028682166776549604,34.864869442764515
EQTAB.ST,2024-02-02,80.3204260691085,0.012450133159647209,,,0.02933200799985297,34.092449449932396
EQTAB.ST,2024-02-05,78.5099146598873,0.012737244771340011,,,0.030008431294530635,33.32396786040132
EQTAB.ST,2024-02-06,80.1372143725106,0.012478596964346557,,,0.02939906756752525,34.014684231163116
EQTAB.ST,2024-02-07,80.1865749715984,0.012470915491205279,,,0.029380970328825712,34.03563561067616
EQTAB.ST,2024-02-08,81.8270956033469,0.012220890801837256,,,0.028791922316674757,34.73196367374376
EQTAB.ST,2024-02-09,82.2456911223662,0.012158691675557654,,,0.028645383701687975,34.909638858880896
EQTAB.ST,2024-02-12,84.0870219867207,0.011892441620276709,,,0.028018109386520423,35.69120193674104
EQTAB.ST,2024-02-13,80.429164717,0.012433300824627784,,,0.02929235170227647,34.13860417094079
EQTAB.ST,2024-02-14,80.7408723628457,0.0123853009106224,,,0.029179265854635747,34.270910206643485
EQTAB.ST,2024-02-15,81.9512729310112,0.01220237299842587,,,0.02874829512403058,34.78467142784074
EQTAB.ST,2024-02-16,82.6721616654817,0.012095970153125104,,,0.02849761434258438,35.09065664158723
EQTAB.ST,2024-02-19,82.9764917214252,0.012051606174882323,,,0.028393094611908767,35.21983121841799
EQTAB.ST,2024-02-20,83.1052711510907,0.012032931078245759,,,0.02834909684281518,35.274492360183984
EQTAB.ST,2024-02-21,82.8153534459818,0.012075055631469022,,,0.02844834057911033,35.15143518544283
EQTAB.ST,2024-02-22,85.2322333300498,0.011732650441384555,,,0.027641647859766524,36.17729323060866
EQTAB.ST,2024-02-23,87.4985481530636,0.01142876106070552,,,0.02692569682287,37.139243102173886
EQTAB.ST,2024-02-26,90.9446207389617,0.010995702570142103,,,0.02590542860993391,38.60194768661468
EQTAB.ST,2024-02-27,89.6637514780616,0.011152778949302318,,,0.02627549417879452,38.05827563871449
EQTAB.ST,2024-02-28,89.0057304203423,0.011235231656179404,,,0.026469749406968893,37.778974958362184
EQTAB.ST,2024-02-29,89.9943222299456,0.011111812114600828,,,0.026178977980310186,38.19858822418977
EQTAB.ST,2024-03-01,91.5750767598391,0.010920001766665808,,,0.025727080591909608,38.86954823449614
EQTAB.ST,2024-03-04,90.5989216075768,0.011037658972713091,,,0.026004276190122588,38.45521377671869
EQTAB.ST,2024-03-05,88.7183661860193,0.011271623261222604,,,0.026555486550224088,37.65700161843058
EQTAB.ST,2024-03-06,96.4692613495812,0.010365996235590967,,,0.02442186606439603,40.9469119748336
EQTAB.ST,2024-03-07,96.4455436106645,0.010368545425352598,,,0.02442787185192635,40.9368448492635
EQTAB.ST,2024-03-08,99.0217667230579,0.010098789721625348,,,0.02379233837141882,42.03033700971893
EQTAB.ST,2024-03-11,97.964913077415,0.01020773630666898,,,0.02404901210037245,41.58174962972856
EQTAB.ST,2024-03-12,99.6286142882597,0.010037277012672862,,,0.023647416927772284,42.28791681790699
EQTAB.ST,2024-03-13,100.228119538427,0.009977239966241256,,,0.023505972085083676,42.54238013983586
EQTAB.ST,2024-03-14,98.6966683298269,0.010132054272168295,,,0.02387070830129229,41.89234719716561
EQTAB.ST,2024-03-15,100.78847151556,0.009921769672294486,,,0.023375286325747688,42.78022463829708
EQTAB.ST,2024-03-18,98.0619892970878,0.01019763118378527,,,0.02402520484132839,41.62295416852348
EQTAB.ST,2024-03-19,40.9714725202428,0.024407226259830654,,,0.02377614438747704,42.058963964178425
EQTAB.ST,2024-03-20,40.9164578305067,0.024440043274088476,,,0.023808112873410364,42.00248903880286
EQTAB.ST,2024-03-21,42.3117790425556,0.02363408068930965,,,0.023022989542204855,43.434845773040834
EQTAB.ST,2024-03-22,42.1466588258022,0.02372667318975709,,,0.023113187938220824,43.2653428282112
EQTAB.ST,2024-03-25,41.9703286626497,0.023826356186958372,,,0.023210293496599498,43.08433239530161
EQTAB.ST,2024-03-26,41.4806876511061,0.024107604203936928,,,0.023484269465404207,42.58169501389632
EQTAB.ST,2024-03-27,41.064998500495,0.024351638536841684,,,0.023721993960308968,42.15497237176497
EQTAB.ST,2024-03-28,40.380409970113,0.024764483588456287,,,0.024124164344290717,41.452213047813295
EQTAB.ST,2024-04-02,39.7532321133273,0.025155187310285376,,,0.024504765892538773,40.808388228857986
EQTAB.ST,2024-04-03,40.018934446784,0.024988171569879515,,,0.024342068570172147,41.08114300628346
EQTAB.ST,2024-04-04,40.1589096941924,0.024901074446864662,,,0.024257223461166738,41.22483356765438
EQTAB.ST,2024-04-05,39.8140339139122,0.02511677169317351,,,0.024467343563206397,40.87080387033859
EQTAB.ST,2024-04-08,40.2032679222109,0.0248735998758831,,,0.024230459282407205,41.27036918058178
EQTAB.ST,2024-04-09,39.7996107597672,0.025125873869371717,,,0.024476210390318356,40.85599788746518
EQTAB.ST,2024-04-10,39.0717633961637,0.025593930580010266,,,0.02493216486114588,40.10883152623435
EQTAB.ST,2024-04-11,38.8443246472725,0.025743786488259004,,,0.025078146042043253,39.875355950296736
EQTAB.ST,2024-04-12,38.3880216882113,0.02604979251397821,,,0.025376239867760452,39.406941501623415
EQTAB.ST,2024-04-15,38.4624608437816,0.025999376484556747,,,0.025327127413022316,39.48335646962613
EQTAB.ST,2024-04-16,36.3580138021925,0.027504252719649302,,,0.026793093036069353,37.32305182734154
EQTAB.ST,2024-04-17,36.2775211081901,0.027565279254271803,,,0.026852541647034312,37.24042264395644
EQTAB.ST,2024-04-18,34.1370273140396,0.029293704774016105,,,0.028536276385384123,35.043114472783344
EQTAB.ST,2024-04-19,34.0942889647672,0.029330425427947567,,,0.028572047577103504,34.99924173447618
EQTAB.ST,2024-04-22,34.1651161056795,0.02926962100485188,,,0.028512815334671225,35.07194881538101
EQTAB.ST,2024-04-23,35.5229546712578,0.02815081147540681,,,0.02742293414002061,36.46582801439236
EQTAB.ST,2024-04-24,34.5019085561441,0.02898390384325333,,,0.028234485777029996,35.41768062988929
EQTAB.ST,2024-04-25,34.2073392844154,0.029233492604775386,,,0.028477621083281775,35.11529270916051
EQTAB.ST,2024-04-26,34.8013089124343,0.028734551407711736,,,0.02799158068623061,35.72502786496484
EQTAB.ST,2024-04-29,35.2196276317383,0.02839325873788757,,,0.027659112600355414,36.15444987150998
EQTAB.ST,2024-04-30,35.3939932405105,0.028253381674250913,,,0.02752285224753548,36.33344360556034
EQTAB.ST,2024-05-02,35.2721798267909,0.028350955481363602,,,0.027617903151790187,36.20839694106829
EQTAB.ST,2024-05-03,35.7726214251446,0.02795433938473123,,,0.02723154210119238,36.72212158547618
EQTAB.ST,2024-05-06,36.3603554813676,0.027502481391097434,,,0.026791367507614898,37.32545566088668
EQTAB.ST,2024-05-07,37.2856909013437,0.02681994019222967,,,0.02612647433532557,38.275351934795935
EQTAB.ST,2024-05-08,36.6647539841894,0.027274150003330735,,,0.02656893993694628,37.637933706546505
EQTAB.ST,2024-05-10,38.4509531809237,0.02600715761959629,,,0.025334707356282935,39.47154336290381
EQTAB.ST,2024-05-13,38.5536806019839,0.025937860779718706,,,0.02526720228000003,39.57699744191856
EQTAB.ST,2024-05-14,39.475743618746,0.025332011719853356,,,0.024677018267649432,40.5235344543615
EQTAB.ST,2024-05-15,41.1584349398315,0.024296356298821258,,,0.023668141119382126,42.250888861782556
EQTAB.ST,2024-05-16,40.8103756554502,0.024503572533678714,,,0.023869999498001292,41.8935911617314
EQTAB.ST,2024-05-17,40.3239114707289,0.024799181516056527,,,0.024157965110006046,41.39421492854991
EQTAB.ST,2024-05-20,40.7897906269269,0.024515938538303302,,,0.023882045762837745,41.87245975200646
EQTAB.ST,2024-05-21,40.7555686447209,0.024536524289902915,,,0.023902099241965038,41.83732942771382
EQTAB.ST,2024-05-22,40.2730087254975,0.024830526241931453,,,0.02418849937556551,41.34196108958167
EQTAB.ST,2024-05-23,40.2600188595855,0.02483853779323082,,,0.024196303777361636,41.32862643820882
EQTAB.ST,2024-05-24,40.576731437686,0.02464466615640808,,,0.024007444954131915,41.65374540733416
EQTAB.ST,2024-05-27,40.8122889381068,0.024502423804666613,,,0.023868880470932725,41.89555522797936
EQTAB.ST,2024-05-28,40.4342849906146,0.02473148715828943,,,0.0240920210814894,41.50751805411332
EQTAB.ST,2024-05-29,38.5991242855071,0.025907323508255656,,,0.025237454591025638,39.62364732121586
EQTAB.ST,2024-05-30,38.4852483412992,0.025983981995690603,,,0.02531213096950374,39.50674880770838
EQTAB.ST,2024-05-31,38.3807207338365,0.02605474782338828,,,0.02538106705093819,39.39944676057407
EQTAB.ST,2024-06-03,38.6159527105924,0.025896033369796904,,,0.02522645637437904,39.64092241729355
EQTAB.ST,2024-06-04,38.4152400858489,0.026031335422224057,,,0.025358260009096977,39.43488234765562
EQTAB.ST,2024-06-05,39.4423167735556,0.025353480266921274,,,0.02469793171637334,40.48922037212761
EQTAB.ST,2024-06-07,37.9269219425363,0.02636649505897463,,,0.02568475363977032,38.933602946909254
EQTAB.ST,2024-06-10,37.9977889020972,0.026317320794021447,,,0.025636850841999282,39.006350903355155
EQTAB.ST,2024-06-11,37.920373347935,0.02637104837614834,,,0.02568918922476511,38.92688053525533
EQTAB.ST,2024-06-12,40.3418966078568,0.02478812559856803,,,0.024147195058229372,41.412677438872954
EQTAB.ST,2024-06-13,38.6517189970601,0.025872070530060028,,,0.025203113126299352,39.67763803577518
EQTAB.ST,2024-06-14,38.1528534883704,0.026210359345856426,,,0.025532655026858673,39.165531314626925
EQTAB.ST,2024-06-17,38.3117716065286,0.026101638166729748,,,0.02542674498098232,39.328667540730834
EQTAB.ST,2024-06-18,37.6468163517598,0.026562671081036975,,,0.02587585726524009,38.64606261155002
EQTAB.ST,2024-06-19,37.6500292914216,0.026560404303001318,,,0.025873649097818856,38.64936083114383
EQTAB.ST,2024-06-20,38.3932343863593,0.026046255700595235,,,0.025372794503474926,39.41229255859244
EQTAB.ST,2024-06-24,39.0560601188551,0.02560422113640771,,,0.024942189341278467,40.09271144233655
EQTAB.ST,2024-06-25,38.2586579758502,0.026137874481410833,,,0.025462044356698132,39.27414413355763
EQTAB.ST,2024-06-26,37.7481700280953,0.02649135042190701,,,0.025806380698290887,38.7501064830152
EQTAB.ST,2024-06-27,37.2999779864311,0.026809667296955983,,,0.02611646705966464,38.29001823697822
EQTAB.ST,2024-06-28,37.8574306396227,0.026414893538849165,,,0.025731900711435933,38.8622671606833
EQTAB.ST,2024-07-01,37.889442533873,0.026392576219774262,,,0.02264803833400744,44.153934449079316
EQTAB.ST,2024-07-02,38.1990362354684,0.026178670944359703,,,0.02246448160816553,44.51471515979758
EQTAB.ST,2024-07-03,38.187304819466,0.026186713221254865,,,0.022471382859255856,44.50104411745647
EQTAB.ST,2024-07-04,38.4951706087602,0.025977284531697436,,,0.022291667588194775,44.85981122962645
EQTAB.ST,2024-07-05,39.4533699762434,0.025346377270234297,,,0.021750272472998895,45.976435524723406
EQTAB.ST,2024-07-08,38.6863980121429,0.02584887845299321,,,0.022181479565297833,45.082655422340075
EQTAB.ST,2024-07-09,38.9102496132052,0.025700169234088494,,,0.02205386898032396,45.34351776970203
EQTAB.ST,2024-07-10,39.8738623886533,0.02507908539817213,,,0.021520903558254693,46.46645050441823
EQTAB.ST,2024-07-11,41.2470342746383,0.024244167310105813,,,0.020804442356937246,48.06665724767911
EQTAB.ST,2024-07-12,41.4563833531267,0.024121737573728284,,,0.020699382762162946,48.31061928222959
EQTAB.ST,2024-07-15,40.7843261888433,0.024519223276356434,,,0.021040473808197187,47.52744682063237
EQTAB.ST,2024-07-16,40.6961438708966,0.024572352682169944,,,0.021086065296102973,47.424684783880245
EQTAB.ST,2024-07-17,40.8430416000311,0.02448397476840311,,,0.021010226304024174,47.595870007762166
EQTAB.ST,2024-07-18,38.7225725786786,0.025824730471307046,,,0.022160757661897318,45.124810949915144
EQTAB.ST,2024-07-19,44.5213407603795,0.022461138476986782,,,0.02236323095029223,44.71625778147824
EQTAB.ST,2024-07-22,45.5423425457661,0.021957588127907275,,,0.02186187556427284,45.741729572105974
EQTAB.ST,2024-07-23,45.8421372612488,0.021813991662324138,,,0.021718905032001225,46.04283680630183
EQTAB.ST,2024-07-24,45.8498561388731,0.021810319250972855,,,0.021715248628596834,46.050589477621685
EQTAB.ST,2024-07-25,44.8289332989339,0.02230702197020114,,,0.022209786233407917,45.025196978069154
EQTAB.ST,2024-07-26,44.8761204086537,0.022283566201662226,,,0.022186432707962663,45.07259067570165
EQTAB.ST,2024-07-29,45.1281167261404,0.022159134316827173,,,0.022062543218523124,45.325690247732936
EQTAB.ST,2024-07-30,46.6174845989914,0.021451178857077063,,,0.021357673718469344,46.821578659816126
EQTAB.ST,2024-07-31,47.7565680141964,0.020939528144123216,,,0.02084825327785401,47.9656490485103
EQTAB.ST,2024-08-01,46.6902176681847,0.02141776264798638,,,0.021324403169777247,46.89463015861962
EQTAB.ST,2024-08-02,43.3047156935348,0.02309217331149216,,,0.022991515120134403,43.49430625928032
EQTAB.ST,2024-08-05,41.3247134771261,0.024198594880845723,,,0.024093113826236877,41.50563547792738
EQTAB.ST,2024-08-06,42.2191411833822,0.0236859389360011,,,0.02358269253551085,42.40397904073925
EQTAB.ST,2024-08-07,43.7624428666342,0.022850643942512405,,,0.02275103857148099,43.95403738858435
EQTAB.ST,2024-08-08,43.3597973981292,0.02306283838962647,,,0.022962308068440903,43.549629114783414
EQTAB.ST,2024-08-09,43.9662966664725,0.022744694818987853,,,0.02264555127746922,44.15878367222315
EQTAB.ST,2024-08-12,43.849588835665,0.022805230939512287,,,0.022705823522596532,44.04156488773963
EQTAB.ST,2024-08-13,44.3236237903182,0.022561332185533852,,,0.022462987917032873,44.51767519501429
EQTAB.ST,2024-08-14,43.9229627846895,0.022767134469093148,,,0.02266789311371506,44.115260072183624
EQTAB.ST,2024-08-15,44.8354753545197,0.022303767097212088,,,0.022206545548326784,45.03176767515503
EQTAB.ST,2024-08-16,45.8170338790879,0.021825943657527474,,,0.021730804928763933,46.01762352007275
EQTAB.ST,2024-08-19,46.8894511566693,0.021326758478335598,,,0.021233795684968526,47.0947359029127
EQTAB.ST,2024-08-20,47.0443995309311,0.021256515333828687,,,0.021163858728527416,47.250362650175376
EQTAB.ST,2024-08-21,47.3004288705022,0.02114145735840519,,,0.02104930228786856,47.5075129010967
EQTAB.ST,2024-08-22,47.9762618538392,0.020843641445982667,,,0.020752784547372016,48.186304720569794
EQTAB.ST,2024-08-23,48.2406418159418,0.02072940911141725,,,0.02063905014862395,48.451842153533995
EQTAB.ST,2024-08-26,48.6484302316242,0.020555647843904,,,0.02046604630202035,48.86141589063456
EQTAB.ST,2024-08-27,48.4326210667866,0.020647241011818068,,,0.02055724021766396,48.64466190071285
EQTAB.ST,2024-08-28,48.3100624458705,0.02069962134949546,,,0.020609392230792528,48.521566711021116
EQTAB.ST,2024-08-29,47.9953820179173,0.0208353378586858,,,0.02074451715519927,48.20550859383905
EQTAB.ST,2024-08-30,48.1111703795023,0.02078519379412247,,,0.020694591667327625,48.32180388361023
EQTAB.ST,2024-09-02,47.6845712077923,0.02097114380335639,,,0.020879731125239245,47.893337035897375
EQTAB.ST,2024-09-03,45.8967903024707,0.02178801596821398,,,0.021693042565275635,46.09772912171916
EQTAB.ST,2024-09-04,44.410787401159,0.022517051791202936,,,0.022418900539805397,44.605220413216585
EQTAB.ST,2024-09-05,44.504916244037,0.022469427748535203,,,0.022371484089118484,44.69976135764731
EQTAB.ST,2024-09-06,44.2673302214424,0.022590022822646206,,,0.022491553492393696,44.46113516961756
EQTAB.ST,2024-09-09,45.0874851747542,0.022179103494553057,,,0.022082425351115247,45.28488080905009
EQTAB.ST,2024-09-10,45.1443177425693,0.022151182031421857,,,0.022054625596925947,45.34196219315478
EQTAB.ST,2024-09-11,45.1601711630056,0.022143405887247433,,,0.0220468833487646,45.35788502078844
EQTAB.ST,2024-09-12,47.2338462119448,0.021171259175313855,,,0.021078974199421487,47.44063873978483
EQTAB.ST,2024-09-13,48.8825103195085,0.020457214522407834,,,0.020368042048848636,49.096520794767706
EQTAB.ST,2024-09-16,49.7464881597869,0.020101921502237028,,,0.020014297741842654,49.964281180316505
EQTAB.ST,2024-09-17,50.4913335427548,0.01980537905882848,,,0.0197190479193413,50.71238753972277
EQTAB.ST,2024-09-18,49.4321598062058,0.02022974524925488,,,0.020141564308424863,49.648576678908576
EQTAB.ST,2024-09-19,50.8124995170096,0.019680196989035104,,,0.019594411514980377,51.03495959730544
EQTAB.ST,2024-09-20,51.2432076361144,0.019514781492625286,,,0.019429717060477962,51.467553381624
EQTAB.ST,2024-09-23,51.4534248179774,0.019435052254298306,,,0.019350335359856575,51.67869090654417
EQTAB.ST,2024-09-24,48.9609439121396,0.020424442833342833,,,0.020335413210735998,49.1752977742323
EQTAB.ST,2024-09-25,47.963651869515,0.02084912138718081,,,0.020758240601646997,48.17363952900026
EQTAB.ST,2024-09-26,48.7180234712849,0.020526284293725796,,,0.020436810746804437,48.93131381354907
EQTAB.ST,2024-09-27,49.2132005784699,0.020319751372510533,,,0.02023117809729704,49.42865883492982
EQTAB.ST,2024-09-30,48.9021230720451,0.0204490099238994,,,0.0203598732139747,49.116219413076486
EQTAB.ST,2024-10-01,48.3519658793074,0.020681682364190237,,,0.020591531441064317,48.56365360012838
EQTAB.ST,2024-10-02,46.9488409283009,0.021299780361504025,,,0.021206935165056447,47.15438568642119
EQTAB.ST,2024-10-03,46.6389191540079,0.021441320213658195,,,0.021347858048624338,46.84310705656206
EQTAB.ST,2024-10-04,47.5397964669351,0.02103500802102761,,,0.020943316960423234,47.74792846279835
EQTAB.ST,2024-10-07,46.9377382356128,0.021304818629741214,,,0.02121195147161162,47.1432343854982
EQTAB.ST,2024-10-08,46.6836762479242,0.021420763752393327,,,0.021327391192446983,46.88806009964061
EQTAB.ST,2024-10-09,46.683299086394,0.021420936814027635,,,0.021327563499710153,46.88768128687509
EQTAB.ST,2024-10-10,45.2482096696125,0.02210032191995374,,,0.022003987183379616,45.44630896510134
EQTAB.ST,2024-10-11,46.3281441364392,0.021585151286331247,,,0.021491062165339532,46.5309714478787
EQTAB.ST,2024-10-14,46.2951996714626,0.021600511653401995,,,0.021506355576964103,46.49788275011692
EQTAB.ST,2024-10-15,46.22949984724,0.021631209580557514,,,0.021536919692642324,46.43189528823989
EQTAB.ST,2024-10-16,45.7711380594902,0.021847829055512413,,,0.021752594928860274,45.97152676590549
EQTAB.ST,2024-10-17,46.3297131494876,0.021584420278480825,,,0.021490334343933618,46.532547330157485
EQTAB.ST,2024-10-18,45.2804226195868,0.022084599527731293,,,0.021988333324661696,45.47866294524556
EQTAB.ST,2024-10-21,44.9575107166904,0.02224322441475283,,,0.02214626676986808,45.154337315243886
EQTAB.ST,2024-10-22,44.872388122422,0.02228541964986963,,,0.022188278077036907,45.0688420493035
EQTAB.ST,2024-10-23,44.1626862727146,0.02264355011886671,,,0.022544847464502416,44.35603308359181
EQTAB.ST,2024-10-24,44.3626886406893,0.02254146515102792,,,0.02244320748242091,44.55691107357404
EQTAB.ST,2024-10-25,44.4462453707923,0.022499088317978522,,,0.022401015368900212,44.64083361990459
EQTAB.ST,2024-10-28,44.4331800568246,0.022505704041914678,,,0.022407602255065363,44.6277111052319
EQTAB.ST,2024-10-29,44.3021022018805,0.022572292290850993,,,0.022473900247531896,44.496059383809936
EQTAB.ST,2024-10-30,43.5558451215723,0.022959031037253847,,,0.022858953209655558,43.74653514657018
EQTAB.ST,2024-10-31,42.4670970964558,0.023547642018683153,,,0.023444998450909495,42.65302051923178
EQTAB.ST,2024-11-01,42.1499364857609,0.023724828158111704,,,0.023621412240499493,42.33447136092377
EQTAB.ST,2024-11-04,41.8198458502015,0.02391209196662263,,,0.023807859770870736,42.00293556934986
EQTAB.ST,2024-11-05,41.662143188316,0.0240026058064254,,,0.023897979063166607,41.84454247603207
EQTAB.ST,2024-11-06,42.0346370625946,0.023789904466425642,,,0.023686204882854032,42.21866715017229
EQTAB.ST,2024-11-07,43.4588419260405,0.023010277211294047,,,0.022909976002937118,43.64910726540252
EQTAB.ST,2024-11-08,42.6012406124497,0.02347349480023739,,,0.023371174438287685,42.78775132334626
EQTAB.ST,2024-11-11,43.176710194625,0.02316063441360774,,,0.023059677802061248,43.365740344846124
EQTAB.ST,2024-11-12,41.359734331717,0.02417810501343436,,,0.024072713273632255,41.54080965585784
EQTAB.ST,2024-11-13,40.6012079375163,0.02462980908200962,,,0.024522448375754718,40.778962388955314
EQTAB.ST,2024-11-14,40.6810817018107,0.02458145059489631,,,0.0244743006820468,40.859185845238606
EQTAB.ST,2024-11-15,40.4653454928216,0.024712503694732973,,,0.02460478252478161,40.64250513057018
EQTAB.ST,2024-11-18,40.6325245942269,0.02461082617893944,,,0.024503548218672407,40.81041615181149
EQTAB.ST,2024-11-19,40.1695942644016,0.02489445109696322,,,0.024785936822950858,40.34545908605872
EQTAB.ST,2024-11-20,40.3333591980646,0.024793372530398736,,,0.024685298855266297,40.509940992132755
EQTAB.ST,2024-11-21,41.1319929949479,0.02431197535511655,,,0.024206000077927628,41.31207125426127
EQTAB.ST,2024-11-22,42.5588863984727,0.02349685540728544,,,0.02339443321704863,42.74521168015529
EQTAB.ST,2024-11-25,43.8198760752471,0.02282069438724128,,,0.02272121956555333,44.01172204312735
EQTAB.ST,2024-11-26,43.297653644548,0.023095939752520955,,,0.022995265143343328,43.487213292232035
EQTAB.ST,2024-11-27,43.5886914288967,0.02294173023366009,,,0.022841727819821148,43.77952525693961
EQTAB.ST,2024-11-28,43.6213090575072,0.022924575662818185,,,0.02282464802531367,43.8122856874266
EQTAB.ST,2024-11-29,45.6887500738566,0.021887226032305192,,,0.02179182017524133,45.88877808087574
EQTAB.ST,2024-12-02,44.726468312192,0.0223581256856672,,,0.02226066718908869,44.922283393651426
EQTAB.ST,2024-12-03,44.7747036866174,0.022334039483523985,,,0.02223668597808303,44.97072994535346
EQTAB.ST,2024-12-04,44.6731384759102,0.022384816337433864,,,0.022287241496988675,44.86872007624247
EQTAB.ST,2024-12-05,45.38214896387,0.022035095799366574,,,0.021939045381779657,45.58083465338462
EQTAB.ST,2024-12-06,45.0242231227341,0.02221026662190357,,,0.02211345263919277,45.22134179208408
EQTAB.ST,2024-12-09,45.1869845806416,0.02213026625433215,,,0.022033800991172334,45.38481582912735
EQTAB.ST,2024-12-10,44.6127217490503,0.02241513094908377,,,0.022317423968023747,44.808038841435874
EQTAB.ST,2024-12-11,44.4511168780099,0.022496622587557594,,,0.022398560386534917,44.64572645486441
EQTAB.ST,2024-12-12,43.7340930580375,0.02286545644545426,,,0.022765786507102315,43.92556346287561
EQTAB.ST,2024-12-13,43.5582462088259,0.02295776545285648,,,0.0228576931419082,43.748946745923384
EQTAB.ST,2024-12-16,44.8015363057264,0.022320663139227728,,,0.022223367940928523,44.99768003923075
EQTAB.ST,2024-12-17,44.0127030146791,0.022720713146531363,,,0.02262167414050802,44.20539319012323
EQTAB.ST,2024-12-18,44.551418040576,0.02244597465089062,,,0.022348133222925188,44.74646674175805
EQTAB.ST,2024-12-19,41.4132166380495,0.024146880662276868,,,0.024041625028620794,41.59452611084033
EQTAB.ST,2024-12-20,42.2300001729261,0.023679848352004172,,,0.023576628500213425,42.41488557157134
EQTAB.ST,2024-12-23,41.9407535556629,0.023843157674141944,,,0.023739225961203425,42.1243726157829
EQTAB.ST,2024-12-27,43.1115718599589,0.02319562838600136,,,0.02309451923662651,43.30031683075959
EQTAB.ST,2024-12-30,42.4806131940275,0.023540149842766242,,,0.023437538933195244,42.66659579106541
EQTAB.ST,2025-01-02,42.9838604517195,0.023264546029392215,,,0.013830474351063085,72.3040999619174
EQTAB.ST,2025-01-03,43.3076117254935,0.023090629110155688,,,0.013727082972281028,72.84868912202911
EQTAB.ST,2025-01-07,43.4214700877724,0.023030081615813432,,,0.01369108826314446,73.04021278512508
EQTAB.ST,2025-01-08,44.0518288868946,0.022700533105391673,,,0.013495175898679632,74.10055322790123
EQTAB.ST,2025-01-09,44.3989102996103,0.022523075301890398,,,0.013389679509598228,74.6843865294283
EQTAB.ST,2025-01-10,43.8571799748692,0.0228012836341282,,,0.013555070796340088,73.77312999870153
EQTAB.ST,2025-01-13,42.3252549629209,0.02362655584416565,,,0.014045684544794417,71.1962451392672
EQTAB.ST,2025-01-14,43.3103308630279,0.02308917941916845,,,0.01372622114957491,72.85326304326439
EQTAB.ST,2025-01-15,46.6015715684028,0.021458503787413655,,,0.012756805392594531,78.3895316440675
EQTAB.ST,2025-01-16,47.1176552981378,0.02122346695039221,,,0.012617079006278065,79.25764747152772
EQTAB.ST,2025-01-17,46.7971313829155,0.021368831175089413,,,0.012703496174216613,78.71848712243714
EQTAB.ST,2025-01-20,46.5457932437973,0.021484218665308925,,,0.012772092557825352,78.29570569368514
EQTAB.ST,2025-01-21,47.4820785902862,0.021060577583993517,,,0.012520243366279233,79.8706519310399
EQTAB.ST,2025-01-22,48.1637261573014,0.020762513197878994,,,0.012343047910072453,81.01726634180504
EQTAB.ST,2025-01-23,52.3986355205157,0.01908446641913927,,,0.011345470613531937,88.14090081087362
EQTAB.ST,2025-01-24,50.2882213880726,0.019885372208395122,,,0.011821598837221569,84.59092663941472
EQTAB.ST,2025-01-27,49.6641105424136,0.020135264461164384,,,0.011970156577746091,83.54109601699913
EQTAB.ST,2025-01-28,48.9248655002962,0.020439504325135974,,,0.012151023276366133,82.29759562266746
EQTAB.ST,2025-01-29,48.9119023472612,0.020444921420153975,,,0.0121542436699044,82.27579001695838
EQTAB.ST,2025-01-30,49.8586243174615,0.020056710623076294,,,0.011923457328103165,83.86829192930774
EQTAB.ST,2025-01-31,50.511200592317,0.019797589213353697,,,0.011769412972092465,84.96600487816951
EQTAB.ST,2025-02-03,50.3418564173579,0.0198641860107328,,,0.011809003914329248,84.68114730545418
EQTAB.ST,2025-02-04,50.5472558785818,0.019783467620914437,,,0.011761017866433366,85.02665427063576
EQTAB.ST,2025-02-05,51.0657935916763,0.019582580229654936,,,0.011641592887809,85.89889799764373
EQTAB.ST,2025-02-06,51.8779168871773,0.019276024559250773,,,0.01145934947195462,87.26498850980849
EQTAB.ST,2025-02-07,51.042940284659,0.019591347881276953,,,0.01164680514429247,85.86045594572784
EQTAB.ST,2025-02-10,51.7090162513205,0.01933898713407573,,,0.01149677991547553,86.98087702400258
EQTAB.ST,2025-02-11,51.9217239851376,0.019259761102814042,,,0.011449681055608816,87.33867739574575
EQTAB.ST,2025-02-12,50.6877718007504,0.019728624172530615,,,0.01172841413949035,85.26301920333232
EQTAB.ST,2025-02-13,51.7554969766934,0.01932161912096644,,,0.01148645485434891,87.059063277595
EQTAB.ST,2025-02-14,52.4884950185921,0.019051794105466105,,,0.011326047341929027,88.29205545503946
EQTAB.ST,2025-02-17,52.2051732339696,0.01915518976478189,,,0.0113875147358069,87.81547363057193
EQTAB.ST,2025-02-18,52.3100366030371,0.01911679029377587,,,0.011364686742594717,87.99186661714232
EQTAB.ST,2025-02-19,50.9674786300027,0.01962035452566681,,,0.011664049222502212,85.73352023161958
EQTAB.ST,2025-02-20,50.4187194603654,0.01983390317530989,,,0.011791001156911824,84.81044032582467
EQTAB.ST,2025-02-21,50.0908695154933,0.01996371813211779,,,0.011868174484439793,84.25895670063554
EQTAB.ST,2025-02-24,49.033270611738,0.020394315686553685,,,0.012124159210070451,82.47994625222256
EQTAB.ST,2025-02-25,48.1104517586441,0.020785504260419422,,,0.012356715801995526,80.92765230050098
EQTAB.ST,2025-02-26,48.6848737903003,0.02054026070412109,,,0.012210921651924337,81.89390027266357
EQTAB.ST,2025-02-27,47.3869117914894,0.02110287339255558,,,0.012545387682215458,79.71056975924435
EQTAB.ST,2025-02-28,47.5481466361427,0.02103131395745868,,,0.012502846515478965,79.98178644854713
EQTAB.ST,2025-03-03,48.3164657404008,0.020696878065810793,,,0.012304028665533937,81.27419296422818
EQTAB.ST,2025-03-04,45.2926088452243,0.022078657544705355,,,0.013125478850615241,76.18769656949516
EQTAB.ST,2025-03-05,46.1742090716758,0.021657111623670896,,,0.01287487520499513,77.67065575998943
EQTAB.ST,2025-03-06,45.4524058878084,0.022001035599046866,,,0.013079333599074419,76.45649470021674
EQTAB.ST,2025-03-07,45.300735785085,0.022074696639458206,,,0.013123124143226665,76.20136707432867
EQTAB.ST,2025-03-10,43.1361713305686,0.02318240050412973,,,0.013781639889442298,72.56030545146301
EQTAB.ST,2025-03-11,43.2270864214443,0.02313364334228909,,,0.01375265438181983,72.7132357315646
EQTAB.ST,2025-03-12,44.5516500533991,0.022445857758386308,,,0.01334377466995354,74.94131343897175
EQTAB.ST,2025-03-13,43.8975702767076,0.02278030409647998,,,0.013542598730176636,73.84107141650183
EQTAB.ST,2025-03-14,75.8193814972663,0.01318923974651594,,,0.013183553503900512,75.85208340863015
EQTAB.ST,2025-03-17,76.4650139301088,0.013077876385585028,,,0.013072238154765697,76.49799431135928
EQTAB.ST,2025-03-18,77.3076346535117,0.012935333029938654,,,0.012929756253465331,77.34097846832866
EQTAB.ST,2025-03-19,78.0974338349107,0.012804518034662815,,,0.012798997656118041,78.13111830065775
EQTAB.ST,2025-03-20,79.1791424636275,0.012629588662940745,,,0.012624143701240868,79.21329348474596
EQTAB.ST,2025-03-21,78.9487623173114,0.012666443027704389,,,0.012660982177078109,78.98281397239747
EQTAB.ST,2025-03-24,81.2164094189436,0.012312782689538003,,,0.012307474311573136,81.25143914049579
EQTAB.ST,2025-03-25,81.4755405875845,0.012273622154430763,,,0.012268330659645511,81.51068207586887
EQTAB.ST,2025-03-26,78.8344884747184,0.01268480355930377,,,0.012679334792949276,78.86849084197067
EQTAB.ST,2025-03-27,77.8145929393173,0.01285105996480425,,,0.012845519520758237,77.84815541201036
EQTAB.ST,2025-03-28,77.108175939281,0.012968793358404071,,,0.012963202156266387,77.14143372489195
EQTAB.ST,2025-03-31,74.9870975385058,0.013335627498937415,,,0.013329878144551204,75.01944047468773
EQTAB.ST,2025-04-01,77.9075883107285,0.012835720135650663,,,0.012830186305025266,77.94119089356674
EQTAB.ST,2025-04-02,79.7177437333887,0.012544258695334393,,,0.012538850521721441,79.75212706042463
EQTAB.ST,2025-04-03,72.7249505681515,0.013750439047227498,,,0.013744510856217734,72.75631781014751
EQTAB.ST,2025-04-04,62.7830601752763,0.015927863299562382,,,0.015920996361300056,62.810139347230105
EQTAB.ST,2025-04-07,57.1063889537949,0.01751117551503923,,,0.017503625967500918,57.13101970167242
EQTAB.ST,2025-04-08,58.5767780027338,0.017071611551480854,,,0.01706425151201051,58.602042949036445
EQTAB.ST,2025-04-09,56.006461517113,0.017855082662104012,,,0.01784738484677223,56.030617851603836
EQTAB.ST,2025-04-10,60.1993536692775,0.016611474028339044,,,0.016604312366761853,60.22531845412508
EQTAB.ST,2025-04-11,60.0575790172692,0.01665068782929888,,,0.01664350926157774,60.08348265281669
EQTAB.ST,2025-04-14,63.389783447707,0.015775412781224338,,,0.015768611568557328,63.41712430750744
EQTAB.ST,2025-04-15,64.5964377541089,0.015480729816813948,,,0.015474055650046685,64.62429906001941
EQTAB.ST,2025-04-16,61.6259876298119,0.016226920467498435,,,0.016219924597497378,61.65256774093099
EQTAB.ST,2025-04-17,61.2194414260632,0.016334680237285962,,,0.01632763790909578,61.24584618837739
EQTAB.ST,2025-04-22,62.606429410134,0.015972800388423553,,,0.015965914076551017,62.633432398880956
EQTAB.ST,2025-04-23,65.2977597708922,0.015314461070466467,,,0.015307858586711192,65.32592356635065
EQTAB.ST,2025-04-24,65.9132390886372,0.015171458933390367,,,0.015164918101774382,65.94166834854151
EQTAB.ST,2025-04-25,66.3937459389353,0.01506165958642755,,,0.015055166092318332,66.42238244785852
EQTAB.ST,2025-04-28,66.371330804375,0.015066746257468185,,,0.015060250570355706,66.39995764535152
EQTAB.ST,2025-04-29,66.81816926328,0.014965989206614662,,,0.014959536958627374,66.8469888316487
EQTAB.ST,2025-04-30,67.9487886042276,0.0147169658288475,,,0.014710620941661142,67.97809582381086
EQTAB.ST,2025-05-02,67.8780756095019,0.014732297446865378,,,0.014725945949798412,67.90735232962669
EQTAB.ST,2025-05-05,68.37206058452,0.014625857279287679,,,0.014619551671493262,68.40155036695859
EQTAB.ST,2025-05-06,68.1311634166934,0.01467757117083049,,,0.014671243267760583,68.16054929696764
EQTAB.ST,2025-05-07,67.2275871455009,0.014874845914604914,,,0.01486843296098796,67.25658330126763
EQTAB.ST,2025-05-08,68.383091307683,0.014623498015037054,,,0.014617193424386055,68.41258584781993
EQTAB.ST,2025-05-09,68.8978785019166,0.014514235006121156,,,0.014507977521746932,68.92759507664223
EQTAB.ST,2025-05-12,72.9034235862037,0.013716776946936697,,,0.013710863268580611,72.93486780599504
EQTAB.ST,2025-05-13,73.504000107522,0.013604701765035851,,,0.01359883640536136,73.53570336398404
EQTAB.ST,2025-05-14,72.8870816797643,0.013719852365520499,,,0.013713937361267227,72.9185188510731
EQTAB.ST,2025-05-15,72.8441465630927,0.013727938992790137,,,0.01372202050217027,72.87556521591266
EQTAB.ST,2025-05-16,72.8428977462816,0.013728174344231753,,,0.01372225575214548,72.87431586046992
EQTAB.ST,2025-05-19,71.5003839883257,0.01398593887500347,,,0.013979909153565697,71.53122305840888
EQTAB.ST,2025-05-20,70.9937618488823,0.014085744633853961,,,0.01407967188341906,71.02438240607376
EQTAB.ST,2025-05-21,70.4527638388788,0.014193907314792354,,,0.014187787932462231,70.48315105640673
EQTAB.ST,2025-05-22,68.7366802590481,0.014548273152431823,,,0.014542000993280102,68.76632730681993
EQTAB.ST,2025-05-23,66.8905681798914,0.01494979078830159,,,0.014943345523896211,66.91941897487945
EQTAB.ST,2025-05-26,68.2088618485289,0.014660851579970581,,,0.014654530885174282,68.23828124117446
EQTAB.ST,2025-05-27,68.7218709476729,0.014551408251987683,,,0.014545134741208667,68.75151160799095
EQTAB.ST,2025-05-28,68.7399194104027,0.014547587611059459,,,0.014541315747463406,68.76956785526376
EQTAB.ST,2025-05-30,69.0652353541181,0.0144790645376462,,,0.014472822216224535,69.0950241120882
EQTAB.ST,2025-06-02,68.0938839578528,0.014685606722315286,,,0.0146792753548989,68.12325375899914
EQTAB.ST,2025-06-03,67.4657606734931,0.014822333432799997,,,0.014815943118752683,67.4948595566819
EQTAB.ST,2025-06-04,68.0206799914419,0.014701411396149174,,,0.01469507321490492,68.05001821874014
EQTAB.ST,2025-06-05,68.6101770226772,0.014575097214360452,,,0.014568813490620723,68.63976950791438
EQTAB.ST,2025-06-09,69.5117792726553,0.014386050975296818,,,0.014379848754570239,69.54176063097866
EQTAB.ST,2025-06-10,70.3188903481333,0.014220929753715124,,,0.014214798721271243,70.34921982423744
EQTAB.ST,2025-06-11,70.3048619277947,0.014223767355194173,,,0.014217635099382519,70.33518535325405
EQTAB.ST,2025-06-12,68.81540348581,0.014531630265107781,,,0.01452536528116079,68.84508448796032
EQTAB.ST,2025-06-13,67.2664109328156,0.014866260680962758,,,0.01485985142867524,67.29542383380009
EQTAB.ST,2025-06-16,68.8061803889009,0.014533578151670074,,,0.014527312327935804,68.83585741300647
EQTAB.ST,2025-06-17,67.0980253288527,0.01490356825106136,,,0.014897142914458218,67.12696560287837
EQTAB.ST,2025-06-18,66.5321123673778,0.015030335944816965,,,0.015023855955187845,66.56080855558875
EQTAB.ST,2025-06-19,65.9969212054746,0.01515222197845568,,,0.015145689440418008,66.02538655859306
EQTAB.ST,2025-06-23,66.3733104171287,0.015066296885230148,,,0.015059801391854324,66.40193811193876
EQTAB.ST,2025-06-24,69.8587642717796,0.014314596177361293,,,0.01430842476275586,69.8888952893649
EQTAB.ST,2025-06-25,70.7378108711336,0.014136711154685675,,,0.014130616431187244,70.76832103325168
EQTAB.ST,2025-06-26,74.0452077208658,0.013505262943819143,,,0.013499440454944913,74.07714440739616
EQTAB.ST,2025-06-27,76.4009456404559,0.013088843228538248,,,0.013083200269612384,76.43389838819819
EQTAB.ST,2025-06-30,75.5316305849785,0.013239486454286568,,,-0.0009789057671524704,-1021.5487879991662
EQTAB.ST,2025-07-01,74.3228851970147,0.013454805977313791,,,-0.0009948261371456417,-1005.2007709298864
EQTAB.ST,2025-07-02,74.8776003475456,0.013355128841716132,,,-0.0009874561743282273,-1012.7031720474141
EQTAB.ST,2025-07-03,76.7085573999633,0.013036355185066725,,,-0.0009638865765203455,-1037.4664658263266
EQTAB.ST,2025-07-04,75.7900616784842,0.013194342079337389,,,-0.0009755678666119262,-1025.0440120305773
EQTAB.ST,2025-07-07,77.5103177958406,0.012901508191902451,,,-0.000953916212507555,-1048.310099868525
EQTAB.ST,2025-07-08,77.6495906580582,0.01287836795436118,,,-0.0009522052615533272,-1050.1937348767697
EQTAB.ST,2025-07-09,78.5752060293061,0.012726660870949943,,,-0.0009409882903073598,-1062.7124803788631
EQTAB.ST,2025-07-10,81.4510288627478,0.012277315756011977,,,-0.0009077644544755595,-1101.607355376927
EQTAB.ST,2025-07-11,80.4672757656098,0.012427412143451503,,,-0.0009188623335209882,-1088.3023098445015
EQTAB.ST,2025-07-14,80.0187937906157,0.012497064159910845,,,-0.0009240122886073341,-1082.236689197277
EQTAB.ST,2025-07-15,79.1505586035082,0.012634149621221712,,,-0.000934148161258688,-1070.4939981389912
EQTAB.ST,2025-07-16,79.8326446015855,0.012526204098469008,,,-0.0009261668475479377,-1079.7190621188163
EQTAB.ST,2025-07-17,78.8921197532649,0.01267553721623275,,,-0.0009372082916938658,-1066.9986691994022
EQTAB.ST,2025-07-18,78.8921197532649,0.01267553721623275,,,-0.0009318532564836811,-1073.1303378961925
EQTAB.ST,2025-07-21,78.8921197532649,0.01267553721623275,,,-0.0009242098770927161,-1082.0053158766239
EQTAB.ST,2025-07-22,78.8921197532649,0.01267553721623275,,,-0.0009515899869344956,-1050.8727642473993
EQTAB.ST,2025-07-23,78.8921197532649,0.01267553721623275,,,-0.0009336329833974235,-1071.084695788137
EQTAB.ST,2025-07-24,78.8921197532649,0.01267553721623275,,,-0.0009329595769928641,-1071.857800338169
EQTAB.ST,2025-07-25,78.8921197532649,0.01267553721623275,,,-0.0009344884719456422,-1070.1041586077142
EQTAB.ST,2025-07-28,,,,,-0.0009346243103583524,-1069.9486295371253
EQTAB.ST,2025-07-29,,,,,-0.0009337506769625274,-1070.94969210944
EQTAB.ST,2025-07-30,,,,,-0.0009182709608614354,-1089.003183833554
EQTAB.ST,2025-07-31,,,,,-0.0009435083002772861,-1059.874088766481
EQTAB.ST,2025-08-01,,,,,-0.0009628340928201212,-1038.6005309294985
EQTAB.ST,2025-08-04,,,,,-0.0009510996356178479,-1051.4145548488048
EQTAB.ST,2025-08-05,,,,,-0.0009342181146096046,-1070.41384058142
EQTAB.ST,2025-08-06,,,,,-0.0009284877806160445,-1077.0200974928368
EQTAB.ST,2025-08-07,,,,,-0.0009186606893469804,-1088.5411900130816
EQTAB.ST,2025-08-08,,,,,-0.0009189185257713271,-1088.2357597052626
EQTAB.ST,2025-08-11,,,,,-0.0009276367797939723,-1078.0081404513733
EQTAB.ST,2025-08-12,,,,,-0.0009206221051712369,-1086.2220170283645
EQTAB.ST,2025-08-13,,,,,-0.0009152903412857572,-1092.5494948359737
EQTAB.ST,2025-08-14,,,,,-0.0009078082835035947,-1101.5541697202857
EQTAB.ST,2025-08-15,,,,,-0.0009028681997414042,-1107.5813726592828
EQTAB.ST,2025-08-18,,,,,-0.0009134023658719472,-1094.8077620155773
EQTAB.ST,2025-08-19,,,,,-0.0009003208956788151,-1110.7150848098775
EQTAB.ST,2025-08-20,,,,,-0.0009124489874088581,-1095.9516792711518
EQTAB.ST,2025-08-21,,,,,-0.0009220775858798168,-1084.5074376749242
EQTAB.ST,2025-08-22,,,,,-0.0008892663634156651,-1124.5224615929562
EQTAB.ST,2025-08-25,,,,,-0.0008940680959724596,-1118.4830378186355
EQTAB.ST,2025-08-26,,,,,-0.0009033749052526247,-1106.9601271693002
EQTAB.ST,2025-08-27,,,,,-0.0008964382378789715,-1115.5258195657318
EQTAB.ST,2025-08-28,,,,,-0.0008949604999993561,-1117.367749750653
EQTAB.ST,2025-08-29,,,,,-0.0009012098533156477,-1109.6194702275977
EQTAB.ST,2025-09-01,,,,,-0.0008915053039755861,-1121.6983180476793
EQTAB.ST,2025-09-02,,,,,-0.0009198893420421958,-1087.0872770195976
EQTAB.ST,2025-09-03,,,,,-0.000912870266273569,-1095.4459104929592
EQTAB.ST,2025-09-04,,,,,-0.0009245699205015294,-1081.58396442051
EQTAB.ST,2025-09-05,,,,,-0.0009195558081069239,-1087.481576630662
EQTAB.ST,2025-09-08,,,,,-0.0009216145164729738,-1085.0523533711341
EQTAB.ST,2025-09-09,,,,,-0.000931048577831269,-1074.0578137494635
EQTAB.ST,2025-09-10,,,,,-0.0009313834866732403,-1073.671601771519
EQTAB.ST,2025-09-11,,,,,-0.0009028691102473153,-1107.5802557095774
EQTAB.ST,2025-09-12,,,,,-0.0009081406708341234,-1101.1509913783557
EQTAB.ST,2025-09-15,,,,,-0.0008764529038949227,-1140.9626182491254
EQTAB.ST,2025-09-16,,,,,-0.0009025328484707342,-1107.9929131603528
EQTAB.ST,2025-09-17,,,,,-0.0009191145983135533,-1088.0036089458922
EQTAB.ST,2025-09-18,,,,,-0.0008891405827163179,-1124.6815401733295
EQTAB.ST,2025-09-19,,,,,-0.0008944251401488421,-1118.036552319615
EQTAB.ST,2025-09-22,,,,,-0.0009080642278598581,-1101.2436888487698
EQTAB.ST,2025-09-23,,,,,-0.0008992932229903619,-1111.984361090551
EQTAB.ST,2025-09-24,,,,,-0.0009217392010719302,-1084.9055772360086
EQTAB.ST,2025-09-25,,,,,-0.0009670413351691417,-1034.081960752064
EQTAB.ST,2025-09-26,,,,,-0.0009545667204292674,-1047.595708710965
EQTAB.ST,2025-09-29,,,,,-0.0009376751617193477,-1066.4674087840524
EQTAB.ST,2025-09-30,,,,,-0.0009414346109604222,-1062.2086636264958
EQTAB.ST,2025-10-01,,,,,-0.0009446143369907947,-1058.6330958999038
EQTAB.ST,2025-10-02,,,,,-0.0009211597915350278,-1085.5879828770992
EQTAB.ST,2025-10-03,,,,,-0.0008969139504408937,-1114.934157851411
EQTAB.ST,2025-10-06,,,,,-0.0008861094310343985,-1128.5287854713965
EQTAB.ST,2025-10-07,,,,,-0.0008922352532381733,-1120.7806420680174
EQTAB.ST,2025-10-08,,,,,-0.0008805601842719723,-1135.6407181035306
EQTAB.ST,2025-10-09,,,,,-0.0008678919635634107,-1152.217144509758
EQTAB.ST,2025-10-10,,,,,-0.0009069662744933266,-1102.5768301678543
EQTAB.ST,2025-10-13,,,,,-0.0009039462294713875,-1106.2604913842974
EQTAB.ST,2025-10-14,,,,,-0.0009148063744081447,-1093.12749448972
EQTAB.ST,2025-10-15,,,,,-0.0009034319953022975,-1106.8901756854316
EQTAB.ST,2025-10-16,,,,,-0.0009295848540256708,-1075.7490245988718
EQTAB.ST,2025-10-17,,,,,-0.0009718325519596435,-1028.983849104003
EQTAB.ST,2025-10-20,,,,,-0.0009533571975085668,-1048.9247918968106
EQTAB.ST,2025-10-21,,,,,-0.0009348304651742446,-1069.7126775961547
EQTAB.ST,2025-10-22,,,,,-0.0009406042513872815,-1063.1463748171632
EQTAB.ST,2025-10-23,,,,,-0.0009381546518139813,-1065.9223381416239
EQTAB.ST,2025-10-24,,,,,-0.0009255079150154772,-1080.4877881387724
EQTAB.ST,2025-10-27,,,,,-0.0009063373822209502,-1103.3418896940261
EQTAB.ST,2025-10-28,,,,,-0.0009186061407703806,-1088.6058296555248
EQTAB.ST,2025-10-29,,,,,-0.0009245938292544169,-1081.5559961138717
EQTAB.ST,2025-10-30,,,,,-0.0009255839858299426,-1080.3989862717112
EQTAB.ST,2025-10-31,,,,,-0.0009220673490356933,-1084.5194779381457
EQTAB.ST,2025-11-03,,,,,-0.0009298499296561868,-1075.4423569938338
EQTAB.ST,2025-11-04,,,,,-0.0009383670215578262,-1065.6811002797754
EQTAB.ST,2025-11-05,,,,,-0.0009462621275299227,-1056.7896261581895
EQTAB.ST,2025-11-06,,,,,-0.0009553985437583588,-1046.6836133810582
EQTAB.ST,2025-11-07,,,,,-0.0009578733059577559,-1043.9794008040788
EQTAB.ST,2025-11-10,,,,,-0.0009300265399973729,-1075.2381324546122
EQTAB.ST,2025-11-11,,,,,-0.0009032902665340107,-1107.0638498486999
EQTAB.ST,2025-11-12,,,,,-0.0008920997818520088,-1120.9508401896355
EQTAB.ST,2025-11-13,,,,,-0.0009113069318075067,-1097.3251328359563
EQTAB.ST,2025-11-14,,,,,-0.0009058184707414534,-1103.9739553792217
EQTAB.ST,2025-11-17,,,,,-0.0009290083716011374,-1076.41656476842
EQTAB.ST,2025-11-18,,,,,-0.0009592810690345578,-1042.447341326586
EQTAB.ST,2025-11-19,,,,,-0.0009503300269028996,-1052.266025160726
EQTAB.ST,2025-11-20,,,,,-0.0009529563039723012,-1049.3660578471456
EQTAB.ST,2025-11-21,,,,,-0.0009728548634895555,-1027.9025551797902
EQTAB.ST,2025-11-24,,,,,-0.0009515362108868438,-1050.93215429814
EQTAB.ST,2025-11-25,,,,,-0.0009491231813589966,-1053.6040206795453
EQTAB.ST,2025-11-26,,,,,-0.0009266972459697209,-1079.1010811233966
EQTAB.ST,2025-11-27,,,,,-0.0009234664712862171,-1082.8763480791954
EQTAB.ST,2025-11-28,,,,,-0.0009289045217051908,-1076.536906252
EQTAB.ST,2025-12-01,,,,,-0.0009523574027588342,-1050.0259641004022
EQTAB.ST,2025-12-02,,,,,-0.0009482595037701586,-1054.5636463690876
EQTAB.ST,2025-12-03,,,,,-0.0009461973169500998,-1056.8620118511049
EQTAB.ST,2025-12-04,,,,,-0.0009403820802694895,-1063.397549763417
EQTAB.ST,2025-12-05,,,,,-0.0009200225345410562,-1086.9298984060642
EQTAB.ST,2025-12-08,,,,,-0.0009267233990931723,-1079.0706277391196
EQTAB.ST,2025-12-09,,,,,-0.0009166026125466349,-1090.9853259327492
EQTAB.ST,2025-12-10,,,,,-0.00091754569532448,-1089.8639763618105
EQTAB.ST,2025-12-11,,,,,-0.0009219073911156593,-1084.7076502877753
EQTAB.ST,2025-12-12,,,,,-0.0009096816703822284,-1099.285643053379
EQTAB.ST,2025-12-15,,,,,-0.0008989623918563796,-1112.3935873835337
EQTAB.ST,2025-12-16,,,,,-0.0009020510393291218,-1108.5847212633614
EQTAB.ST,2025-12-17,,,,,-0.0009097197514470938,-1099.2396267194345
EQTAB.ST,2025-12-18,,,,,-0.0008753386036995687,-1142.4150560406647
EQTAB.ST,2025-12-19,,,,,-0.0008552452436934568,-1169.2552602589244
EQTAB.ST,2025-12-22,,,,,-0.0008435790494825062,-1185.425361871481
EQTAB.ST,2025-12-23,,,,,-0.0008434221708766775,-1185.6458539150933
EQTAB.ST,2025-12-29,,,,,-0.0008278858794562562,-1207.89594896435
EQTAB.ST,2025-12-30,,,,,-0.0008245948876553109,-1212.7167109214606
ANTO.L,2024-01-02,11.7403451502398,0.08517637149531117,,,0.12078106299417789,8.279443608210368
ANTO.L,2024-01-03,11.3640674114307,0.08799666209249486,,,0.1244831939576125,8.033212903747536
ANTO.L,2024-01-04,11.4649421615749,0.08722241995703478,,,0.12363636564774452,8.088235162534017
ANTO.L,2024-01-05,11.5844701690721,0.08632246321197948,,,0.12233927150876155,8.173990147786546
ANTO.L,2024-01-08,11.5623876836722,0.08648732661093415,,,0.12266149671009234,8.152517512186218
ANTO.L,2024-01-09,11.4276777786036,0.08750684254261451,,,0.12390394253076979,8.070768206198638
ANTO.L,2024-01-10,11.3649174234575,0.08799008059099248,,,0.12504470804315146,7.9971397082626785
ANTO.L,2024-01-11,11.4195803672642,0.0875688920117098,,,0.12443386082989752,8.036397756451608
ANTO.L,2024-01-12,11.7565058940922,0.08505928623763233,,,0.12063616448610492,8.289388213392526
ANTO.L,2024-01-15,11.6465115404182,0.08586262045330806,,,0.12176483552118623,8.21255164284279
ANTO.L,2024-01-16,11.5507393975203,0.08657454432871016,,,0.12194537017390791,8.20039332837226
ANTO.L,2024-01-17,11.3801373646863,0.08787240153208516,,,0.12385293911600652,8.074091799011349
ANTO.L,2024-01-18,11.3954568826113,0.08775426999560962,,,0.12360708360560141,8.090151234299357
ANTO.L,2024-01-19,11.2943458504633,0.0885398776733032,,,0.12497730652198913,8.001452646317475
ANTO.L,2024-01-22,11.1671817872126,0.08954810793400779,,,0.12621478605947287,7.9230019811529555
ANTO.L,2024-01-23,11.4185897462328,0.08757648906073695,,,0.12309565156282856,8.123763815406555
ANTO.L,2024-01-24,12.0604632672901,0.08291555455520183,,,0.11688806610303361,8.555193300217043
ANTO.L,2024-01-25,11.9745913861236,0.08351015644331883,,,0.11732535743574832,8.523306656428785
ANTO.L,2024-01-26,12.1694008471332,0.08217331424624529,,,0.11551109122031462,8.657177327610015
ANTO.L,2024-01-29,12.2171623132179,0.08185206796492239,,,0.11485759286145492,8.706433550337708
ANTO.L,2024-01-30,12.2075448210784,0.08191655362782942,,,0.11502284349609694,8.693925220462255
ANTO.L,2024-01-31,12.4034048406462,0.08062302350423817,,,0.11295552811414236,8.853041694333834
ANTO.L,2024-02-01,12.559570129923,0.0796205594343961,,,0.1121295426816481,8.918256296105156
ANTO.L,2024-02-02,12.3423979399442,0.08102153283874114,,,0.11317844045861111,8.835605049405993
ANTO.L,2024-02-05,12.1513085641259,0.08229566344420575,,,0.11450016558498698,8.7336118239738
ANTO.L,2024-02-06,12.5267433122275,0.07982920820480838,,,0.11120229596542706,8.992620083230127
ANTO.L,2024-02-07,12.0778666247582,0.08279607906499963,,,0.1155177690410401,8.65667687578635
ANTO.L,2024-02-08,11.7316055751414,0.08523982447201794,,,0.11898240968423993,8.404603694393467
ANTO.L,2024-02-09,11.6773768696766,0.08563567067846929,,,0.11960197254117699,8.361066115826112
ANTO.L,2024-02-12,11.9471424401829,0.08370202372716425,,,0.11678175046902255,8.562981767132008
ANTO.L,2024-02-13,11.7880890247574,0.08483139191600905,,,0.11767680919797192,8.4978510788618
ANTO.L,2024-02-14,11.8717946029215,0.08423326324681464,,,0.11702128715879007,8.545453774090408
ANTO.L,2024-02-15,11.997166039441,0.08335301826385279,,,0.11629481518222862,8.598835626790807
ANTO.L,2024-02-16,12.6732371612759,0.07890643781650207,,,0.11012174876661415,9.080858333618947
ANTO.L,2024-02-19,12.5263481110922,0.07983172678352204,,,0.11144429939544884,8.973092436532811
ANTO.L,2024-02-20,12.6293856354722,0.07918041533162916,,,0.11080136133991804,9.025159870844774
ANTO.L,2024-02-21,12.5707390078403,0.07954981798415396,,,0.11146278179856658,8.97160454695255
ANTO.L,2024-02-22,12.7525178766632,0.07841588693868651,,,0.10993459949752317,9.09631730656853
ANTO.L,2024-02-23,12.8368766552006,0.0779005693409752,,,0.10916135123163732,9.160751389729759
ANTO.L,2024-02-26,12.6755838799673,0.07889182932081072,,,0.1108477827315494,9.021380269028882
ANTO.L,2024-02-27,12.855242407931,0.07778927602197942,,,0.10926781273062162,9.151825912954843
ANTO.L,2024-02-28,12.6545603497358,0.07902289549086372,,,0.11091884328591126,9.015600689436855
ANTO.L,2024-02-29,12.9297186697559,0.07734120328071137,,,0.10822765421573814,9.239782634543907
ANTO.L,2024-03-01,12.9537959919826,0.07719744857946835,,,0.10836716110108115,9.227887764515991
ANTO.L,2024-03-04,13.1449143588735,0.07607504869934341,,,0.10695848674790223,9.34942172804827
ANTO.L,2024-03-05,12.7251521626736,0.07858452199363693,,,0.11049750024374166,9.049978486338091
ANTO.L,2024-03-06,12.4929778456069,0.0800449670493609,,,0.11298642651600162,8.850620652723943
ANTO.L,2024-03-07,12.972811069358,0.07708429535075995,,,0.10929563887612674,9.149495901967121
ANTO.L,2024-03-08,12.8214666125352,0.0779941975610128,,,0.1104950529557255,9.050178928831249
ANTO.L,2024-03-11,13.1773574521579,0.07588774939365721,,,0.10740276085996048,9.310747619457127
ANTO.L,2024-03-12,13.105322321232,0.0763048764073429,,,0.10797305919781784,9.261569575127961
ANTO.L,2024-03-13,13.8028256509653,0.07244893366671375,,,0.1027232908462921,9.73489061498555
ANTO.L,2024-03-14,13.7255050475038,0.07285706402343758,,,0.10268936955559414,9.738106332989203
ANTO.L,2024-03-15,13.9853816430165,0.07150323284165383,,,0.10083605401848379,9.917087789023306
ANTO.L,2024-03-18,13.8538624432321,0.07218203617205113,,,0.10164393319033559,9.838265488284755
ANTO.L,2024-03-19,13.7423391947237,0.07276781527732519,,,0.1024120252316397,9.76447831920284
ANTO.L,2024-03-20,13.8762242197015,0.07206571356638915,,,0.101918883779942,9.81172441173069
ANTO.L,2024-03-21,14.2187587601892,0.07032962699950145,,,0.09893541885998242,10.107603642081328
ANTO.L,2024-03-22,14.2528160408468,0.0701615734837329,,,0.09819885114332819,10.183418526357595
ANTO.L,2024-03-25,14.0837846261729,0.07100364188626038,,,0.09966278479408112,10.033835619445675
ANTO.L,2024-03-26,14.0629769566036,0.0711086993234691,,,0.09975511822505226,10.024548291787422
ANTO.L,2024-03-27,14.1380916731305,0.07073090365515906,,,0.09918860281920482,10.081803469121766
ANTO.L,2024-03-28,14.5041909419771,0.06894558986436562,,,0.09633664726421236,10.38026574930935
ANTO.L,2024-04-02,10.9801333633033,0.09107357505712085,,,0.09524876633154056,10.498823643754232
ANTO.L,2024-04-03,11.2264886661244,0.0890750465029614,,,0.09373900985099662,10.667917248001187
ANTO.L,2024-04-04,11.7401432589569,0.08517783624463617,,,0.08963774192985782,11.156015072116688
ANTO.L,2024-04-05,11.7150761605751,0.08536009380505039,,,0.08982954248368058,11.132195181575938
ANTO.L,2024-04-08,11.842171462669,0.08444397238735969,,,0.08905360870767239,11.229191208664016
ANTO.L,2024-04-09,12.1539402289577,0.08227784415274833,,,0.08674568852522091,11.527950460722375
ANTO.L,2024-04-10,11.8772131131978,0.08419483514098214,,,0.08784185369795962,11.38409491491899
ANTO.L,2024-04-11,11.7626674034702,0.08501473056230271,,,0.0885488788329562,11.29319775901916
ANTO.L,2024-04-12,11.921471092046,0.08388226522372726,,,0.08670174838844803,11.533792784889652
ANTO.L,2024-04-15,11.9630116102325,0.0835909913474175,,,0.08623824229903777,11.595783649351556
ANTO.L,2024-04-16,11.5920858450535,0.08626575176948965,,,0.08895519016523971,11.241614998994873
ANTO.L,2024-04-17,11.9333912992675,0.08379847563210154,,,0.08685083114853853,11.513994590215587
ANTO.L,2024-04-18,11.8965820938788,0.08405775643027205,,,0.08689146059017716,11.508610779562005
ANTO.L,2024-04-19,11.7621712833064,0.08501831642421853,,,0.08797522592733015,11.366836395805636
ANTO.L,2024-04-22,11.4855566317658,0.08706587169090986,,,0.09009399450288047,11.09951895814796
ANTO.L,2024-04-23,11.3356631996103,0.08821715874853958,,,0.09167012632846047,10.90867919628397
ANTO.L,2024-04-24,11.4054509862958,0.08767737472209983,,,0.09109264610285239,10.977834575920689
ANTO.L,2024-04-25,11.7755200369129,0.08492193948677298,,,0.08849398666216937,11.300202846748837
ANTO.L,2024-04-26,11.9007893769388,0.08402803951289042,,,0.08726008879698963,11.45999292215365
ANTO.L,2024-04-29,12.1127181627371,0.08255785254513269,,,0.08595023160154731,11.634639969742647
ANTO.L,2024-04-30,11.6641753889537,0.08573259288839466,,,0.0888051736518714,11.26060519762214
ANTO.L,2024-05-01,11.4746064930977,0.0871489580580849,,,0.0906454579644834,11.031992362946843
ANTO.L,2024-05-02,11.2894419783048,0.08857833734578952,,,0.09226953381809287,10.837813508101986
ANTO.L,2024-05-03,11.6192409778481,0.086064141530973,,,0.08992640360060082,11.120204522371433
ANTO.L,2024-05-07,11.6138956884627,0.08610375250687027,,,0.08991749085386086,11.121306772508344
ANTO.L,2024-05-08,11.6063491089035,0.08615973814133135,,,0.08991698222339062,11.121369682042824
ANTO.L,2024-05-09,11.7999467302119,0.08474614528891541,,,0.08873828038470644,11.269093740206674
ANTO.L,2024-05-10,11.9311873063818,0.08381395533578759,,,0.08766483121569645,11.407082933172287
ANTO.L,2024-05-13,11.9823173958572,0.08345631040834746,,,0.08744424932564786,11.435857791813586
ANTO.L,2024-05-14,12.1280002126734,0.08245382441163134,,,0.08663405301609135,11.542805227111568
ANTO.L,2024-05-15,12.2697804004547,0.08150105114863682,,,0.08613990630512221,11.609021217852616
ANTO.L,2024-05-16,12.2245256157202,0.08180276531254875,,,0.08632352389108214,11.584327827739518
ANTO.L,2024-05-17,12.6911709437797,0.07879493582033328,,,0.08318833435036758,12.020916247562557
ANTO.L,2024-05-20,12.8464831069097,0.0778423161948606,,,0.08206930291203558,12.184823856391603
ANTO.L,2024-05-21,12.9407044005384,0.07727554614093456,,,0.08146379751551346,12.275391406956768
ANTO.L,2024-05-22,12.1214893866368,0.08249811290536943,,,0.0867049740498377,11.533363696357302
ANTO.L,2024-05-23,12.1203479847236,0.0825058819483065,,,0.08664938029107831,11.540763438131167
ANTO.L,2024-05-24,12.0914358222699,0.08270316401615503,,,0.08711372602525341,11.479247251002786
ANTO.L,2024-05-28,12.4608925182407,0.08025107339110456,,,0.08460886023308445,11.81909314515233
ANTO.L,2024-05-29,12.1889622361918,0.08204143885447217,,,0.08605739193900709,11.620152289866592
ANTO.L,2024-05-30,11.8613415625293,0.08430749546569512,,,0.08869684324593875,11.274358403344731
ANTO.L,2024-05-31,11.8590370028384,0.08432387889173927,,,0.08878813468196332,11.262766174579212
ANTO.L,2024-06-03,11.984397001804,0.08344182855837227,,,0.08835363560189848,11.318153386531531
ANTO.L,2024-06-04,11.5146936208944,0.08684555863348498,,,0.09175466296872462,10.89862866523589
ANTO.L,2024-06-05,11.6208610143593,0.08605214353431742,,,0.09083339973051584,11.00916626446655
ANTO.L,2024-06-06,11.964127213721,0.08358319684641559,,,0.08838961759660974,11.31354594793898
ANTO.L,2024-06-07,11.5305109233443,0.08672642579744079,,,0.09097171040062406,10.992428257050118
ANTO.L,2024-06-10,11.61389407415,0.08610376447515414,,,0.09000944255017265,11.109945486470318
ANTO.L,2024-06-11,11.1277817651967,0.08986516999529992,,,0.0937316287762373,10.668757313363988
ANTO.L,2024-06-12,11.2092080048577,0.089212368935132,,,0.09364001966766514,10.67919468138803
ANTO.L,2024-06-13,11.122827046267,0.08990520088466324,,,0.09373915556519725,10.667900665101278
ANTO.L,2024-06-14,10.9377840033575,0.09142619745398488,,,0.09501392114615273,10.524773506208376
ANTO.L,2024-06-17,10.9129033967383,0.09163464237197269,,,0.09553311811699328,10.467574174385936
ANTO.L,2024-06-18,10.9915443601254,0.09097902598908232,,,0.09488525680423529,10.539045091727719
ANTO.L,2024-06-19,11.0539488815691,0.09046540839964973,,,0.09438404572040203,10.59501097211221
ANTO.L,2024-06-20,11.4760318155333,0.08713813416293054,,,0.09055758676113171,11.042697092158058
ANTO.L,2024-06-21,10.9966723655087,0.0909366003425292,,,0.09442529373590668,10.590382729407752
ANTO.L,2024-06-24,11.363768363276,0.08799897780666442,,,0.09172604099907183,10.902029446688088
ANTO.L,2024-06-25,11.3459337577376,0.08813730287452357,,,0.09170684728084182,10.904311179050932
ANTO.L,2024-06-26,11.2576644176042,0.08882837175677821,,,0.09213276135895444,10.85390240398791
ANTO.L,2024-06-27,11.1776129711905,0.08946453975257763,,,0.09299319504852172,10.753475020169196
ANTO.L,2024-06-28,11.2719624329301,0.08871569666330535,,,0.09230866591070759,10.833219071406841
ANTO.L,2024-07-01,11.2924144624411,0.08855502101220507,,,0.09742707607702503,10.264087153856577
ANTO.L,2024-07-02,11.1647040191406,0.08956798122777057,,,0.09859657574640689,10.142340060287971
ANTO.L,2024-07-03,11.5907663959693,0.08627557193696449,,,0.09534310781357482,10.488435115365743
ANTO.L,2024-07-04,11.7033256818255,0.08544579781736183,,,0.09463639831026797,10.566758856581513
ANTO.L,2024-07-05,11.9286991657507,0.08383143761988467,,,0.09307175187816272,10.744398593775998
ANTO.L,2024-07-08,11.789616734506,0.08482039938356836,,,0.09404844794469755,10.632817679118116
ANTO.L,2024-07-09,11.7595228856687,0.08503746365583398,,,0.09420145487485423,10.615547300500728
ANTO.L,2024-07-10,11.8654718531173,0.08427814859611164,,,0.09351602123354681,10.69335485844293
ANTO.L,2024-07-11,11.9027763211731,0.08401401261495295,,,0.0935237532783468,10.69247078893193
ANTO.L,2024-07-12,12.2153968303403,0.08186389798784308,,,0.09147413872755154,10.932051549328282
ANTO.L,2024-07-15,11.7525246506852,0.08508810061859327,,,0.09497222779392717,10.529393942088229
ANTO.L,2024-07-16,11.6584741185168,0.08577451816029084,,,0.09576550686540317,10.442173103155852
ANTO.L,2024-07-17,10.9825643623645,0.09105341585129616,,,0.10203175683406919,9.800870150910626
ANTO.L,2024-07-18,10.3873545507694,0.09627090277051621,,,0.10747396669256792,9.304578874068415
ANTO.L,2024-07-19,10.4926073133686,0.09530519632864778,,,0.1062107176908852,9.415245671443364
ANTO.L,2024-07-22,10.5740958517318,0.09457073342457194,,,0.10550812108080654,9.477943401476368
ANTO.L,2024-07-23,10.4321534111582,0.09585748604218214,,,0.10657118568244442,9.383399401971099
ANTO.L,2024-07-24,10.6129339106056,0.09422465158297944,,,0.104640037970327,9.556571455789916
ANTO.L,2024-07-25,10.507918576402,0.09516632554098153,,,0.10573393683503689,9.457701376996601
ANTO.L,2024-07-26,10.699154775018,0.09346532703078105,,,0.10396919924628555,9.618233161834478
ANTO.L,2024-07-29,10.5578747676706,0.09471603158829961,,,0.10499113531502668,9.524613644756698
ANTO.L,2024-07-30,10.4750466861961,0.09546496831539557,,,0.1057824075097342,9.453367753120755
ANTO.L,2024-07-31,10.9737374335233,0.09112665635183996,,,0.10106813921402298,9.894314942144025
ANTO.L,2024-08-01,10.3625266593118,0.09650156114207886,,,0.10669332934856138,9.372657185840117
ANTO.L,2024-08-02,10.2104364922347,0.09793900591424526,,,0.1094566436622545,9.136037489744849
ANTO.L,2024-08-05,9.88822244157246,0.10113041104291506,,,0.11347887811530755,8.812212603863474
ANTO.L,2024-08-06,9.76424551794195,0.10241446696137298,,,0.11468986084224152,8.719166564998474
ANTO.L,2024-08-07,9.7415997521567,0.10265254428859175,,,0.11486106100060754,8.706170666442917
ANTO.L,2024-08-08,9.77109838269712,0.1023426395717008,,,0.114483042533489,8.734918096778188
ANTO.L,2024-08-09,9.95555023796999,0.10044648222315711,,,0.11234110223117252,8.901461532238011
ANTO.L,2024-08-12,10.1374820086713,0.09864382488123084,,,0.11047692988970122,9.05166355544445
ANTO.L,2024-08-13,9.98850129747641,0.10011511939760669,,,0.11275081679178824,8.86911535059346
ANTO.L,2024-08-14,9.97990783417898,0.10020132616608149,,,0.11305294630309334,8.845412991882707
ANTO.L,2024-08-15,10.249972254759,0.09756123969366903,,,0.10966486116229948,9.118691159605273
ANTO.L,2024-08-16,10.2612357828733,0.0974541489114857,,,0.11011348086958635,9.081540172037217
ANTO.L,2024-08-19,10.3181067766193,0.09691700441266875,,,0.11007222926657008,9.08494364712307
ANTO.L,2024-08-20,10.3533927239511,0.09658669642528313,,,0.11014272647501402,9.079128799547657
ANTO.L,2024-08-21,9.6711746915224,0.10340005551513656,,,0.11168071496055038,8.954097404849493
ANTO.L,2024-08-22,9.56368514512594,0.1045622042994214,,,0.11255066594329605,8.884887455964128
ANTO.L,2024-08-23,9.91069967896132,0.10090104961235229,,,0.10937181848623116,9.143123099172849
ANTO.L,2024-08-27,10.117358070988,0.09884003244557954,,,0.10708145931963703,9.338684832590957
ANTO.L,2024-08-28,9.46697239523039,0.10563039145480298,,,0.11378264441640727,8.788686579829582
ANTO.L,2024-08-29,9.62737941668242,0.10387042586762395,,,0.11145430862045252,8.972286602265047
ANTO.L,2024-08-30,9.71728579530573,0.10290939476979102,,,0.11012424700013002,9.080652328989995
ANTO.L,2024-09-02,9.67924752405274,0.10331381623571664,,,0.1107969216178218,9.025521516286865
ANTO.L,2024-09-03,9.20334400366935,0.10865615797924129,,,0.11623153630377198,8.603517012684858
ANTO.L,2024-09-04,9.0019691184584,0.11108680632435357,,,0.11925173716413498,8.385622077971293
ANTO.L,2024-09-05,8.96145753815232,0.11158899048984176,,,0.12009294098225633,8.326884093443507
ANTO.L,2024-09-06,8.59051309622189,0.11640748216073382,,,0.12497456489337873,8.001628178126836
ANTO.L,2024-09-09,8.66683497412471,0.11538237464836384,,,0.12332591697901049,8.108595699071067
ANTO.L,2024-09-10,8.69238393024115,0.1150432387737684,,,0.12279677566022794,8.143536299087739
ANTO.L,2024-09-11,8.7857087083495,0.11382121046759151,,,0.12140409471392202,8.236954464809537
ANTO.L,2024-09-12,9.04664653495933,0.11053819734590699,,,0.11857607680740173,8.433404333525548
ANTO.L,2024-09-13,9.18223928328065,0.10890589638856786,,,0.11684707899309915,8.558194253696824
ANTO.L,2024-09-16,9.30081272873263,0.10751748574731967,,,0.11594043734865032,8.625118404486
ANTO.L,2024-09-17,9.37444051549125,0.1066730327369939,,,0.11483296801010925,8.708300563231681
ANTO.L,2024-09-18,9.38244161428388,0.10658206478765554,,,0.11478734221138874,8.71176194809382
ANTO.L,2024-09-19,9.86077153829598,0.10141194288056773,,,0.10964096673702181,9.12067842669191
ANTO.L,2024-09-20,9.51315227291643,0.105117627817959,,,0.11365749593284107,8.79836381923185
ANTO.L,2024-09-23,9.73087650103005,0.10276566554864264,,,0.11061687319143206,9.040212140777236
ANTO.L,2024-09-24,10.3952481037291,0.0961978001892296,,,0.10418162832106645,9.598621331951204
ANTO.L,2024-09-25,10.2198205301231,0.09784907641503904,,,0.1055146019725819,9.477361249581847
ANTO.L,2024-09-26,10.8853421617794,0.09186665748654174,,,0.09945544595086915,10.054753567682946
ANTO.L,2024-09-27,10.9045610393104,0.0917047459677698,,,0.0991637921644132,10.08432592353874
ANTO.L,2024-09-30,10.7526632139993,0.0930002158626211,,,0.10030374557590765,9.969717424392911
ANTO.L,2024-10-01,10.5754323984988,0.09455878136405578,,,0.10137071719680336,9.864781740259149
ANTO.L,2024-10-02,10.5664218029241,0.09463941707525482,,,0.10125545551056458,9.87601107473823
ANTO.L,2024-10-03,10.2035122761465,0.09800546840500927,,,0.10472380313742277,9.54892746482631
ANTO.L,2024-10-04,10.3387048502779,0.0967239141151341,,,0.1028393725315179,9.723902192164028
ANTO.L,2024-10-07,10.4042059528462,0.0961149754755131,,,0.1021739898243004,9.787226687727589
ANTO.L,2024-10-08,9.88422201364744,0.10117134141860333,,,0.10760696856605648,9.29307844394977
ANTO.L,2024-10-09,9.90302777985784,0.10097921789474726,,,0.1070019905298539,9.345620535171228
ANTO.L,2024-10-10,9.99570660473439,0.10004295239381651,,,0.10597162831000147,9.436488010495365
ANTO.L,2024-10-11,10.0095444984905,0.09990464602568139,,,0.10584364422601132,9.447898428975744
ANTO.L,2024-10-14,9.81636219594463,0.10187073174756363,,,0.1076511009988412,9.289268671862114
ANTO.L,2024-10-15,9.38232541790602,0.10658338476424147,,,0.11243491099419586,8.894034701122521
ANTO.L,2024-10-16,9.44282407313481,0.10590052215894159,,,0.11141608042194695,8.9753651018136
ANTO.L,2024-10-17,9.36895861422266,0.10673544853554354,,,0.1119843465051085,8.929819490033655
ANTO.L,2024-10-18,9.53448495822669,0.10488243511645218,,,0.11039652638242713,9.058256022801634
ANTO.L,2024-10-21,9.41506713643109,0.10621273173194427,,,0.11127201949362217,8.986985268630965
ANTO.L,2024-10-22,9.48954465400517,0.10537913424306809,,,0.11021515003816902,9.073162806144946
ANTO.L,2024-10-23,9.35065464789518,0.10694438385927328,,,0.1116858205608027,8.953688077669552
ANTO.L,2024-10-24,9.29756140287699,0.1075550842493565,,,0.11280274933106267,8.86503215506848
ANTO.L,2024-10-25,9.37629991007486,0.10665187862916985,,,0.1115041656728292,8.968274808083473
ANTO.L,2024-10-28,9.36420620024677,0.10678961767988915,,,0.1118449348228566,8.940950268188992
ANTO.L,2024-10-29,9.43761408638948,0.10595898400233983,,,0.11103620633245435,9.006071380049606
ANTO.L,2024-10-30,9.19711652320482,0.10872973039723334,,,0.11433055384054652,8.746568317990226
ANTO.L,2024-10-31,8.92506793757067,0.1120439650426002,,,0.11811938898157524,8.466010606912166
ANTO.L,2024-11-01,9.10454062829889,0.10983530535212098,,,0.11526910439785717,8.675351519592354
ANTO.L,2024-11-04,9.26613321326766,0.10791988167924844,,,0.11370857078609228,8.794411829176822
ANTO.L,2024-11-05,9.33921610687888,0.10707536784200138,,,0.11336872674993483,8.820774729222888
ANTO.L,2024-11-06,8.88286302632481,0.11257631655879978,,,0.11698978918076623,8.547754526293355
ANTO.L,2024-11-07,9.38281117968508,0.1065778667874209,,,0.11154115316179566,8.965300892572387
ANTO.L,2024-11-08,8.71900640045039,0.11469196764763746,,,0.11907724373050874,8.397910202415867
ANTO.L,2024-11-11,8.5167895310009,0.11741513587485346,,,0.12117721770728884,8.252376304063711
ANTO.L,2024-11-12,8.26286745120523,0.12102336215669768,,,0.12453750349363504,8.029709701472447
ANTO.L,2024-11-13,8.30536874103673,0.1204040460068933,,,0.12320001832521316,8.116881909548773
ANTO.L,2024-11-14,8.27801461283584,0.12080191287043708,,,0.12322055510011672,8.115529094861648
ANTO.L,2024-11-15,8.36765965476251,0.11950772871490335,,,0.12202766922944579,8.194862741496138
ANTO.L,2024-11-18,8.50808576837366,0.1175352514330791,,,0.12067377748161205,8.28680448121695
ANTO.L,2024-11-19,8.48674448162651,0.11783081276512605,,,0.12093236969329409,8.269084634132096
ANTO.L,2024-11-20,8.46538027178927,0.11812818419185282,,,0.12064192589987599,8.2889923427609
ANTO.L,2024-11-21,8.49546049339432,0.11770992293796835,,,0.11941655542876724,8.374048275044297
ANTO.L,2024-11-22,8.3331471767823,0.1200026807142188,,,0.12109197293994416,8.258185705636759
ANTO.L,2024-11-25,8.39227444288896,0.11915720902661038,,,0.1211271200152542,8.255789453873454
ANTO.L,2024-11-26,8.3627801910941,0.11957745835110493,,,0.12146254413935693,8.232990730481289
ANTO.L,2024-11-27,8.43340354264466,0.11857608792741424,,,0.12134114771695925,8.241227471596059
ANTO.L,2024-11-28,8.474876168478,0.11799582437787876,,,0.12062120293276754,8.290416408443424
ANTO.L,2024-11-29,8.66354509053889,0.11542618980445545,,,0.11824020846833401,8.45735991972486
ANTO.L,2024-12-02,8.67093893183166,0.11532776413969724,,,0.11726882378626474,8.527415622609206
ANTO.L,2024-12-03,8.86844617851754,0.11275932444877972,,,0.1147872871971755,8.711766123388326
ANTO.L,2024-12-04,8.87817613014234,0.11263574695312645,,,0.11467353815819761,8.720407655168469
ANTO.L,2024-12-05,8.86639592944572,0.11278539870737701,,,0.11565611935971704,8.646321574129345
ANTO.L,2024-12-06,8.80939541510666,0.11351516794048827,,,0.11620640663408069,8.605377525775095
ANTO.L,2024-12-09,9.2471684763157,0.10814121128659533,,,0.11053682865112155,9.046758552809752
ANTO.L,2024-12-10,8.93961532364826,0.11186163652418767,,,0.11405804349823982,8.76746583870196
ANTO.L,2024-12-11,8.98056350967204,0.11135158711622083,,,0.11319245530082338,8.83451107533954
ANTO.L,2024-12-12,8.61788220258339,0.1160377893887003,,,0.1176536404222089,8.499524506096241
ANTO.L,2024-12-13,8.50944508513166,0.11751647610339186,,,0.11955084536556308,8.364641813633318
ANTO.L,2024-12-16,8.4784992666617,0.11794540148539014,,,0.12007925426594232,8.327833197442056
ANTO.L,2024-12-17,8.34048095796935,0.11989716241057989,,,0.12182177870769977,8.208712847637932
ANTO.L,2024-12-18,8.22790332335922,0.12153764582539217,,,0.12187531802135096,8.20510679467366
ANTO.L,2024-12-19,7.91989919056241,0.12626423341241894,,,0.12673836483555515,7.8902706477041455
ANTO.L,2024-12-20,8.10228965671902,0.12342190200158122,,,0.12468640445424181,8.020120592754651
ANTO.L,2024-12-23,8.1191947647401,0.12316492324371658,,,0.12413937923701159,8.055461579929139
ANTO.L,2024-12-24,8.10746136385185,0.12334317181684361,,,0.12422339015085136,8.050013759772975
ANTO.L,2024-12-27,8.13635097645022,0.12290521916942752,,,0.1241398294657808,8.05543236448259
ANTO.L,2024-12-30,7.97536613397616,0.12538609302711032,,,0.126403111636749,7.911197652109628
ANTO.L,2024-12-31,7.94742320146315,0.12582694725705512,,,0.12037809057994418,8.307159510358664
ANTO.L,2025-01-02,7.98299012825533,0.12526634555898522,,,0.11882317557903226,8.415866644927993
ANTO.L,2025-01-03,7.8946414575688,0.1266681970770533,,,0.12065576769349418,8.288041418296165
ANTO.L,2025-01-06,8.21384587514379,0.12174564938284702,,,0.11688982746365782,8.555064385828695
ANTO.L,2025-01-07,8.14010547992821,0.12284853095156936,,,0.11736947059943385,8.52010318264845
ANTO.L,2025-01-08,8.2182889838426,0.12167982921579294,,,0.11601659211593492,8.619456767017462
ANTO.L,2025-01-09,8.44521194703038,0.11841029050213873,,,0.11268064852666357,8.87463830813301
ANTO.L,2025-01-10,8.27417898530244,0.12085791252235617,,,0.11440661588045183,8.740753253683694
ANTO.L,2025-01-13,8.24220848971492,0.12132670524506324,,,0.11485038483057607,8.706979967678565
ANTO.L,2025-01-14,8.24251606080664,0.12132217791543334,,,0.11555278247386332,8.654053832292513
ANTO.L,2025-01-15,8.29858659292871,0.12050244807376086,,,0.11457128276937652,8.728190658499702
ANTO.L,2025-01-16,8.49835465017269,0.11766983624055741,,,0.11197602339614905,8.93048323802496
ANTO.L,2025-01-17,8.57187804335223,0.11666054917516383,,,0.11072367355853759,9.03149225329232
ANTO.L,2025-01-20,8.76592668712051,0.11407807020212334,,,0.10978014656849892,9.109115183919302
ANTO.L,2025-01-21,8.70164403764392,0.11492081216766971,,,0.11075145512006677,9.029226739421977
ANTO.L,2025-01-22,8.56906073857036,0.11669890440837713,,,0.11222744128774603,8.910476693806514
ANTO.L,2025-01-23,8.53728926174217,0.11713319876383502,,,0.11273191214584533,8.870602662236973
ANTO.L,2025-01-24,8.74722222112511,0.1143220070006836,,,0.11084951101037308,9.021239614727953
ANTO.L,2025-01-27,8.46957820988279,0.11806963407376563,,,0.11446168630502158,8.736547855281149
ANTO.L,2025-01-28,8.24599022697425,0.121271062962069,,,0.11685912986045853,8.557311706788335
ANTO.L,2025-01-29,8.41647955553539,0.11881452255679932,,,0.1144048705378196,8.740886601234545
ANTO.L,2025-01-30,8.65525162995272,0.11553679115918004,,,0.11092860938161794,9.014806960752459
ANTO.L,2025-01-31,8.53887745044442,0.11711141257191286,,,0.11213749759616858,8.917623644511995
ANTO.L,2025-02-03,8.36137372099989,0.11959757252429278,,,0.11431905682809682,8.747447956150602
ANTO.L,2025-02-04,8.47052183168514,0.11805648103749215,,,0.1132054801221852,8.833494623411143
ANTO.L,2025-02-05,8.46886252381476,0.11807961189450913,,,0.11350090977666832,8.810502065293258
ANTO.L,2025-02-06,8.85974194743862,0.11287010456202996,,,0.10827378609376058,9.235845868861016
ANTO.L,2025-02-07,8.95595712430569,0.11165752427354601,,,0.10655309733879113,9.384992318153342
ANTO.L,2025-02-10,9.06822078486049,0.11027521536192775,,,0.10502032637948744,9.521966218106515
ANTO.L,2025-02-11,8.94081518391855,0.11184662465662593,,,0.1070752330532795,9.33922786329506
ANTO.L,2025-02-12,8.94500732253371,0.11179420697408059,,,0.10725172182154871,9.323859636154417
ANTO.L,2025-02-13,9.24681091171982,0.10814539299517367,,,0.1045708337871116,9.562895922163436
ANTO.L,2025-02-14,9.23381991785195,0.10829754195949584,,,0.10498820778616257,9.524879232501766
ANTO.L,2025-02-17,9.25927253775454,0.10799984511985315,,,0.10460961641869948,9.559350604991275
ANTO.L,2025-02-18,9.24535979088115,0.10816236713538357,,,0.1043971676936796,9.578803928227087
ANTO.L,2025-02-19,9.3042111396597,0.10747821443318782,,,0.10349900144088763,9.66192896625326
ANTO.L,2025-02-20,9.34790528808509,0.10697583781412584,,,0.10379618372949001,9.634265577684099
ANTO.L,2025-02-21,9.18356647801338,0.10889015747793915,,,0.10523041931403246,9.502955576141566
ANTO.L,2025-02-24,8.92457721662721,0.1120501258185003,,,0.10836804765531459,9.227812271571896
ANTO.L,2025-02-25,8.75298112230111,0.11424679043945037,,,0.11098853599841127,9.009939549200958
ANTO.L,2025-02-26,9.06988506257922,0.11025498042150804,,,0.1068040362931914,9.362942026412428
ANTO.L,2025-02-27,8.94321101370466,0.1118166616517927,,,0.10742829294630576,9.308534768394903
ANTO.L,2025-02-28,8.71046060825803,0.11480449140105646,,,0.11006541557594886,9.085506058076582
ANTO.L,2025-03-03,9.03342626588198,0.1106999681590211,,,0.10726658122713936,9.322568022210737
ANTO.L,2025-03-04,8.74056436730537,0.1144090882438396,,,0.11231875056948935,8.903232941336185
ANTO.L,2025-03-05,9.37748357114099,0.1066384166299666,,,0.10632686062229134,9.404961212504292
ANTO.L,2025-03-06,9.59069386276859,0.10426774270024769,,,0.10389473010849032,9.625127270225995
ANTO.L,2025-03-07,9.52099503066114,0.10503103895964955,,,0.10513141898441161,9.51190433516621
ANTO.L,2025-03-10,9.096142169714,0.10993671617507732,,,0.11004178464246789,9.087457125936822
ANTO.L,2025-03-11,9.04874230197616,0.11051259574290334,,,0.11149623277802605,8.968912895836265
ANTO.L,2025-03-12,9.10519355291179,0.10982742916873038,,,0.11048049342787118,9.051371594867692
ANTO.L,2025-03-13,9.35131527977872,0.10693682867931953,,,0.107236499798172,9.325183140834353
ANTO.L,2025-03-14,9.56590287632634,0.10453796290100291,,,0.10509207654501046,9.515465227025983
ANTO.L,2025-03-17,9.82763454940623,0.10175388543120159,,,0.10268759254328616,9.738274851253014
ANTO.L,2025-03-18,10.1096756707988,0.09891514154983634,,,0.10002379354024989,9.997621211972898
ANTO.L,2025-03-19,10.0603348442524,0.09940027001897585,,,0.10012867175619439,9.987149359525342
ANTO.L,2025-03-20,9.88922292996569,0.10112017972310686,,,0.10139474805731563,9.862443757291333
ANTO.L,2025-03-21,9.38017131766361,0.10660786100110137,,,0.10653203884053444,9.386847476906725
ANTO.L,2025-03-24,9.63638918416396,0.10377330978322859,,,0.10356510966057689,9.655761513480638
ANTO.L,2025-03-25,9.95931262624829,0.10040853596305911,,,0.10012382397174907,9.987632916239395
ANTO.L,2025-03-26,9.7293348209494,0.10278194947580381,,,0.10212024318823115,9.792377777212785
ANTO.L,2025-03-27,9.19284949312016,0.10878019930037909,,,0.10857250706950952,9.210434823613191
ANTO.L,2025-03-28,9.66682625494165,0.10344656804903297,,,0.11175327435034953,8.948283670552444
ANTO.L,2025-03-31,9.29809766769606,0.1075488810441573,,,0.11607817516892752,8.614883879288325
ANTO.L,2025-04-01,9.40749503493333,0.10629822245843863,,,0.11447325041384701,8.73566528760886
ANTO.L,2025-04-02,9.43915657221984,0.10594166887146216,,,0.11474565141505977,8.714927212211157
ANTO.L,2025-04-03,8.82452560911932,0.1133205391762469,,,0.1249416246787061,8.00373776610919
ANTO.L,2025-04-04,7.87379400519051,0.12700357659100386,,,0.13882367754069685,7.2033821442804316
ANTO.L,2025-04-07,7.58769732076242,0.13179228924481123,,,0.1433889029731299,6.974040384334296
ANTO.L,2025-04-08,7.65157955606479,0.13069196924279258,,,0.14286943149315948,6.9993979086273574
ANTO.L,2025-04-09,7.67260385830568,0.13033384995075548,,,0.14241241229280585,7.021859849856052
ANTO.L,2025-04-10,8.14461492843863,0.12278051311036087,,,0.13717243652111705,7.29009431749836
ANTO.L,2025-04-11,8.29738167008889,0.1205199471063125,,,0.13660783099394183,7.320224563439172
ANTO.L,2025-04-14,8.63679942586889,0.11578363126099768,,,0.1311126744319779,7.627027702183029
ANTO.L,2025-04-15,8.76923627920793,0.11403501606759348,,,0.1283575686079957,7.7907365404684645
ANTO.L,2025-04-16,8.87580700178774,0.11266581166068425,,,0.12813175290845463,7.8044667094694535
ANTO.L,2025-04-17,8.80394601633446,0.1135854306858133,,,0.12878129265109772,7.765102985177064
ANTO.L,2025-04-22,9.0009571866494,0.11109929524864781,,,0.12659404898907456,7.899265470893524
ANTO.L,2025-04-23,9.58067378032615,0.10437679258566275,,,0.11781990233724032,8.487530376130024
ANTO.L,2025-04-24,9.72624216772541,0.10281463105229892,,,0.11682574276114187,8.559757262100765
ANTO.L,2025-04-25,9.75250713116815,0.10253773584067306,,,0.11626616703881412,8.60095439171192
ANTO.L,2025-04-28,9.73686781324423,0.10270243153961538,,,0.11703678716586628,8.544322039383951
ANTO.L,2025-04-29,9.79683745311961,0.1020737564326506,,,0.1159535341871349,8.62414420578265
ANTO.L,2025-04-30,9.38767708361554,0.10652262440357219,,,0.12039055997360042,8.3062991003554
ANTO.L,2025-05-01,9.59224748715997,0.10425085480108641,,,0.11744920792063314,8.51431880814177
ANTO.L,2025-05-02,9.74395663140019,0.10262771457515218,,,0.11566105895946505,8.64595231097152
ANTO.L,2025-05-06,9.90734523950884,0.10093521279668007,,,0.11448942047130298,8.734431494922731
ANTO.L,2025-05-07,9.72142744408291,0.10286555197289106,,,0.11597101728288571,8.622844081471845
ANTO.L,2025-05-08,9.8027709719014,0.10201197221340717,,,0.11427528523447934,8.750798547105951
ANTO.L,2025-05-09,9.94898450924413,0.10051277083312843,,,0.11279594305138378,8.86556708466415
ANTO.L,2025-05-12,10.4183994783424,0.09598403306369503,,,0.10618158758942747,9.417828671640338
ANTO.L,2025-05-13,10.5516054342344,0.09477230798978958,,,0.10575923207022225,9.455439307048085
ANTO.L,2025-05-14,10.7218440762855,0.09326753801725145,,,0.10398697489238946,9.616589010641441
ANTO.L,2025-05-15,10.6463766518455,0.09392867007261617,,,0.10484593393980816,9.537804304114434
ANTO.L,2025-05-16,10.4259239097298,0.09591476099943225,,,0.10683220516574457,9.360473262239157
ANTO.L,2025-05-19,10.3717644417572,0.09641561044078036,,,0.10815065057371788,9.246361392143248
ANTO.L,2025-05-20,10.3419090821142,0.0966939461621693,,,0.10884832095330559,9.187096238526141
ANTO.L,2025-05-21,10.3084107374394,0.09700816405850735,,,0.10965730724018953,9.119319315489253
ANTO.L,2025-05-22,10.1419561865706,0.09860030763336791,,,0.11097553065245598,9.010995434044984
ANTO.L,2025-05-23,10.3706094808247,0.0964263481185946,,,0.10933654625180741,9.146072692811707
ANTO.L,2025-05-27,10.4675891460783,0.09553298147689067,,,0.10797998537336498,9.260975508954516
ANTO.L,2025-05-28,10.3186644038381,0.0969117669558129,,,0.10919084083642239,9.158277309157176
ANTO.L,2025-05-29,10.3447609090575,0.09666728973160085,,,0.10967705084487145,9.117677693708341
ANTO.L,2025-05-30,10.2796348438781,0.09727972006666528,,,0.11013895921718059,9.079439347416766
ANTO.L,2025-06-02,10.5438028561812,0.09484244097126303,,,0.10826895474269552,9.23625800559847
ANTO.L,2025-06-03,10.4565203029071,0.09563410876962407,,,0.1084949518554304,9.217018699012842
ANTO.L,2025-06-04,10.8186803646636,0.092432715108789,,,0.10529642837925135,9.496998287522636
ANTO.L,2025-06-05,11.3988980945888,0.08772777786957431,,,0.1001734535127543,9.982684682750582
ANTO.L,2025-06-06,11.0561348936415,0.0904475216357129,,,0.10282833701127851,9.724945759750224
ANTO.L,2025-06-09,11.0715592628424,0.09032151445516176,,,0.10291844066259562,9.716431706134829
ANTO.L,2025-06-10,10.9700215252182,0.09115752395755754,,,0.10389833625191928,9.624793197605484
ANTO.L,2025-06-11,10.730278350833,0.09319422733543246,,,0.1068151341714445,9.361969235510596
ANTO.L,2025-06-12,10.6525231096213,0.0938744736537399,,,0.10849461440002428,9.217047367097479
ANTO.L,2025-06-13,10.4797609226006,0.09542202416501745,,,0.10998761625617916,9.09193265604408
ANTO.L,2025-06-16,10.5402862557491,0.09487408365731617,,,0.10944074143760663,9.137364996472643
ANTO.L,2025-06-17,10.2645839191243,0.09742236099184357,,,0.11158304848350312,8.961934752551988
ANTO.L,2025-06-18,10.1817579967511,0.09821486626563804,,,0.11249074722421258,8.889620032542192
ANTO.L,2025-06-19,9.87549102627338,0.10126078767521907,,,0.1161313736885306,8.610937494651907
ANTO.L,2025-06-20,9.85430372351158,0.10147850401790236,,,0.11666534405035639,8.571525744340743
ANTO.L,2025-06-23,9.88732031579279,0.10113963824988283,,,0.11681955005478832,8.560211022307486
ANTO.L,2025-06-24,10.1866040124557,0.09816814306095016,,,0.11370195083106313,8.794923857426042
ANTO.L,2025-06-25,10.173247601249,0.09829702757625076,,,0.11435032677095494,8.745055901790398
ANTO.L,2025-06-26,10.8367253259306,0.09227879916889242,,,0.10771846631316061,9.283459319712057
ANTO.L,2025-06-27,10.8116806143167,0.09249255834248488,,,0.10815145479603516,9.24629263550748
ANTO.L,2025-06-30,10.7200392511383,0.09328324053420008,,,0.11652876487669438,8.581572121339791
ANTO.L,2025-07-01,10.8627344785977,0.0920578517287935,,,0.11518264457186625,8.681863519604006
ANTO.L,2025-07-02,11.2708009233983,0.08872483923693388,,,0.11094689808804982,9.01332094211754
ANTO.L,2025-07-03,11.390042384224,0.08779598585033095,,,0.10939434088154629,9.14124068888366
ANTO.L,2025-07-04,11.1721356788381,0.08950840096707453,,,0.11173687958953755,8.949596620860303
ANTO.L,2025-07-07,11.2020146530099,0.0892696564837386,,,0.1107669690582381,9.02796211273262
ANTO.L,2025-07-08,11.249053163861,0.08889637069301316,,,0.11046414834977153,9.05271090158247
ANTO.L,2025-07-09,10.9246909863564,0.09153576986743858,,,0.11369459141876331,8.795493149861194
ANTO.L,2025-07-10,11.0283402285107,0.09067547602628169,,,0.1124441929412857,8.893300523951147
ANTO.L,2025-07-11,10.9914896956009,0.0909794784596148,,,0.11271435859054917,8.871984124335404
ANTO.L,2025-07-14,10.7938851565445,0.09264504721858047,,,0.11452348466103607,8.731833500873437
ANTO.L,2025-07-15,10.6139237625899,0.09421586421457302,,,0.11582628642702522,8.63361876520177
ANTO.L,2025-07-16,10.6298878839116,0.09407436944970098,,,0.11600082096495593,8.620628644534351
ANTO.L,2025-07-17,10.5412685842159,0.09486524245263635,,,0.11658404553864324,8.577502996913394
ANTO.L,2025-07-18,10.8042776928076,0.09255593279185144,,,0.11403958228409039,8.768885153479815
ANTO.L,2025-07-21,11.3840774306418,0.08784198861019368,,,0.1088833265815528,9.184142617566039
ANTO.L,2025-07-22,11.6278940825612,0.08600009536548311,,,0.10712894328473645,9.334545542394782
ANTO.L,2025-07-23,11.8102506189244,0.08467220825929209,,,0.10562751208202893,9.467230461921826
ANTO.L,2025-07-24,11.7426794269878,0.08515943965069284,,,0.1060917270351218,9.425805649001724
ANTO.L,2025-07-25,11.6659376070769,0.08571964240519944,,,0.10666175000820388,9.3754321481045
ANTO.L,2025-07-28,11.5282509905782,0.08674342715276404,,,0.10653855508649963,9.386273346659252
ANTO.L,2025-07-29,11.4328442433311,0.08746729848815273,,,0.10702825701138427,9.343326967322593
ANTO.L,2025-07-30,11.3875397311193,0.08781528087820847,,,0.10614165835592203,9.421371547133043
ANTO.L,2025-07-31,10.692336574726,0.09352492722346106,,,0.11315254692646193,8.837626966098272
ANTO.L,2025-08-01,10.8258605139098,0.09237140998769863,,,0.11341143520368785,8.81745300378213
ANTO.L,2025-08-04,11.0162614091406,0.09077489747749294,,,0.11131716710902265,8.983340359538726
ANTO.L,2025-08-05,11.0610005005783,0.09040773481094383,,,0.11090412773803605,9.016796943411121
ANTO.L,2025-08-06,11.3352492873377,0.0882203800420228,,,0.10901577391444917,9.172984459888864
ANTO.L,2025-08-07,11.4459177454751,0.0873673935316658,,,0.10801713272386562,9.257790637309308
ANTO.L,2025-08-08,11.7427793561304,0.08515871495771084,,,0.10505236448084777,9.519062278529782
ANTO.L,2025-08-11,11.7997936840077,0.08474724446710483,,,0.10432014791489166,9.585875978778692
ANTO.L,2025-08-12,12.0972368583696,0.08266350503901554,,,0.1022718423267184,9.777862383718409
ANTO.L,2025-08-13,12.3622525211071,0.08089140699015952,,,0.10034528208331565,9.965590601157615
ANTO.L,2025-08-14,12.2347163152673,0.08173462908593417,,,0.10088945022605186,9.911839124501228
ANTO.L,2025-08-15,11.8030811240667,0.08472364033497842,,,0.09994162380871646,10.005841028898557
ANTO.L,2025-08-18,11.6495288616283,0.08584038134742439,,,0.1009389876205076,9.906974733683892
ANTO.L,2025-08-19,11.7111401898771,0.08538878228649181,,,0.10028751234731632,9.971331191632254
ANTO.L,2025-08-20,11.6879812801468,0.08555797413010915,,,0.10052837228830543,9.94744048110218
ANTO.L,2025-08-21,11.7581054687219,0.08504771475814117,,,0.0995345428645311,10.046763377022025
ANTO.L,2025-08-22,12.0274674982002,0.08314302243174972,,,0.09822761161887994,10.18043688041575
ANTO.L,2025-08-26,11.9514460119,0.08367188363686742,,,0.09823672520087391,10.179492424601955
ANTO.L,2025-08-27,11.8445671394351,0.08442689278788561,,,0.09908048022702565,10.092805340756064
ANTO.L,2025-08-28,11.9687755296673,0.08355073562214241,,,0.09843139428290919,10.15936030658901
ANTO.L,2025-08-29,11.8886424740473,0.08411389291779803,,,0.09911221912026734,10.089573302627338
ANTO.L,2025-09-01,11.9294620744672,0.08382607646159625,,,0.09898472887868151,10.10256846008669
ANTO.L,2025-09-02,11.7131454599513,0.08537416387588836,,,0.10020149313712343,9.979891204131292
ANTO.L,2025-09-03,12.1236479379628,0.08248342455315764,,,0.09699948728346154,10.309332842942775
ANTO.L,2025-09-04,11.8380261121134,0.08447354233969277,,,0.09923800639697175,10.076784452922212
ANTO.L,2025-09-05,11.8248469774848,0.08456769055058881,,,0.09992831625962723,10.007173516282066
ANTO.L,2025-09-08,11.9628156496987,0.08359236063503046,,,0.09915457554128125,10.085263282516577
ANTO.L,2025-09-09,12.1791367303021,0.08210762569993706,,,0.09693055358329937,10.31666448846419
ANTO.L,2025-09-10,12.1948567786769,0.08200178305894762,,,0.09669806775201992,10.341468275917139
ANTO.L,2025-09-11,12.2558692456705,0.08159355978387738,,,0.09654519480460809,10.35784330876165
ANTO.L,2025-09-12,12.408343388703,0.08059093536292973,,,0.09535884418707646,10.486704285532074
ANTO.L,2025-09-15,12.7295676408309,0.07855726354699089,,,0.09316676345744511,10.733441442953639
ANTO.L,2025-09-16,12.7941457895015,0.07816074761478571,,,0.09353246228822333,10.691475189848711
ANTO.L,2025-09-17,12.7008716218613,0.07873475378483127,,,0.0937897720122203,10.66214341441949
ANTO.L,2025-09-18,12.7069196773,0.0786972787580005,,,0.09353962257756268,10.690656776713034
ANTO.L,2025-09-19,12.8400101270032,0.07788155851193207,,,0.0922395662416706,10.841334589323287
ANTO.L,2025-09-22,13.0891150370782,0.07639935909855244,,,0.09093156254084088,10.997281604512859
ANTO.L,2025-09-23,13.420589021988,0.0745123778368909,,,0.08878309917280011,11.263404964650789
ANTO.L,2025-09-24,14.5792798598534,0.06859049346831424,,,0.08118700225813599,12.317242565755494
ANTO.L,2025-09-25,14.2255523361881,0.07029604027789627,,,0.0826952390313649,12.092594588434734
ANTO.L,2025-09-26,14.663617087402,0.06819599789325739,,,0.08047259856781802,12.426590141205063
ANTO.L,2025-09-29,15.4692063378701,0.06464455759129052,,,0.07643835071366728,13.082438208876722
ANTO.L,2025-09-30,15.1775069978951,0.06588697340997343,,,0.07796045055272681,12.827016684872444
ANTO.L,2025-10-01,14.9360861008556,0.06695194398636439,,,0.0791936258758284,12.627278886913821
ANTO.L,2025-10-02,14.7461505611866,0.06781430827324549,,,0.08011124845732277,12.482641567279089
ANTO.L,2025-10-03,15.020076491506,0.06657755708271591,,,0.07883122598691844,12.685328529153459
ANTO.L,2025-10-06,14.9304552483561,0.06697719415555689,,,0.07908898620084998,12.643985566592749
ANTO.L,2025-10-07,14.7647577103786,0.06772884591916259,,,0.07960743999069118,12.561639968788521
ANTO.L,2025-10-08,15.3666765716377,0.06507587996260047,,,0.07629888218482492,13.106351906671708
ANTO.L,2025-10-09,15.101331831292,0.06621932496893188,,,0.07721848443213734,12.950267120029267
ANTO.L,2025-10-10,14.7656264629369,0.06772486101487758,,,0.07935027803831331,12.602350296960045
ANTO.L,2025-10-13,15.4701730739251,0.0646405179322457,,,0.0754105693117002,13.260740624654675
ANTO.L,2025-10-14,15.0744973707889,0.06633720351683385,,,0.07763692705602472,12.880468585243918
ANTO.L,2025-10-15,15.2643695702614,0.06551204066417761,,,0.0769426546564766,12.996692204924148
ANTO.L,2025-10-16,15.3635255302916,0.06508922695043812,,,0.07671498941407633,13.035262178065443
ANTO.L,2025-10-17,14.6734640175693,0.06815023356466123,,,0.08007473436555132,12.488333653844833
ANTO.L,2025-10-20,14.8384986443634,0.06739226278663059,,,0.07910948093902787,12.640709914033327
ANTO.L,2025-10-21,14.4617904911177,0.06914773109278487,,,0.08087738717337642,12.36439547504552
ANTO.L,2025-10-22,14.4609726584728,0.069151641706071,,,0.08096553532762242,12.350934208655042
ANTO.L,2025-10-23,14.4491302654854,0.06920831784517145,,,0.0810808439655367,12.333369401347728
ANTO.L,2025-10-24,14.618715281651,0.06840546386830393,,,0.08019522814069373,12.469569863254328
ANTO.L,2025-10-27,14.8496972135338,0.06734144040921013,,,0.07922401200724179,12.622435732093333
ANTO.L,2025-10-28,15.0987436553745,0.06623067606317319,,,0.07743400270259726,12.91422327528031
ANTO.L,2025-10-29,15.4551481281275,0.06470335914672058,,,0.0756861307289654,13.212460332805675
ANTO.L,2025-10-30,15.1942397055195,0.06581441515870895,,,0.07675963184541086,13.02768103440019
ANTO.L,2025-10-31,15.0604880103402,0.0663989107997976,,,0.07723410680755192,12.947647630492444
ANTO.L,2025-11-03,14.8029763974891,0.06755398192552825,,,0.07846815480069506,12.744023388085864
ANTO.L,2025-11-04,14.2295371475167,0.07027635471435677,,,0.08137542060576386,12.288722965189436
ANTO.L,2025-11-05,14.2099550764011,0.07037319925526929,,,0.08155123337716515,12.262230239671718
ANTO.L,2025-11-06,14.8060348400497,0.06754002748224272,,,0.07864942773710927,12.714650681789623
ANTO.L,2025-11-07,14.7055891253993,0.06800135591118979,,,0.07931027013070636,12.60870752743575
ANTO.L,2025-11-10,14.8694015170368,0.06725220237372954,,,0.0784707841462083,12.743596370042392
ANTO.L,2025-11-11,14.9351549787468,0.06695611805990843,,,0.07805573162671761,12.811359001568965
ANTO.L,2025-11-12,15.1281814374449,0.06610179843063124,,,0.07727533296239693,12.940740099904994
ANTO.L,2025-11-13,15.1310565301724,0.06608923825021268,,,0.07752035084168198,12.89983841845965
ANTO.L,2025-11-14,15.0150630615896,0.06659978688721757,,,0.07792042134696876,12.83360616785091
ANTO.L,2025-11-17,14.784262573895,0.06763949131732339,,,0.0789812017830258,12.661240617066863
ANTO.L,2025-11-18,14.2248625998468,0.07029944879824497,,,0.0820902295993277,12.181717664585381
ANTO.L,2025-11-19,14.1746892161977,0.07054828396923722,,,0.08153793158949404,12.264230653219654
ANTO.L,2025-11-20,14.2006104048229,0.07041950814032429,,,0.08186075689464699,12.215865549435101
ANTO.L,2025-11-21,13.8504183332987,0.0721999852954502,,,0.08381457754516333,11.931098733524628
ANTO.L,2025-11-24,13.9514690726083,0.07167703951430864,,,0.08332955872410126,12.000543568350515
ANTO.L,2025-11-25,14.4346382795871,0.06927780112191387,,,0.08121545915871846,12.312926755061635
ANTO.L,2025-11-26,14.8254396370124,0.06745162534697814,,,0.0788661273034131,12.679714779867517
ANTO.L,2025-11-27,14.6179592097284,0.06840900194429944,,,0.07999293542728757,12.501103936971855
ANTO.L,2025-11-28,14.9839131135047,0.06673824070020268,,,0.0780392583889605,12.814063339964553
ANTO.L,2025-12-01,15.2895871068854,0.0654039898533079,,,0.07657763316081284,13.058643349553549
ANTO.L,2025-12-02,15.0272913978006,0.06654559185205927,,,0.07800211016689648,12.82016599115536
ANTO.L,2025-12-03,15.9319581255877,0.06276692369621151,,,0.07386997830540473,13.537299224126542
ANTO.L,2025-12-04,16.3044288387449,0.0613330285832312,,,0.0720151939483648,13.885958575866704
ANTO.L,2025-12-05,16.4680899244948,0.0607234964458501,,,0.07129369119352333,14.026486541222107
ANTO.L,2025-12-08,16.1689362151601,0.061846987748173154,,,0.07257557301146203,13.778740676867514
ANTO.L,2025-12-09,15.9414251192791,0.06272964885621354,,,0.07354117955978981,13.5978237769084
ANTO.L,2025-12-10,16.0391834125887,0.062347313717675205,,,0.07352716064908749,13.600416379092296
ANTO.L,2025-12-11,16.2801698298204,0.06142442065735083,,,0.07271172162635829,13.752940758832148
ANTO.L,2025-12-12,16.0880898344458,0.06215778319803545,,,0.07359193982961391,13.588444635584846
ANTO.L,2025-12-15,16.6869393632203,0.05992710695671975,,,0.07102346419299974,14.079853909724706
ANTO.L,2025-12-16,16.8006952793864,0.05952134619255604,,,0.07050694139162474,14.183000712590637
ANTO.L,2025-12-17,16.9531379080738,0.05898613020329162,,,0.06983111069515632,14.320264851083957
ANTO.L,2025-12-18,17.1215021009048,0.058406090429831754,,,0.06903825904790964,14.484722149584366
ANTO.L,2025-12-19,17.2441082154338,0.057990821416034795,,,0.06847115276002343,14.604690584146928
ANTO.L,2025-12-22,17.5054261502896,0.05712514459314985,,,0.06774885724728393,14.760396568018722
ANTO.L,2025-12-23,17.947405962645,0.055718358523864635,,,0.06627138864621801,15.089468025762702
ANTO.L,2025-12-24,17.8677835632205,0.05596665061795496,,,0.06647654447283614,15.042899836778115
ANTO.L,2025-12-29,17.8036687692311,0.05616819841808301,,,0.06668216915924212,14.996512750086513
ANTO.L,2025-12-30,18.3286584507717,0.05455936683450482,,,0.0646291511505779,15.472893921662754
ANTO.L,2025-12-31,18.1334259136664,0.05514677726983416,,,0.06531883946028263,15.309518789109132
