Date,REF_PE,PE_LTM_formula,PE_trial,PE_self,PE_from_EPSAct,PE_from_EPSfr,PE_from_NetIncome_MktCap,PE_from_EPSAct_ff,PE_from_EPSfr_ff,PE_from_NI_Shares,PE_from_TTM,Implied_EPS_REF,Implied_EPS_LTM_formula,Implied_EPS_trial,Implied_EPS_trial_source,Implied_EPS_self,Implied_EPS_self_source
2024-01-02,16.1271903038247,10.590153244212583,16.07920792079208,11.250432975406996,10.684210526315788,13.203252032520323,13.21204397876256,10.684210526315788,13.203252032520323,13.19467360262295,11.250432975406996,2.0139900000000055,3.067,2.02,EPSFR_LTM,2.887,TTM_EPSAct
2024-01-03,15.7895520831782,10.368438213237692,15.742574257425742,11.014894354000694,10.460526315789474,12.926829268292684,12.935437146694872,10.460526315789474,12.926829268292684,12.918430436065576,11.014894354000694,2.013989999999996,3.067,2.02,EPSFR_LTM,2.887,TTM_EPSAct
2024-01-04,16.0229196768604,10.52168242582328,15.975247524752477,11.177693107031521,10.61513157894737,13.11788617886179,13.126621280624008,10.61513157894737,13.11788617886179,13.109363212950822,11.177693107031521,2.0139899999999953,3.067,2.02,EPSFR_LTM,2.887,TTM_EPSAct
2024-01-05,16.0874681602193,10.56406912292142,16.03960396039604,11.222722549359196,10.657894736842104,13.170731707317072,13.179501998519251,10.657894736842104,13.170731707317072,13.162174406557378,11.222722549359196,2.0139899999999957,3.067,2.02,EPSFR_LTM,2.887,TTM_EPSAct
2024-01-08,16.0229196768604,10.52168242582328,15.975247524752477,11.177693107031521,10.61513157894737,13.11788617886179,13.126621280623956,10.61513157894737,13.11788617886179,13.109363212950822,11.177693107031521,2.0139899999999953,3.067,2.02,EPSFR_LTM,2.887,TTM_EPSAct
2024-01-09,15.9633364614521,10.482556243886533,15.915841584158414,11.136127467959819,10.57565789473684,13.06910569105691,13.077808310259122,10.57565789473684,13.06910569105691,13.06061441885246,11.136127467959819,2.0139900000000055,3.067,2.02,EPSFR_LTM,2.887,TTM_EPSAct
2024-01-10,15.8739616383398,10.423866970981415,15.826732673267326,11.073779009352268,10.516447368421051,12.995934959349594,13.00458885471174,10.516447368421051,12.995934959349594,12.987491227704918,11.073779009352268,2.0139900000000015,3.067,2.02,EPSFR_LTM,2.887,TTM_EPSAct
2024-01-11,15.933544853748,10.46299315291816,15.886138613861387,11.11534464842397,10.55592105263158,13.044715447154474,13.053401825076625,10.55592105263158,13.044715447154474,13.03624002180328,11.11534464842397,2.013990000000004,3.067,2.02,EPSFR_LTM,2.887,TTM_EPSAct
2024-01-12,16.1271903038247,10.590153244212583,16.07920792079208,11.250432975406996,10.684210526315788,13.203252032520323,13.212043978762507,10.684210526315788,13.203252032520323,13.19467360262295,11.250432975406996,2.0139900000000055,3.067,2.02,EPSFR_LTM,2.887,TTM_EPSAct
2024-01-15,16.0477460166138,10.537985001630258,16.0,11.195012123311397,10.631578947368421,13.138211382113822,13.146960018276046,10.631578947368421,13.138211382113822,13.129675210491804,11.195012123311397,2.0139899999999984,3.067,2.02,EPSFR_LTM,2.887,TTM_EPSAct
2024-01-16,16.2364261987398,10.661884577763287,16.18811881188119,11.326636647038448,10.756578947368421,13.29268292682927,13.301534424431518,10.756578947368421,13.29268292682927,13.284046391803281,11.326636647038448,2.013990000000002,3.067,2.02,EPSFR_LTM,2.887,TTM_EPSAct
2024-01-17,16.0080238730083,10.511900880339093,15.96039603960396,11.167301697263596,10.605263157894738,13.10569105691057,13.114418038032733,10.605263157894738,13.10569105691057,13.097176014426232,11.167301697263596,2.0139900000000006,3.067,2.02,EPSFR_LTM,2.887,TTM_EPSAct
2024-01-18,15.7647257434247,10.352135637430713,15.717821782178218,10.997575337720818,10.444078947368421,12.90650406504065,12.915098409042834,10.444078947368421,12.90650406504065,12.898118438524591,10.997575337720818,2.0139900000000055,3.067,2.02,EPSFR_LTM,2.887,TTM_EPSAct
2024-01-19,15.4717749343343,10.15976524290838,15.425742574257425,10.79321094561829,10.25,12.666666666666666,12.675101304748758,10.25,12.666666666666666,12.658436867540985,10.79321094561829,2.013990000000004,3.067,2.02,EPSFR_LTM,2.887,TTM_EPSAct
2024-01-22,15.4717749343343,10.15976524290838,15.425742574257425,10.79321094561829,10.25,12.666666666666666,12.675101304748809,10.25,12.666666666666666,12.658436867540985,10.79321094561829,2.013990000000004,3.067,2.02,EPSFR_LTM,2.887,TTM_EPSAct
2024-01-23,15.744864671622,10.339093576785132,15.698019801980198,10.983720124696918,10.430921052631579,12.890243902439025,12.898827418921206,10.430921052631579,12.890243902439025,12.881868840491805,10.983720124696918,2.0139900000000006,3.067,2.02,EPSFR_LTM,2.887,TTM_EPSAct
2024-01-24,15.9583711935015,10.479295728725138,15.910891089108912,11.132663664703845,10.572368421052632,13.065040650406505,13.073740562728663,10.572368421052632,13.065040650406505,13.056552019344263,11.132663664703845,2.0139899999999944,3.067,2.02,EPSFR_LTM,2.887,TTM_EPSAct
2024-01-25,15.8441700306357,10.40430388001304,15.797029702970297,11.052996189816419,10.49671052631579,12.971544715447155,12.980182369529349,10.49671052631579,12.971544715447155,12.96311683065574,11.052996189816419,2.01399,3.067,2.02,EPSFR_LTM,2.887,TTM_EPSAct
2024-01-26,16.1271903038247,10.590153244212583,16.07920792079208,11.250432975406996,10.684210526315788,13.203252032520323,13.212043978762507,10.684210526315788,13.203252032520323,13.19467360262295,11.250432975406996,2.0139900000000055,3.067,2.02,EPSFR_LTM,2.887,TTM_EPSAct
2024-01-29,16.3109052180001,10.710792305184219,16.262376237623762,11.378593695878074,10.805921052631579,13.353658536585368,13.362550637387626,10.805921052631579,13.353658536585368,13.344982384426231,11.378593695878074,2.0139899999999984,3.067,2.02,EPSFR_LTM,2.887,TTM_EPSAct
2024-01-30,16.2066345910357,10.642321486794913,16.15841584158416,11.305853827502599,10.736842105263158,13.26829268292683,13.277127939249073,10.736842105263158,13.26829268292683,13.2596719947541,11.305853827502599,2.0139900000000006,3.067,2.02,EPSFR_LTM,2.887,TTM_EPSAct
2024-01-31,15.9136837819453,10.449951092272578,15.866336633663364,11.101489435400069,10.542763157894736,13.028455284552845,13.037130834954997,10.542763157894736,13.028455284552845,13.019990423770492,11.101489435400069,2.013989999999999,3.067,2.02,EPSFR_LTM,2.887,TTM_EPSAct
2024-02-01,15.9683017294028,10.485816759047928,15.920792079207919,11.139591271215794,10.578947368421051,13.073170731707316,13.081876057789527,10.578947368421051,13.073170731707316,13.064676818360656,11.139591271215794,2.0139900000000033,3.067,2.02,EPSFR_LTM,2.887,TTM_EPSAct
2024-02-02,15.7299688677699,10.329312031300946,15.683168316831683,10.973328714928991,10.421052631578947,12.878048780487806,12.88662417632993,10.421052631578947,12.878048780487806,12.869681641967214,10.973328714928991,2.0139900000000064,3.067,2.02,EPSFR_LTM,2.887,TTM_EPSAct
2024-02-05,15.6455593126083,10.273883273557223,15.599009900990099,10.914444059577416,10.365131578947368,12.808943089430896,12.817472468313063,10.365131578947368,12.808943089430896,12.80062085032787,10.914444059577416,2.0139900000000006,3.067,2.02,EPSFR_LTM,2.887,TTM_EPSAct
2024-02-06,15.7150730639179,10.319530485816758,15.668316831683168,10.962937305161066,10.411184210526315,12.865853658536585,12.87442093373871,10.411184210526315,12.865853658536585,12.857494443442624,10.962937305161066,2.0139899999999993,3.067,2.02,EPSFR_LTM,2.887,TTM_EPSAct
2024-02-07,15.6356287767069,10.26736224323443,15.589108910891088,10.907516453065465,10.358552631578947,12.800813008130081,12.809336973252194,10.358552631578947,12.800813008130081,12.792496051311476,10.907516453065465,2.013990000000004,3.067,2.02,EPSFR_LTM,2.887,TTM_EPSAct
2024-02-08,13.7736532952001,9.608590232074818,14.83422459893048,9.608590232074818,9.631944444444445,14.83422459893048,14.859272109275764,9.631944444444445,14.83422459893048,14.839736059735374,9.608590232074818,2.013989999999996,2.887,1.87,EPSFR_LTM,2.887,TTM_EPSAct
2024-02-09,13.396292930948,9.345341184620713,14.427807486631016,9.345341184620713,9.368055555555555,14.427807486631016,14.452168763816086,9.368055555555555,14.427807486631016,14.433167948509748,9.345341184620713,2.013990000000003,2.887,1.87,EPSFR_LTM,2.887,TTM_EPSAct
2024-02-12,13.5502162374192,9.45271908555594,14.593582887700533,9.45271908555594,9.475694444444445,14.593582887700533,14.618224075779876,9.475694444444445,14.593582887700533,14.599004941246516,9.45271908555594,2.0139900000000077,2.887,1.87,EPSFR_LTM,2.887,TTM_EPSAct
2024-02-13,13.6892437400384,9.549705576723243,14.74331550802139,9.549705576723243,9.572916666666668,14.74331550802139,14.768209518844014,9.572916666666668,14.74331550802139,14.748793192750696,9.549705576723243,2.0139900000000046,2.887,1.87,EPSFR_LTM,2.887,TTM_EPSAct
2024-02-14,13.6147647207782,9.497748527883617,14.663101604278076,9.497748527883617,9.520833333333334,14.663101604278076,14.687860174345404,9.520833333333334,14.663101604278076,14.668549486587743,9.497748527883617,2.0139899999999935,2.887,1.87,EPSFR_LTM,2.887,TTM_EPSAct
2024-02-15,13.4707719502083,9.397298233460338,14.50802139037433,9.397298233460338,9.42013888888889,14.50802139037433,14.532518108314694,9.42013888888889,14.50802139037433,14.513411654672701,9.397298233460338,2.013989999999999,2.887,1.87,EPSFR_LTM,2.887,TTM_EPSAct
2024-02-16,13.5651120412713,9.463110495323866,14.609625668449198,9.463110495323866,9.48611111111111,14.609625668449198,14.634293944679595,9.48611111111111,14.609625668449198,14.615053682479108,9.463110495323866,2.013990000000001,2.887,1.87,EPSFR_LTM,2.887,TTM_EPSAct
2024-02-19,13.570077309222,9.46657429857984,14.614973262032084,9.46657429857984,9.489583333333334,14.614973262032084,14.639650567646237,9.489583333333334,14.614973262032084,14.62040326288997,9.46657429857984,2.013989999999999,2.887,1.87,EPSFR_LTM,2.887,TTM_EPSAct
2024-02-20,13.6793132041371,9.542777970211292,14.732620320855615,9.542777970211292,9.565972222222223,14.732620320855615,14.757496272910865,9.565972222222223,14.732620320855615,14.738094031928968,9.542777970211292,2.0139899999999944,2.887,1.87,EPSFR_LTM,2.887,TTM_EPSAct
2024-02-21,13.6544868643836,9.525458953931416,14.705882352941176,9.525458953931416,9.54861111111111,14.705882352941176,14.730713158077997,9.54861111111111,14.705882352941176,14.71134612987465,9.525458953931416,2.0139900000000055,2.887,1.87,EPSFR_LTM,2.887,TTM_EPSAct
2024-02-22,13.7041395438905,9.560096986491168,14.759358288770054,9.560096986491168,9.583333333333334,14.759358288770054,14.784279387743732,9.583333333333334,14.759358288770054,14.764841933983288,9.560096986491168,2.013989999999998,2.887,1.87,EPSFR_LTM,2.887,TTM_EPSAct
2024-02-23,13.3615360552932,9.321094561828888,14.3903743315508,9.321094561828888,9.34375,14.3903743315508,14.41467240305007,9.34375,14.3903743315508,14.395720885633704,9.321094561828888,2.0139900000000037,2.887,1.87,EPSFR_LTM,2.887,TTM_EPSAct
2024-02-26,13.033828370548,9.092483546934535,14.037433155080214,9.092483546934535,9.114583333333334,14.037433155080214,14.0611352872562,9.114583333333334,14.037433155080214,14.042648578516712,9.092483546934535,2.013990000000003,2.887,1.87,EPSFR_LTM,2.887,TTM_EPSAct
2024-02-27,13.207612748822,9.213716660893661,14.224598930481283,9.213716660893661,9.236111111111112,14.224598930481283,14.248617091086349,9.236111111111112,14.224598930481283,14.229883892896936,9.213716660893661,2.013989999999999,2.887,1.87,EPSFR_LTM,2.887,TTM_EPSAct
2024-02-28,12.7359122935069,8.88465535157603,13.71657754010695,8.88465535157603,8.90625,13.71657754010695,13.73973790926184,8.90625,13.71657754010695,13.7216737538649,8.88465535157603,2.013990000000003,2.887,1.87,EPSFR_LTM,2.887,TTM_EPSAct
2024-02-29,12.5968847908877,8.78766886040873,13.566844919786096,8.78766886040873,8.809027777777779,13.566844919786096,13.589752466197703,8.809027777777779,13.566844919786096,13.571885502360724,8.78766886040873,2.0139900000000064,2.887,1.87,EPSFR_LTM,2.887,TTM_EPSAct
2024-03-01,12.6266763985919,8.808451679944579,13.598930481283421,8.808451679944579,8.82986111111111,13.598930481283421,13.621892203997213,8.82986111111111,13.598930481283421,13.603982984825905,8.808451679944579,2.0139899999999917,2.887,1.87,EPSFR_LTM,2.887,TTM_EPSAct
2024-03-04,13.4013047510306,8.659508139937651,13.36898395721925,8.659508139937651,8.680555555555555,13.36898395721925,13.39155741643454,8.680555555555555,13.36898395721925,13.373951027158773,8.659508139937651,1.8654899999999945,2.887,1.87,EPSFR_LTM,2.887,TTM_EPSAct
2024-03-05,13.3101758787236,8.600623484586075,13.278074866310158,8.600623484586075,8.621527777777777,13.278074866310158,13.300494826002716,8.621527777777777,13.278074866310158,13.283008160174093,8.600623484586075,1.8654899999999932,2.887,1.87,EPSFR_LTM,2.887,TTM_EPSAct
2024-03-06,13.3476995320264,8.6248701073779,13.315508021390373,8.6248701073779,8.645833333333334,13.315508021390373,13.337991186768804,8.645833333333334,13.315508021390373,13.320455223050137,8.6248701073779,1.8654900000000052,2.887,1.87,EPSFR_LTM,2.887,TTM_EPSAct
2024-03-07,13.4281073605326,8.676827156217527,13.395721925133689,8.676827156217527,8.697916666666668,13.395721925133689,13.418340531267411,8.697916666666668,13.395721925133689,13.40069892921309,8.676827156217527,1.865490000000003,2.887,1.87,EPSFR_LTM,2.887,TTM_EPSAct
2024-03-08,13.5567598861425,8.759958434360929,13.524064171122994,8.759958434360929,8.78125,13.524064171122994,13.54689948246518,8.78125,13.524064171122994,13.529088859073815,8.759958434360929,1.865490000000002,2.887,1.87,EPSFR_LTM,2.887,TTM_EPSAct
2024-03-11,13.5031546671384,8.725320401801179,13.470588235294118,8.725320401801179,8.746527777777779,13.470588235294118,13.493333252799374,8.746527777777779,13.470588235294118,13.47559305496518,8.725320401801179,1.865489999999999,2.887,1.87,EPSFR_LTM,2.887,TTM_EPSAct
2024-03-12,13.7497386745574,8.88465535157603,13.71657754010695,8.88465535157603,8.90625,13.71657754010695,13.73973790926184,8.90625,13.71657754010695,13.7216737538649,8.88465535157603,1.8654899999999937,2.887,1.87,EPSFR_LTM,2.887,TTM_EPSAct
2024-03-13,13.5460388423417,8.753030827848978,13.513368983957218,8.753030827848978,8.774305555555555,13.513368983957218,13.536186236532032,8.774305555555555,13.513368983957218,13.518389698252088,8.753030827848978,1.8654899999999988,2.887,1.87,EPSFR_LTM,2.887,TTM_EPSAct
2024-03-14,13.2404890940182,8.555594042258399,13.208556149732619,8.555594042258399,8.57638888888889,13.208556149732619,13.230858727437326,8.57638888888889,13.208556149732619,13.213463614832868,8.555594042258399,1.8654899999999992,2.887,1.87,EPSFR_LTM,2.887,TTM_EPSAct
2024-03-15,13.2833732692215,8.583304468306201,13.251336898395722,8.583304468306201,8.604166666666668,13.251336898395722,13.273711711169916,8.604166666666668,13.251336898395722,13.256260258119777,8.583304468306201,1.865489999999999,2.887,1.87,EPSFR_LTM,2.887,TTM_EPSAct
2024-03-18,13.3476995320264,8.6248701073779,13.315508021390373,8.6248701073779,8.645833333333334,13.315508021390373,13.337991186768804,8.645833333333334,13.315508021390373,13.320455223050137,8.6248701073779,1.8654900000000052,2.887,1.87,EPSFR_LTM,2.887,TTM_EPSAct
2024-03-19,13.3905837072297,8.652580533425702,13.358288770053475,8.652580533425702,8.67361111111111,13.358288770053475,13.380844170501394,8.67361111111111,13.358288770053475,13.363251866337047,8.652580533425702,1.865490000000005,2.887,1.87,EPSFR_LTM,2.887,TTM_EPSAct
2024-03-20,13.2351285721178,8.552130239002425,13.203208556149733,8.552130239002425,8.572916666666668,13.203208556149733,13.225502104470683,8.572916666666668,13.203208556149733,13.208114034422005,8.552130239002425,1.8654899999999974,2.887,1.87,EPSFR_LTM,2.887,TTM_EPSAct
2024-03-21,12.9295788237943,8.354693453411846,12.898395721925134,8.354693453411846,8.375,12.898395721925134,12.920174595375974,8.375,12.898395721925134,12.903187951002785,8.354693453411846,1.8654899999999979,2.887,1.87,EPSFR_LTM,2.887,TTM_EPSAct
2024-03-22,13.2297680502174,8.54866643574645,13.197860962566844,8.54866643574645,8.569444444444445,13.197860962566844,13.220145481504177,8.569444444444445,13.197860962566844,13.202764454011142,8.54866643574645,1.8654899999999957,2.887,1.87,EPSFR_LTM,2.887,TTM_EPSAct
2024-03-25,13.7604597183582,8.891582958087982,13.727272727272727,8.891582958087982,8.913194444444445,13.727272727272727,13.750451155194988,8.913194444444445,13.727272727272727,13.73237291468663,8.891582958087982,1.8654899999999972,2.887,1.87,EPSFR_LTM,2.887,TTM_EPSAct
2024-03-26,13.615725627047,8.798060270176654,13.582887700534759,8.798060270176654,8.819444444444445,13.582887700534759,13.605822335097425,8.819444444444445,13.582887700534759,13.587934243593313,8.798060270176654,1.8654900000000065,2.887,1.87,EPSFR_LTM,2.887,TTM_EPSAct
2024-03-27,13.7819018059598,8.90543817111188,13.748663101604278,8.90543817111188,8.927083333333334,13.748663101604278,13.771877647061213,8.927083333333334,13.748663101604278,13.753771236330083,8.90543817111188,1.8654900000000039,2.887,1.87,EPSFR_LTM,2.887,TTM_EPSAct
2024-03-28,13.4549099700347,8.694146172497403,13.422459893048128,8.694146172497403,8.715277777777779,13.422459893048128,13.44512364610021,8.715277777777779,13.422459893048128,13.42744683126741,8.694146172497403,1.8654899999999977,2.887,1.87,EPSFR_LTM,2.887,TTM_EPSAct
2024-04-02,13.2994548349227,8.593695878074126,13.267379679144383,9.84133280444268,8.614583333333334,13.267379679144383,13.289781580069638,8.614583333333334,13.267379679144383,13.272547182263231,9.84133280444268,1.8654900000000036,2.887,1.87,EPSFR_LTM,2.521,TTM_EPSAct
2024-04-03,13.4227468386322,8.673363352961552,13.3903743315508,9.93256644188814,8.694444444444445,13.3903743315508,13.412983908300765,8.694444444444445,13.3903743315508,13.395589739777158,9.93256644188814,1.8654900000000012,2.887,1.87,EPSFR_LTM,2.521,TTM_EPSAct
2024-04-04,13.4281073605326,8.676827156217527,13.395721925133689,9.936533121777073,8.697916666666668,13.395721925133689,13.418340531267411,8.697916666666668,13.395721925133689,13.400939416190809,9.936533121777073,1.865490000000003,2.887,1.87,EPSFR_LTM,2.521,TTM_EPSAct
2024-04-05,14.3233145179015,9.255282299965362,14.288770053475934,10.598968663228877,9.277777777777779,14.288770053475934,14.312896566685167,9.277777777777779,14.288770053475934,14.294335377270194,10.598968663228877,1.8654899999999952,2.887,1.87,EPSFR_LTM,2.521,TTM_EPSAct
2024-04-08,14.628864266225,9.45271908555594,14.593582887700533,10.825069416898057,9.475694444444445,14.593582887700533,14.618224075779876,9.475694444444445,14.593582887700533,14.59926693284819,10.825069416898057,1.8654899999999948,2.887,1.87,EPSFR_LTM,2.521,TTM_EPSAct
2024-04-09,14.5859800910217,9.42500865950814,14.550802139037433,10.793335977786594,9.447916666666668,14.550802139037433,14.575371092047355,9.447916666666668,14.550802139037433,14.556469521538999,10.793335977786594,1.8654899999999952,2.887,1.87,EPSFR_LTM,2.521,TTM_EPSAct
2024-04-10,15.0041007992538,9.695185313474195,14.967914438502673,11.102737009123363,9.71875,14.967914438502673,14.993187683440109,9.71875,14.967914438502673,14.97374428180362,11.102737009123363,1.8654900000000019,2.887,1.87,EPSFR_LTM,2.521,TTM_EPSAct
2024-04-11,14.9076114050464,9.632836854866643,14.871657754010693,11.03133677112257,9.65625,14.871657754010693,14.896768470041783,9.65625,14.871657754010693,14.877450106357939,11.03133677112257,1.8654899999999994,2.887,1.87,EPSFR_LTM,2.521,TTM_EPSAct
2024-04-12,14.6449458319262,9.463110495323866,14.609625668449198,10.836969456564855,9.48611111111111,14.609625668449198,14.634293944679595,9.48611111111111,14.609625668449198,14.615315962089138,10.836969456564855,1.8654899999999994,2.887,1.87,EPSFR_LTM,2.521,TTM_EPSAct
2024-04-15,14.2589882550965,9.213716660893661,14.224598930481283,10.551368504561683,9.236111111111112,14.224598930481283,14.248617091086281,9.236111111111112,14.224598930481283,14.230139260306409,10.551368504561683,1.865490000000002,2.887,1.87,EPSFR_LTM,2.521,TTM_EPSAct
2024-04-16,14.1142541637854,9.120193972982333,14.080213903743314,10.444268147560491,9.14236111111111,14.080213903743314,14.103988270988857,9.14236111111111,14.080213903743314,14.085697997137883,10.444268147560491,1.865489999999998,2.887,1.87,EPSFR_LTM,2.521,TTM_EPSAct
2024-04-17,14.04456737908,9.075164530654659,14.010695187165775,10.392701309004364,9.097222222222221,14.010695187165775,14.034352172423329,9.097222222222221,14.010695187165775,14.016152203760445,10.392701309004364,1.8654900000000036,2.887,1.87,EPSFR_LTM,2.521,TTM_EPSAct
2024-04-18,13.8301465030635,8.936612400415656,13.796791443850267,10.234034113447045,8.958333333333334,13.796791443850267,13.820087253760446,8.958333333333334,13.796791443850267,13.802165147214486,10.234034113447045,1.8654900000000052,2.887,1.87,EPSFR_LTM,2.521,TTM_EPSAct
2024-04-19,13.7872623278602,8.908901974367856,13.754010695187164,10.20230067433558,8.930555555555555,13.754010695187164,13.777234270027783,8.930555555555555,13.754010695187164,13.759367735905291,10.20230067433558,1.8654900000000054,2.887,1.87,EPSFR_LTM,2.521,TTM_EPSAct
2024-04-22,14.0552884228808,9.082092137166608,14.021390374331549,10.40063466878223,9.104166666666666,14.021390374331549,14.045065418356476,9.104166666666666,14.021390374331549,14.026851556587744,10.40063466878223,1.8654900000000068,2.887,1.87,EPSFR_LTM,2.521,TTM_EPSAct
2024-04-23,14.0499279009804,9.078628333910634,14.016042780748663,10.396667988893297,9.100694444444445,14.016042780748663,14.039708795389904,9.100694444444445,14.016042780748663,14.021501880174096,10.396667988893297,1.8654900000000054,2.887,1.87,EPSFR_LTM,2.521,TTM_EPSAct
2024-04-24,13.8569491125656,8.953931416695532,13.823529411764707,10.253867512891711,8.975694444444445,13.823529411764707,13.846870368593244,8.975694444444445,13.823529411764707,13.828913529282731,10.253867512891711,1.86549,2.887,1.87,EPSFR_LTM,2.521,TTM_EPSAct
2024-04-25,12.0558137540271,8.921063070210234,12.706214689265536,8.921063070210234,7.809027777777778,12.026737967914437,12.047045051824442,7.809027777777778,12.026737967914437,12.031422254296658,8.921063070210234,1.8654899999999985,2.521,1.77,EPSFR_LTM,2.521,TTM_EPSAct
2024-04-26,12.5352128610379,8.790162633875447,12.519774011299434,8.790162633875447,7.694444444444445,11.850267379679144,11.870276493927506,7.694444444444445,11.850267379679144,11.85488293264624,8.790162633875447,1.7678199999999984,2.521,1.77,EPSFR_LTM,2.521,TTM_EPSAct
2024-04-29,12.1958117907932,8.552161840539469,12.180790960451976,8.552161840539469,7.486111111111111,11.52941176470588,11.548879115933147,7.486111111111111,11.52941176470588,11.533902347827297,8.552161840539469,1.7678199999999968,2.521,1.77,EPSFR_LTM,2.521,TTM_EPSAct
2024-04-30,12.0713647317035,8.464894882982943,12.056497175141242,8.464894882982943,7.409722222222222,11.411764705882351,11.431033410668523,7.409722222222222,11.411764705882351,11.41620946672702,8.464894882982943,1.7678199999999933,2.521,1.77,EPSFR_LTM,2.521,TTM_EPSAct
2024-05-02,12.5521829145501,8.802062673542245,12.536723163841808,8.802062673542245,7.704861111111112,11.866310160427808,11.886346362827227,7.704861111111112,11.866310160427808,11.870931961887187,8.802062673542245,1.7678200000000035,2.521,1.77,EPSFR_LTM,2.521,TTM_EPSAct
2024-05-03,12.4843027005012,8.75446251487505,12.468926553672317,8.75446251487505,7.663194444444445,11.802139037433154,11.822066887228344,7.663194444444445,11.802139037433154,11.806735844923399,8.75446251487505,1.7678199999999975,2.521,1.77,EPSFR_LTM,2.521,TTM_EPSAct
2024-05-06,12.7671369257051,8.952796509321699,12.751412429378531,8.952796509321699,7.836805555555556,12.069518716577539,12.089898035557106,7.836805555555556,12.069518716577539,12.07421966560585,8.952796509321699,1.7678200000000006,2.521,1.77,EPSFR_LTM,2.521,TTM_EPSAct
2024-05-07,12.5069294385175,8.77032923443078,12.491525423728813,8.77032923443078,7.677083333333333,11.823529411764705,11.843493379094706,7.677083333333333,11.823529411764705,11.828134550577994,8.77032923443078,1.7678199999999995,2.521,1.77,EPSFR_LTM,2.521,TTM_EPSAct
2024-05-08,12.3428855878992,8.655295517651727,12.32768361581921,8.655295517651727,7.576388888888889,11.668449197860962,11.688151313064067,7.576388888888889,11.668449197860962,11.672993934582173,8.655295517651727,1.7678200000000028,2.521,1.77,EPSFR_LTM,2.521,TTM_EPSAct
2024-05-10,12.6992567116562,8.905196350654503,12.68361581920904,8.905196350654503,7.795138888888889,12.005347593582886,12.025618559958216,7.795138888888889,12.005347593582886,12.010023548642062,8.905196350654503,1.7678199999999948,2.521,1.77,EPSFR_LTM,2.521,TTM_EPSAct
2024-05-13,12.7388535031847,8.932963109877033,12.72316384180791,8.932963109877033,7.819444444444445,12.0427807486631,12.063114920724166,7.819444444444445,12.0427807486631,12.047471283537604,8.932963109877033,1.767820000000002,2.521,1.77,EPSFR_LTM,2.521,TTM_EPSAct
2024-05-14,12.546526230046,8.798095993653313,12.531073446327683,8.798095993653313,7.701388888888889,11.860962566844918,11.880989739860723,7.701388888888889,11.860962566844918,11.865582285473538,8.798095993653313,1.7678200000000064,2.521,1.77,EPSFR_LTM,2.521,TTM_EPSAct
2024-05-15,10.6798203437001,7.489091630305434,10.666666666666666,7.489091630305434,6.555555555555555,10.096256684491978,10.113304160891296,6.555555555555555,10.096256684491978,10.100189068969359,7.489091630305434,1.7678200000000082,2.521,1.77,EPSFR_LTM,2.521,TTM_EPSAct
2024-05-16,10.8891176703511,7.635858786195954,10.875706214689265,7.635858786195954,6.684027777777778,10.294117647058822,10.311499210654596,6.684027777777778,10.294117647058822,10.298127096274374,7.635858786195954,1.7678199999999926,2.521,1.77,EPSFR_LTM,2.521,TTM_EPSAct
2024-05-17,10.7024470817165,7.504958349861167,10.689265536723164,7.504958349861167,6.5694444444444455,10.117647058823529,10.13473065275766,6.5694444444444455,10.117647058823529,10.121587774623956,7.504958349861167,1.7678199999999944,2.521,1.77,EPSFR_LTM,2.521,TTM_EPSAct
2024-05-20,10.9994230181806,7.7132090440301475,10.985875706214689,7.7132090440301475,6.751736111111112,10.398395721925134,10.415953358502785,6.751736111111112,10.398395721925134,10.402445786340529,7.7132090440301475,1.7678199999999975,2.521,1.77,EPSFR_LTM,2.521,TTM_EPSAct
2024-05-21,11.1295267617744,7.804442681475606,11.115819209039548,7.804442681475606,6.831597222222222,10.52139037433155,10.539155686733913,6.831597222222222,10.52139037433155,10.525488343854457,7.804442681475606,1.7678199999999982,2.521,1.77,EPSFR_LTM,2.521,TTM_EPSAct
2024-05-22,11.3303390616692,7.945259817532726,11.31638418079096,7.945259817532726,6.954861111111112,10.711229946524064,10.729315802047283,6.954861111111112,10.711229946524064,10.715401856538998,7.945259817532726,1.7678199999999962,2.521,1.77,EPSFR_LTM,2.521,TTM_EPSAct
2024-05-23,11.1860936068152,7.844109480364934,11.17231638418079,7.844109480364934,6.866319444444445,10.574866310160427,10.59272191639965,6.866319444444445,10.574866310160427,10.578985107990947,7.844109480364934,1.7678199999999957,2.521,1.77,EPSFR_LTM,2.521,TTM_EPSAct
2024-05-24,11.2115486870835,7.861959539865134,11.19774011299435,7.861959539865134,6.881944444444445,10.598930481283421,10.616826719749303,6.881944444444445,10.598930481283421,10.603058651852368,7.861959539865134,1.7678200000000042,2.521,1.77,EPSFR_LTM,2.521,TTM_EPSAct
2024-05-27,11.3982192757181,7.99285997619992,11.384180790960452,7.99285997619992,6.996527777777778,10.775401069518715,10.79359527764624,6.996527777777778,10.775401069518715,10.779597973502785,7.99285997619992,1.7678200000000024,2.521,1.77,EPSFR_LTM,2.521,TTM_EPSAct
2024-05-28,11.2002353180754,7.854026180087268,11.186440677966102,7.854026180087268,6.875000000000001,10.588235294117647,10.606113473816157,6.875000000000001,10.588235294117647,10.59235929902507,7.854026180087268,1.7678199999999953,2.521,1.77,EPSFR_LTM,2.521,TTM_EPSAct
2024-05-29,10.886289328099,7.633875446251488,10.872881355932204,7.633875446251488,6.682291666666667,10.29144385026738,10.308820899171309,6.682291666666667,10.29144385026738,10.29545225806755,7.633875446251488,1.7678200000000024,2.521,1.77,EPSFR_LTM,2.521,TTM_EPSAct
2024-05-30,10.7590139267573,7.544625148750496,10.745762711864407,7.544625148750496,6.604166666666667,10.171122994652405,10.188296882423398,6.604166666666667,10.171122994652405,10.175084538760446,7.544625148750496,1.7678199999999917,2.521,1.77,EPSFR_LTM,2.521,TTM_EPSAct
2024-05-31,10.8976026971072,7.641808806029354,10.884180790960452,7.641808806029354,6.689236111111112,10.302139037433156,10.319534145104457,6.689236111111112,10.302139037433156,10.306151610894847,7.641808806029354,1.7678199999999955,2.521,1.77,EPSFR_LTM,2.521,TTM_EPSAct
2024-06-03,10.7109321084726,7.510908369694565,10.69774011299435,7.510908369694565,6.574652777777778,10.12566844919786,10.142765587207451,6.574652777777778,10.12566844919786,10.12961228924443,7.510908369694565,1.767819999999997,2.521,1.77,EPSFR_LTM,2.521,TTM_EPSAct
2024-06-04,10.6006267606431,7.433558111860372,10.587570621468926,7.433558111860372,6.506944444444444,10.021390374331549,10.038311439359331,6.506944444444444,10.021390374331549,10.025293599178273,7.433558111860372,1.7678199999999917,2.521,1.77,EPSFR_LTM,2.521,TTM_EPSAct
2024-06-05,10.6175968141553,7.445458151527172,10.6045197740113,7.445458151527172,6.517361111111112,10.037433155080214,10.054381308258984,6.517361111111112,10.037433155080214,10.04134262841922,7.445458151527172,1.7678199999999977,2.521,1.77,EPSFR_LTM,2.521,TTM_EPSAct
2024-06-06,10.6487085789277,7.467274890916303,10.635593220338983,7.467274890916303,6.536458333333333,10.066844919786096,10.083842734575208,6.536458333333333,10.066844919786096,10.07076584869429,7.467274890916303,1.767820000000003,2.521,1.77,EPSFR_LTM,2.521,TTM_EPSAct
2024-06-07,10.7165887929767,7.514875049583499,10.703389830508474,7.514875049583499,6.578125,10.131016042780749,10.148122210174025,6.578125,10.131016042780749,10.134961965658078,7.514875049583499,1.7678199999999937,2.521,1.77,EPSFR_LTM,2.521,TTM_EPSAct
2024-06-10,10.4959780973176,7.360174533915113,10.483050847457626,7.360174533915113,6.442708333333333,9.922459893048128,9.939213914477715,6.442708333333333,9.922459893048128,9.926324585525766,7.360174533915113,1.76782,2.521,1.77,EPSFR_LTM,2.521,TTM_EPSAct
2024-06-11,10.4931497550656,7.358191193970647,10.480225988700566,7.358191193970647,6.440972222222222,9.919786096256685,9.936535602994429,6.440972222222222,9.919786096256685,9.923649747318942,7.358191193970647,1.7678199999999935,2.521,1.77,EPSFR_LTM,2.521,TTM_EPSAct
2024-06-12,10.4365829100248,7.318524395081317,10.423728813559322,7.318524395081317,6.40625,9.866310160427807,9.882969373328692,6.40625,9.866310160427807,9.870152983182452,7.318524395081317,1.767819999999996,2.521,1.77,EPSFR_LTM,2.521,TTM_EPSAct
2024-06-13,10.1990021608535,7.151923839746133,10.186440677966102,7.151923839746133,6.260416666666667,9.641711229946525,9.657991208732591,6.260416666666667,9.641711229946525,9.645466573809193,7.151923839746133,1.7678199999999968,2.521,1.77,EPSFR_LTM,2.521,TTM_EPSAct
2024-06-14,10.0632417327556,7.056723522411741,10.050847457627118,7.056723522411741,6.177083333333333,9.513368983957218,9.529432257534818,6.177083333333333,9.513368983957218,9.517074339881615,7.056723522411741,1.7678199999999995,2.521,1.77,EPSFR_LTM,2.521,TTM_EPSAct
2024-06-17,9.86525777511285,6.917889726299088,9.853107344632768,6.917889726299088,6.055555555555556,9.32620320855615,9.341950453704735,6.055555555555556,9.32620320855615,9.3298356654039,6.917889726299088,1.7678200000000002,2.521,1.77,EPSFR_LTM,2.521,TTM_EPSAct
2024-06-18,9.9840481496985,7.00119000396668,9.971751412429377,7.00119000396668,6.128472222222222,9.43850267379679,9.454439536002786,6.128472222222222,9.43850267379679,9.44217887009053,7.00119000396668,1.7678199999999995,2.521,1.77,EPSFR_LTM,2.521,TTM_EPSAct
2024-06-19,9.40989467253454,6.598571995239985,9.398305084745763,6.598571995239985,5.776041666666668,8.89572192513369,8.910742304895543,5.776041666666668,8.89572192513369,8.899186714105154,6.598571995239985,1.767819999999999,2.521,1.77,EPSFR_LTM,2.521,TTM_EPSAct
2024-06-20,9.64181873720175,6.761205870686236,9.62994350282486,6.761205870686236,5.918402777777779,9.114973262032086,9.130363846524999,5.918402777777779,9.114973262032086,9.118523447064764,6.761205870686236,1.7678200000000006,2.521,1.77,EPSFR_LTM,2.521,TTM_EPSAct
2024-06-24,9.49474494009571,6.658072193573979,9.483050847457626,6.658072193573979,5.828125,8.975935828877004,8.99109164939408,5.828125,8.975935828877004,8.979431860309889,6.658072193573979,1.7678200000000002,2.521,1.77,EPSFR_LTM,2.521,TTM_EPSAct
2024-06-25,9.53434173162426,6.68583895279651,9.522598870056497,6.68583895279651,5.852430555555556,9.01336898395722,9.028588010160167,5.852430555555556,9.01336898395722,9.016879595205433,6.68583895279651,1.7678200000000002,2.521,1.77,EPSFR_LTM,2.521,TTM_EPSAct
2024-06-26,9.45231980631512,6.628322094406982,9.440677966101696,6.628322094406982,5.802083333333334,8.935828877005347,8.950916977144777,5.802083333333334,8.935828877005347,8.939309287207521,6.628322094406982,1.7678200000000004,2.521,1.77,EPSFR_LTM,2.521,TTM_EPSAct
2024-06-27,9.49191659784367,6.656088853629512,9.480225988700566,6.656088853629512,5.826388888888889,8.973262032085561,8.988413337910863,5.826388888888889,8.973262032085561,8.976757022103065,6.656088853629512,1.7678200000000006,2.521,1.77,EPSFR_LTM,2.521,TTM_EPSAct
2024-06-28,9.40423798803046,6.5946053153510515,9.392655367231638,6.5946053153510515,5.772569444444445,8.890374331550802,8.9053856819289,5.772569444444445,8.890374331550802,8.893837037691505,6.5946053153510515,1.7678199999999993,2.521,1.77,EPSFR_LTM,2.521,TTM_EPSAct
2024-07-01,9.5371700738763,6.687822292740976,9.525423728813559,9.158066268332428,5.854166666666667,9.016042780748663,9.031266321643454,5.854166666666667,9.016042780748663,9.019580275236768,9.158066268332428,1.7678199999999997,2.521,1.77,EPSFR_LTM,1.841,TTM_EPSAct
2024-07-02,9.87657114412101,6.925823086076954,9.864406779661017,9.483976099945682,6.062500000000001,9.336898395721924,9.352663699637812,6.062500000000001,9.336898395721924,9.340561779693594,9.483976099945682,1.7678199999999995,2.521,1.77,EPSFR_LTM,1.841,TTM_EPSAct
2024-07-03,9.91616793564956,6.953589845299485,9.903954802259888,9.521998913633896,6.086805555555556,9.37433155080214,9.390160060403899,6.086805555555556,9.37433155080214,9.378009621880224,9.521998913633896,1.7678199999999997,2.521,1.77,EPSFR_LTM,1.841,TTM_EPSAct
2024-07-04,10.1028385242841,7.084490281634272,10.090395480225988,9.701249321021184,6.201388888888889,9.550802139037433,9.566928618300766,6.201388888888889,9.550802139037433,9.554549449331477,9.701249321021184,1.767820000000008,2.521,1.77,EPSFR_LTM,1.841,TTM_EPSAct
2024-07-05,10.0095032299669,7.019040063466878,9.997175141242938,9.61162411732754,6.144097222222222,9.462566844919786,9.478544339352299,6.144097222222222,9.462566844919786,9.46627953560585,9.61162411732754,1.7678199999999917,2.521,1.77,EPSFR_LTM,1.841,TTM_EPSAct
2024-07-08,9.81434761457615,6.882189607298692,9.80225988700565,9.424225964149919,6.024305555555556,9.278074866310162,9.293740847005571,6.024305555555556,9.278074866310162,9.281715170543176,9.424225964149919,1.7678199999999993,2.521,1.77,EPSFR_LTM,1.841,TTM_EPSAct
2024-07-09,9.59939360342116,6.731455771519238,9.587570621468926,9.217816404128191,5.892361111111111,9.074866310160427,9.090189174275766,5.892361111111111,9.074866310160427,9.078426884387186,9.217816404128191,1.7678200000000006,2.521,1.77,EPSFR_LTM,1.841,TTM_EPSAct
2024-07-10,9.42403638379473,6.6084886949623165,9.412429378531073,9.049429657794677,5.784722222222222,8.909090909090908,8.924133862311978,5.784722222222222,8.909090909090908,8.912586440417828,9.049429657794677,1.76782,2.521,1.77,EPSFR_LTM,1.841,TTM_EPSAct
2024-07-11,9.31938772046928,6.535105117017057,9.307909604519775,8.948940793047258,5.720486111111112,8.810160427807487,8.825036337430292,5.720486111111112,8.810160427807487,8.813617143210307,8.948940793047258,1.76782,2.521,1.77,EPSFR_LTM,1.841,TTM_EPSAct
2024-07-12,9.59939360342116,6.731455771519238,9.587570621468926,9.217816404128191,5.892361111111111,9.074866310160427,9.090189174275766,5.892361111111111,9.074866310160427,9.078426884387186,9.217816404128191,1.7678200000000006,2.521,1.77,EPSFR_LTM,1.841,TTM_EPSAct
2024-07-15,9.55414012738854,6.6997223324077755,9.542372881355933,9.174361759913092,5.864583333333334,9.032085561497325,9.047336190543176,5.864583333333334,9.032085561497325,9.03562935045961,9.174361759913092,1.7678199999999993,2.521,1.77,EPSFR_LTM,1.841,TTM_EPSAct
2024-07-16,9.59373691891708,6.727489091630306,9.581920903954803,9.212384573601303,5.888888888888889,9.06951871657754,9.084832551309193,5.888888888888889,9.06951871657754,9.07307719264624,9.212384573601303,1.767820000000001,2.521,1.77,EPSFR_LTM,1.841,TTM_EPSAct
2024-07-17,9.81434761457615,6.882189607298692,9.80225988700565,9.424225964149919,6.024305555555556,9.278074866310162,9.293740847005571,6.024305555555556,9.278074866310162,9.281715170543176,9.424225964149919,1.7678199999999993,2.521,1.77,EPSFR_LTM,1.841,TTM_EPSAct
2024-07-18,10.0462716792434,7.044823482744944,10.033898305084746,9.64693101575231,6.166666666666668,9.497326203208557,9.513362388635096,6.166666666666668,9.497326203208557,9.501052531922006,9.64693101575231,1.7678199999999935,2.521,1.77,EPSFR_LTM,1.841,TTM_EPSAct
2024-07-19,9.84263103709654,6.902023006743356,9.83050847457627,9.451385116784357,6.041666666666666,9.304812834224597,9.320523961838441,6.041666666666666,9.304812834224597,9.30846362924791,9.451385116784357,1.7678199999999993,2.521,1.77,EPSFR_LTM,1.841,TTM_EPSAct
2024-07-22,9.78606419205575,6.862356207854027,9.774011299435028,9.397066811515481,6.006944444444445,9.251336898395722,9.2669577321727,6.006944444444445,9.251336898395722,9.25496671183844,9.397066811515481,1.7678200000000004,2.521,1.77,EPSFR_LTM,1.841,TTM_EPSAct
2024-07-23,9.64181873720175,6.761205870686236,9.62994350282486,9.258555133079849,5.918402777777779,9.114973262032086,9.130363846524999,5.918402777777779,9.114973262032086,9.11854957244429,9.258555133079849,1.7678200000000006,2.521,1.77,EPSFR_LTM,1.841,TTM_EPSAct
2024-07-24,9.78606419205575,6.862356207854027,9.774011299435028,9.397066811515481,6.006944444444445,9.251336898395722,9.266957732172632,6.006944444444445,9.251336898395722,9.25496671183844,9.397066811515481,1.7678200000000004,2.521,1.77,EPSFR_LTM,1.841,TTM_EPSAct
2024-07-25,10.2470839791381,9.839760999456816,14.608870967741934,9.839760999456816,6.289930555555555,9.687165775401068,9.703522503948468,6.289930555555555,9.687165775401068,9.690966588725626,9.839760999456816,1.767820000000008,1.841,1.24,EPSFR_LTM,1.841,TTM_EPSAct
2024-07-26,15.3065743387415,10.325909831613254,15.330645161290324,10.325909831613254,6.6006944444444455,10.165775401069519,10.182940259456757,6.6006944444444455,10.165775401069519,10.169763999540391,10.325909831613254,1.2419499999999997,1.841,1.24,EPSFR_LTM,1.841,TTM_EPSAct
2024-07-29,15.0851483554088,10.176534492123846,15.108870967741936,10.176534492123846,6.505208333333333,10.018716577540106,10.035633127875975,6.505208333333333,10.018716577540106,10.022647476664345,10.176534492123846,1.2419500000000028,1.841,1.24,EPSFR_LTM,1.841,TTM_EPSAct
2024-07-30,14.7751519787431,9.967409016838676,14.798387096774194,9.967409016838676,6.371527777777779,9.81283422459893,9.829403143662953,6.371527777777779,9.81283422459893,9.816684344637885,9.967409016838676,1.2419500000000006,1.841,1.24,EPSFR_LTM,1.841,TTM_EPSAct
2024-07-31,15.0247594508636,10.135795763172188,15.048387096774194,10.135795763172188,6.479166666666667,9.97860962566845,9.99545845562667,6.479166666666667,9.97860962566845,9.982524788607243,10.135795763172188,1.2419499999999968,1.841,1.24,EPSFR_LTM,1.841,TTM_EPSAct
2024-08-01,14.8395668102581,10.010863661053776,14.862903225806452,10.010863661053776,6.399305555555555,9.855614973262032,9.872256127395543,6.399305555555555,9.855614973262032,9.85948187856546,10.010863661053776,1.2419499999999968,1.841,1.24,EPSFR_LTM,1.841,TTM_EPSAct
2024-08-02,14.4933370908652,9.77729494839761,14.516129032258064,9.77729494839761,6.25,9.62566844919786,9.64192133983287,6.25,9.62566844919786,9.629445133704735,9.77729494839761,1.2419499999999977,1.841,1.24,EPSFR_LTM,1.841,TTM_EPSAct
2024-08-05,14.1108740287451,9.51928299837045,14.133064516129032,9.51928299837045,6.085069444444444,9.371657754010695,9.387481748920614,6.085069444444444,9.371657754010695,9.37533477600975,9.51928299837045,1.2419500000000017,1.841,1.24,EPSFR_LTM,1.841,TTM_EPSAct
2024-08-06,14.4490518941986,9.747419880499729,14.471774193548388,9.747419880499729,6.230902777777778,9.596256684491978,9.612459913516712,6.230902777777778,9.596256684491978,9.600021829129528,9.747419880499729,1.2419500000000034,1.841,1.24,EPSFR_LTM,1.841,TTM_EPSAct
2024-08-07,14.5416482145014,9.809885931558934,14.564516129032258,9.809885931558934,6.270833333333333,9.657754010695186,9.674061077632242,6.270833333333333,9.657754010695186,9.661543284150417,9.809885931558934,1.241949999999999,1.841,1.24,EPSFR_LTM,1.841,TTM_EPSAct
2024-08-08,14.903981641773,10.054318305268877,14.927419354838712,10.054318305268877,6.427083333333334,9.898395721925134,9.915109111128134,6.427083333333334,9.898395721925134,9.902279412493037,10.054318305268877,1.2419500000000014,1.841,1.24,EPSFR_LTM,1.841,TTM_EPSAct
2024-08-09,14.8878779338943,10.0434546442151,14.911290322580644,10.0434546442151,6.420138888888888,9.887700534759357,9.904395865194987,6.420138888888888,9.887700534759357,9.891580029011141,10.0434546442151,1.241949999999998,1.841,1.24,EPSFR_LTM,1.841,TTM_EPSAct
2024-08-12,14.6584000966222,9.888647474198804,14.681451612903224,9.888647474198804,6.321180555555555,9.735294117647058,9.751732110647632,6.321180555555555,9.735294117647058,9.73911381439415,9.888647474198804,1.2419500000000039,1.841,1.24,EPSFR_LTM,1.841,TTM_EPSAct
2024-08-13,15.5883892266194,10.516023900054318,15.612903225806452,10.516023900054318,6.722222222222222,10.352941176470587,10.370422063286908,6.722222222222222,10.352941176470587,10.357003210473538,10.516023900054318,1.2419500000000023,1.841,1.24,EPSFR_LTM,1.841,TTM_EPSAct
2024-08-14,15.4676114175289,10.434546442151005,15.491935483870968,10.434546442151005,6.670138888888889,10.272727272727273,10.290072718788231,6.670138888888889,10.272727272727273,10.276757834359332,10.434546442151005,1.241949999999999,1.841,1.24,EPSFR_LTM,1.841,TTM_EPSAct
2024-08-15,15.9708522887395,10.774035850081479,15.995967741935484,10.774035850081479,6.887152777777779,10.606951871657754,10.624861654199163,6.887152777777779,10.606951871657754,10.611113568168525,10.774035850081479,1.2419499999999986,1.841,1.24,EPSFR_LTM,1.841,TTM_EPSAct
2024-08-16,15.9789041426789,10.779467680608365,16.004032258064516,10.779467680608365,6.890625,10.61229946524064,10.630218277165739,6.890625,10.61229946524064,10.616463259909471,10.779467680608365,1.2419499999999961,1.841,1.24,EPSFR_LTM,1.841,TTM_EPSAct
2024-08-19,16.2808486654052,10.983161325366648,16.306451612903224,10.983161325366648,7.020833333333333,10.812834224598928,10.831091638412257,7.020833333333333,10.812834224598928,10.817076700194987,10.983161325366648,1.2419500000000008,1.841,1.24,EPSFR_LTM,1.841,TTM_EPSAct
2024-08-20,16.0231893393454,10.809342748506246,16.048387096774192,10.809342748506246,6.909722222222222,10.641711229946523,10.659679703481894,6.909722222222222,10.641711229946523,10.645886564484679,10.809342748506246,1.2419499999999988,1.841,1.24,EPSFR_LTM,1.841,TTM_EPSAct
2024-08-21,16.079552316921,10.84736556219446,16.10483870967742,10.84736556219446,6.934027777777778,10.679144385026737,10.69717606424791,6.934027777777778,10.679144385026737,10.683334406671309,10.84736556219446,1.2419499999999977,1.841,1.24,EPSFR_LTM,1.841,TTM_EPSAct
2024-08-22,16.0272152663151,10.812058663769692,16.05241935483871,10.812058663769692,6.911458333333334,10.644385026737968,10.662358014965111,6.911458333333334,10.644385026737968,10.648561410355153,10.812058663769692,1.2419499999999977,1.841,1.24,EPSFR_LTM,1.841,TTM_EPSAct
2024-08-23,16.2405893957084,10.956002172732212,16.266129032258068,10.956002172732212,7.003472222222223,10.786096256684493,10.804308523579389,7.003472222222223,10.786096256684493,10.790328241490252,10.956002172732212,1.241949999999997,1.841,1.24,EPSFR_LTM,1.841,TTM_EPSAct
2024-08-26,16.2003301260115,10.928843020097773,16.225806451612904,10.928843020097773,6.986111111111112,10.759358288770054,10.777525408746447,6.986111111111112,10.759358288770054,10.763579782785516,10.928843020097773,1.241950000000001,1.841,1.24,EPSFR_LTM,1.841,TTM_EPSAct
2024-08-27,16.7398043399493,11.292775665399239,16.766129032258064,11.292775665399239,7.21875,11.117647058823529,11.136419147506896,7.21875,11.117647058823529,11.12200912942897,11.292775665399239,1.241949999999998,1.841,1.24,EPSFR_LTM,1.841,TTM_EPSAct
2024-08-28,16.7881154635855,11.325366648560566,16.81451612903226,11.325366648560566,7.239583333333334,11.149732620320856,11.168558885306405,7.239583333333334,11.149732620320856,11.154107279874653,11.325366648560566,1.2419499999999994,1.841,1.24,EPSFR_LTM,1.841,TTM_EPSAct
2024-08-29,17.5852490035831,11.863117870722434,17.612903225806452,11.863117870722434,7.583333333333334,11.679144385026737,11.698864558997213,7.583333333333334,11.679144385026737,11.683726762228412,11.863117870722434,1.241949999999998,1.841,1.24,EPSFR_LTM,1.841,TTM_EPSAct
2024-08-30,17.0296710817666,11.48832156436719,17.056451612903224,11.48832156436719,7.34375,11.310160427807485,11.329257574303622,7.34375,11.310160427807485,11.314598032103063,11.48832156436719,1.241949999999998,1.841,1.24,EPSFR_LTM,1.841,TTM_EPSAct
2024-09-02,16.7398043399493,11.292775665399239,16.766129032258064,11.292775665399239,7.21875,11.117647058823529,11.136419147506896,7.21875,11.117647058823529,11.12200912942897,11.292775665399239,1.241949999999998,1.841,1.24,EPSFR_LTM,1.841,TTM_EPSAct
2024-09-03,16.2889005193446,10.988593155893536,16.31451612903226,10.988593155893536,7.024305555555556,10.818181818181818,10.836448261378761,7.024305555555556,10.818181818181818,10.822426391935934,10.988593155893536,1.2419499999999983,1.841,1.24,EPSFR_LTM,1.841,TTM_EPSAct
2024-09-04,15.4112484399533,10.396523628462793,15.435483870967742,10.396523628462793,6.645833333333334,10.235294117647058,10.252576358022285,6.645833333333334,10.235294117647058,10.239309992172702,10.396523628462793,1.24195,1.841,1.24,EPSFR_LTM,1.841,TTM_EPSAct
2024-09-05,15.4031965860139,10.391091797935903,15.427419354838708,10.391091797935903,6.642361111111111,10.22994652406417,10.24721973505564,6.642361111111111,10.22994652406417,10.233960300431754,10.391091797935903,1.2419500000000023,1.841,1.24,EPSFR_LTM,1.841,TTM_EPSAct
2024-09-06,14.7026852932888,9.918522542096687,14.725806451612904,9.918522542096687,6.340277777777779,9.764705882352942,9.781193536963789,6.340277777777779,9.764705882352942,9.76853711896936,9.918522542096687,1.2419499999999983,1.841,1.24,EPSFR_LTM,1.841,TTM_EPSAct
2024-09-09,14.533596360562,9.804454101032048,14.556451612903226,9.804454101032048,6.267361111111112,9.6524064171123,9.668704454665738,6.267361111111112,9.6524064171123,9.65619359240947,9.804454101032048,1.2419500000000017,1.841,1.24,EPSFR_LTM,1.841,TTM_EPSAct
2024-09-10,14.2920407423809,9.64149918522542,14.314516129032258,9.64149918522542,6.163194444444445,9.491978609625669,9.508005765668525,6.163194444444445,9.491978609625669,9.495702840181059,9.64149918522542,1.241950000000003,1.841,1.24,EPSFR_LTM,1.841,TTM_EPSAct
2024-09-11,12.9272514996578,8.72080391091798,12.94758064516129,8.72080391091798,5.574652777777778,8.585561497326202,8.600058172834192,5.574652777777778,8.585561497326202,8.58893009009053,8.72080391091798,1.2419499999999997,1.841,1.24,EPSFR_LTM,1.841,TTM_EPSAct
2024-09-12,12.5488143645074,8.465507876154264,12.568548387096776,8.465507876154264,5.411458333333334,8.334224598930481,8.348296893405292,5.411458333333334,8.334224598930481,8.337494578266018,8.465507876154264,1.2419500000000028,1.841,1.24,EPSFR_LTM,1.841,TTM_EPSAct
2024-09-13,12.8829663029913,8.690928843020098,12.903225806451614,8.690928843020098,5.555555555555555,8.55614973262032,8.570596746518037,5.555555555555555,8.55614973262032,8.559506785515321,8.690928843020098,1.2419499999999966,1.841,1.24,EPSFR_LTM,1.841,TTM_EPSAct
2024-09-16,13.0963404323846,8.834872351982618,13.116935483870968,8.834872351982618,5.647569444444445,8.697860962566844,8.712547255132312,5.647569444444445,8.697860962566844,8.701273616650418,8.834872351982618,1.241949999999996,1.841,1.24,EPSFR_LTM,1.841,TTM_EPSAct
2024-09-17,13.0923145054149,8.832156436719176,13.112903225806454,8.832156436719176,5.645833333333334,8.695187165775401,8.709868943648956,5.645833333333334,8.695187165775401,8.698598770779945,8.832156436719176,1.2419499999999974,1.841,1.24,EPSFR_LTM,1.841,TTM_EPSAct
2024-09-18,13.1365997020814,8.862031504617057,13.15725806451613,8.862031504617057,5.664930555555556,8.724598930481283,8.739330369965181,5.664930555555556,8.724598930481283,8.728022075355154,8.862031504617057,1.2419500000000006,1.841,1.24,EPSFR_LTM,1.841,TTM_EPSAct
2024-09-19,13.5230886911711,9.12275936990766,13.54435483870968,9.12275936990766,5.831597222222223,8.981283422459894,8.996448272360725,5.831597222222223,8.981283422459894,8.984807278920615,9.12275936990766,1.2419500000000039,1.841,1.24,EPSFR_LTM,1.841,TTM_EPSAct
2024-09-20,13.4626997866259,9.082020640956001,13.483870967741934,9.082020640956001,5.805555555555555,8.941176470588234,8.956273600111421,5.805555555555555,8.941176470588234,8.94468459086351,9.082020640956001,1.2419499999999972,1.841,1.24,EPSFR_LTM,1.841,TTM_EPSAct
2024-09-23,13.2332219493538,8.927213470939707,13.254032258064516,8.927213470939707,5.706597222222222,8.788770053475934,8.803609845563997,5.706597222222222,8.788770053475934,8.792218376246518,8.927213470939707,1.2419500000000037,1.841,1.24,EPSFR_LTM,1.841,TTM_EPSAct
2024-09-24,13.4667257135956,9.084736556219447,13.487903225806454,9.084736556219447,5.807291666666667,8.943850267379679,8.958951911594706,5.807291666666667,8.943850267379679,8.947359436733985,9.084736556219447,1.241949999999996,1.841,1.24,EPSFR_LTM,1.841,TTM_EPSAct
2024-09-25,13.2573775111719,8.943508962520369,13.278225806451612,8.943508962520369,5.717013888888889,8.804812834224599,8.819679714463788,5.717013888888889,8.804812834224599,8.808267451469359,8.943508962520369,1.2419500000000046,1.841,1.24,EPSFR_LTM,1.841,TTM_EPSAct
2024-09-26,13.4063368090503,9.04399782726779,13.427419354838708,9.04399782726779,5.78125,8.90374331550802,8.918777239345404,5.78125,8.90374331550802,8.90723674867688,9.04399782726779,1.2419499999999983,1.841,1.24,EPSFR_LTM,1.841,TTM_EPSAct
2024-09-27,13.8451628487459,9.340032590983162,13.866935483870968,9.340032590983162,5.970486111111112,9.195187165775401,9.210713191023677,5.970486111111112,9.195187165775401,9.198794948558497,9.340032590983162,1.241950000000002,1.841,1.24,EPSFR_LTM,1.841,TTM_EPSAct
2024-09-30,14.0343814163211,9.467680608365018,14.056451612903226,17.713414634146343,6.052083333333333,9.320855614973262,9.336593830738162,6.052083333333333,9.320855614973262,9.324512704470752,17.713414634146343,1.2419500000000008,1.841,1.24,EPSFR_LTM,0.984,TTM_EPSAct
2024-10-01,13.2614034381416,8.946224877783813,13.282258064516128,16.73780487804878,5.71875,8.807486631016042,8.822358025947075,5.71875,8.807486631016042,8.810942297339832,16.73780487804878,1.2419500000000028,1.841,1.24,EPSFR_LTM,0.984,TTM_EPSAct
2024-10-02,13.498933129353,9.106463878326997,13.520161290322582,17.03760162601626,5.821180555555556,8.96524064171123,8.980378403460934,5.821180555555556,8.96524064171123,8.968758203697773,17.03760162601626,1.241950000000003,1.841,1.24,EPSFR_LTM,0.984,TTM_EPSAct
2024-10-03,13.563347960868,9.149918522542096,13.584677419354838,17.11890243902439,5.848958333333333,9.00802139037433,9.023231387193523,5.848958333333333,9.00802139037433,9.011555737625347,17.11890243902439,1.241949999999999,1.841,1.24,EPSFR_LTM,0.984,TTM_EPSAct
2024-10-04,13.8451628487459,9.340032590983162,13.866935483870968,17.47459349593496,5.970486111111112,9.195187165775401,9.210713191023608,5.970486111111112,9.195187165775401,9.198794948558497,17.47459349593496,1.241950000000002,1.841,1.24,EPSFR_LTM,0.984,TTM_EPSAct
2024-10-07,13.9095776802609,9.383487235198261,13.931451612903224,17.55589430894309,5.998263888888888,9.237967914438501,9.253566174756196,5.998263888888888,9.237967914438501,9.241592482486071,17.55589430894309,1.241949999999998,1.841,1.24,EPSFR_LTM,0.984,TTM_EPSAct
2024-10-08,13.2614034381416,8.946224877783813,13.282258064516128,16.73780487804878,5.71875,8.807486631016042,8.822358025947075,5.71875,8.807486631016042,8.810942297339832,16.73780487804878,1.2419500000000028,1.841,1.24,EPSFR_LTM,0.984,TTM_EPSAct
2024-10-09,13.2855589999597,8.962520369364476,13.306451612903226,16.76829268292683,5.729166666666667,8.823529411764705,8.838427894846728,5.729166666666667,8.823529411764705,8.826991372562674,16.76829268292683,1.2419500000000037,1.841,1.24,EPSFR_LTM,0.984,TTM_EPSAct
2024-10-10,13.498933129353,9.106463878326997,13.520161290322582,17.03760162601626,5.821180555555556,8.96524064171123,8.980378403461003,5.821180555555556,8.96524064171123,8.968758203697773,17.03760162601626,1.241950000000003,1.841,1.24,EPSFR_LTM,0.984,TTM_EPSAct
2024-10-11,13.8008776520794,9.31015752308528,13.82258064516129,17.41869918699187,5.951388888888889,9.165775401069519,9.18125176470745,5.951388888888889,9.165775401069519,9.169371643983288,17.41869918699187,1.2419499999999992,1.841,1.24,EPSFR_LTM,0.984,TTM_EPSAct
2024-10-14,13.6841257699585,9.231395980445411,13.705645161290324,17.271341463414636,5.901041666666667,9.088235294117647,9.1035807316922,5.901041666666667,9.088235294117647,9.091801113739555,17.271341463414636,1.241950000000003,1.841,1.24,EPSFR_LTM,0.984,TTM_EPSAct
2024-10-15,13.0359515278393,8.794133623030962,13.056451612903228,16.453252032520325,5.621527777777779,8.657754010695188,8.672372582883009,5.621527777777779,8.657754010695188,8.661150928593315,16.453252032520325,1.2419499999999986,1.841,1.24,EPSFR_LTM,0.984,TTM_EPSAct
2024-10-16,12.8829663029913,8.690928843020098,12.903225806451614,16.260162601626018,5.555555555555555,8.55614973262032,8.570596746518037,5.555555555555555,8.55614973262032,8.559506785515321,16.260162601626018,1.2419499999999966,1.841,1.24,EPSFR_LTM,0.984,TTM_EPSAct
2024-10-17,12.8467329602641,8.666485605649104,12.866935483870968,16.214430894308943,5.539930555555555,8.532085561497325,8.546491943168453,5.539930555555555,8.532085561497325,8.535433172681058,16.214430894308943,1.24195,1.841,1.24,EPSFR_LTM,0.984,TTM_EPSAct
2024-10-18,12.311284673296,8.30526887561108,12.330645161290322,15.53861788617886,5.309027777777778,8.176470588235293,8.190276515891295,5.309027777777778,8.176470588235293,8.179678671908079,15.53861788617886,1.2419500000000026,1.841,1.24,EPSFR_LTM,0.984,TTM_EPSAct
2024-10-21,12.1703772293571,8.21021184139055,12.189516129032258,15.360772357723578,5.248263888888889,8.082887700534759,8.096535613976323,5.248263888888889,8.082887700534759,8.086059066441505,15.360772357723578,1.241949999999996,1.841,1.24,EPSFR_LTM,0.984,TTM_EPSAct
2024-10-22,12.3797254317807,8.351439435089626,12.399193548387096,15.625,5.338541666666667,8.221925133689838,8.235807811107243,5.338541666666667,8.221925133689838,8.225151051706128,15.625,1.2419499999999968,1.841,1.24,EPSFR_LTM,0.984,TTM_EPSAct
2024-10-23,12.2710254035992,8.278109722976643,12.290322580645162,15.487804878048781,5.291666666666667,8.149732620320854,8.163493401058496,5.291666666666667,8.149732620320854,8.152930213203343,15.487804878048781,1.2419499999999979,1.841,1.24,EPSFR_LTM,0.984,TTM_EPSAct
2024-10-24,11.5866178187528,14.6239837398374,25.245614035087723,14.6239837398374,4.996527777777779,7.695187165775401,7.708180448899722,4.996527777777779,7.695187165775401,7.698206415222842,14.6239837398374,1.2419499999999968,0.984,0.57,EPSFR_LTM,0.984,TTM_EPSAct
2024-10-25,25.875642954617,15.030487804878048,25.947368421052634,15.030487804878048,5.135416666666667,7.909090909090908,7.922445367562605,5.135416666666667,7.909090909090908,7.912194084860724,15.030487804878048,0.5715800000000005,0.984,0.57,EPSFR_LTM,0.984,TTM_EPSAct
2024-10-28,26.1380734105462,15.182926829268292,26.210526315789476,15.182926829268292,5.1875,7.989304812834224,8.00279471206128,5.1875,7.989304812834224,7.99243946097493,15.182926829268292,0.5715800000000001,0.984,0.57,EPSFR_LTM,0.984,TTM_EPSAct
2024-10-29,26.4442422757969,15.360772357723578,26.517543859649127,15.360772357723578,5.248263888888889,8.082887700534759,8.096535613976323,5.248263888888889,8.082887700534759,8.086059066441505,15.360772357723578,0.5715800000000003,0.984,0.57,EPSFR_LTM,0.984,TTM_EPSAct
2024-10-30,25.6919416354666,14.923780487804878,25.763157894736846,14.923780487804878,5.098958333333334,7.852941176470588,7.86620082641358,5.098958333333334,7.852941176470588,7.85602232158078,14.923780487804878,0.5715800000000001,0.984,0.57,EPSFR_LTM,0.984,TTM_EPSAct
2024-10-31,25.6831939536023,14.91869918699187,25.75438596491228,14.91869918699187,5.097222222222222,7.850267379679144,7.863522514930293,5.097222222222222,7.850267379679144,7.853347475710306,14.91869918699187,0.5715799999999999,0.984,0.57,EPSFR_LTM,0.984,TTM_EPSAct
2024-11-01,24.4847615381924,14.222560975609756,24.55263157894737,14.222560975609756,4.859375,7.483957219251336,7.496593841720054,4.859375,7.483957219251336,7.4868935914554315,14.222560975609756,0.5715799999999994,0.984,0.57,EPSFR_LTM,0.984,TTM_EPSAct
2024-11-04,24.6509674936142,14.31910569105691,24.719298245614038,14.31910569105691,4.892361111111112,7.5347593582887695,7.547481759902437,4.892361111111112,7.5347593582887695,7.537715662994429,14.31910569105691,0.5715799999999999,0.984,0.57,EPSFR_LTM,0.984,TTM_EPSAct
2024-11-05,24.615976766157,14.298780487804878,24.68421052631579,14.298780487804878,4.885416666666667,7.524064171122994,7.53676851396936,4.885416666666667,7.524064171122994,7.5270162795125355,14.298780487804878,0.5715799999999993,0.984,0.57,EPSFR_LTM,0.984,TTM_EPSAct
2024-11-06,22.8052066202456,13.246951219512196,22.868421052631582,13.246951219512196,4.526041666666667,6.970588235294118,6.9823580369289,4.526041666666667,6.970588235294118,6.973323184324513,13.246951219512196,0.5715800000000009,0.984,0.57,EPSFR_LTM,0.984,TTM_EPSAct
2024-11-07,23.216347667868,13.485772357723578,23.280701754385966,13.485772357723578,4.607638888888889,7.096256684491978,7.108238676643454,4.607638888888889,7.096256684491978,7.099040940236769,13.485772357723578,0.5715800000000003,0.984,0.57,EPSFR_LTM,0.984,TTM_EPSAct
2024-11-08,22.4465516638091,13.038617886178862,22.508771929824565,13.038617886178862,4.454861111111112,6.860962566844919,6.872547266114206,4.454861111111112,6.860962566844919,6.8636545036350975,13.038617886178862,0.5715799999999998,0.984,0.57,EPSFR_LTM,0.984,TTM_EPSAct
2024-11-11,22.9451695300745,13.328252032520325,23.008771929824565,13.328252032520325,4.553819444444445,7.013368983957219,7.02521102066156,4.553819444444445,7.013368983957219,7.01612071825209,13.328252032520325,0.5715800000000008,0.984,0.57,EPSFR_LTM,0.984,TTM_EPSAct
2024-11-12,22.5690192099094,13.109756097560977,22.631578947368425,13.109756097560977,4.479166666666667,6.898395721925134,6.910043626880188,4.479166666666667,6.898395721925134,6.9011023458217275,13.109756097560977,0.5715799999999994,0.984,0.57,EPSFR_LTM,0.984,TTM_EPSAct
2024-11-13,23.3388152139683,13.55691056910569,23.403508771929825,13.55691056910569,4.631944444444445,7.133689839572192,7.1457350374094695,4.631944444444445,7.133689839572192,7.136488782423398,13.55691056910569,0.57158,0.984,0.57,EPSFR_LTM,0.984,TTM_EPSAct
2024-11-14,24.0823681724343,13.988821138211383,24.149122807017548,13.988821138211383,4.779513888888889,7.360962566844919,7.373391513488789,4.779513888888889,7.360962566844919,7.363850681413649,13.988821138211383,0.5715800000000001,0.984,0.57,EPSFR_LTM,0.984,TTM_EPSAct
2024-11-15,24.0911158542986,13.99390243902439,24.157894736842106,13.99390243902439,4.78125,7.363636363636363,7.376069824972076,4.78125,7.363636363636363,7.366525527284122,13.99390243902439,0.5715800000000002,0.984,0.57,EPSFR_LTM,0.984,TTM_EPSAct
2024-11-18,24.3185555827706,14.126016260162602,24.385964912280706,14.126016260162602,4.826388888888889,7.433155080213903,7.445705923537606,4.826388888888889,7.433155080213903,7.436071519916435,14.126016260162602,0.5715799999999992,0.984,0.57,EPSFR_LTM,0.984,TTM_EPSAct
2024-11-19,23.8986668532839,13.882113821138212,23.964912280701757,13.882113821138212,4.743055555555555,7.304812834224599,7.317146972339763,4.743055555555555,7.304812834224599,7.307678918133705,13.882113821138212,0.5715799999999995,0.984,0.57,EPSFR_LTM,0.984,TTM_EPSAct
2024-11-20,24.3535463102278,14.146341463414634,24.42105263157895,14.146341463414634,4.833333333333334,7.443850267379679,7.456419169470683,4.833333333333334,7.443850267379679,7.4467709033983285,14.146341463414634,0.5715799999999998,0.984,0.57,EPSFR_LTM,0.984,TTM_EPSAct
2024-11-21,24.8696595402218,14.446138211382113,24.938596491228072,14.446138211382113,4.935763888888889,7.601604278074865,7.6144395469846105,4.935763888888889,7.601604278074865,7.604586809756268,14.446138211382113,0.571580000000001,0.984,0.57,EPSFR_LTM,0.984,TTM_EPSAct
2024-11-22,24.9746317225935,14.507113821138212,25.04385964912281,14.507113821138212,4.956597222222222,7.633689839572193,7.646579284784053,4.956597222222222,7.633689839572193,7.636684960201951,14.507113821138212,0.5715800000000003,0.984,0.57,EPSFR_LTM,0.984,TTM_EPSAct
2024-11-25,24.7996780853074,14.40548780487805,24.868421052631582,14.40548780487805,4.921875,7.580213903743315,7.5930130551183845,4.921875,7.580213903743315,7.58318804279248,14.40548780487805,0.5715799999999999,0.984,0.57,EPSFR_LTM,0.984,TTM_EPSAct
2024-11-26,24.615976766157,14.298780487804878,24.68421052631579,14.298780487804878,4.885416666666667,7.524064171122994,7.536768513969291,4.885416666666667,7.524064171122994,7.5270162795125355,14.298780487804878,0.5715799999999993,0.984,0.57,EPSFR_LTM,0.984,TTM_EPSAct
2024-11-27,24.8346688127646,14.425813008130081,24.90350877192983,14.425813008130081,4.928819444444445,7.590909090909091,7.603726301051531,4.928819444444445,7.590909090909091,7.593887426274374,14.425813008130081,0.5715800000000004,0.984,0.57,EPSFR_LTM,0.984,TTM_EPSAct
2024-11-28,24.9133979495434,14.471544715447155,24.98245614035088,14.471544715447155,4.944444444444445,7.614973262032085,7.627831104401046,4.944444444444445,7.614973262032085,7.617961039108636,14.471544715447155,0.5715799999999994,0.984,0.57,EPSFR_LTM,0.984,TTM_EPSAct
2024-11-29,25.2020714510655,14.639227642276422,25.271929824561404,14.639227642276422,5.001736111111111,7.703208556149732,7.716215383349582,5.001736111111111,7.703208556149732,7.706230952834262,14.639227642276422,0.5715799999999992,0.984,0.57,EPSFR_LTM,0.984,TTM_EPSAct
2024-12-02,25.1933237692012,14.634146341463415,25.263157894736846,14.634146341463415,5.0,7.7005347593582885,7.713537071866297,5.0,7.7005347593582885,7.703556106963789,14.634146341463415,0.5715799999999992,0.984,0.57,EPSFR_LTM,0.984,TTM_EPSAct
2024-12-03,24.4672661744638,14.21239837398374,24.535087719298247,14.21239837398374,4.855902777777778,7.478609625668448,7.49123721875348,4.855902777777778,7.478609625668448,7.4815438997144845,14.21239837398374,0.5715799999999992,0.984,0.57,EPSFR_LTM,0.984,TTM_EPSAct
2024-12-04,23.6712271248119,13.75,23.736842105263158,13.75,4.697916666666667,7.235294117647058,7.247510873774373,4.697916666666667,7.235294117647058,7.238132925501392,13.75,0.5715800000000005,0.984,0.57,EPSFR_LTM,0.984,TTM_EPSAct
2024-12-05,23.0501417124462,13.389227642276424,23.1140350877193,13.389227642276424,4.574652777777779,7.045454545454546,7.057350758460934,4.574652777777779,7.045454545454546,7.048218868697772,13.389227642276424,0.5715800000000001,0.984,0.57,EPSFR_LTM,0.984,TTM_EPSAct
2024-12-09,23.1638615766822,13.455284552845528,23.2280701754386,13.455284552845528,4.597222222222222,7.080213903743315,7.092168807743732,4.597222222222222,7.080213903743315,7.082991865013928,13.455284552845528,0.5715799999999994,0.984,0.57,EPSFR_LTM,0.984,TTM_EPSAct
2024-12-10,23.216347667868,13.485772357723578,23.280701754385966,13.485772357723578,4.607638888888889,7.096256684491978,7.108238676643454,4.607638888888889,7.096256684491978,7.099040940236769,13.485772357723578,0.5715800000000003,0.984,0.57,EPSFR_LTM,0.984,TTM_EPSAct
2024-12-11,23.0326463487176,13.379065040650406,23.096491228070175,13.379065040650406,4.571180555555555,7.040106951871657,7.051994135494429,4.571180555555555,7.040106951871657,7.042869176956824,13.379065040650406,0.5715799999999998,0.984,0.57,EPSFR_LTM,0.984,TTM_EPSAct
2024-12-12,22.5340284824522,13.089430894308943,22.596491228070178,13.089430894308943,4.472222222222222,6.887700534759358,6.899330380947054,4.472222222222222,6.887700534759358,6.8904029623398335,13.089430894308943,0.5715799999999988,0.984,0.57,EPSFR_LTM,0.984,TTM_EPSAct
2024-12-13,22.1228874348298,12.85060975609756,22.18421052631579,12.85060975609756,4.390625,6.762032085561497,6.77344974123259,4.390625,6.762032085561497,6.764685206427576,12.85060975609756,0.5715799999999992,0.984,0.57,EPSFR_LTM,0.984,TTM_EPSAct
2024-12-16,21.5455404317856,12.515243902439025,21.605263157894736,12.515243902439025,4.276041666666667,6.585561497326203,6.596681183335647,4.276041666666667,6.585561497326203,6.588145378976323,12.515243902439025,0.5715799999999993,0.984,0.57,EPSFR_LTM,0.984,TTM_EPSAct
2024-12-17,21.414325203821,12.439024390243903,21.47368421052632,12.439024390243903,4.25,6.545454545454545,6.556506511086351,4.25,6.545454545454545,6.54802269091922,12.439024390243903,0.5715799999999996,0.984,0.57,EPSFR_LTM,0.984,TTM_EPSAct
2024-12-18,20.4258371531544,11.864837398373984,20.48245614035088,11.864837398373984,4.053819444444445,6.24331550802139,6.253857313474923,4.053819444444445,6.24331550802139,6.245765107555711,11.864837398373984,0.5715800000000004,0.984,0.57,EPSFR_LTM,0.984,TTM_EPSAct
2024-12-19,20.040939151125,11.641260162601625,20.096491228070178,11.641260162601625,3.977430555555556,6.12566844919786,6.136011608210306,3.977430555555556,6.12566844919786,6.1280718892548744,11.641260162601625,0.5715799999999986,0.984,0.57,EPSFR_LTM,0.984,TTM_EPSAct
2024-12-20,19.6385457853669,11.407520325203253,19.692982456140353,11.407520325203253,3.8975694444444446,6.002673796791443,6.012809279979108,3.8975694444444446,6.002673796791443,6.005028979213092,11.407520325203253,0.5715799999999993,0.984,0.57,EPSFR_LTM,0.984,TTM_EPSAct
2024-12-23,19.5160782392666,11.336382113821138,19.570175438596493,11.336382113821138,3.873263888888889,5.96524064171123,5.975312919213085,3.873263888888889,5.96524064171123,5.967581137026462,11.336382113821138,0.5715799999999998,0.984,0.57,EPSFR_LTM,0.984,TTM_EPSAct
2024-12-27,20.6182861541691,11.976626016260163,20.67543859649123,11.976626016260163,4.092013888888889,6.302139037433155,6.312780166107243,4.092013888888889,6.302139037433155,6.304611716706129,11.976626016260163,0.5715800000000013,0.984,0.57,EPSFR_LTM,0.984,TTM_EPSAct
2024-12-30,21.213128520942,12.322154471544716,21.271929824561404,12.322154471544716,4.210069444444445,6.483957219251336,6.494905346970753,4.210069444444445,6.483957219251336,6.486501235898329,12.322154471544716,0.5715799999999986,0.984,0.57,EPSFR_LTM,0.984,TTM_EPSAct
2025-01-02,21.7904755239861,12.657520325203253,21.85087719298246,64.20103092783506,4.324652777777778,6.660427807486631,6.6716739048676805,4.324652777777778,6.660427807486631,6.663041063349582,64.20103092783506,0.5715800000000012,0.984,0.57,EPSFR_LTM,0.19399999999999998,TTM_EPSAct
2025-01-03,22.8489450295672,13.272357723577237,22.91228070175439,67.31958762886599,4.534722222222222,6.983957219251336,6.995749594345334,4.534722222222222,6.983957219251336,6.986697413676881,67.31958762886599,0.5715799999999991,0.984,0.57,EPSFR_LTM,0.19399999999999998,TTM_EPSAct
2025-01-07,23.216347667868,13.485772357723578,23.280701754385966,68.40206185567011,4.607638888888889,7.096256684491978,7.108238676643386,4.607638888888889,7.096256684491978,7.099040940236769,68.40206185567011,0.5715800000000003,0.984,0.57,EPSFR_LTM,0.19399999999999998,TTM_EPSAct
2025-01-08,22.4028132544876,13.013211382113822,22.464912280701757,66.00515463917526,4.446180555555555,6.8475935828877,6.859155708697709,4.446180555555555,6.8475935828877,6.85028027428273,66.00515463917526,0.571579999999999,0.984,0.57,EPSFR_LTM,0.19399999999999998,TTM_EPSAct
2025-01-09,22.2278596172014,12.911585365853659,22.289473684210527,65.4896907216495,4.411458333333334,6.794117647058823,6.805589479031977,4.411458333333334,6.794117647058823,6.796783356873259,65.4896907216495,0.5715800000000011,0.984,0.57,EPSFR_LTM,0.19399999999999998,TTM_EPSAct
2025-01-10,21.501802022464,12.489837398373982,21.56140350877193,63.35051546391753,4.267361111111111,6.572192513368983,6.583289625919213,4.267361111111111,6.572192513368983,6.574771149623955,63.35051546391753,0.5715800000000013,0.984,0.57,EPSFR_LTM,0.19399999999999998,TTM_EPSAct
2025-01-13,22.2191119353371,12.90650406504065,22.280701754385966,65.4639175257732,4.409722222222222,6.791443850267379,6.802911167548705,4.409722222222222,6.791443850267379,6.7941085110027855,65.4639175257732,0.5715800000000009,0.984,0.57,EPSFR_LTM,0.19399999999999998,TTM_EPSAct
2025-01-14,22.0529059799153,12.809959349593496,22.1140350877193,64.97422680412372,4.376736111111112,6.740641711229946,6.752023249366289,4.376736111111112,6.740641711229946,6.743286439463788,64.97422680412372,0.5715800000000005,0.984,0.57,EPSFR_LTM,0.19399999999999998,TTM_EPSAct
2025-01-15,22.8489450295672,13.272357723577237,22.91228070175439,67.31958762886599,4.534722222222222,6.983957219251336,6.995749594345403,4.534722222222222,6.983957219251336,6.986697413676881,67.31958762886599,0.5715799999999991,0.984,0.57,EPSFR_LTM,0.19399999999999998,TTM_EPSAct
2025-01-16,21.9479337975437,12.7489837398374,22.00877192982456,64.66494845360826,4.355902777777778,6.70855614973262,6.719883511566852,4.355902777777778,6.70855614973262,6.711188289018106,64.66494845360826,0.5715799999999986,0.984,0.57,EPSFR_LTM,0.19399999999999998,TTM_EPSAct
2025-01-17,22.1491304804227,12.865853658536587,22.210526315789476,65.25773195876289,4.395833333333334,6.770053475935828,6.7814846756824085,4.395833333333334,6.770053475935828,6.772709744038997,65.25773195876289,0.5715799999999998,0.984,0.57,EPSFR_LTM,0.19399999999999998,TTM_EPSAct
2025-01-20,22.2541026627944,12.926829268292684,22.315789473684212,65.56701030927836,4.416666666666667,6.802139037433155,6.813624413481838,4.416666666666667,6.802139037433155,6.80480789448468,65.56701030927836,0.571579999999999,0.984,0.57,EPSFR_LTM,0.19399999999999998,TTM_EPSAct
2025-01-21,22.5165331187235,13.079268292682926,22.578947368421055,66.34020618556701,4.46875,6.88235294117647,6.893973757980481,4.46875,6.88235294117647,6.885053270598886,66.34020618556701,0.5715800000000009,0.984,0.57,EPSFR_LTM,0.19399999999999998,TTM_EPSAct
2025-01-22,22.2978410721159,12.952235772357723,22.359649122807017,65.6958762886598,4.425347222222222,6.815508021390373,6.827015970898274,4.425347222222222,6.815508021390373,6.8181821238370475,65.6958762886598,0.5715799999999996,0.984,0.57,EPSFR_LTM,0.19399999999999998,TTM_EPSAct
2025-01-23,22.6914867560097,13.18089430894309,22.754385964912284,66.85567010309279,4.503472222222222,6.935828877005347,6.947539987646232,4.503472222222222,6.935828877005347,6.938550188008357,66.85567010309279,0.571579999999999,0.984,0.57,EPSFR_LTM,0.19399999999999998,TTM_EPSAct
2025-01-24,22.8576927114315,13.277439024390244,22.92105263157895,67.34536082474227,4.536458333333333,6.9866310160427805,6.998427905828691,4.536458333333333,6.9866310160427805,6.989372259547354,67.34536082474227,0.5715799999999992,0.984,0.57,EPSFR_LTM,0.19399999999999998,TTM_EPSAct
2025-01-27,22.7614682109241,13.221544715447154,22.824561403508774,67.0618556701031,4.517361111111112,6.957219251336898,6.9689664795125355,4.517361111111112,6.957219251336898,6.959948954972145,67.0618556701031,0.5715800000000001,0.984,0.57,EPSFR_LTM,0.19399999999999998,TTM_EPSAct
2025-01-28,22.4378039819448,13.033536585365853,22.5,66.10824742268042,4.453125,6.858288770053475,6.869868954630898,4.453125,6.858288770053475,6.860979657764624,66.10824742268042,0.5715799999999995,0.984,0.57,EPSFR_LTM,0.19399999999999998,TTM_EPSAct
2025-01-29,21.7904755239861,12.657520325203253,21.85087719298246,64.20103092783506,4.324652777777778,6.660427807486631,6.671673904867687,4.324652777777778,6.660427807486631,6.663041063349582,64.20103092783506,0.5715800000000012,0.984,0.57,EPSFR_LTM,0.19399999999999998,TTM_EPSAct
2025-01-30,21.6942510234788,12.601626016260163,21.754385964912284,63.917525773195884,4.305555555555556,6.6310160427807485,6.642212478551532,4.305555555555556,6.6310160427807485,6.633617758774373,63.917525773195884,0.5715799999999994,0.984,0.57,EPSFR_LTM,0.19399999999999998,TTM_EPSAct
2025-01-31,21.4055775219567,12.433943089430894,21.464912280701757,63.06701030927835,4.248263888888889,6.542780748663101,6.553828199603063,4.248263888888889,6.542780748663101,6.545347845048746,63.06701030927835,0.5715799999999994,0.984,0.57,EPSFR_LTM,0.19399999999999998,TTM_EPSAct
2025-02-03,20.7757444277267,12.06808943089431,20.833333333333336,61.211340206185575,4.123263888888889,6.350267379679144,6.360989772806406,4.123263888888889,6.350267379679144,6.352758942374652,61.211340206185575,0.5715799999999986,0.984,0.57,EPSFR_LTM,0.19399999999999998,TTM_EPSAct
2025-02-04,20.8369782007768,12.103658536585366,20.894736842105264,61.39175257731959,4.135416666666667,6.3689839572192515,6.379737953189416,4.135416666666667,6.3689839572192515,6.371482863467967,61.39175257731959,0.5715799999999998,0.984,0.57,EPSFR_LTM,0.19399999999999998,TTM_EPSAct
2025-02-05,20.557052381119,11.941056910569106,20.6140350877193,60.56701030927836,4.079861111111112,6.283422459893048,6.294031985724233,4.079861111111112,6.283422459893048,6.285887795612814,60.56701030927836,0.5715800000000001,0.984,0.57,EPSFR_LTM,0.19399999999999998,TTM_EPSAct
2025-02-06,20.5045662899332,11.910569105691058,20.56140350877193,60.41237113402063,4.069444444444445,6.267379679144385,6.277962116824506,4.069444444444445,6.267379679144385,6.269838720389973,60.41237113402063,0.5715799999999991,0.984,0.57,EPSFR_LTM,0.19399999999999998,TTM_EPSAct
2025-02-07,20.4608278806116,11.885162601626016,20.517543859649123,60.28350515463919,4.060763888888889,6.254010695187166,6.264570559408078,4.060763888888889,6.254010695187166,6.256464491037605,60.28350515463919,0.5715800000000011,0.984,0.57,EPSFR_LTM,0.19399999999999998,TTM_EPSAct
2025-02-10,20.758249063998,12.057926829268293,20.815789473684212,61.159793814432994,4.119791666666667,6.3449197860962565,6.355633149839827,4.119791666666667,6.3449197860962565,6.347409250633705,61.159793814432994,0.5715800000000011,0.984,0.57,EPSFR_LTM,0.19399999999999998,TTM_EPSAct
2025-02-11,20.2158927884111,11.742886178861788,20.271929824561404,59.5618556701031,4.012152777777778,6.179144385026738,6.189577837876037,4.012152777777778,6.179144385026738,6.1815688066643455,59.5618556701031,0.5715799999999992,0.984,0.57,EPSFR_LTM,0.19399999999999998,TTM_EPSAct
2025-02-12,19.9447146506176,11.585365853658537,20.000000000000004,58.762886597938156,3.9583333333333335,6.096256684491978,6.106550181894151,3.9583333333333335,6.096256684491978,6.098648584679666,58.762886597938156,0.5715799999999996,0.984,0.57,EPSFR_LTM,0.19399999999999998,TTM_EPSAct
2025-02-13,17.8452710031842,52.577319587628864,-78.46153846153845,52.57731958762887,59.99999999999999,-85.0,-83.4675828893616,59.99999999999999,-85.0,-83.35957964680851,52.57731958762887,0.5715799999999985,0.194,-0.13,EPSFR_LTM,0.19399999999999998,TTM_EPSAct
2025-02-14,18.3176458238567,53.96907216494846,-80.53846153846155,53.969072164948464,61.588235294117645,-87.25000000000001,-85.67701890702128,61.588235294117645,-87.25000000000001,-85.56615675510639,53.969072164948464,0.5715799999999993,0.194,-0.13,EPSFR_LTM,0.19399999999999998,TTM_EPSAct
2025-02-17,16.8900241436019,49.76288659793814,-74.26153846153846,49.76288659793815,56.78823529411764,-80.45,-78.99961227587235,56.78823529411764,-80.45,-78.89739038336171,49.76288659793815,0.5715800000000015,0.194,-0.13,EPSFR_LTM,0.19399999999999998,TTM_EPSAct
2025-02-18,16.8480352706533,49.639175257731964,-74.07692307692308,49.63917525773197,56.64705882352941,-80.25000000000001,-78.80321796319139,56.64705882352941,-80.25000000000001,-78.70125019595746,49.63917525773197,0.5715799999999993,0.194,-0.13,EPSFR_LTM,0.19399999999999998,TTM_EPSAct
2025-02-19,15.9347772840197,46.948453608247426,-70.06153846153846,46.94845360824743,53.576470588235296,-75.9,-74.53164166238288,53.576470588235296,-75.9,-74.4352011199149,46.94845360824743,0.5715800000000013,0.194,-0.13,EPSFR_LTM,0.19399999999999998,TTM_EPSAct
2025-02-20,15.6933412645649,46.23711340206186,-69.0,46.237113402061865,52.76470588235294,-74.75000000000001,-73.40237436446809,52.76470588235294,-74.75000000000001,-73.30739504234043,46.237113402061865,0.5715799999999996,0.194,-0.13,EPSFR_LTM,0.19399999999999998,TTM_EPSAct
2025-02-21,15.6548514643619,46.123711340206185,-68.83076923076923,46.12371134020619,52.63529411764706,-74.56666666666668,-73.22234624451052,52.63529411764706,-74.56666666666668,-73.1275998705532,46.12371134020619,0.5715800000000016,0.194,-0.13,EPSFR_LTM,0.19399999999999998,TTM_EPSAct
2025-02-24,15.6723468280906,46.175257731958766,-68.9076923076923,46.175257731958766,52.69411764705882,-74.65,-73.30417720812754,52.69411764705882,-74.65,-73.2093249486383,46.175257731958766,0.5715799999999984,0.194,-0.13,EPSFR_LTM,0.19399999999999998,TTM_EPSAct
2025-02-25,16.095734630323,47.42268041237113,-70.76923076923076,47.422680412371136,54.11764705882352,-76.66666666666666,-75.28448652765958,54.11764705882352,-76.66666666666666,-75.18707183829787,47.422680412371136,0.5715799999999986,0.194,-0.13,EPSFR_LTM,0.19399999999999998,TTM_EPSAct
2025-02-26,16.1867105217117,47.69072164948454,-71.16923076923077,47.690721649484544,54.423529411764704,-77.10000000000001,-75.71000753846809,54.423529411764704,-77.10000000000001,-75.61204224434043,47.690721649484544,0.5715800000000018,0.194,-0.13,EPSFR_LTM,0.19399999999999998,TTM_EPSAct
2025-02-27,15.3784247174499,45.309278350515456,-67.61538461538461,45.30927835051546,51.70588235294117,-73.25,-71.9294170193617,51.70588235294117,-73.25,-71.83634363680851,45.30927835051546,0.5715799999999991,0.194,-0.13,EPSFR_LTM,0.19399999999999998,TTM_EPSAct
2025-02-28,15.0425137338605,44.31958762886598,-66.13846153846154,44.31958762886599,50.576470588235296,-71.65,-70.3582625179149,50.576470588235296,-71.65,-70.26722213757448,44.31958762886599,0.5715800000000011,0.194,-0.13,EPSFR_LTM,0.19399999999999998,TTM_EPSAct
2025-03-03,15.0425137338605,44.670103092783506,-66.66153846153846,44.67010309278351,50.976470588235294,-72.21666666666667,-70.91471307051053,50.976470588235294,-72.21666666666667,-70.8229526685532,44.67010309278351,0.5761005210514083,0.194,-0.13,EPSFR_LTM,0.19399999999999998,TTM_EPSAct
2025-03-04,15.0425137338605,44.55670103092783,-66.49230769230769,44.55670103092784,50.84705882352941,-72.03333333333333,-70.7346849505532,50.84705882352941,-72.03333333333333,-70.64315749676597,44.55670103092784,0.5746379995347766,0.194,-0.13,EPSFR_LTM,0.19399999999999998,TTM_EPSAct
2025-03-05,15.0425137338605,45.75257731958762,-68.27692307692307,45.75257731958763,52.211764705882345,-73.96666666666667,-72.63316330646809,52.211764705882345,-73.96666666666667,-72.53917930834042,45.75257731958763,0.5900609537101661,0.194,-0.13,EPSFR_LTM,0.19399999999999998,TTM_EPSAct
2025-03-06,15.0425137338605,46.845360824742265,-69.9076923076923,46.84536082474227,53.45882352941176,-75.73333333333333,-74.36797973514894,53.45882352941176,-75.73333333333333,-74.27175096374468,46.84536082474227,0.604154342870436,0.194,-0.13,EPSFR_LTM,0.19399999999999998,TTM_EPSAct
2025-03-07,15.0425137338605,46.31958762886598,-69.12307692307692,46.31958762886599,52.858823529411765,-74.88333333333334,-73.53330390625531,52.858823529411765,-74.88333333333334,-73.4381551672766,46.31958762886599,0.5973735612933251,0.194,-0.13,EPSFR_LTM,0.19399999999999998,TTM_EPSAct
2025-03-10,15.0425137338605,47.91752577319587,-71.5076923076923,47.91752577319588,54.68235294117646,-77.46666666666667,-76.07006377838299,54.68235294117646,-77.46666666666667,-75.9716325879149,47.91752577319588,0.6179818190276819,0.194,-0.13,EPSFR_LTM,0.19399999999999998,TTM_EPSAct
2025-03-11,,47.02061855670103,-70.16923076923077,47.02061855670104,53.65882352941176,-76.01666666666667,-74.6462050114467,53.65882352941176,-76.01666666666667,-74.54961622923405,47.02061855670104,,0.194,-0.13,EPSFR_LTM,0.19399999999999998,TTM_EPSAct
2025-03-12,,46.55670103092783,-69.47692307692307,46.55670103092784,53.12941176470588,-75.26666666666667,-73.90972633889352,53.12941176470588,-75.26666666666667,-73.81409052646809,46.55670103092784,,0.194,-0.13,EPSFR_LTM,0.19399999999999998,TTM_EPSAct
2025-03-13,,45.36082474226804,-67.6923076923077,45.36082474226805,51.76470588235294,-73.33333333333334,-72.01124798297872,51.76470588235294,-73.33333333333334,-71.91806871489362,45.36082474226805,,0.194,-0.13,EPSFR_LTM,0.19399999999999998,TTM_EPSAct
2025-03-14,,46.49484536082474,-69.38461538461537,46.49484536082475,53.05882352941176,-75.16666666666667,-73.81152918255319,53.05882352941176,-75.16666666666667,-73.71602043276596,46.49484536082475,,0.194,-0.13,EPSFR_LTM,0.19399999999999998,TTM_EPSAct
2025-03-17,,48.91752577319588,-73.0,48.917525773195884,55.8235294117647,-79.08333333333334,-77.6575844725532,55.8235294117647,-79.08333333333334,-77.55709910276596,48.917525773195884,,0.194,-0.13,EPSFR_LTM,0.19399999999999998,TTM_EPSAct
2025-03-18,,50.27835051546391,-75.03076923076922,50.27835051546392,57.376470588235286,-81.28333333333333,-79.81792191204245,57.376470588235286,-81.28333333333333,-79.71464116421276,50.27835051546392,,0.194,-0.13,EPSFR_LTM,0.19399999999999998,TTM_EPSAct
2025-03-19,,49.77319587628866,-74.27692307692308,49.77319587628867,56.8,-80.46666666666667,-79.01597846859575,56.8,-80.46666666666667,-78.91373539897873,49.77319587628867,,0.194,-0.13,EPSFR_LTM,0.19399999999999998,TTM_EPSAct
2025-03-20,,49.041237113402055,-73.18461538461538,49.04123711340206,55.96470588235293,-79.28333333333333,-77.85397878523403,55.96470588235293,-79.28333333333333,-77.75323929017021,49.04123711340206,,0.194,-0.13,EPSFR_LTM,0.19399999999999998,TTM_EPSAct
2025-03-21,,47.88659793814433,-71.46153846153845,47.886597938144334,54.647058823529406,-77.41666666666666,-76.02096520021276,54.647058823529406,-77.41666666666666,-75.92259754106382,47.886597938144334,,0.194,-0.13,EPSFR_LTM,0.19399999999999998,TTM_EPSAct
2025-03-24,,47.11340206185567,-70.3076923076923,47.11340206185568,53.76470588235294,-76.16666666666667,-74.79350074595745,53.76470588235294,-76.16666666666667,-74.69672136978724,47.11340206185568,,0.194,-0.13,EPSFR_LTM,0.19399999999999998,TTM_EPSAct
2025-03-25,,45.81443298969072,-68.36923076923077,45.81443298969073,52.28235294117647,-74.06666666666666,-72.73136046280841,52.28235294117647,-74.06666666666666,-72.63724940204256,45.81443298969073,,0.194,-0.13,EPSFR_LTM,0.19399999999999998,TTM_EPSAct
2025-03-26,,44.83505154639175,-66.90769230769232,44.83505154639176,51.16470588235294,-72.48333333333333,-71.176572154085,51.16470588235294,-72.48333333333333,-71.08447291842553,44.83505154639176,,0.194,-0.13,EPSFR_LTM,0.19399999999999998,TTM_EPSAct
2025-03-27,,46.22680412371134,-68.98461538461538,46.22680412371135,52.752941176470586,-74.73333333333333,-73.38600817174468,52.752941176470586,-74.73333333333333,-73.29105002672341,46.22680412371135,,0.194,-0.13,EPSFR_LTM,0.19399999999999998,TTM_EPSAct
2025-03-28,,45.123711340206185,-67.33846153846153,45.123711340206185,51.494117647058815,-72.95,-71.63482555034042,51.494117647058815,-72.95,-71.54213335570212,45.123711340206185,,0.194,-0.13,EPSFR_LTM,0.19399999999999998,TTM_EPSAct
2025-03-31,,43.98969072164949,-65.64615384615385,-42.67,50.2,-71.11666666666667,-69.83454435076595,50.2,-71.11666666666667,-69.74671242276597,-42.67,,0.194,-0.13,EPSFR_LTM,-0.2,TTM_EPSAct
2025-04-01,,43.597938144329895,-65.06153846153846,-42.29,49.752941176470586,-70.48333333333333,-69.2126290272766,49.752941176470586,-70.48333333333333,-69.1255792912766,-42.29,,0.194,-0.13,EPSFR_LTM,-0.2,TTM_EPSAct
2025-04-02,,43.29896907216495,-64.61538461538461,-42.0,49.411764705882355,-70.0,-68.73800943829787,49.411764705882355,-70.0,-68.65155663829788,-42.0,,0.194,-0.13,EPSFR_LTM,-0.2,TTM_EPSAct
2025-04-03,,41.03092783505154,-61.230769230769226,-39.8,46.8235294117647,-66.33333333333333,-65.13744703914894,46.8235294117647,-66.33333333333333,-65.05552271914894,-39.8,,0.194,-0.13,EPSFR_LTM,-0.2,TTM_EPSAct
2025-04-04,,39.865979381443296,-59.49230769230769,-38.669999999999995,45.49411764705882,-64.45,-63.28806726140416,45.49411764705882,-64.45,-63.208468933404255,-38.669999999999995,,0.194,-0.13,EPSFR_LTM,-0.2,TTM_EPSAct
2025-04-07,,38.24742268041237,-57.07692307692307,-37.099999999999994,43.647058823529406,-61.833333333333336,-60.71857500382978,43.647058823529406,-61.833333333333336,-60.64220836382978,-37.099999999999994,,0.194,-0.13,EPSFR_LTM,-0.2,TTM_EPSAct
2025-04-08,,37.1958762886598,-55.50769230769231,-36.08,42.44705882352941,-60.13333333333334,-59.04922334604255,42.44705882352941,-60.13333333333334,-58.974956274042555,-36.08,,0.194,-0.13,EPSFR_LTM,-0.2,TTM_EPSAct
2025-04-09,,36.28865979381443,-54.15384615384615,-35.199999999999996,41.41176470588235,-58.66666666666667,-57.608998386382865,41.41176470588235,-58.66666666666667,-57.536542706382974,-35.199999999999996,,0.194,-0.13,EPSFR_LTM,-0.2,TTM_EPSAct
2025-04-10,,36.43298969072165,-54.36923076923077,-35.339999999999996,41.57647058823529,-58.9,-57.83812508451053,41.57647058823529,-58.9,-57.765381228510634,-35.339999999999996,,0.194,-0.13,EPSFR_LTM,-0.2,TTM_EPSAct
2025-04-11,,37.76288659793814,-56.35384615384615,-36.629999999999995,43.094117647058816,-61.05,-59.94936394582969,43.094117647058816,-61.05,-59.87396475382978,-36.629999999999995,,0.194,-0.13,EPSFR_LTM,-0.2,TTM_EPSAct
2025-04-14,,38.55670103092783,-57.53846153846154,-37.4,44.0,-62.333333333333336,-61.20956078553191,44.0,-62.333333333333336,-61.13257662553192,-37.4,,0.194,-0.13,EPSFR_LTM,-0.2,TTM_EPSAct
2025-04-15,,37.49484536082474,-55.95384615384615,-36.37,42.78823529411764,-60.61666666666667,-59.523842935021285,42.78823529411764,-60.61666666666667,-59.44897892702127,-36.37,,0.194,-0.13,EPSFR_LTM,-0.2,TTM_EPSAct
2025-04-16,,38.824742268041234,-57.93846153846154,-37.66,44.305882352941175,-62.766666666666666,-61.63508179634032,44.305882352941175,-62.766666666666666,-61.55756245234042,-37.66,,0.194,-0.13,EPSFR_LTM,-0.2,TTM_EPSAct
2025-04-17,,38.81443298969072,-57.92307692307692,-37.65,44.29411764705882,-62.75000000000001,-61.61871560361702,44.29411764705882,-62.75000000000001,-61.54121684361702,-37.65,,0.194,-0.13,EPSFR_LTM,-0.2,TTM_EPSAct
2025-04-22,,40.48453608247423,-60.41538461538462,-39.269999999999996,46.199999999999996,-65.45,-64.27003882480851,46.199999999999996,-65.45,-64.18920545680851,-39.269999999999996,,0.194,-0.13,EPSFR_LTM,-0.2,TTM_EPSAct
2025-04-23,,41.21649484536083,-61.50769230769231,-39.98,47.035294117647055,-66.63333333333334,-65.43203850817021,47.035294117647055,-66.63333333333334,-65.34974367617022,-39.98,,0.194,-0.13,EPSFR_LTM,-0.2,TTM_EPSAct
2025-04-24,,41.587628865979376,-62.061538461538454,-40.339999999999996,47.45882352941176,-67.23333333333333,-66.02122144621278,47.45882352941176,-67.23333333333333,-65.93818559021275,-40.339999999999996,,0.194,-0.13,EPSFR_LTM,-0.2,TTM_EPSAct
2025-04-25,,41.123711340206185,-61.36923076923077,-39.88999999999999,46.929411764705875,-66.48333333333333,-65.28474277365957,46.929411764705875,-66.48333333333333,-65.20263319765957,-39.88999999999999,,0.194,-0.13,EPSFR_LTM,-0.2,TTM_EPSAct
2025-04-28,,40.97938144329897,-61.15384615384615,-39.75,46.76470588235294,-66.25,-65.05561607553192,46.76470588235294,-66.25,-64.97379467553192,-39.75,,0.194,-0.13,EPSFR_LTM,-0.2,TTM_EPSAct
2025-04-29,,-44.5,-22.82051282051282,-44.5,52.35294117647059,-74.16666666666667,-72.82955761914883,52.35294117647059,-74.16666666666667,-72.73795881914893,-44.5,,-0.2,-0.39,EPSFR_LTM,-0.2,TTM_EPSAct
2025-04-30,,-45.78,-23.47692307692308,-45.78,53.858823529411765,-76.30000000000001,-74.92443028774457,53.858823529411765,-76.30000000000001,-74.83019673574468,-45.78,,-0.2,-0.39,EPSFR_LTM,-0.2,TTM_EPSAct
2025-05-02,,-46.660000000000004,-23.92820512820513,-46.660000000000004,54.89411764705883,-77.76666666666668,-76.36465524740414,54.89411764705883,-77.76666666666668,-76.26861030340426,-46.660000000000004,,-0.2,-0.39,EPSFR_LTM,-0.2,TTM_EPSAct
2025-05-05,,-47.26,-24.235897435897435,-47.26,55.599999999999994,-78.76666666666667,-77.3466268108084,55.599999999999994,-78.76666666666667,-77.2493468268085,-47.26,,-0.2,-0.39,EPSFR_LTM,-0.2,TTM_EPSAct
2025-05-06,,-45.849999999999994,-23.51282051282051,-45.849999999999994,53.94117647058823,-76.41666666666667,-75.0389936368085,53.94117647058823,-76.41666666666667,-74.94461599680851,-45.849999999999994,,-0.2,-0.39,EPSFR_LTM,-0.2,TTM_EPSAct
2025-05-07,,-44.199999999999996,-22.666666666666664,-44.199999999999996,51.99999999999999,-73.66666666666667,-72.3385718374467,51.99999999999999,-73.66666666666667,-72.2475905574468,-44.199999999999996,,-0.2,-0.39,EPSFR_LTM,-0.2,TTM_EPSAct
2025-05-08,,-44.059999999999995,-22.594871794871793,-44.059999999999995,51.83529411764705,-73.43333333333334,-72.10944513931915,51.83529411764705,-73.43333333333334,-72.01875203531914,-44.059999999999995,,-0.2,-0.39,EPSFR_LTM,-0.2,TTM_EPSAct
2025-05-09,,-45.06,-23.107692307692307,-45.06,53.01176470588235,-75.10000000000001,-73.74606441165957,53.01176470588235,-75.10000000000001,-73.65331290765957,-45.06,,-0.2,-0.39,EPSFR_LTM,-0.2,TTM_EPSAct
2025-05-12,,-47.75,-24.48717948717949,-47.75,56.1764705882353,-79.58333333333334,-78.14857025425532,56.1764705882353,-79.58333333333334,-78.05028165425531,-47.75,,-0.2,-0.39,EPSFR_LTM,-0.2,TTM_EPSAct
2025-05-13,,-49.279999999999994,-25.27179487179487,-49.279999999999994,57.97647058823529,-82.13333333333334,-80.65259774093607,57.97647058823529,-82.13333333333334,-80.55115978893616,-49.279999999999994,,-0.2,-0.39,EPSFR_LTM,-0.2,TTM_EPSAct
2025-05-14,,-47.98,-24.605128205128203,-47.98,56.44705882352941,-79.96666666666667,-78.52499268689361,56.44705882352941,-79.96666666666667,-78.42623065489362,-47.98,,-0.2,-0.39,EPSFR_LTM,-0.2,TTM_EPSAct
2025-05-15,,-46.5,-23.846153846153847,-46.5,54.705882352941174,-77.50000000000001,-76.10279616382978,54.705882352941174,-77.50000000000001,-76.00708056382979,-46.5,,-0.2,-0.39,EPSFR_LTM,-0.2,TTM_EPSAct
2025-05-16,,-47.59,-24.405128205128207,-47.59,55.98823529411764,-79.31666666666668,-77.88671117068084,55.98823529411764,-79.31666666666668,-77.78875191468086,-47.59,,-0.2,-0.39,EPSFR_LTM,-0.2,TTM_EPSAct
2025-05-19,,-47.24,-24.225641025641025,-47.24,55.576470588235296,-78.73333333333333,-77.3138944253617,55.576470588235296,-78.73333333333333,-77.21665560936171,-47.24,,-0.2,-0.39,EPSFR_LTM,-0.2,TTM_EPSAct
2025-05-20,,-49.339999999999996,-25.3025641025641,-49.339999999999996,58.04705882352941,-82.23333333333333,-80.75079489727649,58.04705882352941,-82.23333333333333,-80.64923344127659,-49.339999999999996,,-0.2,-0.39,EPSFR_LTM,-0.2,TTM_EPSAct
2025-05-21,,-45.99999999999999,-23.589743589743588,-45.99999999999999,54.11764705882352,-76.66666666666666,-75.28448652765958,54.11764705882352,-76.66666666666666,-75.18980012765957,-45.99999999999999,,-0.2,-0.39,EPSFR_LTM,-0.2,TTM_EPSAct
2025-05-22,,-45.839999999999996,-23.507692307692306,-45.839999999999996,53.929411764705875,-76.39999999999999,-75.02262744408512,53.929411764705875,-76.39999999999999,-74.9282703880851,-45.839999999999996,,-0.2,-0.39,EPSFR_LTM,-0.2,TTM_EPSAct
2025-05-23,,-44.77,-22.95897435897436,-44.77,52.67058823529412,-74.61666666666667,-73.27144482268085,52.67058823529412,-74.61666666666667,-73.17929025468085,-44.77,,-0.2,-0.39,EPSFR_LTM,-0.2,TTM_EPSAct
2025-05-26,,-45.709999999999994,-23.44102564102564,-45.709999999999994,53.776470588235284,-76.18333333333334,-74.80986693868086,53.776470588235284,-76.18333333333334,-74.71577747468085,-45.709999999999994,,-0.2,-0.39,EPSFR_LTM,-0.2,TTM_EPSAct
2025-05-27,,-46.5,-23.846153846153847,-46.5,54.705882352941174,-77.50000000000001,-76.10279616382978,54.705882352941174,-77.50000000000001,-76.00708056382979,-46.5,,-0.2,-0.39,EPSFR_LTM,-0.2,TTM_EPSAct
2025-05-28,,-46.16,-23.67179487179487,-46.16,54.30588235294117,-76.93333333333334,-75.54634561123393,54.30588235294117,-76.93333333333334,-75.45132986723404,-46.16,,-0.2,-0.39,EPSFR_LTM,-0.2,TTM_EPSAct
2025-05-30,,-47.24999999999999,-24.230769230769226,-47.24999999999999,55.58823529411764,-78.75,-77.330260618085,55.58823529411764,-78.75,-77.23300121808509,-47.24999999999999,,-0.2,-0.39,EPSFR_LTM,-0.2,TTM_EPSAct
2025-06-02,,-47.32,-24.266666666666666,-47.32,55.67058823529412,-78.86666666666667,-77.44482396714893,55.67058823529412,-78.86666666666667,-77.34742047914894,-47.32,,-0.2,-0.39,EPSFR_LTM,-0.2,TTM_EPSAct
2025-06-03,,-46.849999999999994,-24.025641025641022,-46.849999999999994,55.11764705882352,-78.08333333333333,-76.67561290914894,55.11764705882352,-78.08333333333333,-76.57917686914892,-46.849999999999994,,-0.2,-0.39,EPSFR_LTM,-0.2,TTM_EPSAct
2025-06-04,,-47.739999999999995,-24.48205128205128,-47.739999999999995,56.16470588235294,-79.56666666666666,-78.13220406153181,56.16470588235294,-79.56666666666666,-78.03393604553192,-47.739999999999995,,-0.2,-0.39,EPSFR_LTM,-0.2,TTM_EPSAct
2025-06-05,,-47.0,-24.102564102564102,-47.0,55.29411764705882,-78.33333333333334,-76.9211058,55.29411764705882,-78.33333333333334,-76.824361,-47.0,,-0.2,-0.39,EPSFR_LTM,-0.2,TTM_EPSAct
2025-06-06,,-47.72,-24.471794871794874,-47.72,56.141176470588235,-79.53333333333335,-78.0994716760851,56.141176470588235,-79.53333333333335,-78.0012448280851,-47.72,,-0.2,-0.39,EPSFR_LTM,-0.2,TTM_EPSAct
2025-06-09,,-49.56,-25.415384615384617,-49.56,58.305882352941175,-82.60000000000001,-81.11085113719149,58.305882352941175,-82.60000000000001,-81.0088368331915,-49.56,,-0.2,-0.39,EPSFR_LTM,-0.2,TTM_EPSAct
2025-06-10,,-54.3,-27.846153846153843,-54.3,63.882352941176464,-90.5,-88.8684264880851,63.882352941176464,-90.5,-88.75665536808509,-54.3,,-0.2,-0.39,EPSFR_LTM,-0.2,TTM_EPSAct
2025-06-11,,-53.875,-27.628205128205128,-53.875,63.38235294117647,-89.79166666666667,-88.17286329734043,63.38235294117647,-89.79166666666667,-88.06196699734042,-53.875,,-0.2,-0.39,EPSFR_LTM,-0.2,TTM_EPSAct
2025-06-12,,-53.574999999999996,-27.474358974358974,-53.574999999999996,63.02941176470588,-89.29166666666667,-87.68187751563818,63.02941176470588,-89.29166666666667,-87.57159873563829,-53.574999999999996,,-0.2,-0.39,EPSFR_LTM,-0.2,TTM_EPSAct
2025-06-13,,-51.974999999999994,-26.653846153846153,-51.974999999999994,61.147058823529406,-86.625,-85.06328667989362,61.147058823529406,-86.625,-84.95630133989361,-51.974999999999994,,-0.2,-0.39,EPSFR_LTM,-0.2,TTM_EPSAct
2025-06-16,,-54.025,-27.705128205128204,-54.025,63.55882352941176,-90.04166666666667,-88.41835618819148,63.55882352941176,-90.04166666666667,-88.30715112819148,-54.025,,-0.2,-0.39,EPSFR_LTM,-0.2,TTM_EPSAct
2025-06-17,,-54.699999999999996,-28.051282051282048,-54.699999999999996,64.35294117647058,-91.16666666666667,-89.52307419702116,64.35294117647058,-91.16666666666667,-89.41047971702127,-54.699999999999996,,-0.2,-0.39,EPSFR_LTM,-0.2,TTM_EPSAct
2025-06-18,,-55.3,-28.358974358974358,-55.3,65.05882352941177,-92.16666666666667,-90.50504576042553,65.05882352941177,-92.16666666666667,-90.39121624042554,-55.3,,-0.2,-0.39,EPSFR_LTM,-0.2,TTM_EPSAct
2025-06-19,,-57.35,-29.410256410256412,-57.35,67.47058823529412,-95.58333333333334,-93.8601152687233,67.47058823529412,-95.58333333333334,-93.7420660287234,-57.35,,-0.2,-0.39,EPSFR_LTM,-0.2,TTM_EPSAct
2025-06-23,,-58.574999999999996,-30.038461538461537,-58.574999999999996,68.91176470588235,-97.625,-95.8649738773401,68.91176470588235,-97.625,-95.74440309734042,-58.574999999999996,,-0.2,-0.39,EPSFR_LTM,-0.2,TTM_EPSAct
2025-06-24,,-57.24999999999999,-29.358974358974358,-57.24999999999999,67.35294117647058,-95.41666666666666,-93.69645334148936,67.35294117647058,-95.41666666666666,-93.57860994148935,-57.24999999999999,,-0.2,-0.39,EPSFR_LTM,-0.2,TTM_EPSAct
2025-06-25,,-57.55,-29.51282051282051,-57.55,67.70588235294117,-95.91666666666667,-94.18743912319097,67.70588235294117,-95.91666666666667,-94.06897820319148,-57.55,,-0.2,-0.39,EPSFR_LTM,-0.2,TTM_EPSAct
2025-06-26,,-58.449999999999996,-29.97435897435897,-58.449999999999996,68.76470588235293,-97.41666666666667,-95.66039646829735,68.76470588235293,-97.41666666666667,-95.54008298829787,-58.449999999999996,,-0.2,-0.39,EPSFR_LTM,-0.2,TTM_EPSAct
2025-06-27,,-57.275,-29.371794871794872,-57.275,67.38235294117646,-95.45833333333334,-93.73736882329787,67.38235294117646,-95.45833333333334,-93.61947396329786,-57.275,,-0.2,-0.39,EPSFR_LTM,-0.2,TTM_EPSAct
2025-06-30,,-57.599999999999994,-29.538461538461537,-157.80821917808217,67.76470588235293,-96.0,-94.26927008680819,67.76470588235293,-96.0,-94.1507062468085,-157.80821917808217,,-0.2,-0.39,EPSFR_LTM,-0.07300000000000001,TTM_EPSAct
2025-07-01,,-59.12499999999999,-30.320512820512818,-161.98630136986299,69.55882352941175,-98.54166666666667,-96.76511447712755,69.55882352941175,-98.54166666666667,-96.64341157712765,-161.98630136986299,,-0.2,-0.39,EPSFR_LTM,-0.07300000000000001,TTM_EPSAct
2025-07-02,,-59.974999999999994,-30.756410256410252,-164.31506849315065,70.55882352941175,-99.95833333333333,-98.15624085861702,70.55882352941175,-99.95833333333333,-98.03278831861701,-164.31506849315065,,-0.2,-0.39,EPSFR_LTM,-0.07300000000000001,TTM_EPSAct
2025-07-03,,-62.300000000000004,-31.94871794871795,-170.6849315068493,73.29411764705883,-103.83333333333334,-101.96138066680851,73.29411764705883,-103.83333333333334,-101.83314234680851,-170.6849315068493,,-0.2,-0.39,EPSFR_LTM,-0.07300000000000001,TTM_EPSAct
2025-07-04,,-61.25,-31.41025641025641,-167.80821917808217,72.05882352941175,-102.08333333333334,-100.24293043085021,72.05882352941175,-102.08333333333334,-100.11685343085107,-167.80821917808217,,-0.2,-0.39,EPSFR_LTM,-0.07300000000000001,TTM_EPSAct
2025-07-07,,-61.175,-31.37179487179487,-167.60273972602738,71.97058823529412,-101.95833333333333,-100.12018398542553,71.97058823529412,-101.95833333333333,-99.99426136542553,-167.60273972602738,,-0.2,-0.39,EPSFR_LTM,-0.07300000000000001,TTM_EPSAct
2025-07-08,,-62.175,-31.884615384615383,-170.34246575342465,73.1470588235294,-103.62500000000001,-101.75680325776565,73.1470588235294,-103.62500000000001,-101.62882223776596,-170.34246575342465,,-0.2,-0.39,EPSFR_LTM,-0.07300000000000001,TTM_EPSAct
2025-07-09,,-61.474999999999994,-31.525641025641026,-168.42465753424656,72.3235294117647,-102.45833333333334,-100.61116976712702,72.3235294117647,-102.45833333333334,-100.48462962712766,-168.42465753424656,,-0.2,-0.39,EPSFR_LTM,-0.07300000000000001,TTM_EPSAct
2025-07-10,,-63.875,-32.756410256410255,-174.99999999999997,75.1470588235294,-106.45833333333334,-104.53905602074393,75.1470588235294,-106.45833333333334,-104.40757572074467,-174.99999999999997,,-0.2,-0.39,EPSFR_LTM,-0.07300000000000001,TTM_EPSAct
2025-07-11,,-63.6,-32.61538461538461,-174.24657534246575,74.82352941176471,-106.00000000000001,-104.08898572085042,74.82352941176471,-106.00000000000001,-103.95807148085106,-174.24657534246575,,-0.2,-0.39,EPSFR_LTM,-0.07300000000000001,TTM_EPSAct
2025-07-14,,-63.27499999999999,-32.44871794871795,-173.3561643835616,74.44117647058823,-105.45833333333333,-103.55708445733967,74.44117647058823,-105.45833333333333,-103.42683919734041,-173.3561643835616,,-0.2,-0.39,EPSFR_LTM,-0.07300000000000001,TTM_EPSAct
2025-07-15,,-62.675,-32.14102564102564,-171.71232876712327,73.73529411764706,-104.45833333333334,-102.57511289393618,73.73529411764706,-104.45833333333334,-102.44610267393617,-171.71232876712327,,-0.2,-0.39,EPSFR_LTM,-0.07300000000000001,TTM_EPSAct
2025-07-16,,-62.35,-31.974358974358974,-170.82191780821915,73.35294117647058,-103.91666666666667,-102.04321163042468,73.35294117647058,-103.91666666666667,-101.91487039042553,-170.82191780821915,,-0.2,-0.39,EPSFR_LTM,-0.07300000000000001,TTM_EPSAct
2025-07-17,,-62.5,-32.05128205128205,-171.23287671232873,73.52941176470588,-104.16666666666667,-102.28870452127596,73.52941176470588,-104.16666666666667,-102.16005452127659,-171.23287671232873,,-0.2,-0.39,EPSFR_LTM,-0.07300000000000001,TTM_EPSAct
2025-07-18,,-65.37499999999999,-33.52564102564102,-179.10958904109586,76.91176470588235,-108.95833333333333,-106.99398492925533,76.91176470588235,-108.95833333333333,-106.85941702925531,-179.10958904109586,,-0.2,-0.39,EPSFR_LTM,-0.07300000000000001,TTM_EPSAct
2025-07-21,,-64.875,-33.26923076923077,-177.73972602739724,76.3235294117647,-108.125,-106.1756752930848,76.3235294117647,-108.125,-106.0421365930851,-177.73972602739724,,-0.2,-0.39,EPSFR_LTM,-0.07300000000000001,TTM_EPSAct
2025-07-22,,-65.52499999999999,-33.6025641025641,-179.52054794520546,77.08823529411764,-109.20833333333334,-107.23947782010531,77.08823529411764,-109.20833333333334,-107.10460116010638,-179.52054794520546,,-0.2,-0.39,EPSFR_LTM,-0.07300000000000001,TTM_EPSAct
2025-07-23,,-65.65,-33.666666666666664,-179.8630136986301,77.23529411764706,-109.41666666666667,-107.44405522914788,77.23529411764706,-109.41666666666667,-107.30892126914894,-179.8630136986301,,-0.2,-0.39,EPSFR_LTM,-0.07300000000000001,TTM_EPSAct
2025-07-24,,-202.94520547945206,-59.26,-202.94520547945203,87.1470588235294,-123.45833333333333,-121.23257259861595,87.1470588235294,-123.45833333333333,-121.080096618617,-202.94520547945203,,-0.073,-0.25,EPSFR_LTM,-0.07300000000000001,TTM_EPSAct
2025-07-25,,-199.10958904109592,-58.14,-199.10958904109586,85.5,-121.125,-118.94130561733935,85.5,-121.125,-118.79171139734042,-199.10958904109586,,-0.073,-0.25,EPSFR_LTM,-0.07300000000000001,TTM_EPSAct
2025-07-28,,-198.69863013698634,-58.02,-198.69863013698628,85.32352941176471,-120.87500000000001,-118.6958127264883,85.32352941176471,-120.87500000000001,-118.54652726648936,-198.69863013698628,,-0.073,-0.25,EPSFR_LTM,-0.07300000000000001,TTM_EPSAct
2025-07-29,,-193.013698630137,-56.36,-193.01369863013696,82.88235294117646,-117.41666666666667,-115.29982773638193,82.88235294117646,-117.41666666666667,-115.15481345638297,-193.01369863013696,,-0.073,-0.25,EPSFR_LTM,-0.07300000000000001,TTM_EPSAct
2025-07-30,,-192.1232876712329,-56.1,-192.12328767123284,82.5,-116.87500000000001,-114.76792647287127,82.5,-116.87500000000001,-114.62358117287233,-192.12328767123284,,-0.073,-0.25,EPSFR_LTM,-0.07300000000000001,TTM_EPSAct
2025-07-31,,-189.5205479452055,-55.34,-189.52054794520546,81.38235294117646,-115.29166666666667,-113.21313816414893,81.38235294117646,-115.29166666666667,-113.07074834414894,-189.52054794520546,,-0.073,-0.25,EPSFR_LTM,-0.07300000000000001,TTM_EPSAct
2025-08-01,,-188.35616438356166,-55.0,-188.35616438356163,80.88235294117646,-114.58333333333334,-112.51757497340427,80.88235294117646,-114.58333333333334,-112.37605997340425,-188.35616438356163,,-0.073,-0.25,EPSFR_LTM,-0.07300000000000001,TTM_EPSAct
2025-08-04,,-185.82191780821918,-54.26,-185.82191780821915,79.79411764705881,-113.04166666666667,-111.0037021464883,79.79411764705881,-113.04166666666667,-110.86409116648936,-185.82191780821915,,-0.073,-0.25,EPSFR_LTM,-0.07300000000000001,TTM_EPSAct
2025-08-05,,-194.65753424657535,-56.84,-194.65753424657532,83.58823529411765,-118.41666666666667,-116.28179929978724,83.58823529411765,-118.41666666666667,-116.13554997978724,-194.65753424657532,,-0.073,-0.25,EPSFR_LTM,-0.07300000000000001,TTM_EPSAct
2025-08-06,,-196.027397260274,-57.24,-196.02739726027394,84.17647058823529,-119.25000000000001,-117.10010893595745,84.17647058823529,-119.25000000000001,-116.95283041595745,-196.02739726027394,,-0.073,-0.25,EPSFR_LTM,-0.07300000000000001,TTM_EPSAct
2025-08-07,,-200.82191780821918,-58.64,-200.82191780821915,86.23529411764706,-122.16666666666667,-119.96419266255212,86.23529411764706,-122.16666666666667,-119.81331194255318,-200.82191780821915,,-0.073,-0.25,EPSFR_LTM,-0.07300000000000001,TTM_EPSAct
2025-08-08,,-201.84931506849315,-58.94,-201.84931506849313,86.67647058823529,-122.79166666666667,-120.57792488968086,86.67647058823529,-122.79166666666667,-120.42627226968084,-201.84931506849313,,-0.073,-0.25,EPSFR_LTM,-0.07300000000000001,TTM_EPSAct
2025-08-11,,-197.05479452054794,-57.54,-197.05479452054792,84.61764705882352,-119.875,-117.71384116308406,84.61764705882352,-119.875,-117.5657907430851,-197.05479452054792,,-0.073,-0.25,EPSFR_LTM,-0.07300000000000001,TTM_EPSAct
2025-08-12,,-196.7123287671233,-57.44,-196.71232876712327,84.4705882352941,-119.66666666666667,-117.50926375404255,84.4705882352941,-119.66666666666667,-117.36147063404255,-196.71232876712327,,-0.073,-0.25,EPSFR_LTM,-0.07300000000000001,TTM_EPSAct
2025-08-13,,-198.013698630137,-57.82,-198.01369863013696,85.02941176470587,-120.45833333333334,-118.28665790840425,85.02941176470587,-120.45833333333334,-118.13788704840425,-198.01369863013696,,-0.073,-0.25,EPSFR_LTM,-0.07300000000000001,TTM_EPSAct
2025-08-14,,-201.84931506849315,-58.94,-201.84931506849313,86.67647058823529,-122.79166666666667,-120.57792488967979,86.67647058823529,-122.79166666666667,-120.42627226968084,-201.84931506849313,,-0.073,-0.25,EPSFR_LTM,-0.07300000000000001,TTM_EPSAct
2025-08-15,,-200.47945205479454,-58.54,-200.47945205479448,86.08823529411764,-121.95833333333334,-119.75961525351063,86.08823529411764,-121.95833333333334,-119.60899183351063,-200.47945205479448,,-0.073,-0.25,EPSFR_LTM,-0.07300000000000001,TTM_EPSAct
2025-08-18,,-196.16438356164386,-57.28,-196.1643835616438,84.23529411764706,-119.33333333333334,-117.18193989957446,84.23529411764706,-119.33333333333334,-117.03455845957447,-196.1643835616438,,-0.073,-0.25,EPSFR_LTM,-0.07300000000000001,TTM_EPSAct
2025-08-19,,-203.56164383561645,-59.44,-203.5616438356164,87.41176470588235,-123.83333333333333,-121.60081193489361,87.41176470588235,-123.83333333333333,-121.44787281489361,-203.5616438356164,,-0.073,-0.25,EPSFR_LTM,-0.07300000000000001,TTM_EPSAct
2025-08-20,,-201.43835616438358,-58.82,-201.43835616438355,86.5,-122.54166666666667,-120.33243199882979,86.5,-122.54166666666667,-120.18108813882978,-201.43835616438355,,-0.073,-0.25,EPSFR_LTM,-0.07300000000000001,TTM_EPSAct
2025-08-21,,-203.01369863013701,-59.28,-203.01369863013696,87.17647058823529,-123.5,-121.27348808042552,87.17647058823529,-123.5,-121.12096064042552,-203.01369863013696,,-0.073,-0.25,EPSFR_LTM,-0.07300000000000001,TTM_EPSAct
2025-08-22,,-216.78082191780823,-63.3,-216.78082191780817,93.08823529411764,-131.875,-129.49749992393618,93.08823529411764,-131.875,-129.33462902393615,-216.78082191780817,,-0.073,-0.25,EPSFR_LTM,-0.07300000000000001,TTM_EPSAct
2025-08-25,,-221.16438356164383,-64.58,-221.1643835616438,94.9705882352941,-134.54166666666666,-132.11609075968084,94.9705882352941,-134.54166666666666,-131.94992641968085,-221.1643835616438,,-0.073,-0.25,EPSFR_LTM,-0.07300000000000001,TTM_EPSAct
2025-08-26,,-217.87671232876713,-63.62,-217.8767123287671,93.55882352941175,-132.54166666666666,-130.15214763287236,93.55882352941175,-132.54166666666666,-129.98845337287233,-217.8767123287671,,-0.073,-0.25,EPSFR_LTM,-0.07300000000000001,TTM_EPSAct
2025-08-27,,-219.65753424657535,-64.14,-219.65753424657532,94.3235294117647,-133.625,-131.21595015989362,94.3235294117647,-133.625,-131.05091793989362,-219.65753424657532,,-0.073,-0.25,EPSFR_LTM,-0.07300000000000001,TTM_EPSAct
2025-08-28,,-217.87671232876713,-63.62,-217.8767123287671,93.55882352941175,-132.54166666666666,-130.15214763287236,93.55882352941175,-132.54166666666666,-129.98845337287233,-217.8767123287671,,-0.073,-0.25,EPSFR_LTM,-0.07300000000000001,TTM_EPSAct
2025-08-29,,-214.93150684931507,-62.76,-214.93150684931504,92.29411764705881,-130.75,-128.39278191510638,92.29411764705881,-130.75,-128.23130043510636,-214.93150684931504,,-0.073,-0.25,EPSFR_LTM,-0.07300000000000001,TTM_EPSAct
2025-09-01,,-219.52054794520546,-64.1,-219.52054794520544,94.26470588235293,-133.54166666666666,-131.1341191962766,94.26470588235293,-133.54166666666666,-130.9691898962766,-219.52054794520544,,-0.073,-0.25,EPSFR_LTM,-0.07300000000000001,TTM_EPSAct
2025-09-02,,-217.73972602739727,-63.58,-217.73972602739724,93.49999999999999,-132.45833333333334,-130.0703166692553,93.49999999999999,-132.45833333333334,-129.90672532925532,-217.73972602739724,,-0.073,-0.25,EPSFR_LTM,-0.07300000000000001,TTM_EPSAct
2025-09-03,,-221.78082191780825,-64.76,-221.7808219178082,95.23529411764706,-134.91666666666669,-132.48433009595746,95.23529411764706,-134.91666666666669,-132.31770261595744,-221.7808219178082,,-0.073,-0.25,EPSFR_LTM,-0.07300000000000001,TTM_EPSAct
2025-09-04,,-222.94520547945206,-65.1,-222.945205479452,95.73529411764704,-135.625,-133.17989328670214,95.73529411764704,-135.625,-133.01239098670212,-222.945205479452,,-0.073,-0.25,EPSFR_LTM,-0.07300000000000001,TTM_EPSAct
2025-09-05,,-229.7945205479452,-67.1,-229.79452054794515,98.67647058823528,-139.79166666666666,-137.2714414675532,98.67647058823528,-139.79166666666666,-137.09879316755317,-229.79452054794515,,-0.073,-0.25,EPSFR_LTM,-0.07300000000000001,TTM_EPSAct
2025-09-08,,-228.90410958904113,-66.84,-228.90410958904107,98.29411764705883,-139.25,-136.73954020404256,98.29411764705883,-139.25,-136.56756088404256,-228.90410958904107,,-0.073,-0.25,EPSFR_LTM,-0.07300000000000001,TTM_EPSAct
2025-09-09,,-230.06849315068496,-67.18,-230.06849315068493,98.79411764705883,-139.95833333333334,-137.43510339478723,98.79411764705883,-139.95833333333334,-137.26224925478724,-230.06849315068493,,-0.073,-0.25,EPSFR_LTM,-0.07300000000000001,TTM_EPSAct
2025-09-10,,-226.98630136986304,-66.28,-226.98630136986299,97.47058823529412,-138.08333333333334,-135.59390671340424,97.47058823529412,-138.08333333333334,-135.42336827340426,-226.98630136986299,,-0.073,-0.25,EPSFR_LTM,-0.07300000000000001,TTM_EPSAct
2025-09-11,,-230.27397260273972,-67.24,-230.2739726027397,98.88235294117645,-140.08333333333331,-137.55784984021275,98.88235294117645,-140.08333333333331,-137.38484132021276,-230.2739726027397,,-0.073,-0.25,EPSFR_LTM,-0.07300000000000001,TTM_EPSAct
2025-09-12,,-227.87671232876716,-66.54,-227.87671232876713,97.8529411764706,-138.62500000000003,-136.1258079769149,97.8529411764706,-138.62500000000003,-135.9546005569149,-227.87671232876713,,-0.073,-0.25,EPSFR_LTM,-0.07300000000000001,TTM_EPSAct
2025-09-15,,-230.68493150684932,-67.36,-230.6849315068493,99.05882352941175,-140.33333333333334,-137.80334273106382,99.05882352941175,-140.33333333333334,-137.63002545106383,-230.6849315068493,,-0.073,-0.25,EPSFR_LTM,-0.07300000000000001,TTM_EPSAct
2025-09-16,,-236.71232876712332,-69.12,-236.71232876712327,101.6470588235294,-144.00000000000003,-141.40390513021276,101.6470588235294,-144.00000000000003,-141.22605937021277,-236.71232876712327,,-0.073,-0.25,EPSFR_LTM,-0.07300000000000001,TTM_EPSAct
2025-09-17,,-233.15068493150685,-68.08,-233.15068493150682,100.11764705882352,-141.83333333333334,-139.2763000761702,100.11764705882352,-141.83333333333334,-139.1011302361702,-233.15068493150682,,-0.073,-0.25,EPSFR_LTM,-0.07300000000000001,TTM_EPSAct
2025-09-18,,-224.86301369863014,-65.66,-224.86301369863008,96.55882352941175,-136.79166666666666,-134.32552677734043,96.55882352941175,-136.79166666666666,-134.15658359734041,-224.86301369863008,,-0.073,-0.25,EPSFR_LTM,-0.07300000000000001,TTM_EPSAct
2025-09-19,,-218.97260273972603,-63.94,-218.972602739726,94.02941176470587,-133.20833333333334,-130.8067953418085,94.02941176470587,-133.20833333333334,-130.6422777218085,-218.972602739726,,-0.073,-0.25,EPSFR_LTM,-0.07300000000000001,TTM_EPSAct
2025-09-22,,-220.06849315068496,-64.26,-220.06849315068493,94.5,-133.87500000000003,-131.4614430507447,94.5,-133.87500000000003,-131.2961020707447,-220.06849315068493,,-0.073,-0.25,EPSFR_LTM,-0.07300000000000001,TTM_EPSAct
2025-09-23,,-226.84931506849315,-66.24,-226.8493150684931,97.41176470588233,-138.0,-135.51207574978724,97.41176470588233,-138.0,-135.34164022978723,-226.8493150684931,,-0.073,-0.25,EPSFR_LTM,-0.07300000000000001,TTM_EPSAct
2025-09-24,,-230.34246575342468,-67.26,-230.34246575342465,98.91176470588235,-140.12500000000003,-137.59876532202128,98.91176470588235,-140.12500000000003,-137.42570534202127,-230.34246575342465,,-0.073,-0.25,EPSFR_LTM,-0.07300000000000001,TTM_EPSAct
2025-09-25,,-230.54794520547944,-67.32,-230.5479452054794,98.99999999999999,-140.25,-137.7215117674468,98.99999999999999,-140.25,-137.5482974074468,-230.5479452054794,,-0.073,-0.25,EPSFR_LTM,-0.07300000000000001,TTM_EPSAct
2025-09-26,,-222.05479452054797,-64.84,-222.05479452054792,95.35294117647058,-135.08333333333334,-132.6479920231915,95.35294117647058,-135.08333333333334,-132.48115870319148,-222.05479452054792,,-0.073,-0.25,EPSFR_LTM,-0.07300000000000001,TTM_EPSAct
2025-09-29,,-220.34246575342468,-64.34,-220.34246575342465,94.61764705882352,-134.04166666666669,-131.6251049779787,94.61764705882352,-134.04166666666669,-131.45955815797873,-220.34246575342465,,-0.073,-0.25,EPSFR_LTM,-0.07300000000000001,TTM_EPSAct
2025-09-30,,-213.49315068493152,-62.34,99.90384615384616,91.67647058823529,-129.875,-127.53355679712767,91.67647058823529,-129.875,-127.37315597712767,99.90384615384616,,-0.073,-0.25,EPSFR_LTM,0.156,TTM_EPSAct
2025-10-01,,-218.83561643835617,-63.9,102.40384615384615,93.9705882352941,-133.125,-130.7249643781915,93.9705882352941,-133.125,-130.56054967819148,102.40384615384615,,-0.073,-0.25,EPSFR_LTM,0.156,TTM_EPSAct
2025-10-02,,-223.35616438356166,-65.22,104.51923076923077,95.91176470588235,-135.875,-133.42538617755318,95.91176470588235,-135.875,-133.2575751175532,104.51923076923077,,-0.073,-0.25,EPSFR_LTM,0.156,TTM_EPSAct
2025-10-03,,-221.30136986301372,-64.62,103.55769230769232,95.02941176470588,-134.62500000000003,-132.19792172329787,95.02941176470588,-134.62500000000003,-132.03165446329788,103.55769230769232,,-0.073,-0.25,EPSFR_LTM,0.156,TTM_EPSAct
2025-10-06,,-222.94520547945206,-65.1,104.32692307692307,95.73529411764704,-135.625,-133.17989328670214,95.73529411764704,-135.625,-133.01239098670212,104.32692307692307,,-0.073,-0.25,EPSFR_LTM,0.156,TTM_EPSAct
2025-10-07,,-220.75342465753423,-64.46,103.30128205128204,94.79411764705881,-134.29166666666666,-131.8705978688298,94.79411764705881,-134.29166666666666,-131.70474228882978,103.30128205128204,,-0.073,-0.25,EPSFR_LTM,0.156,TTM_EPSAct
2025-10-08,,-220.27397260273972,-64.32,103.07692307692307,94.58823529411762,-134.0,-131.5841894961702,94.58823529411762,-134.0,-131.4186941361702,103.07692307692307,,-0.073,-0.25,EPSFR_LTM,0.156,TTM_EPSAct
2025-10-09,,-222.94520547945206,-65.1,104.32692307692307,95.73529411764704,-135.625,-133.17989328670214,95.73529411764704,-135.625,-133.01239098670212,104.32692307692307,,-0.073,-0.25,EPSFR_LTM,0.156,TTM_EPSAct
2025-10-10,,-222.05479452054797,-64.84,103.91025641025641,95.35294117647058,-135.08333333333334,-132.6479920231915,95.35294117647058,-135.08333333333334,-132.48115870319148,103.91025641025641,,-0.073,-0.25,EPSFR_LTM,0.156,TTM_EPSAct
2025-10-13,,-231.16438356164386,-67.5,108.17307692307692,99.26470588235293,-140.625,-138.08975110372342,99.26470588235293,-140.625,-137.9160736037234,108.17307692307692,,-0.073,-0.25,EPSFR_LTM,0.156,TTM_EPSAct
2025-10-14,,-230.20547945205482,-67.22,107.72435897435898,98.85294117647058,-140.04166666666666,-137.51693435840426,98.85294117647058,-140.04166666666666,-137.34397729840424,107.72435897435898,,-0.073,-0.25,EPSFR_LTM,0.156,TTM_EPSAct
2025-10-15,,-228.6986301369863,-66.78,107.01923076923077,98.20588235294117,-139.125,-136.616793758617,98.20588235294117,-139.125,-136.444968818617,107.01923076923077,,-0.073,-0.25,EPSFR_LTM,0.156,TTM_EPSAct
2025-10-16,,-228.56164383561642,-66.74,106.95512820512819,98.14705882352939,-139.04166666666666,-136.534962795,98.14705882352939,-139.04166666666666,-136.36324077499998,106.95512820512819,,-0.073,-0.25,EPSFR_LTM,0.156,TTM_EPSAct
2025-10-17,,-226.027397260274,-66.0,105.76923076923077,97.05882352941175,-137.5,-135.0210899680851,97.05882352941175,-137.5,-134.8512719680851,105.76923076923077,,-0.073,-0.25,EPSFR_LTM,0.156,TTM_EPSAct
2025-10-20,,-230.4109589041096,-67.28,107.82051282051282,98.94117647058823,-140.16666666666669,-137.63968080382978,98.94117647058823,-140.16666666666669,-137.4665693638298,107.82051282051282,,-0.073,-0.25,EPSFR_LTM,0.156,TTM_EPSAct
2025-10-21,,-225.00000000000003,-65.7,105.28846153846155,96.61764705882352,-136.875,-134.40735774095745,96.61764705882352,-136.875,-134.23831164095745,105.28846153846155,,-0.073,-0.25,EPSFR_LTM,0.156,TTM_EPSAct
2025-10-22,,-233.9041095890411,-68.3,109.4551282051282,100.44117647058822,-142.29166666666666,-139.72637037606384,100.44117647058822,-142.29166666666666,-139.5506344760638,109.4551282051282,,-0.073,-0.25,EPSFR_LTM,0.156,TTM_EPSAct
2025-10-23,,-240.1369863013699,-70.12,112.37179487179488,103.11764705882352,-146.08333333333334,-143.4496792206383,103.11764705882352,-146.08333333333334,-143.2692604606383,112.37179487179488,,-0.073,-0.25,EPSFR_LTM,0.156,TTM_EPSAct
2025-10-24,,-250.68493150684935,-73.2,117.3076923076923,107.6470588235294,-152.5,-149.75066341914894,107.6470588235294,-152.5,-149.56231981914894,117.3076923076923,,-0.073,-0.25,EPSFR_LTM,0.156,TTM_EPSAct
2025-10-27,,-252.05479452054794,-73.6,117.94871794871794,108.23529411764704,-153.33333333333331,-150.56897305531916,108.23529411764704,-153.33333333333331,-150.37960025531913,117.94871794871794,,-0.073,-0.25,EPSFR_LTM,0.156,TTM_EPSAct
2025-10-28,,-252.39726027397262,-73.7,118.10897435897436,108.38235294117646,-153.54166666666669,-150.7735504643617,108.38235294117646,-153.54166666666669,-150.5839203643617,118.10897435897436,,-0.073,-0.25,EPSFR_LTM,0.156,TTM_EPSAct
2025-10-29,,121.2820512820513,-135.14285714285714,121.2820512820513,111.29411764705883,-157.66666666666669,-154.82418316340426,111.29411764705883,-157.66666666666669,-154.62945852340425,121.2820512820513,,0.156,-0.14,EPSFR_LTM,0.156,TTM_EPSAct
2025-10-30,,119.23076923076924,-132.85714285714286,119.23076923076924,109.41176470588235,-155.00000000000003,-152.20559232765956,109.41176470588235,-155.00000000000003,-152.01416112765958,119.23076923076924,,0.156,-0.14,EPSFR_LTM,0.156,TTM_EPSAct
2025-10-31,,115.09615384615384,-128.24999999999997,115.09615384615384,105.61764705882351,-149.625,-146.9274951743617,105.61764705882351,-149.625,-146.74270231436168,115.09615384615384,,0.156,-0.14,EPSFR_LTM,0.156,TTM_EPSAct
2025-11-03,,114.1025641025641,-127.14285714285714,114.1025641025641,104.70588235294117,-148.33333333333334,-145.65911523829786,104.70588235294117,-148.33333333333334,-145.47591763829786,114.1025641025641,,0.156,-0.14,EPSFR_LTM,0.156,TTM_EPSAct
2025-11-04,,109.90384615384615,-122.4642857142857,109.90384615384615,100.85294117647058,-142.875,-140.29918712138297,100.85294117647058,-142.875,-140.12273078138296,109.90384615384615,,0.156,-0.14,EPSFR_LTM,0.156,TTM_EPSAct
2025-11-05,,109.39102564102565,-121.89285714285714,109.39102564102565,100.38235294117646,-142.20833333333334,-139.64453941244682,100.38235294117646,-142.20833333333334,-139.4689064324468,109.39102564102565,,0.156,-0.14,EPSFR_LTM,0.156,TTM_EPSAct
2025-11-06,,114.39102564102564,-127.4642857142857,114.39102564102564,104.9705882352941,-148.70833333333334,-146.02735457457447,104.9705882352941,-148.70833333333334,-145.84369383457445,114.39102564102564,,0.156,-0.14,EPSFR_LTM,0.156,TTM_EPSAct
2025-11-07,,112.43589743589743,-125.28571428571426,112.43589743589743,103.17647058823528,-146.16666666666666,-143.53151018425532,103.17647058823528,-146.16666666666666,-143.3509885042553,112.43589743589743,,0.156,-0.14,EPSFR_LTM,0.156,TTM_EPSAct
2025-11-10,,111.50641025641025,-124.24999999999999,111.50641025641025,102.3235294117647,-144.95833333333334,-142.3449612118085,102.3235294117647,-144.95833333333334,-142.1659318718085,111.50641025641025,,0.156,-0.14,EPSFR_LTM,0.156,TTM_EPSAct
2025-11-11,,117.08333333333334,-130.4642857142857,117.08333333333334,107.44117647058823,-152.20833333333334,-149.46425504648937,107.44117647058823,-152.20833333333334,-149.27627166648935,117.08333333333334,,0.156,-0.14,EPSFR_LTM,0.156,TTM_EPSAct
2025-11-12,,114.26282051282051,-127.32142857142856,114.26282051282051,104.85294117647058,-148.54166666666666,-145.86369264734043,104.85294117647058,-148.54166666666666,-145.6802377473404,114.26282051282051,,0.156,-0.14,EPSFR_LTM,0.156,TTM_EPSAct
2025-11-13,,116.34615384615384,-129.6428571428571,116.34615384615384,106.76470588235293,-151.25,-148.52319896489362,106.76470588235293,-151.25,-148.3363991648936,116.34615384615384,,0.156,-0.14,EPSFR_LTM,0.156,TTM_EPSAct
2025-11-14,,117.33974358974359,-130.74999999999997,117.33974358974359,107.67647058823529,-152.54166666666666,-149.79157890095746,107.67647058823529,-152.54166666666666,-149.60318384095743,117.33974358974359,,0.156,-0.14,EPSFR_LTM,0.156,TTM_EPSAct
2025-11-17,,114.90384615384616,-128.03571428571428,114.90384615384616,105.44117647058823,-149.375,-146.68200228351063,105.44117647058823,-149.375,-146.49751818351064,114.90384615384616,,0.156,-0.14,EPSFR_LTM,0.156,TTM_EPSAct
2025-11-18,,113.30128205128206,-126.25,113.30128205128206,103.97058823529412,-147.29166666666669,-144.6362281930851,103.97058823529412,-147.29166666666669,-144.4543170930851,113.30128205128206,,0.156,-0.14,EPSFR_LTM,0.156,TTM_EPSAct
2025-11-19,,110.09615384615385,-122.67857142857142,110.09615384615385,101.02941176470588,-143.125,-140.54468001223404,101.02941176470588,-143.125,-140.36791491223406,110.09615384615385,,0.156,-0.14,EPSFR_LTM,0.156,TTM_EPSAct
2025-11-20,,111.28205128205128,-123.99999999999999,111.28205128205128,102.11764705882352,-144.66666666666666,-142.05855283914892,102.11764705882352,-144.66666666666666,-141.87988371914892,111.28205128205128,,0.156,-0.14,EPSFR_LTM,0.156,TTM_EPSAct
2025-11-21,,107.21153846153847,-119.46428571428571,107.21153846153847,98.38235294117648,-139.37500000000003,-136.86228664946807,98.38235294117648,-139.37500000000003,-136.6901529494681,107.21153846153847,,0.156,-0.14,EPSFR_LTM,0.156,TTM_EPSAct
2025-11-24,,103.20512820512822,-115.0,103.20512820512822,94.70588235294117,-134.16666666666669,-131.74785142340423,94.70588235294117,-134.16666666666669,-131.58215022340426,103.20512820512822,,0.156,-0.14,EPSFR_LTM,0.156,TTM_EPSAct
2025-11-25,,102.33974358974359,-114.03571428571428,102.33974358974359,93.91176470588235,-133.04166666666666,-130.64313341457446,93.91176470588235,-133.04166666666666,-130.47882163457447,102.33974358974359,,0.156,-0.14,EPSFR_LTM,0.156,TTM_EPSAct
2025-11-26,,105.76923076923077,-117.85714285714285,105.76923076923077,97.05882352941175,-137.5,-135.0210899680851,97.05882352941175,-137.5,-134.8512719680851,105.76923076923077,,0.156,-0.14,EPSFR_LTM,0.156,TTM_EPSAct
2025-11-27,,107.17948717948717,-119.4285714285714,107.17948717948717,98.35294117647058,-139.33333333333334,-136.82137116765958,98.35294117647058,-139.33333333333334,-136.64928892765957,107.17948717948717,,0.156,-0.14,EPSFR_LTM,0.156,TTM_EPSAct
2025-11-28,,106.66666666666667,-118.85714285714285,106.66666666666667,97.88235294117646,-138.66666666666669,-136.16672345872342,97.88235294117646,-138.66666666666669,-135.9954645787234,106.66666666666667,,0.156,-0.14,EPSFR_LTM,0.156,TTM_EPSAct
2025-12-01,,108.26923076923077,-120.64285714285714,108.26923076923077,99.35294117647058,-140.75,-138.21249754914894,99.35294117647058,-140.75,-138.03866566914894,108.26923076923077,,0.156,-0.14,EPSFR_LTM,0.156,TTM_EPSAct
2025-12-02,,109.87179487179488,-122.42857142857142,109.87179487179488,100.8235294117647,-142.83333333333334,-140.25827163957447,100.8235294117647,-142.83333333333334,-140.08186675957447,109.87179487179488,,0.156,-0.14,EPSFR_LTM,0.156,TTM_EPSAct
2025-12-03,,113.17307692307693,-126.10714285714285,113.17307692307693,103.8529411764706,-147.12500000000003,-144.47256626585107,103.8529411764706,-147.12500000000003,-144.29086100585107,113.17307692307693,,0.156,-0.14,EPSFR_LTM,0.156,TTM_EPSAct
2025-12-04,,111.31410256410255,-124.03571428571426,111.31410256410255,102.14705882352939,-144.70833333333331,-142.09946832095744,102.14705882352939,-144.70833333333331,-141.92074774095744,111.31410256410255,,0.156,-0.14,EPSFR_LTM,0.156,TTM_EPSAct
2025-12-05,,117.33974358974359,-130.74999999999997,117.33974358974359,107.67647058823529,-152.54166666666666,-149.79157890095746,107.67647058823529,-152.54166666666666,-149.60318384095743,117.33974358974359,,0.156,-0.14,EPSFR_LTM,0.156,TTM_EPSAct
2025-12-08,,117.56410256410257,-131.0,117.56410256410257,107.88235294117646,-152.83333333333334,-150.077987273617,107.88235294117646,-152.83333333333334,-149.88923199361702,117.56410256410257,,0.156,-0.14,EPSFR_LTM,0.156,TTM_EPSAct
2025-12-09,,115.67307692307693,-128.89285714285714,115.67307692307693,106.14705882352942,-150.37500000000003,-147.6639738469149,106.14705882352942,-150.37500000000003,-147.4782547069149,115.67307692307693,,0.156,-0.14,EPSFR_LTM,0.156,TTM_EPSAct
2025-12-10,,122.30769230769229,-136.28571428571425,122.30769230769229,112.23529411764704,-159.0,-156.1334785812766,112.23529411764704,-159.0,-155.93710722127656,122.30769230769229,,0.156,-0.14,EPSFR_LTM,0.156,TTM_EPSAct
2025-12-11,,121.66666666666667,-135.57142857142856,121.66666666666667,111.6470588235294,-158.16666666666669,-155.3151689451064,111.6470588235294,-158.16666666666669,-155.11982678510637,121.66666666666667,,0.156,-0.14,EPSFR_LTM,0.156,TTM_EPSAct
2025-12-12,,117.40384615384616,-130.82142857142856,117.40384615384616,107.73529411764706,-152.62500000000003,-149.87340986457448,107.73529411764706,-152.62500000000003,-149.68491188457446,117.40384615384616,,0.156,-0.14,EPSFR_LTM,0.156,TTM_EPSAct
2025-12-15,,119.23076923076924,-132.85714285714286,119.23076923076924,109.41176470588235,-155.00000000000003,-152.20559232765956,109.41176470588235,-155.00000000000003,-152.01416112765958,119.23076923076924,,0.156,-0.14,EPSFR_LTM,0.156,TTM_EPSAct
2025-12-16,,116.76282051282051,-130.10714285714283,116.76282051282051,107.1470588235294,-151.79166666666666,-149.05510022840426,107.1470588235294,-151.79166666666666,-148.86763144840424,116.76282051282051,,0.156,-0.14,EPSFR_LTM,0.156,TTM_EPSAct
2025-12-17,,117.66025641025641,-131.10714285714286,117.66025641025641,107.97058823529412,-152.95833333333334,-150.20073371904255,107.97058823529412,-152.95833333333334,-150.01182405904254,117.66025641025641,,0.156,-0.14,EPSFR_LTM,0.156,TTM_EPSAct
2025-12-18,,118.0769230769231,-131.57142857142858,118.0769230769231,108.3529411764706,-153.50000000000003,-150.7326349825532,108.3529411764706,-153.50000000000003,-150.5430563425532,118.0769230769231,,0.156,-0.14,EPSFR_LTM,0.156,TTM_EPSAct
2025-12-19,,118.58974358974359,-132.14285714285714,118.58974358974359,108.8235294117647,-154.16666666666669,-151.38728269148936,108.8235294117647,-154.16666666666669,-151.19688069148935,118.58974358974359,,0.156,-0.14,EPSFR_LTM,0.156,TTM_EPSAct
2025-12-22,,119.77564102564102,-133.4642857142857,119.77564102564102,109.91176470588233,-155.70833333333331,-152.90115551840424,109.91176470588233,-155.70833333333331,-152.70884949840425,119.77564102564102,,0.156,-0.14,EPSFR_LTM,0.156,TTM_EPSAct
2025-12-23,,121.05769230769232,-134.89285714285714,121.05769230769232,111.08823529411765,-157.37500000000003,-154.53777479074466,111.08823529411765,-157.37500000000003,-154.3434103707447,121.05769230769232,,0.156,-0.14,EPSFR_LTM,0.156,TTM_EPSAct
2025-12-29,,123.33333333333333,-137.42857142857142,123.33333333333333,113.17647058823528,-160.33333333333331,-157.44277399914893,113.17647058823528,-160.33333333333331,-157.24475591914893,123.33333333333333,,0.156,-0.14,EPSFR_LTM,0.156,TTM_EPSAct
2025-12-30,,124.42307692307692,-138.64285714285714,124.42307692307692,114.17647058823529,-161.75,-158.8339003806383,114.17647058823529,-161.75,-158.6341326606383,124.42307692307692,,0.156,-0.14,EPSFR_LTM,0.156,TTM_EPSAct
