Instrument,Date,REF_PE,PE_trial,REF_PCF,PCF_MktCap_div_OpCF,PCF_Price_div_CFPS_Act,PCF_Price_div_OpCFPS
ACCP.PA,2024-01-02,15.3501192027155,24.92086330935252,16.1003424945965,17.924209417812385,,15.635957608578506
ACCP.PA,2024-01-03,15.2304733544265,24.72661870503597,15.2126053127017,16.93590825828123,,15.514083805047436
ACCP.PA,2024-01-04,15.2969432701426,24.834532374100725,15.2789972474386,17.00982115437498,,15.58179147367581
ACCP.PA,2024-01-05,15.1861600772824,24.65467625899281,15.1683440228772,16.88663299421875,,15.468945359295192
ACCP.PA,2024-01-08,15.3412565472867,24.906474820143885,15.3232585372631,17.05909641843748,,15.626929919428054
ACCP.PA,2024-01-09,15.3501192027155,24.92086330935252,15.3321107952281,17.068951471250003,,15.635957608578506
ACCP.PA,2024-01-10,15.4520397401469,25.086330935251798,15.4339117618245,17.18228457859373,,15.739776033808674
ACCP.PA,2024-01-11,15.4653337232902,25.10791366906475,15.4471901487719,17.197067157812498,,15.753317567534348
ACCP.PA,2024-01-12,15.5273723112919,25.20863309352518,15.5091559545263,17.26605252749998,,15.816511391587495
ACCP.PA,2024-01-15,15.6603121427242,25.42446043165468,15.641939824,17.4138783196875,,15.951926728844239
ACCP.PA,2024-01-16,15.6425868318666,25.39568345323741,15.6242353080702,17.394168214062482,,15.933871350543336
ACCP.PA,2024-01-17,15.4431770847181,25.071942446043167,15.4250595038596,17.17242952578125,,15.730748344658226
ACCP.PA,2024-01-18,15.669174798153,25.43884892086331,15.6507920819649,17.4237333725,,15.960954417994687
ACCP.PA,2024-01-19,15.9439171164464,25.884892086330936,15.9252120788772,17.72924000968748,,16.24081278165862
ACCP.PA,2024-01-22,15.9705050827329,25.928057553956837,15.9517688527719,17.758805168125,,16.26789584910997
ACCP.PA,2024-01-23,15.8552905621582,25.741007194244606,15.8366894992281,17.63068948156248,,16.150535890154128
ACCP.PA,2024-01-24,16.0414063261635,26.043165467625904,16.0225869164912,17.837645590624998,,16.340117362313567
ACCP.PA,2024-01-25,16.2939920058848,26.453237410071946,16.2748762684912,18.118514595781253,,16.59740650310138
ACCP.PA,2024-01-26,16.4047751987451,26.63309352517986,16.3855294930526,18.241702755937347,,16.710252617481995
ACCP.PA,2024-01-29,16.4003438710306,26.62589928057554,16.3811033640702,18.23677522953125,,16.70573877290677
ACCP.PA,2024-01-30,16.3737559047442,26.582733812949645,16.3545465901754,18.207210071093748,,16.678655705455423
ACCP.PA,2024-01-31,16.2629727118839,26.40287769784173,16.243893365614,18.08402191093748,,16.565809591074803
ACCP.PA,2024-02-01,16.0635629647355,26.079136690647484,16.0447175614035,17.86228322265625,,16.36268658518969
ACCP.PA,2024-02-02,16.2186594347398,26.330935251798564,16.1996320757895,18.03474664687498,,16.520671145322556
ACCP.PA,2024-02-05,16.2275220901687,26.345323741007196,16.2084843337544,18.0446016996875,,16.529698834473002
ACCP.PA,2024-02-06,16.3693245770298,26.575539568345324,16.350120461193,18.202282544687325,,16.674141860880194
ACCP.PA,2024-02-07,16.4225005096027,26.661870503597125,16.4032340089824,18.261412861562423,,16.728307995782895
ACCP.PA,2024-02-08,16.4490884758891,26.705035971223023,16.4297907828772,18.290978019999844,,16.755391063234242
ACCP.PA,2024-02-09,16.5155583916053,26.812949640287773,16.496182717614,18.36489091609371,,16.823098731862615
ACCP.PA,2024-02-12,16.5731656518926,26.906474820143885,16.5537223943859,18.42894875937484,,16.881778711340534
ACCP.PA,2024-02-13,16.4180691818883,26.654676258992804,16.39880788,18.256485335156075,,16.723794151207667
ACCP.PA,2024-02-14,16.5022644084621,26.791366906474824,16.4829043306666,18.350108336874882,,16.80955719813694
ACCP.PA,2024-02-15,16.3870498878874,26.60431654676259,16.3678249771228,18.221992650312323,,16.692197239181095
ACCP.PA,2024-02-16,16.3870498878874,26.60431654676259,16.3678249771228,18.221992650312444,,16.692197239181095
ACCP.PA,2024-02-19,16.5066957361765,26.798561151079138,16.4873304596491,18.355035863281152,,16.814071042712165
ACCP.PA,2024-02-20,16.7725753990411,27.23021582733813,16.7528981985965,18.650687447656193,,17.084901717225648
ACCP.PA,2024-02-21,16.8213200038996,27.309352517985616,16.8015856174035,18.70489023812496,,17.13455400755312
ACCP.PA,2024-02-22,17.9247206047876,18.22072072072072,17.9036917340351,15.895801072274143,,16.818810399072508
ACCP.PA,2024-02-23,18.1817376122234,18.48198198198198,18.1604072150175,16.123726032024923,,17.059970103187762
ACCP.PA,2024-02-26,17.9646025542173,18.26126126126126,17.9435268948772,15.931168738442214,,16.856231732469702
ACCP.PA,2024-02-27,17.9424459156452,18.23873873873874,17.9213962499649,15.911520035015421,,16.835442102804592
ACCP.PA,2024-02-28,17.8892699830723,18.184684684684683,17.8682827021754,15.864363146791122,,16.78554699160833
ACCP.PA,2024-02-29,17.7651928070689,18.05855855855856,17.7443510906666,15.754330407601246,,16.66912506548373
ACCP.PA,2024-03-01,17.6100963370645,17.9009009009009,17.5894365762807,15.616789483613706,,16.52359765782797
ACCP.PA,2024-03-04,17.4372745562025,17.725225225225223,17.4168175459649,15.463529596884674,,16.361438546440127
ACCP.PA,2024-03-05,17.4461372116313,17.734234234234233,17.4256698039298,15.471389078255374,,16.369754398306167
ACCP.PA,2024-03-06,17.4904504887754,17.779279279279276,17.4699310937544,15.510686485109018,,16.411333657636387
ACCP.PA,2024-03-07,17.4771565056322,17.765765765765764,17.456652706807,15.498897263052818,,16.39885987983732
ACCP.PA,2024-03-08,17.6411156310654,17.93243243243243,17.6204194791579,15.644297668411216,,16.55270313935912
ACCP.PA,2024-03-11,17.9158579493588,18.21171171171171,17.8948394760702,15.887941590903427,,16.810494547206464
ACCP.PA,2024-03-12,18.2570701833683,18.55855855855856,18.2356514077193,16.190531623675856,,17.13065484404913
ACCP.PA,2024-03-13,18.7223595933814,19.03153153153153,18.7003949508772,16.60315439563863,,17.5672370670164
ACCP.PA,2024-03-14,18.7267909210958,19.036036036036034,18.7048210798596,16.607084136323987,,17.571394992949422
ACCP.PA,2024-03-15,18.4786365690888,18.783783783783782,18.4569578568421,16.38701865794377,,17.33855114070021
ACCP.PA,2024-03-18,18.4077353256583,18.71171171171171,18.3861397931228,16.324142806978195,,17.272024325771863
ACCP.PA,2024-03-19,18.4165979810871,18.72072072072072,18.3949920510877,16.332002288348754,,17.280340177637907
ACCP.PA,2024-03-20,18.4786365690888,18.783783783783782,18.4569578568421,16.387018657943926,,17.33855114070021
ACCP.PA,2024-03-21,18.7445162319534,19.054054054054053,18.7225255957894,16.622803099065262,,17.588026696681506
ACCP.PA,2024-03-22,18.9084753573866,19.22072072072072,18.8862923681403,16.768203504423678,,17.74186995620331
ACCP.PA,2024-03-25,19.2009429865376,19.518018018018015,19.1784168809824,17.02756638965732,,18.016293067782737
ACCP.PA,2024-03-26,19.2408249359673,19.55855855855856,19.2182520418245,17.062934055825547,,18.05371440117993
ACCP.PA,2024-03-27,19.1389043985359,19.454954954954953,19.116451075228,16.972550020062304,,17.958082104720432
ACCP.PA,2024-03-28,19.1876490033944,19.504504504504503,19.1651384940351,17.015777167601247,,18.00381928998367
ACCP.PA,2024-04-02,18.8685934079569,19.180180180180177,18.8464572072982,16.73283583825545,,17.70444862280611
ACCP.PA,2024-04-03,19.6559066597376,19.25225225225225,15.448204734212,16.795711689221182,,17.77097543773446
ACCP.PA,2024-04-04,19.7064950952212,19.3018018018018,15.4879638011461,16.83893883675997,,17.8167126229977
ACCP.PA,2024-04-05,19.356974995516,18.95945945945946,15.2132647932378,16.540278544672898,,17.500710252088055
ACCP.PA,2024-04-08,19.1776159969831,18.783783783783782,15.0723008286533,16.387018657943926,,17.33855114070021
ACCP.PA,2024-04-09,19.0764391260158,18.684684684684683,14.9927826947851,16.300564362865888,,17.247076770173734
ACCP.PA,2024-04-10,19.1822149456634,18.788288288288285,15.0759152892837,16.390948398629284,,17.342709066633233
ACCP.PA,2024-04-11,18.8326948459582,18.445945945945944,14.8012162813753,16.092288106542057,,17.02670669572359
ACCP.PA,2024-04-12,18.4509821054907,18.072072072072068,14.5012160490544,15.76611962965732,,16.681598843282792
ACCP.PA,2024-04-15,18.4739768488923,18.094594594594593,14.5192883522063,15.785768333084112,,16.702388472947902
ACCP.PA,2024-04-16,18.0370767242608,17.666666666666664,13.6183372253295,14.806229568971931,,16.307385509310844
ACCP.PA,2024-04-17,18.0462746216215,17.675675675675674,13.6252818134098,14.813779915513894,,16.315701361176888
ACCP.PA,2024-04-18,18.3406073371627,17.963963963963963,13.8475086319771,15.055391004859752,,16.581808620890275
ACCP.PA,2024-04-19,18.2946178503594,17.91891891891892,13.8127856915759,15.01763927214944,,16.54022936156006
ACCP.PA,2024-04-22,18.3268104911217,17.95045045045045,13.8370917498568,15.044065485046714,,16.56933484309121
ACCP.PA,2024-04-23,18.8326948459582,18.445945945945944,14.2190440942694,15.459334544859686,,17.02670669572359
ACCP.PA,2024-04-24,19.384568687598,18.986486486486484,14.6357193790831,15.91235533738302,,17.525657807686184
ACCP.PA,2024-04-25,19.1776159969831,18.783783783783782,14.479466147278,15.742472540186915,,17.33855114070021
ACCP.PA,2024-04-26,19.4443550204423,19.045045045045043,14.6808592016046,15.961432589906542,,17.579710844815466
ACCP.PA,2024-04-29,19.2144075864257,18.81981981981982,14.5072444995989,15.77267392635514,,17.371814548164384
ACCP.PA,2024-04-30,18.9982569984502,18.60810810810811,14.3440466797135,15.595240782616665,,17.176392029312368
ACCP.PA,2024-05-02,18.7821064104746,18.396396396396398,14.1808488598281,15.417807638878395,,16.98096951046035
ACCP.PA,2024-05-03,18.8786843327615,18.490990990990987,14.2537670346705,15.497086277570046,,17.068285955053803
ACCP.PA,2024-05-06,19.1868138943438,18.792792792792792,14.4864107353582,15.750022886728972,,17.34686699256625
ACCP.PA,2024-05-07,19.1362254588601,18.743243243243242,14.4482155009169,15.708495980747662,,17.301129807303017
ACCP.PA,2024-05-08,19.0718401773355,18.680180180180177,14.3996033843553,15.655643554953272,,17.242918844240712
ACCP.PA,2024-05-09,18.6119453093023,18.229729729729726,14.0523739803439,15.278126227850468,,16.827126250938548
ACCP.PA,2024-05-10,19.0626422799748,18.67117117117117,14.3926587962751,15.648093208411058,,17.234602992374672
ACCP.PA,2024-05-13,19.1822149456634,18.788288288288285,14.4829384413181,15.746247713457945,,17.342709066633233
ACCP.PA,2024-05-14,19.0074548958108,18.617117117117115,14.3509912677937,15.602791129158724,,17.184707881178408
ACCP.PA,2024-05-15,19.2328033811471,18.837837837837835,14.5211336757593,15.787774619439253,,17.388446251896468
ACCP.PA,2024-05-16,19.0074548958108,18.617117117117115,14.3509912677937,15.602791129158879,,17.184707881178408
ACCP.PA,2024-05-17,19.0258506905321,18.635135135135133,14.3648804439542,15.617891822242834,,17.201339584910496
ACCP.PA,2024-05-20,19.1316265101798,18.73873873873874,14.4447432068768,15.704720807476635,,17.296971881369995
ACCP.PA,2024-05-21,18.8005022051959,18.414414414414413,14.1947380359886,15.432908331962523,,16.997601214192436
ACCP.PA,2024-05-22,18.8097001025566,18.423423423423422,14.2016826240688,15.440458678504548,,17.00591706605848
ACCP.PA,2024-05-23,18.8097001025566,18.423423423423422,14.2016826240688,15.440458678504658,,17.00591706605848
ACCP.PA,2024-05-24,18.6947263855483,18.310810810810807,14.1148752730659,15.346079346728896,,16.901968917732937
ACCP.PA,2024-05-27,18.7821064104746,18.396396396396398,14.1808488598281,15.417807638878458,,16.98096951046035
ACCP.PA,2024-05-28,18.6901274368679,18.306306306306304,14.1114029790258,15.342304173457865,,16.89781099179992
ACCP.PA,2024-05-29,18.2854199529987,17.909909909909906,13.8058411034957,15.010088925607398,,16.53191350969401
ACCP.PA,2024-05-30,18.5199663356957,18.13963963963964,13.9829280995416,15.202622762429861,,16.74396773227812
ACCP.PA,2024-05-31,18.3452062858431,17.968468468468465,13.8509809260172,15.059166178130733,,16.585966546823293
ACCP.PA,2024-06-03,18.4601800028513,18.08108108108108,13.9377882770201,15.15354550990648,,16.689914695148836
ACCP.PA,2024-06-04,18.3636020805644,17.986486486486484,13.8648701021777,15.074266871214952,,16.60259825055538
ACCP.PA,2024-06-05,18.0554725189822,17.684684684684683,13.63222640149,14.821330262056012,,16.324017213042932
ACCP.PA,2024-06-06,17.9910872374575,17.621621621621617,13.5836142849284,14.76847783626154,,16.265806249980628
ACCP.PA,2024-06-07,17.9175040585722,17.54954954954955,13.5280575802866,14.708075063925154,,16.199279435052283
ACCP.PA,2024-06-10,17.8577177257279,17.490990990990987,13.4829177577651,14.65899781140176,,16.145226397923
ACCP.PA,2024-06-11,17.7473429573999,17.382882882882882,13.3995827008023,14.568393652897104,,16.045436175530483
ACCP.PA,2024-06-12,18.0324777755805,17.66216216216216,13.6148649312894,14.802454395700888,,16.303227583377822
ACCP.PA,2024-06-13,17.6415671377523,17.279279279279276,13.3197199378797,14.48156466766355,,15.949803879070984
ACCP.PA,2024-06-14,17.0299069632682,16.68018018018018,12.8579048305444,13.97946662261682,,15.396799729979108
ACCP.PA,2024-06-17,17.1494796289568,16.797297297297295,12.9481844755874,14.07762112766355,,15.50490580423767
ACCP.PA,2024-06-18,17.4254165497767,17.067567567567565,13.1565221179943,14.304131523925216,,15.754381360218968
ACCP.PA,2024-06-19,17.678358727195,17.315315315315313,13.3474982902006,14.511766053831774,,15.983067286535157
ACCP.PA,2024-06-20,17.9221030072525,17.554054054054053,13.5315298743267,14.71185023719612,,16.203437360985305
ACCP.PA,2024-06-21,17.6967545219163,17.333333333333332,13.361387466361,14.52686674691589,,15.999698990267243
ACCP.PA,2024-06-24,18.0186809295395,17.648648648648646,13.6044480491691,14.79112887588771,,16.29075380557876
ACCP.PA,2024-06-25,18.1060609544658,17.734234234234233,13.6704216359313,14.862857168037257,,16.369754398306167
ACCP.PA,2024-06-26,17.8255250849656,17.459459459459456,13.5283983575931,14.708445566355078,,16.11612091639185
ACCP.PA,2024-06-27,17.7105513679573,17.346846846846844,13.4411408862464,14.61357685140176,,16.012172768066307
ACCP.PA,2024-06-28,17.6139734456703,17.252252252252248,13.3678446103152,14.533887130841107,,15.924856323472854
ACCP.PA,2024-07-01,17.5633850101867,17.2027027027027,13.3294513229226,14.492144896261681,,15.879119138209616
ACCP.PA,2024-07-02,17.5771818562277,17.216216216216214,13.3399222194843,14.503529142056028,,15.891592916008682
ACCP.PA,2024-07-03,18.0416756729412,17.671171171171167,13.6924424037249,14.886798750467245,,16.311543435243866
ACCP.PA,2024-07-04,18.1980399280724,17.824324324324323,13.8111125647565,15.01582020280363,,16.452912916966604
ACCP.PA,2024-07-05,17.7749366494819,17.409909909909906,13.4900050702006,14.666703331775576,,16.07038373112861
ACCP.PA,2024-07-08,17.9221030072525,17.554054054054053,13.6016946335244,14.788135286915747,,16.203437360985305
ACCP.PA,2024-07-09,17.8623166744082,17.495495495495497,13.5563207484241,14.738803555140171,,16.149384323856026
ACCP.PA,2024-07-10,17.9726914427362,17.603603603603602,13.6400879209169,14.829877521495327,,16.249174546248543
ACCP.PA,2024-07-11,18.0784672623838,17.707207207207208,13.7203647945559,14.917156739252322,,16.344806842708042
ACCP.PA,2024-07-12,18.1704462359905,17.797297297297295,13.7901707716333,14.993051711214877,,16.42796536136847
ACCP.PA,2024-07-15,18.2026388767528,17.828828828828826,13.8146028636103,15.019614951401762,,16.457070842899622
ACCP.PA,2024-07-16,17.9956861861378,17.626126126126128,13.6575394151863,14.848851264485951,,16.269964175913653
ACCP.PA,2024-07-17,17.7657387521213,17.4009009009009,13.4830244724928,14.659113834579376,,16.06206787926257
ACCP.PA,2024-07-18,17.5311923694244,17.171171171171167,13.3050192309456,14.465581656074642,,15.850013656678465
ACCP.PA,2024-07-19,17.5311923694244,17.171171171171167,13.3050192309456,14.465581656074658,,15.850013656678465
ACCP.PA,2024-07-22,17.1770733210388,16.824324324324323,13.0362662191977,14.173386014018677,,15.5298533598358
ACCP.PA,2024-07-23,17.3702291656127,17.013513513513512,13.1828587710602,14.332765455140189,,15.70448624902271
ACCP.PA,2024-07-24,17.1264848855552,16.774774774774773,12.9978729318052,14.131643779439251,,15.484116174572563
ACCP.PA,2024-07-25,16.9977143225059,16.64864864864865,12.9001445638969,12.646490035955043,,13.67788960497437
ACCP.PA,2024-07-26,16.0485448520899,16.297297297297295,12.0909123111111,12.379599824157289,,13.38923284383043
ACCP.PA,2024-07-29,15.662634569577,15.905405405405405,11.8001689802469,12.081914587921348,,13.06726953332373
ACCP.PA,2024-07-30,15.9864443468579,16.234234234234233,12.0441260279835,12.331696452808988,,13.3374226559328
ACCP.PA,2024-07-31,15.7779640792935,16.02252252252252,11.8870577917696,12.170877991853917,,13.16348845370504
ACCP.PA,2024-08-01,15.3831822960331,15.62162162162162,11.5896307061728,11.866349416853932,,12.834123687784393
ACCP.PA,2024-08-02,14.6601549851181,14.887387387387385,11.0449046954733,11.308617307584257,,12.230905071547697
ACCP.PA,2024-08-05,14.4028814634428,14.626126126126124,10.8510758082305,11.110160483426966,,12.01626286454323
ACCP.PA,2024-08-06,14.5891829791387,14.815315315315313,10.9914346576132,11.253870597471897,,12.171693428236122
ACCP.PA,2024-08-07,14.6867694873603,14.914414414414413,11.0649559596708,11.32914732387639,,12.25310943778954
ACCP.PA,2024-08-08,14.7710487444609,14.999999999999998,11.1284516296296,11.394159042134818,,12.323423264222036
ACCP.PA,2024-08-09,15.0017077638939,15.234234234234233,11.3022292526749,11.57208585,,12.515861104984664
ACCP.PA,2024-08-12,14.8908140045511,15.121621621621621,11.2186823185185,11.486544115449439,,12.423342912310325
ACCP.PA,2024-08-13,14.8775067534299,15.108108108108107,11.2086566864198,11.47627910730337,,12.412240729189403
ACCP.PA,2024-08-14,14.9750932616516,15.207207207207205,11.2821779884774,11.551555833707852,,12.493656738742821
ACCP.PA,2024-08-15,15.4763330538811,15.716216216216216,11.6598101308642,11.938204473876404,,12.911838969630837
ACCP.PA,2024-08-16,15.7336065755564,15.977477477477475,11.853639018107,12.136661298033708,,13.126481176635306
ACCP.PA,2024-08-19,15.7646568281723,16.009009009009006,11.8770321596708,12.160612983707864,,13.15238627058412
ACCP.PA,2024-08-20,15.7912713304146,16.036036036036034,11.8970834238683,12.181143,,13.174590636825963
ACCP.PA,2024-08-21,15.8799863378888,16.126126126126124,11.9639209711934,12.249576387640449,,13.248605190965433
ACCP.PA,2024-08-22,15.9908800972316,16.238738738738736,12.0474679053498,12.33511812219101,,13.341123383639772
ACCP.PA,2024-08-23,16.4566338864714,16.71171171171171,12.3983650288066,12.694393407303272,,13.729699792872001
ACCP.PA,2024-08-26,16.5542203946931,16.81081081081081,12.4718863308642,12.769670133707738,,13.81111580242542
ACCP.PA,2024-08-27,16.6562426532884,16.914414414414413,12.5487495102881,12.848368529494355,,13.89623253968581
ACCP.PA,2024-08-28,16.6207566502987,16.878378378378375,12.522014491358,12.820995174438202,,13.866626718030021
ACCP.PA,2024-08-29,16.9445664275797,17.207207207207208,12.7659715390947,13.07077703932573,,14.136779840639095
ACCP.PA,2024-08-30,16.8869016727215,17.148648648648646,12.7225271333333,13.026295337359466,,14.088670380448438
ACCP.PA,2024-09-02,16.940130677206,17.2027027027027,12.7626296617284,13.067355369943707,,14.13307911293212
ACCP.PA,2024-09-03,16.9578736787009,17.220720720720717,12.7759971711934,13.081042047471797,,14.147882023760014
ACCP.PA,2024-09-04,16.8735944216003,17.135135135135133,12.7125015012346,13.016030329213384,,14.077568197327516
ACCP.PA,2024-09-05,17.002231182438,17.265765765765764,12.809415944856,13.115258741292008,,14.18488930082975
ACCP.PA,2024-09-06,16.7538291615101,17.013513513513512,12.6222708123457,12.923645255898778,,13.97764854923923
ACCP.PA,2024-09-09,16.9889239313168,17.252252252252248,12.7993903127572,13.104993733146012,,14.173787117708828
ACCP.PA,2024-09-10,16.7449576607627,17.004504504504503,12.6155870576132,12.916801917134832,,13.970247093825282
ACCP.PA,2024-09-11,16.8869016727215,17.148648648648646,12.7225271333333,13.02629533735948,,14.088670380448438
ACCP.PA,2024-09-12,16.8957731734689,17.15765765765766,12.7292108880659,13.033138676123595,,14.096071835862386
ACCP.PA,2024-09-13,17.0111026831854,17.274774774774773,12.8160996995885,13.122102080056166,,14.192290756243699
ACCP.PA,2024-09-16,17.0111026831854,17.274774774774773,12.8160996995885,13.122102080056054,,14.192290756243699
ACCP.PA,2024-09-17,17.1752254470127,17.44144144144144,12.9397491621399,13.248703847190995,,14.32921768140172
ACCP.PA,2024-09-18,17.0643316876699,17.328828828828826,12.8562022279836,13.163162112640364,,14.23669948872738
ACCP.PA,2024-09-19,17.5167782257886,17.78828828828829,13.1970737193416,13.512172389606615,,14.614173714838687
ACCP.PA,2024-09-20,17.4724207220514,17.743243243243242,13.163654945679,13.47795569578646,,14.57716643776895
ACCP.PA,2024-09-23,17.3659627130824,17.635135135135133,13.0834498888889,13.395835630617865,,14.488348972801584
ACCP.PA,2024-09-24,17.6897724903633,17.963963963963963,13.3274069366255,13.64561749550549,,14.758502095410657
ACCP.PA,2024-09-25,17.7430014948479,18.018018018018015,13.3675094650206,13.686677528089776,,14.802910827894339
ACCP.PA,2024-09-26,17.756308745969,18.03153153153153,13.3775350971194,13.696942536235857,,14.81401301101526
ACCP.PA,2024-09-27,18.0889900239974,18.36936936936937,13.6281758995885,13.953567739887557,,15.091567589038279
ACCP.PA,2024-09-30,17.2994264574767,17.567567567567565,13.0333217283951,13.344510589887529,,14.432838057196982
ACCP.PA,2024-10-01,16.9977954320643,17.26126126126126,12.8060740674897,13.111837071910058,,14.181188573122776
ACCP.PA,2024-10-02,16.9046446742163,17.166666666666664,12.7358946427984,13.039982014887611,,14.103473291276332
ACCP.PA,2024-10-03,16.971180929822,17.234234234234233,12.7860228032922,13.091307055617936,,14.158984206880934
ACCP.PA,2024-10-04,17.5478284784046,17.81981981981982,13.2204668609054,13.53612407528083,,14.640078808787502
ACCP.PA,2024-10-07,17.4591134709303,17.729729729729726,13.1536293135803,13.467690687640408,,14.56606425464803
ACCP.PA,2024-10-08,17.3659627130824,17.635135135135133,13.0834498888889,13.395835630617977,,14.488348972801584
ACCP.PA,2024-10-09,17.6232362347577,17.896396396396394,13.2772787761317,13.594292454775168,,14.702991179806052
ACCP.PA,2024-10-10,17.5833144813942,17.855855855855854,13.2472018798354,13.563497430336966,,14.66968463044329
ACCP.PA,2024-10-11,17.9470460120386,18.225225225225223,13.5212358238683,13.844074319662809,,14.973144302415125
ACCP.PA,2024-10-14,18.0224537683917,18.3018018018018,13.5780477390947,13.902242699157176,,15.036056673433675
ACCP.PA,2024-10-15,18.1555262796031,18.436936936936934,13.6783040600823,14.004892780617851,,15.147078504642883
ACCP.PA,2024-10-16,18.5103863095,18.797297297297295,13.9456542493827,14.278626331179774,,15.443136721200768
ACCP.PA,2024-10-17,18.6257158192166,18.914414414414413,14.0325430609054,14.36758973511236,,15.539355641582084
ACCP.PA,2024-10-18,18.6212800688428,18.909909909909906,14.0292011835391,14.364168065730198,,15.535654913875108
ACCP.PA,2024-10-21,18.4394143035207,18.725225225225223,13.8921842115226,14.223879621067416,,15.383925077889192
ACCP.PA,2024-10-22,18.7188665770645,19.00900900900901,14.1027224855967,14.439444792134692,,15.617070923428528
ACCP.PA,2024-10-23,18.803145834165,19.094594594594593,14.1662181555556,14.504456510393258,,15.687384749861026
ACCP.PA,2024-10-24,18.927346844629,19.22072072072072,14.2597907218107,14.600263253089746,,15.791005125656287
ACCP.PA,2024-10-25,18.5370008117423,18.824324324324323,13.9657055135803,14.299156347471909,,15.46534108744261
ACCP.PA,2024-10-28,18.7499168296805,19.04054054054054,14.1261156271605,14.46339647780899,,15.642976017377345
ACCP.PA,2024-10-29,18.5680510643583,18.855855855855854,13.989098655144,14.323108033146069,,15.491246181391427
ACCP.PA,2024-10-30,18.6390230703377,18.92792792792793,14.0425686930041,14.377854743258286,,15.550457824703004
ACCP.PA,2024-10-31,18.4793360568841,18.765765765765764,13.9222611078189,14.254674645505618,,15.417231627251953
ACCP.PA,2024-11-01,18.5636153139846,18.85135135135135,13.9883320740741,14.322323148876265,,15.487545453684453
ACCP.PA,2024-11-04,18.3551350464201,18.63963963963964,13.831234915775,14.161475075280757,,15.313611251456695
ACCP.PA,2024-11-05,18.5458723124897,18.833333333333332,13.974962103155,14.308633951123596,,15.472742542856558
ACCP.PA,2024-11-06,18.6878163244485,18.97747747747748,14.0819218705076,14.418147533145927,,15.591165829479714
ACCP.PA,2024-11-07,19.1535701136883,19.45045045045045,14.4328836071331,14.777488974157304,,15.979742238711939
ACCP.PA,2024-11-08,19.5217373947064,19.824324324324323,14.7103105037037,15.06153982752809,,16.286902638390746
ACCP.PA,2024-11-11,19.5306088954538,19.833333333333332,14.7169954891632,15.068384426404496,,16.294304093804694
ACCP.PA,2024-11-12,19.1225198610723,19.418918918918916,14.4094861580247,14.753532878089889,,15.953837144763124
ACCP.PA,2024-11-13,19.189056116678,19.486486486486484,14.4596235489712,14.804867369662922,,16.009348060367728
ACCP.PA,2024-11-14,19.2555923722837,19.55405405405405,14.5097609399177,14.856201861235956,,16.06485897597233
ACCP.PA,2024-11-15,19.4241508864847,19.725225225225223,14.6367756636488,14.98624923988764,,16.205486628837328
ACCP.PA,2024-11-18,19.5439161465749,19.846846846846844,14.7270229673525,15.07865132471896,,16.305406276925616
ACCP.PA,2024-11-19,19.1136483603249,19.40990990990991,14.4028011725652,14.746688279213481,,15.946435689349178
ACCP.PA,2024-11-20,19.0071903513558,19.3018018018018,14.3225813470508,14.66455309269649,,15.857618224381811
ACCP.PA,2024-11-21,19.0116261017295,19.306306306306304,14.3259238397805,14.667975392134833,,15.861318952088784
ACCP.PA,2024-11-22,18.8430675875284,19.135135135135133,14.1989091160494,14.537928013483004,,15.720691299223787
ACCP.PA,2024-11-25,19.3176928775156,19.617117117117115,14.5565558381344,14.904114053370787,,16.11666916386996
ACCP.PA,2024-11-26,19.0692908565878,19.364864864864863,14.3693762452675,14.712465284831321,,15.909428412279443
ACCP.PA,2024-11-27,18.7011235755697,18.990990990990987,14.0919493486968,14.428414431460675,,15.602268012600632
ACCP.PA,2024-11-28,19.1934918670517,19.49099099099099,14.462966041701,14.808289669101123,,16.013048788074702
ACCP.PA,2024-11-29,19.3753576323739,19.675675675675674,14.6000082436214,14.948603946067275,,16.16477862406062
ACCP.PA,2024-12-02,19.2777711241522,19.576576576576574,14.5264734035665,14.873313358426826,,16.0833626145072
ACCP.PA,2024-12-03,19.4108436353636,19.711711711711708,14.6267481854595,14.975982341572893,,16.194384445716405
ACCP.PA,2024-12-04,19.5173016443327,19.819819819819816,14.7069680109739,15.058117528089888,,16.283201910683772
ACCP.PA,2024-12-05,20.4488092228122,20.765765765765764,15.408891484225,15.77680041011222,,17.060354729148226
ACCP.PA,2024-12-06,20.4133232198225,20.72972972972973,15.3821515423868,15.749422014606601,,17.030748907492438
ACCP.PA,2024-12-09,20.2492004559951,20.563063063063062,15.2584793113855,15.622796935393259,,16.893821982334416
ACCP.PA,2024-12-10,20.2181502033792,20.531531531531527,15.2350818622771,15.598840839325844,,16.8679168883856
ACCP.PA,2024-12-11,20.5197812287916,20.837837837837835,15.4623713679012,15.831557201123454,,17.119566372459804
ACCP.PA,2024-12-12,20.7548759985983,21.076576576576574,15.6395234825789,16.012939071348313,,17.315704940929404
ACCP.PA,2024-12-13,20.8480267564463,21.17117117117117,15.709715829904,16.084807359550563,,17.39342022277585
ACCP.PA,2024-12-16,20.8258480045777,21.14864864864865,15.6930033662552,16.06769586235955,,17.37491658424098
ACCP.PA,2024-12-17,20.759311748972,21.081081081081077,15.6428659753086,16.016361370786516,,17.319405668636374
ACCP.PA,2024-12-18,20.7238257459823,21.045045045045043,15.6161260334705,15.988982975280898,,17.28979984698059
ACCP.PA,2024-12-19,20.559702982155,20.87837837837838,15.4924538024691,15.862357896067415,,17.152872921822567
ACCP.PA,2024-12-20,20.6705967414978,20.99099099099099,15.5760161207133,15.947915382022472,,17.245391114496904
ACCP.PA,2024-12-23,20.5996247355184,20.918918918918916,15.522536237037,15.893158591011096,,17.186179471185326
ACCP.PA,2024-12-24,20.6262392377607,20.945945945945944,15.5425911934156,15.91369238764031,,17.20838383742717
ACCP.PA,2024-12-27,20.7371329971035,21.058558558558556,15.6261535116598,15.999249873595506,,17.300902030101508
ACCP.PA,2024-12-30,20.7149542452349,21.036036036036034,15.609441048011,15.982138376404494,,17.28239839156664
ACCP.PA,2024-12-31,20.8657697579411,21.189189189189186,15.7230858008231,16.09849655730337,,17.40822313360374
ACCP.PA,2025-01-02,20.9056915113045,21.22972972972973,15.753168235391,16.12929725224705,,17.441529682966507
ACCP.PA,2025-01-03,20.4000159687014,20.716216216216214,15.3721240641975,15.739155116291995,,17.01964672437152
ACCP.PA,2025-01-06,20.6617252407503,20.981981981981978,15.5693311352538,15.941070783146069,,17.237989659082956
ACCP.PA,2025-01-07,20.6218034873869,20.94144144144144,15.5392487006859,15.910270088202246,,17.204683109720197
ACCP.PA,2025-01-08,20.7105184948612,21.031531531531527,15.6060985552812,15.978716076966151,,17.278697663859667
ACCP.PA,2025-01-09,20.9456132646679,21.270270270270267,15.7832506699589,16.160097947191012,,17.474836232329267
ACCP.PA,2025-01-10,20.9500490150416,21.274774774774773,15.7865931626886,16.163520246629215,,17.47853696003624
ACCP.PA,2025-01-13,20.7681832497194,21.09009009009009,15.6495509607682,16.023205969662783,,17.326807124050323
ACCP.PA,2025-01-14,21.0742500255056,21.400900900900897,15.8801829591221,16.259344630898877,,17.5821573358315
ACCP.PA,2025-01-15,21.2117582870906,21.54054054054054,15.9838002337449,16.365435913483005,,17.69687989474768
ACCP.PA,2025-01-16,21.1363505307375,21.463963963963963,15.9269778573388,16.30725682303357,,17.63396752372913
ACCP.PA,2025-01-17,21.3182162960597,21.64864864864865,16.0640200592593,16.44757109999986,,17.785697359715048
ACCP.PA,2025-01-20,21.406931303534,21.738738738738736,16.1308699138546,16.516017088763903,,17.859711913854518
ACCP.PA,2025-01-21,21.4335458057762,21.765765765765764,16.1509248702332,16.536550885393257,,17.881916280096362
ACCP.PA,2025-01-22,21.7573555830572,22.094594594594593,16.3949268395062,16.78637874438188,,18.152069402705433
ACCP.PA,2025-01-23,21.5488753154927,21.882882882882882,16.2378296812071,16.625530670786517,,17.978135200477674
ACCP.PA,2025-01-24,21.7263053304412,22.06306306306306,16.3715293903978,16.762422648314608,,18.126164308756618
ACCP.PA,2025-01-27,21.6863835770778,22.02252252252252,16.3414469558299,16.731621953370645,,18.092857759393855
ACCP.PA,2025-01-28,21.9392213483794,22.279279279279276,16.5319690414266,16.926693021348175,,18.30379923869135
ACCP.PA,2025-01-29,21.899299595016,22.238738738738736,16.5018866068587,16.895892326404493,,18.270492689328588
ACCP.PA,2025-01-30,21.9835788521165,22.324324324324323,16.5653939687243,16.960916015730195,,18.340806515761088
ACCP.PA,2025-01-31,22.0722938595908,22.414414414414413,16.6322438233196,17.029362004494242,,18.414821069900558
ACCP.PA,2025-02-03,21.7750985845521,22.11261261261261,16.4082968104252,16.80006794213483,,18.16687231353333
ACCP.PA,2025-02-04,21.8904280942686,22.22972972972973,16.4952016213992,16.88904772752809,,18.263091233914643
ACCP.PA,2025-02-05,21.8549420912789,22.193693693693692,16.468461679561,16.86166933202233,,18.233485412258855
ACCP.PA,2025-02-06,22.1654446174387,22.509009009009006,16.7024361706447,17.101230292696627,,18.492536351747002
ACCP.PA,2025-02-07,22.1343943648227,22.477477477477475,16.6790387215364,17.077274196629215,,18.466631257798188
ACCP.PA,2025-02-10,22.3473103827609,22.693693693693692,16.8394783725652,17.24154456966278,,18.64426618773292
ACCP.PA,2025-02-11,22.0501151077222,22.39189189189189,16.6155313596708,17.01225050730337,,18.39631743136569
ACCP.PA,2025-02-12,22.1432658655702,22.486486486486484,16.6857237069959,17.084118795505617,,18.474032713212136
ACCP.PA,2025-02-13,22.1477016159439,22.49099099099099,16.6890661997257,17.08754109494382,,18.47773344091911
ACCP.PA,2025-02-14,22.3827963857506,22.72972972972973,16.8662183144033,17.26892296516854,,18.67387200938871
ACCP.PA,2025-02-17,22.2408523737918,22.585585585585584,16.7592585470508,17.159409383146066,,18.555448722765554
ACCP.PA,2025-02-18,21.9747073513691,22.315315315315313,16.5587089832648,16.95407141685393,,18.33340506034714
ACCP.PA,2025-02-19,21.5355680643716,21.869369369369366,16.2278022030178,16.61526377247177,,17.967033017356755
ACCP.PA,2025-02-20,20.790362001588,20.11587982832618,15.666263424417,15.973015435524475,,16.106967481854348
ACCP.PA,2025-02-21,20.5951889851447,19.92703862660944,15.5191937443073,15.823066069370629,,15.955760618359236
ACCP.PA,2025-02-24,20.6528537400029,19.98283261802575,15.5626461497942,15.867369291188812,,16.00043537348279
ACCP.PA,2025-02-25,20.7548759985983,20.081545064377682,15.6395234825789,15.945751914405454,,16.079475324855235
ACCP.PA,2025-02-26,21.3537022990494,20.660944206008583,16.0907600010974,16.405823833286572,,16.54340547421524
ACCP.PA,2025-02-27,21.3315235471809,20.639484978540775,16.0740475374486,16.38878413258741,,16.526222876090795
ACCP.PA,2025-02-28,21.3182162960597,20.626609442060087,16.0640200592593,16.378560312167693,,16.51591331721613
ACCP.PA,2025-03-03,21.5666183169876,20.866952789699567,16.2511996521262,16.56940496,,16.708358416209908
ACCP.PA,2025-03-04,20.7726190000932,20.09871244635193,15.6528934534979,15.959383674964894,,16.093221403354793
ACCP.PA,2025-03-05,21.1407862811112,20.454935622317596,15.9303203500686,16.242242706573286,,16.37845253222057
ACCP.PA,2025-03-06,20.8702055083148,20.1931330472103,15.7264282935528,16.034358358041818,,16.168824835102345
ACCP.PA,2025-03-07,20.6661609911241,19.99570815450644,15.5726736279835,15.877593111608391,,16.010744932357458
ACCP.PA,2025-03-10,20.3734014664591,19.71244635193133,15.3520691078189,15.652669062377623,,15.78393463711479
ACCP.PA,2025-03-11,19.5084301435852,18.875536480686694,14.7002830255144,14.988120735104754,,15.113813310261449
ACCP.PA,2025-03-12,19.8455471719873,19.201716738197426,14.9543124729767,15.247124185734126,,15.374988801753009
ACCP.PA,2025-03-13,19.6060166518069,18.969957081545065,14.7738178655693,15.063095418181819,,15.189416742009008
ACCP.PA,2025-03-14,19.8189326697451,19.17596566523605,14.9342575165981,15.226676544895106,,15.354369684003675
ACCP.PA,2025-03-17,20.1826642003895,19.527896995708154,15.208341920439,15.506127636363498,,15.636164293244565
ACCP.PA,2025-03-18,19.9342621794616,19.287553648068666,15.021162327572,15.315282988531468,,15.443719194250786
ACCP.PA,2025-03-19,20.1116921944101,19.45922746781116,15.1548620367627,15.451600594125734,,15.581179979246345
ACCP.PA,2025-03-20,19.8987761764719,19.25321888412017,14.9944223857339,15.288019467412447,,15.416227037251675
ACCP.PA,2025-03-21,19.4685083902218,18.836909871244636,14.6702005909465,14.957449273846153,,15.08288463363745
ACCP.PA,2025-03-24,19.5616591480698,18.92703862660944,14.7403929382716,15.029016016783217,,15.155051545760118
ACCP.PA,2025-03-25,19.9209549283404,19.27467811158798,15.0111348493827,15.305059168111889,,15.433409635376119
ACCP.PA,2025-03-26,19.881033174977,19.236051502145923,14.9810524148148,15.274387706853007,,15.40248095875212
ACCP.PA,2025-03-27,19.6148881525543,18.978540772532188,14.7805028510288,15.069911298461399,,15.196289781258784
ACCP.PA,2025-03-28,18.9805758491135,18.36480686695279,14.3025263906722,14.582575858461398,,14.70486747489967
ACCP.PA,2025-03-31,17.9604261796043,17.978540772532188,13.9633936946648,14.275861245874125,,14.395580708659669
ACCP.PA,2025-04-01,18.0418890818274,18.06008583690987,14.0267273017784,14.340612108531468,,14.460874581532556
ACCP.PA,2025-04-02,18.269127703818,18.28755364806867,14.2033947321477,14.521232935944058,,14.643010121651669
ACCP.PA,2025-04-03,17.2958603983107,17.313304721030043,13.4467247945281,13.747630524195802,,13.862920166801887
ACCP.PA,2025-04-04,16.2111175423929,16.2274678111588,12.6033878155951,12.885421668811091,,12.993480701704991
ACCP.PA,2025-04-07,15.4865264647244,15.502145922746779,12.0400520470588,12.309479785174824,,12.412708885098763
ACCP.PA,2025-04-08,16.0867794284734,16.103004291845494,12.5067207310534,12.786591404755162,,12.893821632583213
ACCP.PA,2025-04-09,15.6494522691706,15.665236051502145,12.1667192612859,12.43898151048951,,12.543296630844543
ACCP.PA,2025-04-10,16.4126310373657,16.429184549356222,12.8280884596991,13.115150579076925,,13.15499712407477
ACCP.PA,2025-04-11,16.2196925847321,16.236051502145923,12.6772880467716,12.960975611454447,,13.000353740954766
ACCP.PA,2025-04-14,16.5412566724548,16.55793991416309,12.9286220683174,13.217933890825146,,13.258092712821435
ACCP.PA,2025-04-15,16.8413831543293,16.858369098712448,13.1632004884268,13.457761618237692,,13.498649086563661
ACCP.PA,2025-04-16,16.7170450404099,16.733905579399142,13.0660180000958,13.358404416881092,,13.398990017441882
ACCP.PA,2025-04-17,16.6998949557313,16.716738197424892,13.0526135189467,13.34469997531463,,13.385243938942327
ACCP.PA,2025-04-22,16.7856453791241,16.802575107296136,13.1196359246922,13.413222183146798,,13.453974331440104
ACCP.PA,2025-04-23,17.4073359487213,17.42489270386266,13.6055483663475,13.910008189930013,,13.952269677048998
ACCP.PA,2025-04-24,17.4330610757391,17.450643776824034,13.6256550880711,13.93056485227965,,13.97288879479833
ACCP.PA,2025-04-25,18.5306664951658,18.549356223175966,14.4835418816142,14.807649112531328,,14.852637818769892
ACCP.PA,2025-04-28,18.3763157330589,18.394849785407725,14.3629015512722,14.684309138433566,,14.728923112273892
ACCP.PA,2025-04-29,18.3077153943448,18.32618025751073,14.3092836266758,14.629491372167832,,14.673938798275671
ACCP.PA,2025-04-30,18.5006538469784,18.519313304721027,14.4600840396033,14.78366633979021,,14.82858218139567
ACCP.PA,2025-05-02,19.1737946706112,19.1931330472103,14.9862099247059,15.321565671272587,,15.36811576250323
ACCP.PA,2025-05-05,19.199519797629,19.218884120171673,15.0063166464296,15.34212233362238,,15.388734880252564
ACCP.PA,2025-05-06,19.2509700516646,19.27038626609442,15.0465300898769,15.383235658321539,,15.429973115751231
ACCP.PA,2025-05-07,19.2981327845306,19.317596566523605,15.0833924130369,15.42092287262937,,15.46777483162501
ACCP.PA,2025-05-08,19.5210838853517,19.540772532188843,15.2576506679754,15.599080612992866,,15.646473852119232
ACCP.PA,2025-05-09,19.4010332926019,19.4206008583691,15.1638192999316,15.503149522027972,,15.550251302622343
ACCP.PA,2025-05-12,20.0698865950651,20.09012875536481,15.6865940647469,16.03762274311888,,16.086348364105014
ACCP.PA,2025-05-13,20.4557635003323,20.476394849785407,15.9881948906019,16.345972678363495,,16.395635130345017
ACCP.PA,2025-05-14,20.4814886273501,20.50214592274678,16.0083016123256,16.36652934071329,,16.41625424809435
ACCP.PA,2025-05-15,20.3485754710914,20.369098712446352,15.90441688342,16.260319918573426,,16.309722139722794
ACCP.PA,2025-05-16,20.3014127382254,20.321888412017167,15.8675545602599,16.222632704265735,,16.271920423849014
ACCP.PA,2025-05-19,20.3785881192788,20.399141630901287,15.9278747254309,16.284302691314686,,16.333777777097016
ACCP.PA,2025-05-20,20.3228503440736,20.34334763948498,15.8843101616963,16.239763256223636,,16.28910302197346
ACCP.PA,2025-05-21,20.4171758098056,20.437768240343345,15.9580348080164,16.31513768483916,,16.364706453721016
ACCP.PA,2025-05-22,20.1084742855918,20.128755364806867,15.7167541473324,16.068457736643357,,16.117277040729014
ACCP.PA,2025-05-23,19.7225973803246,19.742489270386265,15.4151533214774,15.760107801398602,,15.807990274489011
ACCP.PA,2025-05-26,20.0398739468776,20.06008583690987,15.663136222736,16.01363997037762,,16.062292726730792
ACCP.PA,2025-05-27,20.0913242009132,20.111587982832617,15.7033496661833,16.05475329507692,,16.10353096222946
ACCP.PA,2025-05-28,19.9626985658242,19.98283261802575,15.602816057565,15.951969983328533,,16.00043537348279
ACCP.PA,2025-05-29,19.9626985658242,19.98283261802575,15.602816057565,15.951969983328672,,16.00043537348279
ACCP.PA,2025-05-30,20.0441614680473,20.064377682403432,15.6664873430233,16.01706608076923,,16.06572924635568
ACCP.PA,2025-06-02,19.4867837159946,19.506437768240342,15.2308417056772,15.571671729859998,,15.618981695120123
ACCP.PA,2025-06-03,19.6025467875748,19.62231759656652,15.3213219534337,15.664176710433427,,15.711767724992121
ACCP.PA,2025-06-04,19.6154093510837,19.63519313304721,15.3313753142955,15.674455041608391,,15.722077283866788
ACCP.PA,2025-06-05,19.5853967028962,19.605150214592275,15.3079174722846,15.650472268866993,,15.698021646492567
ACCP.PA,2025-06-06,19.6497095204408,19.669527896995707,15.3581842765937,15.701863924741259,,15.7495694408659
ACCP.PA,2025-06-09,19.8212103672262,19.841201716738194,15.4922290880848,15.838908340405593,,15.887030225861455
ACCP.PA,2025-06-10,19.6497095204408,19.669527896995707,15.3581842765937,15.701863924741119,,15.7495694408659
ACCP.PA,2025-06-11,19.5939717452355,19.613733905579398,15.3146197128591,15.65732448965035,,15.704894685742346
ACCP.PA,2025-06-12,19.1909447552897,19.21030042918455,14.999614405855,15.335270112839162,,15.381861841002786
ACCP.PA,2025-06-13,18.5478165798444,18.566523605150213,14.4969463627633,14.821353554097762,,14.866383897269449
ACCP.PA,2025-06-16,18.8436555405492,18.86266094420601,14.7281736625855,15.05775517111874,,15.103503751386786
ACCP.PA,2025-06-17,18.4363410294338,18.454935622317596,14.4098172352941,14.732274683915945,,14.777034387022336
ACCP.PA,2025-06-18,18.1619396745771,18.180257510729614,14.1953455369084,14.513003618853007,,14.557097131029446
ACCP.PA,2025-06-19,17.6731622612387,17.69098712446352,13.8133178241587,14.122427034209789,,14.16533389379211
ACCP.PA,2025-06-20,18.0633266876755,18.081545064377682,14.118269770301,14.434203079846155,,14.478057179657002
ACCP.PA,2025-06-23,17.8789632773812,17.896995708154506,13.974171597948,14.286880333006993,,14.33028683578678
ACCP.PA,2025-06-24,18.9980063026561,19.01716738197425,14.8488139929275,15.181095145216783,,15.227218457882786
ACCP.PA,2025-06-25,19.2423950093254,19.261802575107296,15.0398278493023,15.376383437538461,,15.423100076501454
ACCP.PA,2025-06-26,19.1309194589148,19.150214592274676,14.9526987218331,15.287304567356642,,15.333750566254341
ACCP.PA,2025-06-27,18.8608056252278,18.87982832618026,14.7415781437346,15.071459612685176,,15.11724982988634
ACCP.PA,2025-06-30,19.0065813449954,19.025751072961373,14.8555162335021,15.187947366000001,,15.234091497132562
ACCP.PA,2025-07-01,19.1823697129505,19.201716738197426,14.9929121652804,15.328417892055805,,15.374988801753009
ACCP.PA,2025-07-02,19.5125088430124,19.532188841201716,15.2509484274008,15.59222839220965,,15.639600812869455
ACCP.PA,2025-07-03,19.8726606212618,19.892703862660944,15.5324425315322,15.880021665104755,,15.928268461360124
ACCP.PA,2025-07-04,19.7397474650031,19.759656652360515,15.4285578026266,15.773812242964896,,15.821736352988568
ACCP.PA,2025-07-07,20.1170493279311,20.13733905579399,15.723456387907,16.075309957426573,,16.124150079978794
ACCP.PA,2025-07-08,20.1556370184578,20.17596566523605,15.7536164704925,16.106144950951048,,16.15507875660279
ACCP.PA,2025-07-09,20.3871631616181,20.40772532188841,15.9345769660055,16.291154912097902,,16.34065081634679
ACCP.PA,2025-07-10,20.3442879499218,20.36480686695279,15.9010657631327,16.256893808181818,,16.306285620097906
ACCP.PA,2025-07-11,20.305700259395,20.326180257510728,15.8709056805472,16.226058814657204,,16.275356943473906
ACCP.PA,2025-07-14,20.5500889660643,20.570815450643774,16.061919536922,16.42134710697902,,16.471238562092573
ACCP.PA,2025-07-15,20.447188457993,20.46781115879828,15.9814926500274,16.339120457580282,,16.388762091095238
ACCP.PA,2025-07-16,20.2285248783416,20.248927038626608,15.8105855153762,16.16438882760839,,16.213499590225904
ACCP.PA,2025-07-17,20.4128882886359,20.433476394849784,15.9546836877292,16.311711574447415,,16.36126993409613
ACCP.PA,2025-07-18,20.6744270799837,20.69527896995708,16.1591020252531,16.520704308335663,,16.57089763121435
ACCP.PA,2025-07-21,20.683002122323,20.703862660944207,16.1658042658276,16.52755652911888,,16.57777067046413
ACCP.PA,2025-07-22,20.8073402362424,20.82832618025751,16.2629867541587,16.626913730475525,,16.677429739585907
ACCP.PA,2025-07-23,21.1374793663044,21.158798283261802,16.5210230162791,16.89072423062937,,16.94204175070235
ACCP.PA,2025-07-24,21.1074667181169,21.128755364806864,16.4975651742681,16.866741457887972,,16.91798611332813
ACCP.PA,2025-07-25,21.3218427765987,21.343347639484975,16.665121188632,17.038046977468532,,17.089812094572576
ACCP.PA,2025-07-28,21.2103672261882,21.231759656652358,16.5779920611628,16.948968107286575,,17.000462584325465
ACCP.PA,2025-07-29,21.0860291122687,21.107296137339056,16.4808095728317,16.84961090593007,,16.900803515203688
ACCP.PA,2025-07-30,21.1803545780007,21.201716738197423,16.5545342191519,16.924985334545454,,16.976406946951244
ACCP.PA,2025-07-31,19.1480695435934,19.167381974248926,14.9661032029822,14.245080001796874,,14.197235342485536
ACCP.PA,2025-08-01,18.8552188552189,18.145922746781117,13.0607821387642,13.48593780734362,,13.44064286341891
ACCP.PA,2025-08-04,18.9845474613686,18.27038626609442,13.1503665006431,13.578438326835807,,13.53283270330518
ACCP.PA,2025-08-05,18.6946729993088,17.991416309012877,12.9495739653972,13.37110957624987,,13.326200303560093
ACCP.PA,2025-08-06,19.0469819608892,18.330472103004293,13.1936141236192,13.623093750039063,,13.577338143250275
ACCP.PA,2025-08-07,20.0682319887618,19.313304721030043,13.9010216708701,14.353528886718621,,14.305319982352199
ACCP.PA,2025-08-08,20.2198586304547,19.45922746781116,14.0060516123834,14.461977771640495,,14.41340462221886
ACCP.PA,2025-08-11,19.6222712779004,18.884120171673818,13.5921100781841,14.034561578125,,13.987423982744371
ACCP.PA,2025-08-12,19.742680669833,19.0,13.6755162082093,14.120682751445313,,14.073255902638486
ACCP.PA,2025-08-13,19.7515998840502,19.008583690987123,13.6816944400631,14.127062097617186,,14.079613822630641
ACCP.PA,2025-08-14,19.8095747764622,19.064377682403432,13.7218529471122,14.168527847734374,,14.120940302579658
ACCP.PA,2025-08-15,19.9299841683948,19.18025751072961,13.8052590771375,14.254649021054558,,14.206772222473772
ACCP.PA,2025-08-18,19.9790398465895,19.227467811158796,13.8392393523329,14.289735425,,14.241740782430632
ACCP.PA,2025-08-19,20.1529645238255,19.394849785407725,13.9597148734805,14.414132675351562,,14.365720222277684
ACCP.PA,2025-08-20,19.822953597788,19.07725321888412,13.7311202948928,14.178096866992188,,14.130477182567894
ACCP.PA,2025-08-21,19.7783575267019,19.034334763948497,13.7002291356242,14.146200136132682,,14.098687582607111
ACCP.PA,2025-08-22,19.9612014181551,19.21030042918455,13.8268828886255,14.27697673265625,,14.229024942446319
ACCP.PA,2025-08-25,19.5999732423573,18.86266094420601,13.5766644985498,14.018613212695312,,13.97152918276398
ACCP.PA,2025-08-26,19.2030682096907,18.48068669527897,13.3017331810593,13.734732308046874,,13.688601743113015
ACCP.PA,2025-08-27,19.1450933172787,18.42489270386266,13.2615746740101,13.693266557929558,,13.647275263163996
ACCP.PA,2025-08-28,19.0781992106495,18.36051502145923,13.2152379351072,13.645421461640627,,13.599590863222824
ACCP.PA,2025-08-29,18.8507592481102,18.141630901287556,13.0576930228373,13.482748134257681,,13.437463903422833
ACCP.PA,2025-09-01,18.6812941779829,17.978540772532188,12.9403066176167,13.361540556992056,,13.316663423571857
ACCP.PA,2025-09-02,18.2888487524249,17.60085836909871,12.668464416053,13.080849325429687,,13.036914943916969
ACCP.PA,2025-09-03,18.2174950386871,17.532188841201716,12.6190385612232,13.029814556054687,,12.986051583979718
ACCP.PA,2025-09-04,18.3066871808594,17.61802575107296,12.6808208797604,13.093608017773438,,13.049630783901282
ACCP.PA,2025-09-05,18.2442526813388,17.55793991416309,12.6375732567844,13.048952594570311,,13.005125343956186
ACCP.PA,2025-09-08,18.4360157870092,17.742489270386265,12.7704052416394,13.186108537265495,,13.141820623787554
ACCP.PA,2025-09-09,18.5475059647245,17.849785407725324,12.8476331398109,13.265850364414064,,13.221294623689511
ACCP.PA,2025-09-10,18.1015452538631,17.4206008583691,12.5387215471249,12.946883055820287,,12.903398624081683
ACCP.PA,2025-09-11,18.2665507168818,17.5793991416309,12.6530188364187,13.064900960000001,,13.021020143936578
ACCP.PA,2025-09-12,18.3780408945972,17.686695278969957,12.7302467345902,13.144642787148438,,13.100494143838535
ACCP.PA,2025-09-15,18.449394608335,17.75536480686695,12.7796725894199,13.195677556523437,,13.151357503775786
ACCP.PA,2025-09-16,18.2397930742302,17.553648068669528,12.6344841408575,13.045762921484377,,13.001946383960108
ACCP.PA,2025-09-17,18.3022275737508,17.613733905579398,12.6777317638336,13.0904183446875,,13.046451823905205
ACCP.PA,2025-09-18,18.4360157870092,17.742489270386265,12.7704052416394,13.186108537265627,,13.141820623787554
ACCP.PA,2025-09-19,18.4137177514661,17.721030042918454,12.7549596620051,13.170160171835937,,13.125925823807162
ACCP.PA,2025-09-22,18.0257319330167,17.34763948497854,12.4862065763682,12.89265861335935,,12.849356304148353
ACCP.PA,2025-09-23,18.2174950386871,17.532188841201716,12.6190385612232,13.029814556054557,,12.986051583979718
ACCP.PA,2025-09-24,17.9855954690392,17.309012875536478,12.4584045330265,12.863951555585833,,12.820745664183647
ACCP.PA,2025-09-25,17.9543782192789,17.278969957081543,12.4367807215385,12.841623843984364,,12.7984929442111
ACCP.PA,2025-09-26,18.1283028965148,17.446351931330472,12.557256242686,12.96602109433586,,12.922472384058151
ACCP.PA,2025-09-29,18.0792472183201,17.399141630901287,12.5232759674906,12.930934690390572,,12.887503824101291
ACCP.PA,2025-09-30,17.9722166477133,17.296137339055793,12.4491371852459,12.854382536328073,,12.811208784195411
ACCP.PA,2025-10-01,17.9722166477133,17.296137339055793,12.4491371852459,12.854382536328124,,12.811208784195411
ACCP.PA,2025-10-02,18.2041162173613,17.51931330472103,12.6097712134426,13.020245536796823,,12.976514703991484
ACCP.PA,2025-10-03,18.5385867505073,17.841201716738198,12.8414549079571,13.259471018242188,,13.214936703697353
ACCP.PA,2025-10-06,18.2843891453163,17.59656652360515,12.6653753001261,13.07765965234375,,13.033735983920891
ACCP.PA,2025-10-07,18.0881664325373,17.407725321888414,12.5294541993443,12.9373140365625,,12.89386174409345
ACCP.PA,2025-10-08,18.3200660021852,17.630901287553648,12.690088227541,13.103177037031251,,13.059167663889518
ACCP.PA,2025-10-09,18.3245256092938,17.63519313304721,12.6931773434679,13.10636671011719,,13.062346623885597
ACCP.PA,2025-10-10,18.0346511472339,17.356223175965663,12.492384808222,12.89903795953125,,12.855714224140508
ACCP.PA,2025-10-13,18.0703280041028,17.390557939914164,12.5170977356368,12.924555344218751,,12.881145904109136
ACCP.PA,2025-10-14,18.1104644680804,17.429184549356222,12.5448997789786,12.953262401992188,,12.909756544073838
ACCP.PA,2025-10-15,18.1060048609718,17.42489270386266,12.5418106630517,12.95007272890625,,12.90657758407776
ACCP.PA,2025-10-16,18.4360157870092,17.742489270386265,12.7704052416394,13.186108537265627,,13.141820623787554
ACCP.PA,2025-10-17,18.5385867505073,17.841201716738198,12.8414549079571,13.259471018242188,,13.214936703697353
ACCP.PA,2025-10-20,18.9131937476308,18.201716738197423,13.1009406458134,13.527403557460936,,13.481969343367926
ACCP.PA,2025-10-21,18.9310321760653,18.218884120171676,13.1132971095208,13.540162249804688,,13.49468518335224
ACCP.PA,2025-10-22,19.0113051040203,18.296137339055793,13.1689011962043,13.597576365351562,,13.55190646328165
ACCP.PA,2025-10-23,18.8240016054586,18.11587982832618,13.0391583272762,13.463610095742188,,13.418390143446363
ACCP.PA,2025-10-24,20.1485049167168,19.390557939914164,13.9566257575536,14.410943002265626,,14.362541262281606
ACCP.PA,2025-10-27,20.3625660579303,19.596566523605148,14.1049033220429,14.564047310390624,,14.515131342093362
ACCP.PA,2025-10-28,20.2109394162374,19.450643776824034,13.9998733805296,14.45559842546875,,14.407046702226703
ACCP.PA,2025-10-29,20.077151202979,19.321888412017167,13.9090875635057,14.361857340963542,,14.311677902344355
ACCP.PA,2025-10-30,19.9612014181551,19.21030042918455,13.828759647768,14.27891458421875,,14.229024942446319
ACCP.PA,2025-10-31,19.6891653845296,18.948497854077253,13.6402979993065,14.084318116471355,,14.035108382685545
ACCP.PA,2025-11-03,19.9032265257431,19.15450643776824,13.7885956898991,14.237443205846354,,14.187698462497304
ACCP.PA,2025-11-04,19.9745802394809,19.223175965665234,13.83802825343,14.288484902304686,,14.238561822434555
ACCP.PA,2025-11-05,20.3090507726269,19.5450643776824,14.0697433949811,14.527742854453123,,14.476983822140424
ACCP.PA,2025-11-06,20.0994492385221,19.34334763948498,13.9245352396091,14.377807871106771,,14.327572702324746
ACCP.PA,2025-11-07,20.2689143086494,19.506437768240342,14.041937577995,14.499031900195313,,14.448373182175722
ACCP.PA,2025-11-10,20.7460922692711,19.965665236051503,14.3725178466079,14.840373245260418,,14.788521901756095
ACCP.PA,2025-11-11,20.8219055901175,20.03862660944206,14.4250399453594,14.894605047747396,,14.842564221689424
ACCP.PA,2025-11-12,21.0136686957879,20.223175965665234,14.5578899598487,15.031779606979166,,14.97925950152079
ACCP.PA,2025-11-13,20.8575824469864,20.07296137339056,14.4497562271249,14.920125895976563,,14.867995901658052
ACCP.PA,2025-11-14,20.7193346266194,19.93991416309013,14.3539806352838,14.821232609088543,,14.769448141779625
ACCP.PA,2025-11-17,20.5186523067318,19.746781115879827,14.2149515503531,14.677677837799479,,14.626394941956102
ACCP.PA,2025-11-18,20.0013378821326,19.248927038626608,13.8565654647541,14.307625538476561,,14.257635582411025
ACCP.PA,2025-11-19,20.2243182375633,19.463519313304722,14.0110422257882,14.467130839908853,,14.416583582214939
ACCP.PA,2025-11-20,20.0593127745446,19.304721030042916,13.896729422623,14.349096916848957,,14.29896206236004
ACCP.PA,2025-11-21,20.3268892010614,19.56223175965665,14.0821015358638,14.540503278567709,,14.489699662124737
ACCP.PA,2025-11-24,20.5766271991438,19.802575107296136,14.255115508222,14.719149216171875,,14.66772142190512
ACCP.PA,2025-11-25,20.9646130175931,20.17596566523605,14.5239050724212,14.996688440664062,,14.94429094156393
ACCP.PA,2025-11-26,20.9333957678328,20.145922746781114,14.5022783258764,14.974357698463542,,14.92203822159138
ACCP.PA,2025-11-27,21.1206992663946,20.326180257510728,14.6320388051451,15.108342151666665,,15.055554541426668
ACCP.PA,2025-11-28,20.7906883403572,20.008583690987123,14.4034131988147,14.872274305546874,,14.820311501716876
ACCP.PA,2025-12-01,20.6702789484246,19.892703862660944,14.3199957478563,14.786141442773436,,14.734479581822765
ACCP.PA,2025-12-02,20.7996075545744,20.01716738197425,14.409592269256,14.878654517604167,,14.826669421709035
ACCP.PA,2025-12-03,20.8754208754209,20.09012875536481,14.4621143680076,14.932886320091146,,14.880711741642365
ACCP.PA,2025-12-04,20.5141926996232,19.742489270386265,14.2118620151324,14.674487731770833,,14.623215981960024
ACCP.PA,2025-12-05,20.7728499119228,19.991416309012873,14.3910550579319,14.859513881432292,,14.807595661732563
ACCP.PA,2025-12-08,20.5766271991438,19.802575107296136,14.255115508222,14.719149216171875,,14.66772142190512
ACCP.PA,2025-12-09,20.5052734854059,19.73390557939914,14.2056829446911,14.66810751971354,,14.616858061967868
ACCP.PA,2025-12-10,20.2510758802149,19.489270386266092,14.0295794371123,14.486271476080729,,14.435657342191407
ACCP.PA,2025-12-11,20.6033848417954,19.828326180257513,14.2736527195461,14.738289852343751,,14.68679518188159
ACCP.PA,2025-12-12,20.8709612683123,20.085836909871244,14.4590248327869,14.9296962140625,,14.877532781646286
ACCP.PA,2025-12-15,20.9869110531362,20.197424892703864,14.5393527485246,15.012638970807291,,14.960185741544322
ACCP.PA,2025-12-16,21.1786741588066,20.38197424892704,14.6722027630139,15.149813530039062,,15.096881021375687
ACCP.PA,2025-12-17,21.2366490512186,20.437768240343345,14.7123667208828,15.191284908411458,,15.138207501324702
ACCP.PA,2025-12-18,21.0225879100051,20.23175965665236,14.5640690302901,15.038159819036458,,14.985617421512947
ACCP.PA,2025-12-19,21.4328717639976,20.626609442060087,14.8483062705927,15.331649573671875,,15.278081741152148
ACCP.PA,2025-12-22,21.4640890137579,20.65665236051502,14.8699330171375,15.353980315872397,,15.300334461124697
ACCP.PA,2025-12-23,21.312462372065,20.510729613733904,14.7648888196343,15.245516710898437,,15.192249821258034
ACCP.PA,2025-12-24,21.2277298370014,20.429184549356222,14.7061876504414,15.184904696354165,,15.131849581332547
ACCP.PA,2025-12-29,21.2143510156755,20.416309012875537,14.6969190447794,15.175334378268229,,15.122312701344313
ACCP.PA,2025-12-30,21.4194929426718,20.613733905579398,14.8390376649307,15.322079255585939,,15.268544861163914
ACCP.PA,2025-12-31,21.5042254777354,20.69527896995708,14.8977388341236,15.382691270130207,,15.3289451010894
ASMI.AS,2024-01-02,25.2843312860854,25.27624309392265,33.5434634810585,33.543463481058566,40.39021806303523,33.66602347416448
ASMI.AS,2024-01-03,24.3586207963763,24.350828729281766,32.3153694628996,32.31536946289959,38.91145051646508,32.43344228685901
ASMI.AS,2024-01-04,24.1126857707521,24.104972375690608,31.9890997088215,31.989099708821385,38.51858391454048,32.10598041918681
ASMI.AS,2024-01-05,24.3779640006389,24.370165745856355,32.3410311289507,32.341031128950526,38.94235013684118,32.459197714653456
ASMI.AS,2024-01-08,24.5962658773166,24.588397790055247,32.6306413600986,32.63064136009846,39.291074423942796,32.749866114047876
ASMI.AS,2024-01-09,24.6377156007364,24.629834254143645,32.6856306444938,32.68563064449364,39.357287896177276,32.805056316464544
ASMI.AS,2024-01-10,24.6128457666845,24.604972375690608,32.6526370738567,32.65263707385668,39.317559812836585,32.771942195014546
ASMI.AS,2024-01-11,24.9499701838323,24.94198895027624,33.0998832536041,33.099883253604126,39.85609605367706,33.2208225080034
ASMI.AS,2024-01-12,24.8864139412552,24.87845303867403,33.0155663508648,33.01556635086471,39.75456872958418,33.13619753096452
ASMI.AS,2024-01-15,24.8698340518873,24.86187845303867,32.9935706371068,32.993570637106785,39.72808334069039,33.11412144999785
ASMI.AS,2024-01-16,25.1434022264581,25.135359116022098,33.3564999141149,33.356499914114956,40.165092257437976,33.47837678594783
ASMI.AS,2024-01-17,25.5661894053402,25.558011049723756,33.9173906149458,33.917390614945774,40.840469674229716,34.041316850597795
ASMI.AS,2024-01-18,27.5419595550179,27.53314917127072,36.5385465044492,36.538546504449116,43.99664518407346,36.67204983245874
ASMI.AS,2024-01-19,27.4203736996531,27.411602209944746,36.3772446035567,36.37724460355659,43.802418998852296,36.510158572036524
ASMI.AS,2024-01-22,28.1194923680006,28.11049723756906,37.3047305336887,37.30473053368874,44.91921956387393,37.44103331946424
ASMI.AS,2024-01-23,28.3350309297836,28.32596685082873,37.5906748125436,37.59067481254366,45.26352961949325,37.72802237203089
ASMI.AS,2024-01-24,29.059019432183,29.049723756906072,38.5511543133128,38.55115431331278,46.42005826785556,38.6920112409086
ASMI.AS,2024-01-25,29.4071971089094,29.397790055248617,39.0130643022323,39.013064302232266,46.97625143462523,39.15560894120858
ASMI.AS,2024-01-26,28.9429602066075,28.933701657458563,38.3971843170063,38.39718431700627,46.23466054559901,38.53747867414195
ASMI.AS,2024-01-29,28.8158477214534,28.80662983425414,38.2285505115277,38.22855051152773,46.03160589741326,38.36822872006418
ASMI.AS,2024-01-30,28.7771613129283,28.76795580110497,38.1772271794255,38.177227179425564,45.96980665666108,38.3167178644753
ASMI.AS,2024-01-31,28.5284629724094,28.519337016574585,37.8472914730545,37.8472914730545,45.572525823254175,37.98557664997532
ASMI.AS,2024-02-01,28.9208536874503,28.911602209944746,38.3678566986622,38.36785669866203,46.199346693740615,38.50804389951972
ASMI.AS,2024-02-02,28.8158477214534,28.80662983425414,38.2285505115277,38.22855051152759,46.03160589741326,38.36822872006418
ASMI.AS,2024-02-05,29.0921792109189,29.08287292817679,38.5951457408289,38.59514574082892,46.47302904564315,38.73616340284193
ASMI.AS,2024-02-06,29.6061557813245,29.596685082872927,39.2770128673291,39.27701286732912,47.29407610135076,39.42052191280856
ASMI.AS,2024-02-07,30.1809252794126,30.171270718232044,40.0395309442756,40.03953094427559,48.21223624966893,40.185826052986286
ASMI.AS,2024-02-08,30.6506888115038,30.64088397790055,40.6627428340876,40.66274283408761,48.962655601659755,40.811315013708466
ASMI.AS,2024-02-09,31.9383935524126,31.928176795580107,42.3710766026311,42.37107660263114,51.01968747241105,42.5258906354528
ASMI.AS,2024-02-12,31.407837092639,31.397790055248613,41.6672137623728,41.66721376237271,50.17215502780965,41.819456044519505
ASMI.AS,2024-02-13,30.4462035092994,30.436464088397788,40.3914623644047,40.39146236440473,48.636002471969626,40.53904334845293
ASMI.AS,2024-02-14,30.8717540030761,30.861878453038674,40.9560190175285,40.95601901752841,49.315794120243666,41.105662759930674
ASMI.AS,2024-02-15,31.0707126754912,31.060773480662984,41.2199675826254,41.21996758262541,49.633618786969194,41.37057573153066
ASMI.AS,2024-02-16,32.1262989652491,32.116022099447505,42.6203613585559,42.62036135855595,51.319855213207376,42.77608621974167
ASMI.AS,2024-02-19,31.4409968713749,31.43093922651933,41.711205189889,41.711205189889,50.225125805597244,41.86360820645284
ASMI.AS,2024-02-20,29.9819666069975,29.972375690607734,39.7755823791787,39.775582379178736,47.89441158294341,39.9209130813863
ASMI.AS,2024-02-21,29.9653867176296,29.955801104972377,39.7535866654206,39.75358666542066,47.86792619404962,39.89883700041964
ASMI.AS,2024-02-22,30.816487705183,30.806629834254142,40.8826999716683,40.882699971668174,49.22750949059769,41.03207582337512
ASMI.AS,2024-02-23,30.6617420710824,30.651933701657455,40.6774066432596,40.67740664325966,48.98031252758894,40.826032401019575
ASMI.AS,2024-02-26,31.8831272545195,31.872928176795575,42.2977575567709,42.297757556770904,50.931402842765074,42.452303698897246
ASMI.AS,2024-02-27,32.0599794077774,38.23994726433751,42.5323785035236,38.96454305457224,46.11287758346582,39.07505625186101
ASMI.AS,2024-02-28,31.335990905378,37.37640079103494,41.5718990027545,38.084633532050304,45.07154213036566,38.19265108568383
ASMI.AS,2024-02-29,31.1536121223308,37.15886618325643,41.3299461514157,37.862976934773954,44.809220985691574,37.97036581481477
ASMI.AS,2024-03-01,31.4686300203214,37.534607778510214,41.7478647128191,38.2458383300697,45.26232114467408,38.354313100861326
ASMI.AS,2024-03-04,38.6222340624761,38.60909690177983,39.3406875832839,39.34068758328371,46.55802861685215,39.4522676206085
ASMI.AS,2024-03-05,37.3759301120223,37.36321687541199,38.0711997988822,38.07119979888217,45.05564387917329,38.1791792510857
ASMI.AS,2024-03-06,38.1342632035683,38.121292023731044,38.8436394560578,38.84363945605765,45.969793322734496,38.95380974047788
ASMI.AS,2024-03-07,39.5783931779036,39.564930784442986,40.3146332379835,40.31463323798355,47.71065182829889,40.42897562897255
ASMI.AS,2024-03-08,38.0749153964038,38.061964403427815,38.7831876568005,38.783187656800436,45.89825119236884,38.89318648478632
ASMI.AS,2024-03-11,36.7890462411737,36.77653263019116,37.4733986728941,37.47339867289407,44.348171701112875,37.579682611469146
ASMI.AS,2024-03-12,37.342959108042,37.33025708635464,38.0376154659615,38.03761546596149,45.01589825119237,38.14549966459039
ASMI.AS,2024-03-13,37.3561475096341,37.34344100197759,38.0510491991298,38.05104919912976,45.031796502384736,38.15897149918852
ASMI.AS,2024-03-14,36.9407128594829,36.92814765985498,37.6278866043292,37.6278866043292,44.531001589825124,37.73460870934759
ASMI.AS,2024-03-15,36.4725246029632,36.460118655240606,37.1509890768555,37.15098907685555,43.966613672496024,37.256358581114156
ASMI.AS,2024-03-18,36.3472347878382,36.33487145682268,37.023368611757,37.023368611756965,43.815580286168526,37.12837615243197
ASMI.AS,2024-03-19,36.3736115910224,36.36123928806856,37.0502360780935,37.05023607809338,43.84737678855326,37.15531982162822
ASMI.AS,2024-03-20,36.195568169529,36.18325642715887,36.8688806803218,36.868880680321844,43.63275039745628,36.97345005455353
ASMI.AS,2024-03-21,38.6617992672524,38.648648648648646,39.3809887827886,39.38098878278866,46.605723370429246,39.492683124402866
ASMI.AS,2024-03-22,37.850712569338,37.83783783783784,38.55481419294,38.554814192939816,45.627980922098565,38.664165296618194
ASMI.AS,2024-03-25,38.2991182234695,38.28609096901779,39.0115611206612,39.01156112066105,46.168521462639106,39.12220767295444
ASMI.AS,2024-03-26,38.2595530186932,38.24653922214898,38.9712599211564,38.971259921156374,46.12082670906201,39.08179216916007
ASMI.AS,2024-03-27,37.844118368542,37.831245880026366,38.5480973263558,38.548097326355816,45.62003179650238,38.65742937931913
ASMI.AS,2024-03-28,37.3165823048578,37.303889255108764,38.0107479996249,38.01074799962481,44.98410174880763,38.11855599539414
ASMI.AS,2024-04-02,37.718828553417,37.705998681608435,38.4204768612572,38.42047686125723,45.46899841017488,38.52944695063695
ASMI.AS,2024-04-03,37.7056401518249,37.692814765985496,38.4070431280889,38.40704312808882,45.45310015898251,38.515975116038824
ASMI.AS,2024-04-04,37.9166545772986,37.90375741595254,38.6219828587813,38.62198285878131,45.707472178060414,38.73152446960882
ASMI.AS,2024-04-05,38.1144806011801,38.10151615029664,38.8234888563054,38.82348885630525,45.945945945945944,38.93360198858069
ASMI.AS,2024-04-08,38.233176215509,38.2201713909031,38.9443924548198,38.94439245481969,46.089030206677265,39.05484849996381
ASMI.AS,2024-04-09,37.9430313804827,37.93012524719842,38.6488503251178,38.64885032511785,45.73926868044515,38.75846813880507
ASMI.AS,2024-04-10,38.4310022393906,38.417930125247196,39.1458984523439,39.14589845234391,46.327503974562795,39.25692601893569
ASMI.AS,2024-04-11,38.4310022393906,38.417930125247196,39.1458984523439,39.14589845234391,46.327503974562795,39.25692601893569
ASMI.AS,2024-04-12,38.5496978537195,38.53658536585366,39.2668020508583,39.26680205085835,46.470588235294116,39.378172530318814
ASMI.AS,2024-04-15,39.7762192017852,39.762689518787084,40.5161392355076,40.51613923550749,47.94912559618442,40.63105314794442
ASMI.AS,2024-04-16,39.6179583826799,39.604482531311795,40.3549344374883,40.354934437488225,47.75834658187599,40.469391132766916
ASMI.AS,2024-04-17,38.2595530186932,38.24653922214898,38.9712599211564,38.971259921156374,46.12082670906201,39.08179216916007
ASMI.AS,2024-04-18,35.9252059368908,35.91298615688859,36.5934891503723,36.593489150372136,43.306836248012715,36.697277445291974
ASMI.AS,2024-04-19,34.4876701633516,34.47593935398813,35.1292122350306,35.12921223503065,41.573926868044516,35.22884747409637
ASMI.AS,2024-04-22,33.9865109028516,33.974950560316415,34.6187303746363,34.618730374636186,40.969793322734496,34.716917759367625
ASMI.AS,2024-04-23,35.054771431812,48.32727272727273,35.7068627612663,39.34059989100426,42.80193236714976,39.42505661698041
ASMI.AS,2024-04-24,53.6559236594431,53.63636363636363,43.6624415645081,43.662441564507965,47.50402576489533,43.75617645601663
ASMI.AS,2024-04-25,52.8920088141222,52.872727272727275,43.0408068032507,43.04080680325071,46.82769726247987,43.13320716410046
ASMI.AS,2024-04-26,56.7297714894248,56.709090909090904,46.1637814371867,46.163781437186714,50.225442834138484,46.262886225869785
ASMI.AS,2024-04-29,54.2379540177828,54.21818181818182,44.1360680492756,44.13606804927551,48.01932367149758,44.230819726048
ASMI.AS,2024-04-30,54.1288233255941,54.10909090909092,44.0472630833817,44.04726308338174,47.92270531400967,44.14182411291712
ASMI.AS,2024-05-02,52.9101972628204,52.89090909090908,43.0556076308997,43.055607630899694,46.843800322061185,43.14803976628894
ASMI.AS,2024-05-03,54.4562154021602,54.43636363636363,44.3136779810634,44.313677981063336,48.21256038647343,44.40881095230976
ASMI.AS,2024-05-06,54.7836074787263,54.76363636363636,44.5800928787452,44.58009287874523,48.50241545893719,44.6757977917024
ASMI.AS,2024-05-07,56.4205678615568,56.4,45.912167367154,45.912167367153955,49.95169082125604,46.010731988665626
ASMI.AS,2024-05-08,55.8931028493114,55.872727272727275,45.4829433653334,45.48294336533336,49.48470209339775,45.5805865251997
ASMI.AS,2024-05-09,55.4565800805566,55.43636363636363,45.1277235017577,45.12772350175771,49.09822866344605,45.22460407267617
ASMI.AS,2024-05-10,56.5478870024436,56.527272727272724,46.0157731606968,46.01577316069686,50.064412238325275,46.11456020398498
ASMI.AS,2024-05-13,56.4569447589531,56.43636363636363,45.9417690224519,45.94176902245193,49.983896940418674,46.04039719304258
ASMI.AS,2024-05-14,56.4751332076512,56.45454545454545,45.9565698501009,45.95656985010076,50.0,46.055229795231064
ASMI.AS,2024-05-15,58.0939051417835,58.07272727272727,47.2738435108606,47.27384351086065,51.43317230273752,47.3753313900058
ASMI.AS,2024-05-16,59.0033275766893,58.98181818181818,48.0138848933099,48.013884893309786,52.23832528180354,48.11696149942981
ASMI.AS,2024-05-17,59.0942698201799,59.07272727272727,48.0878890315549,48.08788903155472,52.31884057971014,48.19112451037221
ASMI.AS,2024-05-20,59.5671694863309,59.54545454545455,48.4727105504285,48.472710550428495,52.73752012882448,48.5767721672727
ASMI.AS,2024-05-21,59.8399962168027,59.81818181818182,48.6947229651633,48.69472296516314,52.97906602254428,48.799261200099906
ASMI.AS,2024-05-22,59.8581846655008,59.83636363636364,48.7095237928122,48.70952379281212,52.99516908212561,48.81409380228839
ASMI.AS,2024-05-23,61.2768836639539,61.25454545454545,49.8639883494331,49.863988349433164,54.2512077294686,49.97103677298984
ASMI.AS,2024-05-24,60.7676071004066,60.74545454545455,49.4495651752615,49.44956517526141,53.80032206119163,49.5557239117124
ASMI.AS,2024-05-27,60.2401420881612,60.21818181818182,49.020341173441,49.020341173440826,53.33333333333333,49.125578448246465
ASMI.AS,2024-05-28,60.5857226134254,60.56363636363637,49.3015568987717,49.3015568987717,53.63929146537843,49.4073978898276
ASMI.AS,2024-05-29,59.7490539733121,59.72727272727273,48.6207188269183,48.620718826918356,52.89855072463768,48.72509818915751
ASMI.AS,2024-05-30,59.2034005123686,59.18181818181818,48.1766939974488,48.17669399744878,52.41545893719807,48.280120123503096
ASMI.AS,2024-05-31,58.2212242826703,58.2,47.3774493044035,47.37744930440355,51.54589371980677,47.479159605325165
ASMI.AS,2024-06-03,58.8214430897081,58.8,47.8658766168201,47.865876616819925,52.07729468599033,47.96863547754501
ASMI.AS,2024-06-04,58.8396315384063,58.81818181818182,47.8806774444691,47.880677444469065,52.09339774557166,47.98346807973349
ASMI.AS,2024-06-05,61.5860872918218,61.56363636363637,50.1156024194659,50.115602419465915,54.52495974235105,50.22319101019401
ASMI.AS,2024-06-06,61.4042028048407,61.38181818181818,49.9675941429761,49.96759414297606,54.36392914653785,50.07486498830921
ASMI.AS,2024-06-07,62.5136981754258,62.49090909090909,50.8704446295642,50.8704446295642,55.346215780998385,50.97965372180649
ASMI.AS,2024-06-10,62.8956555980862,62.872727272727275,51.1812620101929,51.18126201019275,55.68438003220612,51.29113836776458
ASMI.AS,2024-06-11,63.0957285337655,63.07272727272727,51.3440711143317,51.34407111433175,55.86151368760064,51.45429699183786
ASMI.AS,2024-06-12,63.3139899181429,63.290909090909096,51.5216810461196,51.52168104611957,56.054750402576495,51.63228821809963
ASMI.AS,2024-06-13,62.9684093928787,62.945454545454545,51.2404653207888,51.24046532078884,55.748792270531396,51.3504687765185
ASMI.AS,2024-06-14,61.458768150935,61.43636363636363,50.011996625923,50.011996625923025,54.4122383252818,50.11936279487464
ASMI.AS,2024-06-17,62.8592787006899,62.83636363636364,51.1516603548949,51.15166035489492,55.652173913043484,51.26147316338762
ASMI.AS,2024-06-18,63.8778318277845,63.85454545454545,51.9805067032381,51.98050670323813,56.55394524959742,52.09209888594251
ASMI.AS,2024-06-19,62.9865978415768,62.96363636363637,51.2552661484378,51.25526614843768,55.76489533011272,51.36530137870698
ASMI.AS,2024-06-20,66.3332724020302,66.30909090909091,53.9786184358512,53.97861843585106,58.727858293075684,54.09450018138734
ASMI.AS,2024-06-21,64.5689928783129,64.54545454545455,52.5429381538996,52.54293815389959,57.1658615136876,52.65573776910476
ASMI.AS,2024-06-24,62.8229018032937,62.8,51.1220586995969,51.122058699596955,55.61996779388083,51.23180795901066
ASMI.AS,2024-06-25,63.2594245720486,63.23636363636364,51.4772785631726,51.47727856317262,56.00644122383253,51.587790411534186
ASMI.AS,2024-06-26,63.3867437129354,63.36363636363637,51.5808843567155,51.580884356715515,56.11916264090177,51.69161862685355
ASMI.AS,2024-06-27,63.6595704434071,63.63636363636363,51.8028967714503,51.8028967714503,56.36070853462158,51.91410765968075
ASMI.AS,2024-06-28,64.7326889165959,64.7090909090909,52.6761456027404,52.67614560274032,57.31078904991948,52.789231188801075
ASMI.AS,2024-07-01,63.7868895842939,63.76363636363636,51.9065025649932,51.90650256499305,56.47342995169082,52.017935875000106
ASMI.AS,2024-07-02,64.3689199426336,64.34545454545454,52.3801290497607,52.380129049760754,56.988727858293075,52.49257914503148
ASMI.AS,2024-07-03,63.950585622577,63.92727272727273,52.0397100138341,52.039710013833925,56.61835748792271,52.151429294696435
ASMI.AS,2024-07-04,65.1874001340489,65.16363636363636,53.0461662939651,53.046166293965115,57.71336553945249,53.16004624351309
ASMI.AS,2024-07-05,65.2965308262376,65.27272727272727,53.134971259859,53.13497125985887,57.809983896940416,53.24904185664397
ASMI.AS,2024-07-08,65.4784153132187,65.45454545454545,53.2829795363489,53.28297953634888,57.971014492753625,53.39736787852877
ASMI.AS,2024-07-09,65.8967496332754,65.87272727272727,53.6233985722755,53.6233985722754,58.341384863124,53.73851772886382
ASMI.AS,2024-07-10,66.5879106838039,66.56363636363636,54.185830022937,54.18583002293701,58.953301127214175,54.30215661202607
ASMI.AS,2024-07-11,66.2059532611434,66.18181818181819,53.8750126423083,53.875012642308164,58.61513687600644,53.99067196606798
ASMI.AS,2024-07-12,67.1699410421435,67.14545454545454,54.6594565077045,54.65945650770457,59.468599033816425,54.77679988205743
ASMI.AS,2024-07-15,67.3154486317285,67.2909090909091,54.7778631288964,54.7778631288963,59.597423510466996,54.89546069956528
ASMI.AS,2024-07-16,66.8243605168793,66.8,54.3782407823738,54.37824078237384,59.16264090177133,54.494980440476304
ASMI.AS,2024-07-17,61.7134064327086,61.690909090909095,50.2192082130088,50.21920821300867,54.63768115942029,50.32701922551337
ASMI.AS,2024-07-18,59.9127500115952,59.89090909090908,48.7539262757592,48.75392627575923,53.04347826086956,48.85859160885382
ASMI.AS,2024-07-19,59.8399962168027,59.81818181818182,48.6947229651633,48.69472296516329,52.97906602254428,48.799261200099906
ASMI.AS,2024-07-22,60.5129688186329,60.49090909090909,49.2423535881757,49.24235358817576,53.57487922705314,49.34806748107367
ASMI.AS,2024-07-23,63.0411631876711,62.059086839749334,51.2996686313848,48.22290578961354,52.15951843491347,48.27961361686838
ASMI.AS,2024-07-24,56.2188649305503,56.2041181736795,43.6733125428729,43.673312542872864,47.238525206922496,43.72467026640214
ASMI.AS,2024-07-25,53.8189516139865,53.804834377797675,41.8089532307528,41.80895323075278,45.22197140707299,41.85811855703678
ASMI.AS,2024-07-26,54.2308770339937,54.21665174574754,42.128955202236,42.128955202235936,45.568096313017314,42.17849683550994
ASMI.AS,2024-07-29,54.4278848435624,54.413607878245294,42.2819996233803,42.281999623380266,45.73363431151242,42.33172122956232
ASMI.AS,2024-07-30,54.3204260383431,54.30617726051925,42.1985208482107,42.198520848210705,45.64334085778781,42.248144287351934
ASMI.AS,2024-07-31,56.7382491557768,56.72336615935542,44.0767932895257,44.07679328952572,47.67494356659142,44.1286254870857
ASMI.AS,2024-08-01,55.8785787140226,55.863921217547,43.4089630881693,43.40896308816927,46.95259593679459,43.460009949402576
ASMI.AS,2024-08-02,48.8221171712902,48.809310653536265,37.9271901853684,37.9271901853684,41.02332580887886,37.97179074425367
ASMI.AS,2024-08-05,49.0907641843384,49.07788719785139,38.1358871232923,38.1358871232923,41.249059443190376,38.180733099779644
ASMI.AS,2024-08-06,49.5205994052155,49.5076096687556,38.4698022239705,38.469802223970525,41.61023325808879,38.5150408686212
ASMI.AS,2024-08-07,49.9146150243528,49.90152193375112,38.7758910662589,38.7758910662589,41.941309255079005,38.82148965672596
ASMI.AS,2024-08-08,50.3981796478396,50.38495971351835,39.1515455545219,39.15154555452176,42.347629796839726,39.197585896672706
ASMI.AS,2024-08-09,50.631007059148,50.6177260519248,39.3324162340559,39.33241623405594,42.543265613243044,39.37866927146189
ASMI.AS,2024-08-12,51.2578500895938,51.24440465532677,39.8193757558783,39.819375755878355,43.06997742663657,39.86620143435582
ASMI.AS,2024-08-13,51.8488735182998,51.83527305282006,40.2785090193109,40.27850901931091,43.566591422121896,40.32587461651297
ASMI.AS,2024-08-14,52.0817009296082,52.0680393912265,40.4593796988449,40.45937969884495,43.76222723852521,40.50695799130215
ASMI.AS,2024-08-15,54.2846064366033,54.27036705461057,42.1706945898208,42.17069458982071,45.61324303987961,42.22028530661514
ASMI.AS,2024-08-16,54.2487868348636,54.23455684870188,42.142868331431,42.142868331430854,45.58314522197141,42.19242632587834
ASMI.AS,2024-08-19,54.481614246172,54.46732318710833,42.323739010965,42.3237390109649,45.77878103837472,42.37350970066751
ASMI.AS,2024-08-20,54.6248926531311,54.61056401074306,42.4350440445244,42.435044044524446,45.89917231000753,42.4849456236147
ASMI.AS,2024-08-21,55.0905474757479,55.07609668755596,42.7967854035925,42.79678540359252,46.29044394281415,42.847112373193056
ASMI.AS,2024-08-22,54.7502612592202,54.73589973142345,42.5324359488889,42.53243594888879,46.004514672686234,42.58245205619349
ASMI.AS,2024-08-23,53.8368614148564,53.82273948075202,41.8228663599477,41.82286635994756,45.23702031602709,41.87204804740518
ASMI.AS,2024-08-26,52.995100773972,52.98119964189794,41.1689492877862,41.168949287786035,44.52972159518435,41.21736200009045
ASMI.AS,2024-08-27,53.1025595791913,53.08863025962399,41.2524280629557,41.252428062955595,44.620015048908954,41.300938942300846
ASMI.AS,2024-08-28,52.7443635617937,52.73052820053715,40.9741654790572,40.97416547905707,44.31903686982694,41.02234913493288
ASMI.AS,2024-08-29,54.6965318566106,54.682184422560425,42.4906965613041,42.490696561304155,45.95936794582393,42.54066358508829
ASMI.AS,2024-08-30,54.7144416574805,54.70008952551477,42.5046096904991,42.50460969049908,45.974416854778035,42.554593075456694
ASMI.AS,2024-09-02,54.4457946444323,54.431512981199646,42.2959127525752,42.29591275257505,45.74868322046652,42.34565071993072
ASMI.AS,2024-09-03,52.7443635617937,52.73052820053715,40.9741654790572,40.97416547905707,44.31903686982694,41.02234913493288
ASMI.AS,2024-09-04,49.7355170156541,49.7224709042077,38.6367597743096,38.63675977430964,41.790820165538,38.682194753041976
ASMI.AS,2024-09-05,49.3235915956468,49.31065353625783,38.3167578028263,38.316757802826196,41.44469525959368,38.36181647456881
ASMI.AS,2024-09-06,47.8012585217071,47.78871978513876,37.1341418212576,37.13414182125762,40.16553799849511,37.17780979325496
ASMI.AS,2024-09-09,48.3743721495433,48.36168307967771,37.5793619554953,37.579361955495116,40.647103085026345,37.62355348504371
ASMI.AS,2024-09-10,48.0340859330155,48.02148612354521,37.3150125007916,37.31501250079166,40.36117381489842,37.35889316804414
ASMI.AS,2024-09-11,48.6609289634613,48.64816472694718,37.8019720226141,37.80197202261407,40.88788562829195,37.846425330938075
ASMI.AS,2024-09-12,50.0220738295721,50.00895255147717,38.8593698414284,38.85936984142845,42.03160270880362,38.90506659893635
ASMI.AS,2024-09-13,50.7921952669769,50.778871978513884,39.4576343968103,39.45763439681027,42.678705793829955,39.50403468477747
ASMI.AS,2024-09-16,50.8280148687167,50.814682184422566,39.4854606552001,39.48546065519999,42.708803611738155,39.53189366551427
ASMI.AS,2024-09-17,51.078752080895,51.065353625783345,39.6802444639291,39.68024446392895,42.919488337095565,39.72690653067184
ASMI.AS,2024-09-18,50.1474424356613,50.13428827215756,38.9567617457929,38.9567617457928,42.13694507148232,39.00257303151513
ASMI.AS,2024-09-19,52.9413713713624,52.92748433303492,41.1272099002014,41.12720990020126,44.484574868322056,41.17557352898527
ASMI.AS,2024-09-20,50.3086306434902,50.29543419874664,39.0819799085473,39.081979908547126,42.27238525206923,39.12793844483072
ASMI.AS,2024-09-23,50.7026462626275,50.68934646374217,39.3880687508356,39.38806875083564,42.60346124905945,39.434387232935485
ASMI.AS,2024-09-24,50.5235482539288,50.51029543419875,39.2489374588864,39.24893745888638,42.45297215951844,39.2950923292515
ASMI.AS,2024-09-25,50.9533834748058,50.940017905102955,39.5828525595646,39.58285255956461,42.81414597441686,39.62940009809306
ASMI.AS,2024-09-26,51.9921519252588,51.97851387645479,40.3898140528703,40.389814052870314,43.68698269375471,40.43731053946016
ASMI.AS,2024-09-27,52.4219871461359,52.408236347358994,40.7237291535485,40.723729153548405,44.04815650865312,40.77161830830171
ASMI.AS,2024-09-30,52.7801831635335,52.76633840644583,41.001991737447,41.001991737447064,44.34913468773514,41.050208115669676
ASMI.AS,2024-10-01,52.0817009296082,52.0680393912265,40.4593796988449,40.45937969884495,43.76222723852521,40.50695799130215
ASMI.AS,2024-10-02,53.2279281852805,53.21396598030439,41.3498199673202,41.349819967320215,44.72535741158766,41.398445374879635
ASMI.AS,2024-10-03,52.8697321678829,52.85586392121755,41.0715573834217,41.071557383421556,44.42437923250564,41.11985556751167
ASMI.AS,2024-10-04,52.7622733626636,52.7484333034915,40.9880786082521,40.98807860825214,44.334085778781045,41.036278625301286
ASMI.AS,2024-10-07,51.6518657087311,51.63831692032229,40.1254645981667,40.12546459816672,43.401053423626784,40.17265022246058
ASMI.AS,2024-10-08,52.2249793365673,52.21128021486124,40.5706847324043,40.57068473240435,43.88261851015802,40.61839391424934
ASMI.AS,2024-10-09,53.4070261939792,53.3930170098478,41.4889512592694,41.48895125926948,44.87584650112867,41.53774027856362
ASMI.AS,2024-10-10,51.2041206869841,51.190689346463735,39.7776363682936,39.77763636829357,43.02483069977426,39.82441296325063
ASMI.AS,2024-10-11,51.5085873017721,51.49507609668756,40.0141595646073,40.014159564607176,43.28066215199399,40.06121429951341
ASMI.AS,2024-10-14,52.7443635617937,52.73052820053715,40.9741654790572,40.97416547905721,44.31903686982694,41.02234913493288
ASMI.AS,2024-10-15,45.4013452051434,45.38943598925694,35.2697825091375,35.269782509137535,38.1489841986456,35.3112580838896
ASMI.AS,2024-10-16,45.455074607753,45.443151298119965,35.3115218967223,35.31152189672231,38.194130925507906,35.35304655499479
ASMI.AS,2024-10-17,45.9744588329795,45.96239928379588,35.7150026433752,35.715002643375165,38.630549285176826,35.75700177567834
ASMI.AS,2024-10-18,46.4580234564662,46.44583706356311,36.0906571316382,36.090657131638025,39.03686982693755,36.13309801562509
ASMI.AS,2024-10-21,46.0998274390686,46.08773500447627,35.8123945477396,35.81239454773951,38.73589164785553,35.85450820825712
ASMI.AS,2024-10-22,46.4042940538566,46.39212175470009,36.0489177440534,36.04891774405339,38.99172310007525,36.0913095445199
ASMI.AS,2024-10-23,46.0819176381988,46.069829901521935,35.7984814185447,35.79848141854472,38.72084273890143,35.84057871788873
ASMI.AS,2024-10-24,46.4401136555963,46.427931960608774,36.0767440024432,36.0767440024431,39.02182091798345,36.1191685252567
ASMI.AS,2024-10-25,46.6550312660349,46.64279319606088,36.2437015527823,36.243701552782355,39.20240782543266,36.286322409677474
ASMI.AS,2024-10-28,46.189376443418,46.17726051924798,35.8819601937142,35.881960193714136,38.81113619262604,35.92415566009912
ASMI.AS,2024-10-29,46.2610156468975,46.37342908438061,35.937612710494,31.992427368756037,31.96782178217822,31.98024729988059
ASMI.AS,2024-10-30,48.866496480374,48.88689407540395,33.7263075055691,33.72643427221153,33.70049504950495,33.713594037001485
ASMI.AS,2024-10-31,45.9592719376562,45.978456014362656,31.719821344753,31.719940569641583,31.69554455445545,31.707864241190165
ASMI.AS,2024-11-01,46.5155926834849,46.53500897666068,32.1037785730573,32.10389924112104,32.07920792079208,32.09167673298121
ASMI.AS,2024-11-04,45.5465178359123,45.56552962298025,31.4349498527853,31.435068006930894,31.41089108910891,31.423100134377442
ASMI.AS,2024-11-05,46.1566760732728,46.17594254937163,31.8560642322158,31.85618396919869,31.83168316831683,31.844055770535373
ASMI.AS,2024-11-06,44.7569012934457,44.77558348294434,30.889978302934,30.890094408701987,30.866336633663366,30.87833401699659
ASMI.AS,2024-11-07,45.9054344461244,45.9245960502693,31.6826641936268,31.682783278853247,31.65841584158416,31.670721096823286
ASMI.AS,2024-11-08,45.6541928189759,45.67324955116696,31.5092641550377,31.50938258850756,31.485148514851485,31.497386423111195
ASMI.AS,2024-11-11,46.3361343783789,46.35547576301615,31.9799214026366,31.9800416051598,31.955445544554454,31.967866251758295
ASMI.AS,2024-11-12,47.0180759377818,47.03770197486535,32.4505786502354,32.45070062181216,32.42574257425743,32.438346080405395
ASMI.AS,2024-11-13,46.1746219037834,46.193895870736085,31.8684499492579,31.86856973279492,31.844059405940595,31.856436818657667
ASMI.AS,2024-11-14,47.4846675310575,47.50448833034112,32.7726072933294,32.77273047531094,32.74752475247525,32.760253331585
ASMI.AS,2024-11-15,45.5465178359123,45.56552962298025,31.4349498527853,31.435068006930894,31.41089108910891,31.423100134377442
ASMI.AS,2024-11-18,44.5325784120632,44.55116696588869,30.7351568399081,30.735272363750592,30.71163366336634,30.72357091546794
ASMI.AS,2024-11-19,44.1018784798087,44.12028725314183,30.4378996308983,30.43801403744404,30.41460396039604,30.426425760532926
ASMI.AS,2024-11-20,44.0300951577663,44.04847396768402,30.38835676273,30.388470983059594,30.365099009900987,30.376901568043756
ASMI.AS,2024-11-21,44.5415513273185,44.56014362657091,30.7413496984291,30.741465245548774,30.717821782178216,30.72976143952908
ASMI.AS,2024-11-22,45.2773303782533,45.296229802513466,31.2491640971542,31.249281552989345,31.225247524752476,31.23738441254306
ASMI.AS,2024-11-25,46.0848927512304,46.104129263913826,31.8065213640475,31.80664091481424,31.782178217821784,31.794531578046207
ASMI.AS,2024-11-26,45.151709564679,45.170556552962296,31.1624640778596,31.162581207816565,31.138613861386137,31.150717075687012
ASMI.AS,2024-11-27,44.406957598489,44.42549371633752,30.6484568206136,30.64857201857794,30.625,30.63690357861189
ASMI.AS,2024-11-28,44.88252210702,44.90125673249551,30.9766783222285,30.97679475387489,30.9529702970297,30.96500135385263
ASMI.AS,2024-11-29,45.8874886156138,45.90664272890484,31.6702784765847,31.670397515257015,31.646039603960393,31.658340048700992
ASMI.AS,2024-12-02,45.923380276635,45.94254937163375,31.63092694693,31.631045837692238,31.67079207920792,31.68310214494558
ASMI.AS,2024-12-03,45.9772177681668,45.99640933572711,31.6680089245935,31.668127954735382,31.707920792079207,31.72024528931245
ASMI.AS,2024-12-04,46.102838581741,46.12208258527827,31.7545335391415,31.754652894502293,31.794554455445542,31.806912626168494
ASMI.AS,2024-12-05,45.6183011579547,45.63734290843806,31.4207957401704,31.42091384111528,31.46039603960396,31.472624326866608
ASMI.AS,2024-12-06,46.4258635309319,46.44524236983842,31.9770254051223,31.97714559676039,32.01732673267327,32.029771492369754
ASMI.AS,2024-12-09,46.8565634631864,46.87612208258528,32.27368122643,32.273802533104636,32.31435643564357,32.32691664730477
ASMI.AS,2024-12-10,46.8027259716546,46.82226211849192,32.2365992487665,32.23672041606162,32.27722772277228,32.28977350293789
ASMI.AS,2024-12-11,47.4128842090151,47.4326750448833,32.6568616622857,32.6569844092158,32.698019801980195,32.710729139095825
ASMI.AS,2024-12-12,47.0001301072712,47.01974865350089,32.3725665001992,32.37268817855268,32.41336633663366,32.4259650322831
ASMI.AS,2024-12-13,47.1795884123773,47.199281867145416,32.4961730924107,32.49629523536274,32.53712871287129,32.54977551350602
ASMI.AS,2024-12-16,48.4716882091407,48.491921005386,33.3861405563337,33.38626604439511,33.428217821782184,33.44121097831106
ASMI.AS,2024-12-17,49.4946005482451,49.51526032315979,34.0906981319394,34.0908262682124,34.133663366336634,34.14693072128171
ASMI.AS,2024-12-18,51.7737210230918,51.79533213644524,35.6605018530258,35.66063588969995,35.70544554455446,35.71932383281281
ASMI.AS,2024-12-19,49.9611921415208,49.98204667863554,34.4120752716894,34.41220461591841,34.45544554455445,34.4688379724613
ASMI.AS,2024-12-20,50.6251878704132,50.64631956912029,34.8694196628721,34.86955072611561,34.913366336633665,34.926936752986116
ASMI.AS,2024-12-23,50.4995670568389,50.52064631956912,34.782895048324,34.7830257863487,34.82673267326732,34.84026941613007
ASMI.AS,2024-12-24,51.1456169552207,51.166965888689404,35.2278787802855,35.22801119086488,35.272277227722775,35.28598714853259
ASMI.AS,2024-12-27,50.7867003450086,50.80789946140035,34.9806655958624,34.98079707724478,35.024752475247524,35.03836618608675
ASMI.AS,2024-12-30,49.8355713279466,49.85637342908438,34.3255506571413,34.32567967615151,34.368811881188115,34.38217063560526
ASMI.AS,2024-12-31,50.1406504466269,50.161579892280066,34.5356818639009,34.5358116727286,34.57920792079208,34.59264845368423
ASMI.AS,2025-01-02,50.948212819604,50.96947935368043,35.0919115288528,35.09204342837383,35.136138613861384,35.14979561918737
ASMI.AS,2025-01-03,50.7508086839874,50.77199281867146,34.9559442774201,34.95607566588277,35.0,35.01360408984216
ASMI.AS,2025-01-06,53.891329023343,53.913824057450626,37.1190596411219,37.119199160058564,37.165841584158414,37.180287511243286
ASMI.AS,2025-01-07,54.0707873284491,54.09335727109515,37.2426662333334,37.242806216868736,37.28960396039604,37.30409799246621
ASMI.AS,2025-01-08,53.2991166164931,53.321364452423694,36.7111578868238,36.71129587258539,36.757425742574256,36.771712923207645
ASMI.AS,2025-01-09,53.2093874639401,53.231597845601435,36.6493545907181,36.649492344180366,36.695544554455445,36.709807682596185
ASMI.AS,2025-01-10,53.2811707859825,53.30341113105924,36.6987972276027,36.69893516690451,36.745049504950494,36.75933187508535
ASMI.AS,2025-01-13,52.581283396069,52.6032315978456,36.2167315179777,36.2168676453453,36.26237623762376,36.27647099831596
ASMI.AS,2025-01-14,53.352954108025,53.37522441651706,36.7482398644873,36.7483779896284,36.79455445544554,36.808856067574524
ASMI.AS,2025-01-15,53.6939248877264,53.71633752244165,36.9830923896891,36.98323139756763,37.02970297029703,37.04409598189807
ASMI.AS,2025-01-16,55.9012620405307,55.924596050269294,38.503453473891,38.50359819633127,38.5519801980198,38.56696490094001
ASMI.AS,2025-01-17,55.8294787184883,55.852782764811494,38.4540108370064,38.45415537360725,38.50247524752476,38.51744070845084
ASMI.AS,2025-01-20,55.8474245489988,55.87073608617594,38.4663714962275,38.466516079288255,38.51485148514851,38.52982175657313
ASMI.AS,2025-01-21,55.1116454980641,55.13464991023339,37.9595844681602,37.95972714636704,38.00742574257426,38.022198783559155
ASMI.AS,2025-01-22,56.3678536338064,56.39138240574506,38.8248306136409,38.82497654403728,38.87376237623763,38.8888721521196
ASMI.AS,2025-01-23,54.8245122098945,54.84739676840215,37.7618139206218,37.76195585547083,37.80940594059406,37.82410201360248
ASMI.AS,2025-01-24,54.6450539047884,54.66786355475763,37.6382073284103,37.63834879866078,37.68564356435643,37.70029153237955
ASMI.AS,2025-01-27,48.005096615865,48.02513464991023,33.0647634165837,33.06488769668897,33.10643564356435,33.11930372713147
ASMI.AS,2025-01-28,46.2105135648047,46.22980251346499,31.8286974944685,31.82881712858845,31.86881188118812,31.88119891490225
ASMI.AS,2025-01-29,47.6641258361635,47.68402154398564,32.8299108913818,32.83003428874987,32.87128712871287,32.884063812807916
ASMI.AS,2025-01-30,49.0818464465012,49.10233393177737,33.8064029698529,33.80653003754929,33.8490099009901,33.86216661446899
ASMI.AS,2025-01-31,50.8764294975616,50.89766606822262,35.0424688919682,35.04260060564981,35.086633663366335,35.10027142669821
ASMI.AS,2025-02-03,50.1765421076481,50.19748653500898,34.5604031823432,34.56053308409048,34.603960396039604,34.61741054992881
ASMI.AS,2025-02-04,49.2971964126285,49.3177737881508,33.9547308805067,33.954858505721226,33.99752475247524,34.010739191936494
ASMI.AS,2025-02-05,49.3330880736497,49.353680430879706,33.979452198949,33.97957991708336,34.02227722772277,34.03550128818108
ASMI.AS,2025-02-06,49.7458421753936,49.76660682226211,34.2637473610355,34.26387614774648,34.306930693069305,34.3202653949938
ASMI.AS,2025-02-07,48.956225632927,48.97666068222621,33.7198783553048,33.72000509778212,33.76237623762376,33.77549927761295
ASMI.AS,2025-02-10,50.6431337009238,50.66427289048473,34.8817803220932,34.881911431796745,34.92574257425743,34.93931780110841
ASMI.AS,2025-02-11,51.1635627857313,51.18491921005386,35.2402394395066,35.24037189654577,35.28465346534654,35.298368196654884
ASMI.AS,2025-02-12,50.8764294975616,50.89766606822262,35.0424688919682,35.04260060564968,35.086633663366335,35.10027142669821
ASMI.AS,2025-02-13,51.7557751925812,51.77737881508078,35.6481411938047,35.648275184018935,35.69306930693069,35.70694278469052
ASMI.AS,2025-02-14,51.4865877349221,51.508078994613996,35.4627313054874,35.46286459880399,35.507425742574256,35.521227062856134
ASMI.AS,2025-02-17,51.809612684113,51.83123877917414,35.6852231714681,35.685357301061956,35.73019801980198,35.7440859290574
ASMI.AS,2025-02-18,51.1994544467525,51.22082585278277,35.2649607579489,35.265093307907904,35.30940594059406,35.323130292899464
ASMI.AS,2025-02-19,51.3609669213479,51.38240574506283,35.3762066909393,35.37633965903695,35.42079207920792,35.434559726000096
ASMI.AS,2025-02-20,50.8225920060298,50.84380610412926,35.0053869143047,35.005518488606796,35.04950495049505,35.06312828233133
ASMI.AS,2025-02-21,51.12767112471,51.149012567324945,35.2155181210643,35.215650485183886,35.259900990099005,35.27360610041029
ASMI.AS,2025-02-24,50.858483667051,50.87971274685816,35.030108232747,35.030239899968805,35.07425742574257,35.08789037857591
ASMI.AS,2025-02-25,49.3869255651815,39.654178674351584,34.0165341766125,30.246089871453382,30.275027502750273,30.274778504591996
ASMI.AS,2025-02-26,49.8535171584572,40.028818443804035,34.3379113163625,30.531845080994618,30.561056105610565,30.560804754998752
ASMI.AS,2025-02-27,47.0180759377818,37.7521613832853,32.3849271594203,28.795332653781927,28.822882288228822,28.822645233296157
ASMI.AS,2025-02-28,46.0490010902092,36.97406340057637,31.7174515614781,28.2018410647344,28.22882288228823,28.22859071322059
ASMI.AS,2025-03-03,45.6362469884653,36.64265129682997,31.4331563993916,27.949057610140244,27.975797579757977,27.975567491706922
ASMI.AS,2025-03-04,41.9932433948128,33.71757925072046,28.9239425774976,25.717968858721264,25.742574257425744,25.74236253660802
ASMI.AS,2025-03-05,42.9533453271301,34.48847262247838,29.5852378458292,26.305965155277494,26.33113311331133,26.330916551868075
ASMI.AS,2025-03-06,40.8895748184106,32.831412103746395,28.1637620353966,25.04204788230615,25.066006600660067,25.065800444299732
ASMI.AS,2025-03-07,40.4499019709009,32.47838616714697,27.8609258844784,24.772778550238346,24.796479647964798,24.79627570833952
ASMI.AS,2025-03-10,37.9554315299269,30.475504322766568,26.1427942527382,23.24508723769037,23.26732673267327,23.26713536962648
ASMI.AS,2025-03-11,38.2515377333519,30.713256484149856,26.3467451298872,23.426431889899305,23.44884488448845,23.448652028538458
ASMI.AS,2025-03-12,40.0461207844123,32.154178674351584,27.5828110520025,24.525490388135257,24.54895489548955,24.548752991641365
ASMI.AS,2025-03-13,39.2744500724563,31.53458213256484,27.0513027054929,24.052895233893793,24.075907590759076,24.075709577507116
ASMI.AS,2025-03-14,40.3153082420713,32.37031700288184,27.7682209403198,24.69034916287065,24.713971397139716,24.713768136106804
ASMI.AS,2025-03-17,40.4678478014114,32.492795389048986,27.8732865436996,24.78376913522059,24.80748074807481,24.80727671797055
ASMI.AS,2025-03-18,40.3781186488584,32.4207492795389,27.8114832475938,24.728816210308906,24.752475247524753,24.752271669815403
ASMI.AS,2025-03-19,41.4279497337288,33.263688760806915,28.5345818120312,25.371765431776936,25.396039603960396,25.395830733230603
ASMI.AS,2025-03-20,40.7729269200917,32.737752161383284,28.0834177504592,24.970609079920706,24.994499449944993,24.99429388169804
ASMI.AS,2025-03-21,40.0820124454335,32.18299711815562,27.6075323704448,24.54747155809986,24.57095709570957,24.570755010903422
ASMI.AS,2025-03-24,41.1946539370909,33.07636887608069,28.3738932421563,25.228887827006265,25.253025302530254,25.25281760802723
ASMI.AS,2025-03-25,41.0241685472401,32.93948126801153,28.2564669795553,25.124477269673736,25.14851485148515,25.14830801653245
ASMI.AS,2025-03-26,40.5575769539645,32.564841498559076,27.9350898398053,24.83872206013239,24.86248624862486,24.862281766125694
ASMI.AS,2025-03-27,39.651312513179,31.8371757925072,27.3108765491371,24.283697518523347,24.306930693069305,24.306730779758723
ASMI.AS,2025-03-28,38.7271022418829,31.095100864553313,26.6743025992477,23.71768239193183,23.740374037403743,23.74017878376073
ASMI.AS,2025-03-31,37.273489970524,29.92795389048991,25.6730892023343,22.827445008360712,22.84928492849285,22.849097003647373
ASMI.AS,2025-04-01,37.4080836993535,30.03602305475504,25.765794146493,22.9098743957283,22.931793179317932,22.93160457588009
ASMI.AS,2025-04-02,37.0222483433755,29.72622478386167,25.5000399732382,22.673576818607675,22.695269526952696,22.695082868812968
ASMI.AS,2025-04-03,34.8149111905713,27.953890489913544,23.9796788890364,21.321734865777458,21.342134213421343,21.341958684196392
ASMI.AS,2025-04-04,33.3882176649783,26.80835734870317,22.9970064809548,20.447983359679874,20.467546754675467,20.46737841852958
ASMI.AS,2025-04-07,32.1768741055125,25.835734870317005,22.162661983527,19.706118873370496,19.724972497249727,19.72481026843512
ASMI.AS,2025-04-08,33.0921114615533,26.570605187319885,22.7930556038058,20.26663870747083,20.286028602860288,20.285861759617603
ASMI.AS,2025-04-09,31.8448762410664,25.56916426512968,21.9339897879356,19.502793051196956,19.52145214521452,19.52129159026108
ASMI.AS,2025-04-10,33.4330822412548,26.844380403458214,23.0279081290077,20.47545982213566,20.495049504950497,20.494880942607157
ASMI.AS,2025-04-11,33.8189175972328,27.15417867435158,23.2936623022625,20.711757399256395,20.73157315731573,20.731402649674276
ASMI.AS,2025-04-14,34.599561224444,27.780979827089336,23.8313509783826,21.189847845989032,21.21012101210121,21.209946568624044
ASMI.AS,2025-04-15,29.3872329759327,29.394812680115272,22.4207184327146,22.42079336401341,22.442244224422442,22.4420596472993
ASMI.AS,2025-04-16,28.4580778156642,28.465417867435157,21.7118280705037,21.71190063265111,21.732673267326735,21.732494526097927
ASMI.AS,2025-04-17,28.2203869607119,28.227665706051873,21.5304840243568,21.53055598044229,21.551155115511552,21.550977867185946
ASMI.AS,2025-04-22,27.9466823398576,27.953890489913544,21.3216636075815,21.321734865777348,21.342134213421343,21.341958684196392
ASMI.AS,2025-04-23,29.0991228487177,29.106628242074926,22.200907467688,22.200981664366218,22.22222222222222,22.22203945467872
ASMI.AS,2025-04-24,30.0498862685273,30.057636887608066,22.9262836522758,22.926360273201833,22.948294829482947,22.948106090326636
ASMI.AS,2025-04-25,30.8133781056471,30.821325648414984,23.5087827095963,23.508861277267002,23.531353135313534,23.53115960077118
ASMI.AS,2025-04-28,30.8061753524667,30.814121037463973,23.5032874354707,23.50336598477571,23.525852585258527,23.52565909595566
ASMI.AS,2025-04-29,30.9430276628939,43.88151174668029,23.6076976438583,19.23416063011556,19.255939040788885,19.21456185298462
ASMI.AS,2025-04-30,43.4147934913538,43.44228804902963,19.0415880864319,19.0416399347955,19.063200358583597,19.02223732791983
ASMI.AS,2025-05-02,45.3543210632695,45.38304392236977,19.8922586099264,19.892312774581807,19.914836396234875,19.872043368903785
ASMI.AS,2025-05-05,44.894959269921,44.92339121552605,19.6907840122566,19.69083762831672,19.713133124159572,19.670773517091796
ASMI.AS,2025-05-06,44.0987321614504,44.12665985699694,19.3415613762957,19.341614041457078,19.363514119229045,19.321905773951013
ASMI.AS,2025-05-07,45.1603683060779,45.18896833503575,19.8071915575769,19.807245490603268,19.829672792469744,19.787062764805388
ASMI.AS,2025-05-08,45.8034748167657,45.83248212461696,20.0892559943146,20.089310695374515,20.11205737337517,20.068840557342174
ASMI.AS,2025-05-09,45.9361793348441,45.96527068437181,20.1474597669747,20.14751462651779,20.170327207530256,20.12698518119897
ASMI.AS,2025-05-12,49.4783691635532,49.5097037793667,21.7010527756725,21.70111186549585,21.72568354997759,21.678999371838092
ASMI.AS,2025-05-13,51.0810314203467,51.11338100102145,22.4039752608759,22.404036264687694,22.429403854773643,22.381207521493256
ASMI.AS,2025-05-14,50.6318776668504,50.663942798774265,22.2069778764877,22.207038343895164,22.23218287763335,22.184410333054867
ASMI.AS,2025-05-15,50.1316837140932,50.16343207354444,21.9875944256917,21.98765429573975,22.01255042581802,21.96524982774848
ASMI.AS,2025-05-16,49.7641942794145,49.79570990806946,21.8264147475559,21.826474178727608,21.85118780815778,21.804233946298886
ASMI.AS,2025-05-19,48.9169269716829,48.94790602655772,21.4548060451873,21.454864464505075,21.47915732855222,21.433002886290105
ASMI.AS,2025-05-20,48.6617259753782,48.692543411644536,21.3428757131485,21.342933827691176,21.36709995517705,21.32118630195011
ASMI.AS,2025-05-21,49.2946244462138,49.325842696629216,21.6204629366047,21.62052180698987,21.645002241147466,21.598491431113295
ASMI.AS,2025-05-22,49.192544047692,49.223697650663944,21.5756908037891,21.575749552264185,21.6001792917974,21.553764797377298
ASMI.AS,2025-05-23,47.7430023886813,47.773237997957104,20.9399265178091,20.93998353516073,20.963693411026448,20.91864659832613
ASMI.AS,2025-05-26,48.814846573161,48.845760980592445,21.4100339123718,21.41009220977957,21.434334379202152,21.388276252554107
ASMI.AS,2025-05-27,49.7233621200057,49.75485188968336,21.8085058944298,21.808565276837278,21.833258628417752,21.78634329280449
ASMI.AS,2025-05-28,49.4477450439966,49.47906026557712,21.6876211358279,21.687680189078172,21.71223666517257,21.665581381717292
ASMI.AS,2025-05-29,50.7849982646332,50.81716036772217,22.2741360757109,22.274196725983558,22.29941730165845,22.251500283658864
ASMI.AS,2025-05-30,48.9577591310916,48.98876404494383,21.4727148983135,21.472773366395316,21.49708650829225,21.450893539784506
ASMI.AS,2025-06-02,48.3963169392214,48.426966292134836,21.2264681678283,21.22652596540454,21.25056028686688,21.20489705423652
ASMI.AS,2025-06-03,49.7233621200057,49.75485188968336,21.8085058944298,21.808565276837367,21.833258628417752,21.78634329280449
ASMI.AS,2025-06-04,50.0193952757191,50.051072522982636,21.9383450795947,21.938404815541503,21.963245181532947,21.91605053063888
ASMI.AS,2025-06-05,50.5297972683285,50.56179775280899,22.1622057436722,22.162266089169478,22.187359928283282,22.13968369931887
ASMI.AS,2025-06-06,51.591433412956,51.62410623084781,22.6278359249534,22.62789753831567,22.65351860152398,22.604840690173244
ASMI.AS,2025-06-09,53.000142912558,53.03370786516855,23.2456913578073,23.24575465352888,23.27207530255491,23.222068235730017
ASMI.AS,2025-06-10,54.3680202527511,54.40245148110317,23.845637937535,23.845702866851944,23.872702823845813,23.821405127792385
ASMI.AS,2025-06-11,54.7763418468386,54.811031664964254,24.024726468797,24.024791885754233,24.05199462124608,24.000311662736376
ASMI.AS,2025-06-12,53.6330413833936,53.66700715015322,23.5232785812634,23.52334263282766,23.549977588525326,23.4993733648932
ASMI.AS,2025-06-13,53.0205589922623,53.054136874361596,23.2546457843704,23.25470910447409,23.28103989242492,23.231013562477212
ASMI.AS,2025-06-16,53.3472162675323,53.381001021450466,23.39791660938,23.397980319595995,23.42447333034514,23.374138790432408
ASMI.AS,2025-06-17,53.1634715501929,53.19713993871297,23.3173267703121,23.317390261089923,23.343792021515014,23.293630849707608
ASMI.AS,2025-06-18,52.9184785937404,52.951991828396324,23.2098736515549,23.209936849748406,23.236216943074854,23.186286928741215
ASMI.AS,2025-06-19,52.1222514852698,52.155260469867216,22.860651015594,22.860713262888762,22.886597938144334,22.837419185600435
ASMI.AS,2025-06-20,51.9793389273392,52.01225740551583,22.7979700296523,22.79803210627302,22.823845809054237,22.774801898370036
ASMI.AS,2025-06-23,53.1634715501929,53.19713993871297,23.3173267703121,23.317390261089923,23.343792021515014,23.293630849707608
ASMI.AS,2025-06-24,54.5721810497948,54.606741573033716,23.935182203166,23.935247376303135,23.962348722545947,23.91085839526438
ASMI.AS,2025-06-25,55.4092403176742,55.44433094994893,24.3023136922531,24.302379865053016,24.329896907216494,24.277616791899558
ASMI.AS,2025-06-26,55.0621669626998,55.097037793667006,24.1500884406804,24.15015419898599,24.177498879426267,24.125546237197167
ASMI.AS,2025-06-27,55.5725689553092,55.60776302349336,24.3739491047579,24.37401547261397,24.4016136261766,24.349179405877155
ASMI.AS,2025-06-30,55.4704885567873,55.50561797752809,24.3291769719424,24.329243217888283,24.356790676826535,24.304452772141158
ASMI.AS,2025-07-01,53.7351217819155,53.76915219611849,23.5680507140789,23.568114887553165,23.594800537875393,23.544099998629196
ASMI.AS,2025-07-02,52.9797268328536,53.01327885597549,23.2367369312442,23.23680020258385,23.263110712684895,23.213122908982815
ASMI.AS,2025-07-03,52.6122373981748,52.64555669050051,23.0755572531084,23.07562008557171,23.101748095024654,23.05210702753322
ASMI.AS,2025-07-04,52.0405871664523,52.073544433095,22.8248333093416,22.82489545910838,22.850739578664278,22.801637878611636
ASMI.AS,2025-07-07,52.4080766011311,52.441266598569975,22.9860129874774,22.98607557612052,23.01210219632452,22.962653760061226
ASMI.AS,2025-07-08,52.5305730793573,52.5638406537283,23.039739546856,23.039802281791143,23.0658897355446,23.016325720544426
ASMI.AS,2025-07-09,52.5918213184705,52.62512768130747,23.0666028265453,23.066665634626588,23.092783505154642,23.043161700786026
ASMI.AS,2025-07-10,53.7147057022111,53.748723186925446,23.5590962875158,23.559160436608046,23.585835948005382,23.535154671882
ASMI.AS,2025-07-11,53.5717931442804,53.605720122574056,23.4964153015741,23.496479279992304,23.523083818915286,23.4725373846516
ASMI.AS,2025-07-14,53.4288805863498,53.46271705822268,23.4337343156324,23.43379812337647,23.460331689825193,23.409920097421203
ASMI.AS,2025-07-15,54.2659398542292,54.300306435137905,23.8008658047195,23.80093061212635,23.827879874495743,23.776678494056387
ASMI.AS,2025-07-16,51.4485208550254,51.48110316649643,22.5651549390117,22.565216381699834,22.590766472433888,22.54222340294285
ASMI.AS,2025-07-17,53.2247197893061,53.258426966292134,23.3441900500014,23.34425361392519,23.370685791125055,23.320466829949208
ASMI.AS,2025-07-18,53.0818072313754,53.11542390194076,23.2815090640597,23.281572457309448,23.307933662034962,23.257849542718812
ASMI.AS,2025-07-21,53.3063841081236,53.34014300306436,23.3800077562538,23.380071417705665,23.406544150605114,23.35624813693801
ASMI.AS,2025-07-22,51.3872726159123,47.13483146067416,22.5382916593224,22.53835302886457,21.70763260025873,22.51538742270125
ASMI.AS,2025-07-23,46.0280516935138,42.21910112359551,20.1877546865087,19.43113936173736,19.443725743855108,19.424501086972946
ASMI.AS,2025-07-24,41.341071341484,41.27340823970037,18.9958389499883,18.995888735093867,19.00819318671841,18.98939915532862
ASMI.AS,2025-07-25,40.009303616781,39.943820224719104,18.3839040291856,18.383952210506084,18.395860284605433,18.3776716870762
ASMI.AS,2025-07-28,41.9600619740924,41.89138576779026,19.2802594061361,19.28030993666297,19.292798620094867,19.273723189868477
ASMI.AS,2025-07-29,41.5380229064049,41.47003745318352,19.0863363678535,19.086386390138642,19.098749460974556,19.0798658935913
ASMI.AS,2025-07-30,41.969440620041,41.90074906367041,19.2845688069868,19.284619348807865,19.297110823630874,19.27803112978575
ASMI.AS,2025-07-31,40.0937114303185,40.02808988764045,18.4226886368421,18.42273691981095,18.434670116429494,18.416443146331638
ASMI.AS,2025-08-01,39.0620603759712,38.99812734082397,17.9486545432626,17.948701583862597,17.960327727468737,17.942569755431876
ASMI.AS,2025-08-04,39.2496332949434,39.18539325842697,18.034842560277,18.03488982676221,18.046571798188875,18.028728553777285
ASMI.AS,2025-08-05,38.8463515191531,38.78277153558052,17.8495383236959,17.84958510452794,17.861147046140577,17.84348713733465
ASMI.AS,2025-08-06,38.1523317189557,38.08988764044944,17.5306426607424,17.530688605799053,17.542043984476066,17.52469958345663
ASMI.AS,2025-08-07,39.2027400652004,39.13857677902622,18.0132955560234,18.013342766037287,18.02501078050884,18.007188854190932
ASMI.AS,2025-08-08,39.4090702760698,39.344569288389515,18.1081023747393,18.108149833227042,18.11987925830099,18.101963532370885
ASMI.AS,2025-08-11,39.4559635058129,39.39138576779026,18.1296493789929,18.129696893951966,18.141440275981026,18.123503231957237
ASMI.AS,2025-08-12,40.2625270573936,40.19662921348315,18.5002578521551,18.500306338420682,18.51228978007762,18.493986064842506
ASMI.AS,2025-08-13,40.1218473681644,40.0561797752809,18.4356168393943,18.435665156245907,18.447606727037517,18.42936696608345
ASMI.AS,2025-08-14,40.0468182005755,39.9812734082397,18.4011416325885,18.401189859086024,18.41310909874946,18.394903446745282
ASMI.AS,2025-08-15,38.9120020407933,38.848314606741575,17.879704129651,17.87975098954284,17.891332470892625,17.873642716755544
ASMI.AS,2025-08-18,38.4524483893114,38.38951310861423,17.6685434879655,17.668589794438486,17.680034497628288,17.662553660809287
ASMI.AS,2025-08-19,38.8651088110503,38.80149812734082,17.8581571253974,17.858203928817915,17.86977145321259,17.852103017169192
ASMI.AS,2025-08-20,38.1898463027502,38.12734082397004,17.5478802641453,17.54792625437899,17.559292798620092,17.54193134312571
ASMI.AS,2025-08-21,37.8147004648057,37.752808988764045,17.3755042301164,17.37554976857959,17.386804657179816,17.36961374643489
ASMI.AS,2025-08-22,38.4243124514655,38.36142322097378,17.6556152854134,17.65566155800353,17.667097887020265,17.649629841057475
ASMI.AS,2025-08-25,38.3586619298252,38.29588014981274,17.6254494794583,17.625495672988723,17.636912462268217,17.619474261636583
ASMI.AS,2025-08-26,38.4149338055169,38.352059925093634,17.6513058845626,17.65135214585863,17.66278568348426,17.645321901140207
ASMI.AS,2025-08-27,38.5649921406947,38.50187265917603,17.7202562981742,17.72030274017839,17.731780940060368,17.714248939816535
ASMI.AS,2025-08-28,39.9905463248838,39.9250936329588,18.3752852274842,18.375333386216116,18.387235877533417,18.369055807241658
ASMI.AS,2025-08-29,38.5180989109516,38.45505617977528,17.6987092939206,17.698755679453377,17.710219922380336,17.692709240230183
ASMI.AS,2025-09-01,39.0808176678684,39.01685393258427,17.957273344964,17.957320408152565,17.96895213454075,17.951185635266416
ASMI.AS,2025-09-02,37.6927780674737,37.6310861423221,17.319482019057,17.3195274106947,17.330746011211726,17.313610527510374
ASMI.AS,2025-09-03,37.6740207755765,37.6123595505618,17.3108632173555,17.310908586404814,17.322121604139713,17.304994647675834
ASMI.AS,2025-09-04,38.2930114081849,38.23033707865169,17.5952836735032,17.59532978797374,17.60672703751617,17.58931868221569
ASMI.AS,2025-09-05,38.9870312083823,38.92322097378277,17.9141793364568,17.914226286702718,17.92583009918068,17.90810623609371
ASMI.AS,2025-09-08,39.6247791328879,39.55992509363296,18.2072185943059,18.2072663125617,18.21905993962915,18.20104615046811
ASMI.AS,2025-09-09,39.5966431950421,39.53183520599251,18.1942903917538,18.194338076126744,18.20612332902113,18.188122330716297
ASMI.AS,2025-09-10,39.7748374680657,39.70973782771536,18.2761690079175,18.27621690688146,18.28805519620526,18.269973189144437
ASMI.AS,2025-09-11,40.0468182005755,39.9812734082397,18.4011416325885,18.401189859086024,18.41310909874946,18.394903446745282
ASMI.AS,2025-09-12,39.8123520518602,39.747191011235955,18.2934066113204,18.2934545554614,18.30530401034929,18.28720494881352
ASMI.AS,2025-09-15,42.2039067687564,42.13483146067416,19.3923038282549,19.39235465243249,19.404915912031047,19.385729627717513
ASMI.AS,2025-09-16,42.7572468797245,42.68726591760299,19.6465584784475,19.646609968986695,19.659335920655455,19.639898082836474
ASMI.AS,2025-09-17,43.1136354257718,43.04307116104869,19.810315710775,19.810367630496124,19.823199655023714,19.803599799692755
ASMI.AS,2025-09-18,46.8932297430626,46.81647940074907,21.5470042536165,21.54706072492509,21.561017680034496,21.539699586352793
ASMI.AS,2025-09-19,46.1523167131222,46.07677902621723,21.2065615864094,21.206617165471183,21.220353600689954,21.19937233288842
ASMI.AS,2025-09-22,46.9307443268571,46.853932584269664,21.5642418570194,21.56429837350503,21.57826649417852,21.556931346021873
ASMI.AS,2025-09-23,46.883851097114,46.80711610486891,21.5426948527658,21.542751312780105,21.55670547649849,21.53539164643552
ASMI.AS,2025-09-24,46.836957867371,46.760299625468164,21.5211478485122,21.521204252055178,21.535144458818454,21.513851946849165
ASMI.AS,2025-09-25,46.715035470039,46.638576779026224,21.4651256374528,21.46518189417037,21.479085812850368,21.457848727924652
ASMI.AS,2025-09-26,46.2367245266597,46.161048689138575,21.2453461940659,21.245401874776135,21.259163432514015,21.238143792143852
ASMI.AS,2025-09-29,46.9870162025487,46.91011235955056,21.5900982621237,21.590154846374936,21.604139715394567,21.582778985525497
ASMI.AS,2025-09-30,47.9061235055128,47.827715355805246,22.0124195454946,22.01247723658338,22.026735661923244,22.00495709741801
ASMI.AS,2025-10-01,48.6376578895045,48.55805243445693,22.348552811851,22.3486113838923,22.36308753773178,22.340976410965116
ASMI.AS,2025-10-02,51.8263975120328,51.741573033707866,23.813749101097,23.813811513187208,23.829236739974128,23.805675982837105
ASMI.AS,2025-10-03,51.3574652146022,51.27340823970038,23.5982790585608,23.598340905937956,23.61362656317378,23.590278986973576
ASMI.AS,2025-10-06,52.5766891879218,52.49063670411985,24.1585011691548,24.15856448478601,24.17421302285468,24.15031117621875
ASMI.AS,2025-10-07,51.7701256363411,51.68539325842697,23.7878926959926,23.787955040317296,23.803363518758083,23.77982834333348
ASMI.AS,2025-10-08,51.3762225064994,51.29213483146067,23.6068978602622,23.606959730227928,23.62225097024579,23.598894866808116
ASMI.AS,2025-10-09,51.2636787551161,51.17977528089888,23.5551850500536,23.555246784488105,23.570504527813714,23.547199587800872
ASMI.AS,2025-10-10,49.7443381114408,49.662921348314605,22.8570621122364,22.857122017000535,22.871927554980594,22.84931332120304
ASMI.AS,2025-10-13,50.9823193766577,50.89887640449439,23.4259030245319,23.425964420138556,23.441138421733505,23.417961390282755
ASMI.AS,2025-10-14,50.5321443711243,50.44943820224719,23.2190517836971,23.219112637179276,23.23415265200517,23.211180274253767
ASMI.AS,2025-10-15,51.3011933389105,51.21722846441948,23.5724226534565,23.572484433068045,23.58775334195774,23.564431347469952
ASMI.AS,2025-10-16,51.4512516740883,51.36704119850187,23.641373067068,23.641435027387807,23.656748598533852,23.633358386146284
ASMI.AS,2025-10-17,50.1569985331798,50.074906367041194,23.0466757496682,23.046736151379875,23.061664510564896,23.038862677562943
ASMI.AS,2025-10-20,51.338707922705,51.254681647940075,23.5896602568594,23.589722081647988,23.605002156101765,23.581663107139036
ASMI.AS,2025-10-21,51.3574652146022,51.27340823970038,23.5982790585608,23.598340905937956,23.61362656317378,23.590278986973576
ASMI.AS,2025-10-22,50.0819693655909,50.0,23.0122005428624,23.012260854219992,23.02716688227684,23.004399158224782
ASMI.AS,2025-10-23,51.0198339604521,50.936329588014985,23.4431406279347,23.443202068718495,23.45838723587753,23.435193149951836
ASMI.AS,2025-10-24,52.1265141823884,52.04119850187266,23.9516499283201,23.95171270182673,23.967227253126346,23.94353006018976
ASMI.AS,2025-10-27,52.839291274483,52.752808988764045,24.2791643929751,24.27922802484559,24.29495472186287,24.270933493902323
ASMI.AS,2025-10-28,52.3140871013607,35.05971087366436,24.0378379453346,23.674878013322758,23.63559322033898,23.639606758781248
ASMI.AS,2025-10-29,34.5049756627925,34.4688874921433,23.2779137846112,23.275910904457152,23.237288135593218,23.241234038213765
ASMI.AS,2025-10-30,35.6375240981139,35.6002514142049,24.0419590948282,24.03989047462533,23.999999999999996,24.004075418023845
ASMI.AS,2025-10-31,35.3606789250354,35.32369578881207,23.8551924634418,23.853139913028663,23.813559322033896,23.817603080736937
ASMI.AS,2025-11-03,35.4361821540568,35.399120050282846,23.9061288174563,23.90407188437321,23.864406779661017,23.868459172724275
ASMI.AS,2025-11-04,35.2348402099996,35.19798868636078,23.7702985400844,23.768253294121088,23.72881355932203,23.732842927424706
ASMI.AS,2025-11-05,34.6308143778282,34.59459459459459,23.3628077079687,23.360797523364727,23.322033898305083,23.325994191525997
ASMI.AS,2025-11-06,34.2155466182104,34.179761156505336,23.0826577608891,23.08067168096973,23.042372881355927,23.04628568559563
ASMI.AS,2025-11-07,33.1459175404068,33.111250785669384,22.3610594123508,22.35913542025534,22.322033898305083,22.325824382441667
ASMI.AS,2025-11-10,33.6744401435568,33.6392206159648,22.7176138904521,22.715659219667153,22.677966101694917,22.68181702635304
ASMI.AS,2025-11-11,33.5486014285211,33.513513513513516,22.6327199670947,22.630772600759578,22.593220338983052,22.59705687304081
ASMI.AS,2025-11-12,32.8313207528175,32.79698302954117,22.1488246039572,22.1469188729864,22.110169491525422,22.11392399916109
ASMI.AS,2025-11-13,32.202127177639,32.168447517284726,21.72435498717,21.722485778448526,21.6864406779661,21.690123232599937
ASMI.AS,2025-11-14,32.025952976589,31.99245757385292,21.6055034944696,21.60364451197792,21.56779661016949,21.571459017962813
ASMI.AS,2025-11-17,31.6610207029854,31.627906976744185,21.359311116733,21.35747331714595,21.322033898305083,21.32565457335734
ASMI.AS,2025-11-18,30.7172303402176,30.68510370835952,20.7226066915522,20.720823675339133,20.6864406779661,20.689953423515608
ASMI.AS,2025-11-19,31.1073303568283,31.074795725958516,20.9857778539602,20.98397219395262,20.94915254237288,20.952709898783525
ASMI.AS,2025-11-20,31.3401319796443,31.3073538654934,21.1428316121715,21.141012438931632,21.10593220338983,21.109516182411156
ASMI.AS,2025-11-21,29.9055706282372,29.874292897548713,20.1750408858966,20.173304983385275,20.139830508474574,20.14325043465172
ASMI.AS,2025-11-24,29.9873657930104,29.95600251414205,20.230221936079,20.228481285675198,20.194915254237287,20.19834453430467
ASMI.AS,2025-11-25,29.5217625473783,29.49088623507228,19.9161144196564,19.914400795717167,19.881355932203387,19.884731967049415
ASMI.AS,2025-11-26,30.088036765039,30.05656819610308,20.2981370747649,20.29639058080126,20.26271186440678,20.266152656954453
ASMI.AS,2025-11-27,29.6790609411729,29.64802011313639,20.0222318238532,20.020509069351636,19.987288135593218,19.9906821586897
ASMI.AS,2025-11-28,29.8489432064711,29.81772470144563,20.1368386203858,20.135106004876867,20.101694915254235,20.105108365661213
ASMI.AS,2025-12-01,29.5280544831301,29.497171590194846,19.9203591158243,19.91864512666255,19.885593220338983,19.888969974715025
ASMI.AS,2025-12-02,30.1132045080461,30.08170961659334,20.3151158594364,20.313367904582773,20.279661016949152,20.283104687616902
ASMI.AS,2025-12-03,31.233169071864,31.200502828409803,21.0706717773177,21.068858812860196,21.033898305084744,21.037470052095756
ASMI.AS,2025-12-04,31.9630336190711,31.929604022627277,21.5630565327909,21.56120120252413,21.525423728813557,21.529078941306697
ASMI.AS,2025-12-05,32.5418917082354,32.50785669390321,21.9535685802351,21.951679649498974,21.915254237288135,21.91897564654296
ASMI.AS,2025-12-08,34.7944047073747,34.75801382778127,23.4731698083333,23.471150127944576,23.43220338983051,23.436182390831895
ASMI.AS,2025-12-09,34.8447401933889,34.808296668761784,23.5071273776763,23.505104775507608,23.466101694915253,23.47008645215679
ASMI.AS,2025-12-10,34.5301434057996,34.49402891263356,23.2948925692827,23.292888228238667,23.25423728813559,23.25818606887621
ASMI.AS,2025-12-11,34.1526272606925,34.11690760527969,23.0402107992104,23.03822837151594,22.999999999999996,23.003905608939515
ASMI.AS,2025-12-12,32.4789723507175,32.445003142677564,21.9111216185564,21.909236340045187,21.872881355932204,21.876595569886845
ASMI.AS,2025-12-15,32.4412207362068,32.40729101194218,21.8856534415491,21.883770354372917,21.847457627118644,21.851167523893178
ASMI.AS,2025-12-16,32.4915562222211,32.457573852922685,21.9196110108921,21.91772500193595,21.881355932203387,21.885071585218068
ASMI.AS,2025-12-17,31.9756174905747,31.942174732872406,21.5715459251266,21.569689864414887,21.533898305084744,21.53755495663792
ASMI.AS,2025-12-18,32.5796433227461,32.545568824638586,21.9790367572423,21.97714563517125,21.940677966101692,21.94440369253663
ASMI.AS,2025-12-19,32.0511207195961,32.01759899434318,21.6224822791411,21.620621835759433,21.58474576271186,21.588411048625257
ASMI.AS,2025-12-22,32.2398787921497,32.20615964802011,21.7498231641772,21.747951764120796,21.711864406779657,21.715551278593605
ASMI.AS,2025-12-23,32.4286368647032,32.39472030169704,21.8771640492134,21.87528169248216,21.838983050847457,21.842691508561952
ASMI.AS,2025-12-24,32.2524626636533,32.21873035826524,21.758312556513,21.756440426011554,21.720338983050848,21.72402729392483
ASMI.AS,2025-12-29,32.554475579739,32.520427404148336,21.9620579725708,21.960168311389737,21.92372881355932,21.927451661874183
ASMI.AS,2025-12-30,32.7180659092854,32.68384663733501,22.0724200729355,22.07052091596958,22.033898305084744,22.037639861180082
ASMI.AS,2025-12-31,32.5670594512426,32.532998114393465,21.9705473649066,21.968656973280492,21.93220338983051,21.935927677205406
IMCD.AS,2024-01-02,30.6029520760727,28.278688524590162,21.2582504282951,21.258250428295085,,21.230315922458395
IMCD.AS,2024-01-03,29.8834623815306,27.61384335154827,20.7584590333625,20.758459033362566,,20.731181280803174
IMCD.AS,2024-01-04,29.942598520808,27.66848816029144,20.7995377781515,20.799537778151517,,20.77220604587073
IMCD.AS,2024-01-05,29.6863419172725,27.431693989071036,20.621529884066,20.621529884065982,,20.594432063911334
IMCD.AS,2024-01-08,29.7849021494015,27.522768670309652,20.6899944587142,20.68999445871427,,20.662806672357252
IMCD.AS,2024-01-09,29.735622033337,27.477231329690344,20.6557621713901,20.655762171390126,,20.62861936813429
IMCD.AS,2024-01-10,29.7454780565499,27.48633879781421,20.6626086288549,20.66260862885493,,20.635456828978885
IMCD.AS,2024-01-11,29.844038288679,27.577413479052822,20.7310732035032,20.73107320350325,,20.703831437424807
IMCD.AS,2024-01-12,29.7849021494015,27.522768670309652,20.6899944587142,20.68999445871427,,20.662806672357252
IMCD.AS,2024-01-15,29.321669058395,27.09471766848816,20.3682109578673,20.368210957867273,,20.341446012661425
IMCD.AS,2024-01-16,28.5233311781496,26.35701275045537,19.8136479032161,19.81364790321612,,19.787611684249466
IMCD.AS,2024-01-17,27.8925456925236,25.774134790528233,19.375474625467,19.375474625467017,,19.350014190195576
IMCD.AS,2024-01-18,28.2572185514011,26.11111111111111,19.6287935516657,19.628793551665726,,19.603000241445482
IMCD.AS,2024-01-19,28.0995221799947,25.965391621129328,19.5192502322284,19.519250232228455,,19.49360086793201
IMCD.AS,2024-01-22,28.2276504817624,26.083788706739522,19.6082541792712,19.60825417927124,,19.582487858911705
IMCD.AS,2024-01-23,28.0896661567817,25.956284153005463,19.5124037747636,19.512403774763627,,19.486763407087416
IMCD.AS,2024-01-24,28.0009619478656,25.87431693989071,19.4507856575801,19.450785657580163,,19.42522625948609
IMCD.AS,2024-01-25,27.8826896693107,25.765027322404368,19.3686281680022,19.36862816800221,,19.343176729350983
IMCD.AS,2024-01-26,27.8925456925236,25.774134790528233,19.375474625467,19.375474625467017,,19.350014190195576
IMCD.AS,2024-01-29,27.646145112201,25.546448087431692,19.2043131888463,19.204313188846307,,19.179077669080772
IMCD.AS,2024-01-30,27.6757131818397,25.57377049180328,19.2248525612408,19.22485256124077,,19.19959005161455
IMCD.AS,2024-01-31,27.9911059246527,25.865209471766846,19.4439392001153,19.443939200115334,,19.418388798641498
IMCD.AS,2024-02-01,28.2867866210399,26.138433515482696,19.6493329240602,19.649332924060214,,19.62351262397926
IMCD.AS,2024-02-02,27.853121599672,25.737704918032787,19.3480887956077,19.348088795607723,,19.32266434681721
IMCD.AS,2024-02-05,27.8334095532462,25.71948998178506,19.334395880678,19.334395880678066,,19.308989425128022
IMCD.AS,2024-02-06,27.951681831801,25.828779599271403,19.416553370256,19.416553370256015,,19.39103895526313
IMCD.AS,2024-02-07,27.9319697853752,25.810564663023676,19.4028604553263,19.402860455326334,,19.377364033573944
IMCD.AS,2024-02-08,28.0699541103559,25.938069216757743,19.4987108598339,19.498710859833945,,19.473088485398232
IMCD.AS,2024-02-09,27.6954252282655,25.591985428051,19.2385454761704,19.238545476170454,,19.213264973303733
IMCD.AS,2024-02-12,28.0108179710785,25.88342440801457,19.457632115045,19.457632115044994,,19.432063720330678
IMCD.AS,2024-02-13,27.4391686247299,25.355191256830597,19.0605375820849,19.060537582084866,,19.03549099134434
IMCD.AS,2024-02-14,27.4687366943687,25.382513661202182,19.0810769544794,19.08107695447938,,19.056003373878116
IMCD.AS,2024-02-15,27.7841294371816,25.67395264116575,19.3001635933539,19.30016359335392,,19.27480212090506
IMCD.AS,2024-02-16,28.1192342264205,25.983606557377048,19.5329431471581,19.532943147158115,,19.507275789621193
IMCD.AS,2024-02-19,28.0896661567817,25.956284153005463,19.5124037747636,19.512403774763627,,19.486763407087416
IMCD.AS,2024-02-20,27.8038414836075,25.692167577413482,19.3138565082836,19.313856508283553,,19.28847704259425
IMCD.AS,2024-02-21,27.7151372746913,25.610200364298723,19.2522383911001,19.25223839110011,,19.226939894992917
IMCD.AS,2024-02-22,28.0896661567817,25.956284153005463,19.5124037747636,19.512403774763627,,19.486763407087416
IMCD.AS,2024-02-23,28.2276504817624,26.083788706739522,19.6082541792712,19.60825417927124,,19.582487858911705
IMCD.AS,2024-02-26,27.9221137621623,25.801457194899818,19.3960139978615,19.396013997861527,,19.370526572729354
IMCD.AS,2024-02-27,27.6954252282655,25.591985428051,19.2385454761704,19.238545476170454,,19.213264973303733
IMCD.AS,2024-02-28,27.6362890889881,25.53734061930783,19.1974667313815,19.197466731381454,,19.17224020823618
IMCD.AS,2024-02-29,27.7742734139688,25.664845173041893,19.2933171358891,19.293317135889087,,19.26796466006047
IMCD.AS,2024-03-01,29.9721665904468,29.63937621832359,20.820077150546,20.630568486552637,,20.605474211024955
IMCD.AS,2024-03-04,29.9808761153976,30.009746588693954,20.8883657908897,20.888365790889676,,20.862957940067684
IMCD.AS,2024-03-05,29.5037527215508,29.53216374269006,20.5559429510866,20.555942951086625,,20.530939447354687
IMCD.AS,2024-03-06,30.6624809637503,30.692007797270954,21.3632555620369,21.36325556203689,,21.33727007251482
IMCD.AS,2024-03-07,30.9351229030914,30.964912280701753,21.5532114704958,21.553211470495775,,21.52699492549368
IMCD.AS,2024-03-08,31.256450903029,31.28654970760234,21.7770880768937,21.777088076893634,,21.750599216504472
IMCD.AS,2024-03-11,30.7598530849435,30.789473684210524,21.4310969579151,21.431096957915088,,21.405028948578696
IMCD.AS,2024-03-12,30.983808963688,31.01364522417154,21.5871321684349,21.587132168434863,,21.560874363525613
IMCD.AS,2024-03-13,31.1785532060744,31.20857699805068,21.7228149601912,21.722814960191233,,21.696392115653367
IMCD.AS,2024-03-14,31.2467136909097,31.27680311890838,21.7703039373059,21.770303937305933,,21.74382332889808
IMCD.AS,2024-03-15,31.2077648424324,31.237816764132553,21.7431673789547,21.743167378954688,,21.716719778472534
IMCD.AS,2024-03-18,31.0811810848812,31.11111111111111,21.654973564313,21.65497356431306,,21.62863323958949
IMCD.AS,2024-03-19,31.0324950242846,31.062378167641324,21.621052866374,21.621052866373972,,21.59475380155755
IMCD.AS,2024-03-20,31.6069905393247,31.6374269005848,22.0213171020552,22.021317102055058,,21.99453117033443
IMCD.AS,2024-03-21,32.0938511452909,32.124756335282655,22.360524081446,22.360524081445853,,22.333325550653814
IMCD.AS,2024-03-22,32.639135023973,32.67056530214425,22.7404358983638,22.740435898363742,,22.712775256611522
IMCD.AS,2024-03-25,31.8406836301885,31.871345029239766,22.1841364521628,22.184136452162722,,22.15715247288773
IMCD.AS,2024-03-26,31.7919975695918,31.822612085769983,22.1502157542237,22.15021575422356,,22.123273034855792
IMCD.AS,2024-03-27,31.977004599859,32.007797270955166,22.2791144063922,22.27911440639207,,22.25201489937716
IMCD.AS,2024-03-28,31.8114719938305,31.842105263157894,22.1637840333993,22.1637840333992,,22.136824810068568
IMCD.AS,2024-04-02,31.9283185392624,31.95906432748538,22.2451937084532,22.2451937084531,,22.21813546134522
IMCD.AS,2024-04-03,31.0617066606426,31.091617933723196,21.6414052851374,21.641405285137427,,21.61508146437672
IMCD.AS,2024-04-04,30.8669624182561,30.896686159844055,21.505722493381,21.505722493381057,,21.479563712248964
IMCD.AS,2024-04-05,30.8280135697788,30.85769980506823,21.4785859350298,21.47858593502981,,21.452460161823414
IMCD.AS,2024-04-08,30.9935461758073,31.023391812865498,21.5939163080227,21.593916308022706,,21.567650251132005
IMCD.AS,2024-04-09,30.1269342971875,30.15594541910331,20.9901278847069,20.990127884706958,,20.9645962541635
IMCD.AS,2024-04-10,30.4385250850059,30.467836257309944,21.2072203515171,21.207220351517112,,21.181424657567906
IMCD.AS,2024-04-11,30.5456344183184,30.57504873294347,21.2818458869831,21.281845886983103,,21.25595942123817
IMCD.AS,2024-04-12,30.3119413274546,30.3411306042885,21.1190265368755,21.11902653687549,,21.093338118684866
IMCD.AS,2024-04-15,30.1756203577841,30.204678362573098,21.024048582646,21.024048582646024,,20.998475692195438
IMCD.AS,2024-04-16,29.932190054801,29.96101364522417,20.8544450929506,20.854445092950613,,20.829078502035745
IMCD.AS,2024-04-17,29.7666574487725,29.7953216374269,20.7391147199577,20.73911471995769,,20.713888412727155
IMCD.AS,2024-04-18,29.8153435093691,29.844054580896685,20.7730354178968,20.7730354178968,,20.747767850759093
IMCD.AS,2024-04-19,29.4550666609542,29.483430799220272,20.5220222531475,20.522022253147558,,20.497060009322748
IMCD.AS,2024-04-22,29.5037527215508,29.53216374269006,20.5559429510866,20.555942951086646,,20.530939447354687
IMCD.AS,2024-04-23,30.0587738123522,30.087719298245613,20.9426389075922,20.942638907592233,,20.917165040918785
IMCD.AS,2024-04-24,29.5037527215508,29.53216374269006,20.5559429510866,20.555942951086646,,20.530939447354687
IMCD.AS,2024-04-25,29.0168921155846,29.044834307992204,20.2167359716958,20.216735971695776,,20.1921450670353
IMCD.AS,2024-04-26,27.5952591461633,27.621832358674464,19.2262515918744,19.22625159187444,,19.2028654765027
IMCD.AS,2024-04-29,28.0626453278909,28.089668615984404,19.5518902920896,19.55189029208965,,19.52810808160931
IMCD.AS,2024-04-30,27.7023684794759,27.72904483430799,19.3008771273404,19.30087712734043,,19.277400240172966
IMCD.AS,2024-05-02,27.3615660552996,27.387914230019494,19.0634322417668,19.063432241766822,,19.040244173949397
IMCD.AS,2024-05-03,27.4102521158962,27.43664717348928,19.0973529397059,19.09735293970591,,19.074123611981335
IMCD.AS,2024-05-06,27.7218429037146,27.748538011695906,19.3144454065161,19.314445406516068,,19.29095201538574
IMCD.AS,2024-05-07,28.306075630874,28.333333333333332,19.7214937817851,19.72149378178511,,19.697505271769
IMCD.AS,2024-05-08,28.7053013277662,28.732943469785578,19.9996435048856,19.999643504885622,,19.9753166636309
IMCD.AS,2024-05-09,28.7734618126015,28.801169590643276,20.0471324820003,20.047132482000322,,20.022747876875613
IMCD.AS,2024-05-10,28.6858269035276,28.713450292397663,19.98607522571,19.986075225709964,,19.961764888418124
IMCD.AS,2024-05-13,28.8026734489595,28.83040935672515,20.0674849007638,20.067484900763795,,20.043075539694776
IMCD.AS,2024-05-14,28.1308058127262,28.157894736842103,19.5993792692044,19.599379269204373,,19.57553929485402
IMCD.AS,2024-05-15,28.7053013277662,28.732943469785578,19.9996435048856,19.999643504885597,,19.9753166636309
IMCD.AS,2024-05-16,27.7802661764305,27.80701754385965,19.3551502440429,19.355150244042946,,19.331607341024068
IMCD.AS,2024-05-17,27.1473473886745,27.173489278752438,18.9141811708348,18.91418117083484,,18.891174646608867
IMCD.AS,2024-05-20,27.2641939341063,27.290448343079923,18.9955908458886,18.99559084588865,,18.97248529788552
IMCD.AS,2024-05-21,27.1473473886745,27.173489278752438,18.9141811708348,18.91418117083482,,18.891174646608867
IMCD.AS,2024-05-22,27.0986613280778,27.12475633528265,18.8802604728957,18.880260472895753,,18.85729520857693
IMCD.AS,2024-05-23,27.312879994703,27.339181286549707,19.0295115438277,19.029511543827738,,19.006364735917458
IMCD.AS,2024-05-24,27.4005149037769,27.42690058479532,19.0905688001181,19.090568800118096,,19.067347724374947
IMCD.AS,2024-05-27,27.6634196309986,27.690058479532166,19.2737405689891,19.273740568989137,,19.250296689747415
IMCD.AS,2024-05-28,27.2641939341063,27.290448343079923,18.9955908458886,18.99559084588865,,18.97248529788552
IMCD.AS,2024-05-29,27.1570846007938,27.183235867446392,18.9209653104226,18.92096531042266,,18.897950534215255
IMCD.AS,2024-05-30,27.5173614492088,27.54385964912281,19.1719784751719,19.1719784751719,,19.1486583756516
IMCD.AS,2024-05-31,27.1473473886745,27.173489278752438,18.9141811708348,18.91418117083482,,18.891174646608867
IMCD.AS,2024-06-03,27.1862962371517,27.212475633528264,18.9413177291861,18.94131772918611,,18.918278197034418
IMCD.AS,2024-06-04,27.1473473886745,27.173489278752438,18.9141811708348,18.91418117083484,,18.891174646608867
IMCD.AS,2024-06-05,27.6536824188793,27.680311890838208,19.2669564294013,19.266956429401343,,19.243520802141028
IMCD.AS,2024-06-06,27.312879994703,27.339181286549707,19.0295115438277,19.029511543827713,,19.006364735917458
IMCD.AS,2024-06-07,27.4102521158962,27.43664717348928,19.0973529397059,19.09735293970591,,19.074123611981335
IMCD.AS,2024-06-10,27.5368358734474,27.563352826510723,19.1855467543475,19.185546754347534,,19.162210150864375
IMCD.AS,2024-06-11,27.4784126007315,27.50487329434698,19.1448419168206,19.14484191682063,,19.12155482522605
IMCD.AS,2024-06-12,27.8581638733851,27.88499025341131,19.4094233607455,19.40942336074551,,19.38581444187517
IMCD.AS,2024-06-13,27.0110264190039,27.037037037037035,18.8192032166054,18.8192032166054,,18.79631222011944
IMCD.AS,2024-06-14,26.592326297873,26.617933723196884,18.5274852143292,18.52748521432923,,18.504949053044772
IMCD.AS,2024-06-17,26.1736261767421,26.198830409356727,18.2357672120531,18.235767212053105,,18.2135858859701
IMCD.AS,2024-06-18,25.9788819343556,26.003898635477583,18.1000844202967,18.100084420296756,,18.078068133842347
IMCD.AS,2024-06-19,25.62834229806,25.653021442495128,17.8558553951353,17.855855395135332,,17.834136180012386
IMCD.AS,2024-06-20,26.1152029040261,26.140350877192983,18.1950623745262,18.1950623745262,,18.17293056033177
IMCD.AS,2024-06-21,25.8230865404464,25.84795321637427,17.9915381868917,17.991538186891677,,17.96965393214014
IMCD.AS,2024-06-24,26.1638889646228,26.189083820662766,18.2289830724653,18.228983072465287,,18.20680999836371
IMCD.AS,2024-06-25,25.9204586616397,25.94541910331384,18.0593795827698,18.05937958276983,,18.037412808204017
IMCD.AS,2024-06-26,25.5212329647474,25.5458089668616,17.7812298596693,17.781229859669338,,17.759601416342125
IMCD.AS,2024-06-27,25.5017585405087,25.52631578947368,17.7676615804937,17.767661580493705,,17.746049641129346
IMCD.AS,2024-06-28,25.1804305405711,25.2046783625731,17.5437849740957,17.54378497409573,,17.522445350118556
IMCD.AS,2024-07-01,25.2583282375257,25.282651072124754,17.5980580907982,17.598058090798247,,17.576652450969654
IMCD.AS,2024-07-02,25.0830584193778,25.10721247563353,17.4759435782175,17.475943578217557,,17.45468647405468
IMCD.AS,2024-07-03,25.3849119950769,25.4093567251462,17.6862519054399,17.68625190543987,,17.664738989852697
IMCD.AS,2024-07-04,25.7451888434918,25.76998050682261,17.9372650701891,17.937265070189117,,17.91544683128904
IMCD.AS,2024-07-05,25.540707388986,25.565302144249515,17.794798138845,17.794798138844975,,17.7731531915549
IMCD.AS,2024-07-08,25.4822841162701,25.50682261208577,17.754093301318,17.754093301318047,,17.73249786591657
IMCD.AS,2024-07-09,25.1804305405711,25.2046783625731,17.5437849740957,17.54378497409573,,17.522445350118556
IMCD.AS,2024-07-10,25.1122700557358,25.136452241715396,17.496295996981,17.49629599698101,,17.47501413687384
IMCD.AS,2024-07-11,25.3459631465996,25.37037037037037,17.6591153470886,17.659115347088626,,17.637635439427147
IMCD.AS,2024-07-12,25.6965027828952,25.721247563352826,17.90334437225,17.903344372250054,,17.8815673932571
IMCD.AS,2024-07-15,25.4822841162701,25.50682261208577,17.754093301318,17.754093301318072,,17.73249786591657
IMCD.AS,2024-07-16,25.7257144192532,25.750487329434698,17.9236967910135,17.92369679101348,,17.901895056076263
IMCD.AS,2024-07-17,25.6478167222986,25.67251461988304,17.869423674311,17.869423674310966,,17.84768795522516
IMCD.AS,2024-07-18,25.7938749040885,25.818713450292396,17.9711857681282,17.971185768128226,,17.949326269320977
IMCD.AS,2024-07-19,25.3167515102416,25.341130604288498,17.6387629283252,17.638762928325153,,17.617307776607984
IMCD.AS,2024-07-22,25.7938749040885,25.818713450292396,17.9711857681282,17.971185768128226,,17.949326269320977
IMCD.AS,2024-07-23,25.8230865404464,25.84795321637427,17.9915381868917,17.991538186891677,,17.96965393214014
IMCD.AS,2024-07-24,25.8036121162078,25.828460038986357,17.977969907716,17.97796990771602,,17.95610215692737
IMCD.AS,2024-07-25,25.3459631465996,25.37037037037037,17.6591153470886,17.659115347088605,,17.637635439427147
IMCD.AS,2024-07-26,25.5601818132247,25.584795321637426,17.8083664180206,17.808366418020608,,17.786704966767676
IMCD.AS,2024-07-29,25.540707388986,25.565302144249515,17.794798138845,17.794798138844975,,17.7731531915549
IMCD.AS,2024-07-30,25.7938749040885,25.818713450292396,17.9711857681282,17.971185768128226,,17.949326269320977
IMCD.AS,2024-07-31,25.900984237401,25.925925925925927,18.0458113035942,18.045811303594196,,18.023861032991245
IMCD.AS,2024-08-01,25.6088678738213,25.633528265107213,17.8422871159597,17.842287115959696,,17.820584404799614
IMCD.AS,2024-08-02,27.312879994703,27.339181286549707,19.0295115438277,20.244803213059917,,20.224147267664158
IMCD.AS,2024-08-05,28.1484845228948,27.066276803118907,20.0427160508618,20.042716050861813,,20.02226629672134
IMCD.AS,2024-08-06,27.8646683303702,26.793372319688107,19.8406288886637,19.840628888663712,,19.820385325778528
IMCD.AS,2024-08-07,28.7465257857147,27.641325536062382,20.4685425712078,20.468542571207816,,20.44765834263656
IMCD.AS,2024-08-08,28.3816192524687,27.290448343079923,20.2087162198102,20.208716219810256,,20.188097094281513
IMCD.AS,2024-08-09,28.1991659858457,27.115009746588694,20.0788030441115,20.078803044111503,,20.05831647010399
IMCD.AS,2024-08-12,28.0471215969932,26.968810916179336,19.9705420643625,19.97054206436252,,19.95016594995605
IMCD.AS,2024-08-13,27.9356223785013,26.861598440545812,19.8911506792132,19.89115067921326,,19.870855568514234
IMCD.AS,2024-08-14,27.976167548862,26.900584795321638,19.920020273813,19.92002027381299,,19.89969570722035
IMCD.AS,2024-08-15,28.46270959319,27.368421052631582,20.2664554090097,20.26645540900974,,20.245777371693748
IMCD.AS,2024-08-16,28.097803059944,27.017543859649123,20.0066290576122,20.00662905761218,,19.986216123338696
IMCD.AS,2024-08-19,28.5437999339114,27.446393762183238,20.3241945982092,20.324194598209196,,20.30345764910598
IMCD.AS,2024-08-20,28.280256326567,27.192982456140353,20.1365422333109,20.13654223331096,,20.11599674751622
IMCD.AS,2024-08-21,28.6552991524032,27.553606237816762,20.4035859833584,20.403585983358454,,20.382768030547798
IMCD.AS,2024-08-22,28.3309377895179,27.241715399610136,20.1726292265606,20.172629226560595,,20.15204692089887
IMCD.AS,2024-08-23,28.6857080301737,27.582846003898634,20.4252381793082,20.425238179308224,,20.404398134577384
IMCD.AS,2024-08-26,28.8478887116164,27.738791423001953,20.5407165577071,20.540716557707164,,20.519758689401854
IMCD.AS,2024-08-27,29.0810234411903,27.962962962962962,20.7067167266556,20.706716726655607,,20.68558948696202
IMCD.AS,2024-08-28,29.3547033411248,28.226120857699808,20.9015864902038,20.90158649020375,,20.88026042322831
IMCD.AS,2024-08-29,29.7702913373216,28.625730994152047,21.197499834851,21.197499834850973,,21.175871844966
IMCD.AS,2024-08-30,29.9628808965348,28.810916179337234,21.3346304091997,21.334630409199686,,21.312862503820057
IMCD.AS,2024-09-02,29.8412453854528,28.693957115009745,21.2480216254005,21.248021625400497,,21.226342087701703
IMCD.AS,2024-09-03,30.7129665482072,29.53216374269006,21.8687179092947,21.8687179092947,,21.846405069883208
IMCD.AS,2024-09-04,30.702830255617,29.5224171539961,21.8615005106447,21.861500510644742,,21.83919503520668
IMCD.AS,2024-09-05,30.1757430409283,29.015594541910332,21.4861957808483,21.486195780848288,,21.464273232027164
IMCD.AS,2024-09-06,29.7804276299118,28.635477582846004,21.2047172335009,21.20471723350093,,21.183081879642533
IMCD.AS,2024-09-09,30.7433754259777,29.56140350877193,21.8903701052445,21.890370105244468,,21.868035173912798
IMCD.AS,2024-09-10,30.4392866482727,29.269005847953217,21.6738481457465,21.673848145746526,,21.651734133616923
IMCD.AS,2024-09-11,30.5102406964038,29.337231968810915,21.724369936296,21.724369936296053,,21.702204376352626
IMCD.AS,2024-09-12,31.4630521998796,30.253411306042885,22.4028054093897,22.40280540938966,,22.379947635946362
IMCD.AS,2024-09-13,31.8482313183059,30.623781676413255,22.6770665580871,22.677066558087084,,22.653928953654468
IMCD.AS,2024-09-16,31.6252328813223,30.4093567251462,22.5182837877886,22.518283787788576,,22.495308190770828
IMCD.AS,2024-09-17,31.8786401960765,30.653021442495128,22.6987187540369,22.698718754036904,,22.675559057684055
IMCD.AS,2024-09-18,31.1690997147647,29.970760233918128,22.1935008485416,22.193500848541625,,22.17085663032702
IMCD.AS,2024-09-19,31.5035973702402,30.292397660818715,22.4316750039894,22.431675003989415,,22.40878777465248
IMCD.AS,2024-09-20,30.9156924000105,29.7270955165692,22.0130658822933,22.013065882293343,,21.99060576341379
IMCD.AS,2024-09-23,30.642012500076,29.46393762183236,21.8181961187452,21.818196118745174,,21.795934827147505
IMCD.AS,2024-09-24,30.88528352224,29.697855750487328,21.9914136863435,21.99141368634352,,21.968975659384203
IMCD.AS,2024-09-25,30.8041931815187,29.619883040935672,21.9336744971441,21.933674497144064,,21.911295381971968
IMCD.AS,2024-09-26,31.2603263480762,30.05847953216374,22.258457436391,22.258457436391016,,22.23574694241578
IMCD.AS,2024-09-27,32.030684584929,30.799220272904485,22.8069797337859,22.806979733785738,,22.783709577831992
IMCD.AS,2024-09-30,31.6049602961419,30.389863547758285,22.5038489904887,22.503848990488738,,22.48088812141777
IMCD.AS,2024-10-01,31.3110078110271,30.107212475633528,22.2945444296407,22.294544429640702,,22.271797115798424
IMCD.AS,2024-10-02,31.6049602961419,30.389863547758285,22.5038489904887,22.503848990488738,,22.48088812141777
IMCD.AS,2024-10-03,31.0677367888631,29.873294346978557,22.1213268620423,22.121326862042302,,22.098756283561727
IMCD.AS,2024-10-04,30.8143294741089,29.62962962962963,21.940891895794,21.94089189579402,,21.9185054166485
IMCD.AS,2024-10-07,30.8041931815187,29.619883040935672,21.9336744971441,21.93367449714409,,21.911295381971968
IMCD.AS,2024-10-08,30.6926939630269,29.512670565302145,21.8542831119948,21.854283111994835,,21.83198500053015
IMCD.AS,2024-10-09,30.9663738629614,29.775828460038987,22.049152875543,22.04915287554298,,22.026655936796438
IMCD.AS,2024-10-10,30.7940568889285,29.61013645224172,21.9264570984941,21.926457098494158,,21.904085347295442
IMCD.AS,2024-10-11,30.9967827407319,29.80506822612086,22.0708050714928,22.070805071492803,,22.048286040826024
IMCD.AS,2024-10-14,30.9461012777811,29.756335282651072,22.0347180782431,22.03471807824314,,22.01223586744338
IMCD.AS,2024-10-15,31.2603263480762,30.05847953216374,22.258457436391,22.25845743639104,,22.23574694241578
IMCD.AS,2024-10-16,30.8548746444695,29.668615984405456,21.9697614903937,21.96976149039375,,21.947345555354616
IMCD.AS,2024-10-17,30.7737843037482,29.590643274853804,21.9120223011943,21.912022301194266,,21.889665277942385
IMCD.AS,2024-10-18,30.8143294741089,29.62962962962963,21.940891895794,21.94089189579402,,21.9185054166485
IMCD.AS,2024-10-21,31.1082819592237,29.912280701754383,22.150196456642,22.150196456642057,,22.127596422267843
IMCD.AS,2024-10-22,30.27710596683,29.113060428849902,21.5583697673476,21.55836976734761,,21.536373578792457
IMCD.AS,2024-10-23,30.0034260668955,28.84990253411306,21.3635000037994,21.363500003799416,,21.341702642526172
IMCD.AS,2024-10-24,30.216288211289,29.05458089668616,21.515065375448,21.515065375448017,,21.493113370733283
IMCD.AS,2024-10-25,30.3581963075513,29.19103313840156,21.616108956547,21.61610895654707,,21.594053856204688
IMCD.AS,2024-10-28,30.763648011158,29.580896686159846,21.9048049025443,21.904804902544335,,21.882455243265856
IMCD.AS,2024-10-29,30.4798318186333,29.307992202729043,21.7027177403462,21.702717740346255,,21.68057427232304
IMCD.AS,2024-10-30,30.155470455748,28.996101364522417,21.4717609835484,21.471760983548425,,21.449853162674106
IMCD.AS,2024-10-31,29.608110655879,28.469785575048736,21.0820214564521,21.082021456452058,,21.060511290141537
IMCD.AS,2024-11-01,29.7196098743708,28.57699805068226,21.1614128416013,21.16141284160131,,21.139821671583356
IMCD.AS,2024-11-04,29.4763388522068,28.343079922027293,20.9881952740029,20.988195274002962,,20.966780839346658
IMCD.AS,2024-11-05,29.2837492929936,28.157894736842103,20.8510646996542,20.851064699654252,,20.8297901804926
IMCD.AS,2024-11-06,29.1722500745017,28.05068226120858,20.771673314505,20.771673314504973,,20.750479799050783
IMCD.AS,2024-11-07,29.2533404152231,28.128654970760238,20.8294125037044,20.82941250370443,,20.808160076463018
IMCD.AS,2024-11-08,30.9967827407319,29.80506822612086,22.0708050714928,22.070805071492803,,22.048286040826024
IMCD.AS,2024-11-11,31.1995085925352,30.0,22.2151530444914,22.215153044491448,,22.192486734356606
IMCD.AS,2024-11-12,29.8817905558135,28.732943469785578,21.2768912200002,21.276891220000227,,21.255182226407822
IMCD.AS,2024-11-13,28.8884338819771,27.77777777777778,20.5695861523069,20.569586152306893,,20.54859882810797
IMCD.AS,2024-11-14,29.4053848040756,28.274853801169595,20.9376734834534,20.937673483453437,,20.916310596610955
IMCD.AS,2024-11-15,28.8174798338459,27.70955165692008,21.2824429332945,21.2602566806973,,20.498128585372264
IMCD.AS,2024-11-18,28.280256326567,27.192982456140353,20.8856896883193,20.77142910573885,,20.11599674751622
IMCD.AS,2024-11-19,28.1788934006653,27.09551656920078,20.8108305854938,20.81855063626791,,20.04389640075093
IMCD.AS,2024-11-20,27.976167548862,26.900584795321638,20.6611123798427,20.763122025216987,,19.89969570722035
IMCD.AS,2024-11-21,27.8443957451898,26.773879142300196,20.5637955461696,20.701248855355285,,19.80596525642547
IMCD.AS,2024-11-22,28.4120281302392,27.319688109161795,20.9830065219925,21.095740407730162,,20.2097271983111
IMCD.AS,2024-11-25,28.4728458857802,27.378167641325536,21.0279219836878,20.873712403424637,,20.252987406370274
IMCD.AS,2024-11-26,28.2701200339768,27.183235867446392,20.8782037780367,20.893978605904632,,20.10878671283969
IMCD.AS,2024-11-27,28.3714829598785,27.280701754385962,20.9530628808623,20.798383949722616,,20.18088705960498
IMCD.AS,2024-11-28,28.7769346634852,27.670565302144247,21.2524992921643,21.274725947597084,,20.469288446666148
IMCD.AS,2024-11-29,28.8073435412557,27.69980506822612,21.274957023012,21.23072774342631,,20.490918550695735
IMCD.AS,2024-12-02,28.7465257857147,27.641325536062382,21.2300415613167,21.230041561316632,,20.44765834263656
IMCD.AS,2024-12-03,28.9796605152886,27.86549707602339,21.4022174978154,21.40221749781532,,20.61348914019673
IMCD.AS,2024-12-04,28.8478887116164,27.738791423001953,21.3049006641422,21.304900664142124,,20.519758689401854
IMCD.AS,2024-12-05,28.8377524190262,27.72904483430799,21.2974147538596,21.2974147538596,,20.51254865472532
IMCD.AS,2024-12-06,29.8919268484036,28.742690058479532,22.075949423245,22.07594942324495,,21.262392261084347
IMCD.AS,2024-12-09,29.790563922502,28.645224171539958,22.0010903204195,22.001090320419433,,21.190291914319058
IMCD.AS,2024-12-10,29.6892009966003,28.547758284600388,21.926231217594,21.92623121759394,,21.118191567553765
IMCD.AS,2024-12-11,30.3176511371907,29.152046783625735,22.3903576551122,22.39035765511212,,21.565213717498576
IMCD.AS,2024-12-12,30.1250615779775,28.966861598440545,22.2481253597437,22.248125359743664,,21.42822305864452
IMCD.AS,2024-12-13,29.9426083113545,28.791423001949315,22.1133789746578,22.11337897465773,,21.298442434466995
IMCD.AS,2024-12-16,29.6385195336495,28.499025341130604,21.8888016661812,21.888801666181156,,21.08214139417112
IMCD.AS,2024-12-17,29.2229315374526,28.099415204678365,21.5818793445966,21.581879344596565,,20.78652997243343
IMCD.AS,2024-12-18,29.3141581707641,28.187134502923975,21.6492525371396,21.649252537139503,,20.85142028452219
IMCD.AS,2024-12-19,28.3816192524687,27.290448343079923,20.9605487911448,20.960548791144745,,20.188097094281513
IMCD.AS,2024-12-20,28.4931184709605,27.397660818713454,21.0428938042529,21.042893804252838,,20.267407475723335
IMCD.AS,2024-12-23,28.219438571026,27.134502923976605,20.840774226624,20.840774226623918,,20.072736539457047
IMCD.AS,2024-12-24,28.6857080301737,27.582846003898634,21.1851260996214,21.18512609962132,,20.404398134577384
IMCD.AS,2024-12-27,28.7465257857147,27.641325536062382,21.2300415613167,21.230041561316632,,20.44765834263656
IMCD.AS,2024-12-30,28.4120281302392,27.319688109161795,20.9830065219925,20.983006521992426,,20.2097271983111
IMCD.AS,2024-12-31,29.0911597337804,27.97270955165692,21.4845625109234,21.48456251092339,,20.692799521638552
IMCD.AS,2025-01-02,28.8782975893869,27.768031189083818,21.3273583949898,21.327358394989805,,20.541388793431437
IMCD.AS,2025-01-03,28.3309377895179,27.241715399610136,20.923119239732,20.92311923973199,,20.15204692089887
IMCD.AS,2025-01-06,28.3816192524687,27.290448343079923,20.9605487911448,20.96054879114477,,20.188097094281513
IMCD.AS,2025-01-07,28.219438571026,27.134502923976605,20.840774226624,20.840774226623946,,20.072736539457047
IMCD.AS,2025-01-08,27.6518061859767,26.588693957115012,20.4215632508011,20.42156325080105,,19.668974597571417
IMCD.AS,2025-01-09,27.9660312562718,26.890838206627677,20.6536264695602,20.653626469560127,,19.892485672543817
IMCD.AS,2025-01-10,27.5098980897143,26.45224171539961,20.3167605068454,20.3167605068453,,19.56803411210001
IMCD.AS,2025-01-13,27.2058093120093,26.159844054580894,20.0921831983688,20.092183198368748,,19.351733071804134
IMCD.AS,2025-01-14,27.4389440415831,26.38401559454191,20.2643591348675,20.264359134867462,,19.517563869364306
IMCD.AS,2025-01-15,27.9863038414522,26.910331384015596,20.6685982901253,20.66859829012523,,19.90690574189688
IMCD.AS,2025-01-16,28.4931184709605,27.397660818713454,21.0428938042529,21.042893804252838,,20.267407475723335
IMCD.AS,2025-01-17,29.3952485114854,28.265107212475634,21.7091398194,21.70913981939994,,20.909100561934423
IMCD.AS,2025-01-20,29.2938855855838,28.167641325536064,21.6342807165745,21.634280716574423,,20.837000215169134
IMCD.AS,2025-01-21,29.4357936818461,28.30409356725146,21.7390834605302,21.73908346053012,,20.93794070064054
IMCD.AS,2025-01-22,29.5371566077478,28.40155945419103,21.8139425633557,21.813942563355663,,21.01004104740583
IMCD.AS,2025-01-23,29.5878380706986,28.450292397660817,21.8513721147685,21.851372114768424,,21.046091220788476
IMCD.AS,2025-01-24,29.3952485114854,28.265107212475634,21.7091398194,21.70913981939994,,20.909100561934423
IMCD.AS,2025-01-27,30.155470455748,28.996101364522417,22.2705830905914,22.27058309059132,,21.449853162674106
IMCD.AS,2025-01-28,30.520376988994,29.346978557504876,22.5400758607632,22.54007586076318,,21.709414411029158
IMCD.AS,2025-01-29,30.4494229408628,29.27875243664717,22.4876744887853,22.487674488785316,,21.65894416829345
IMCD.AS,2025-01-30,30.6318762074859,29.4541910331384,22.6224208738713,22.622420873871224,,21.788724792470976
IMCD.AS,2025-01-31,30.6926939630269,29.512670565302145,22.6673363355666,22.66733633556656,,21.83198500053015
IMCD.AS,2025-02-03,30.1656067483382,29.005847953216378,22.2780690008739,22.278069000873874,,21.45706319735064
IMCD.AS,2025-02-04,30.337923722371,29.171539961013647,22.4053294756773,22.405329475677227,,21.579633786851634
IMCD.AS,2025-02-05,30.27710596683,29.113060428849902,22.360414013982,22.360414013981938,,21.536373578792457
IMCD.AS,2025-02-06,30.6825576704367,29.502923976608187,22.659850425284,22.659850425284006,,21.82477496585362
IMCD.AS,2025-02-07,29.9527446039446,28.801169590643276,22.1208648849403,22.120864884940286,,21.305652469143524
IMCD.AS,2025-02-10,30.3176511371907,29.152046783625735,22.3903576551122,22.390357655112147,,21.565213717498576
IMCD.AS,2025-02-11,30.1656067483382,29.005847953216378,22.2780690008739,22.278069000873874,,21.45706319735064
IMCD.AS,2025-02-12,30.6116036223055,29.43469785575049,22.6074490533062,22.607449053306148,,21.77430472311792
IMCD.AS,2025-02-13,31.5035973702402,30.292397660818715,23.2662091581707,23.266209158170675,,22.40878777465248
IMCD.AS,2025-02-14,30.8954198148302,29.70760233918129,22.8170545412176,22.817054541217594,,21.97618569406073
IMCD.AS,2025-02-17,30.520376988994,29.346978557504876,22.5400758607632,22.54007586076318,,21.709414411029158
IMCD.AS,2025-02-18,30.4291503556825,29.25925925925926,22.4727026682202,22.47270266822019,,21.644524098940394
IMCD.AS,2025-02-19,29.5067477299773,28.372319688109165,21.791484832508,21.79148483250801,,20.988410943376245
IMCD.AS,2025-02-20,29.7804276299118,28.635477582846004,21.993604410137,21.993604410136907,,21.183081879642533
IMCD.AS,2025-02-21,30.216288211289,29.05458089668616,22.3154985522867,22.31549855228663,,21.493113370733283
IMCD.AS,2025-02-24,29.9426083113545,28.791423001949315,22.1133789746578,22.11337897465773,,21.298442434466995
IMCD.AS,2025-02-25,29.2938855855838,28.167641325536064,21.6342807165745,21.634280716574423,,20.837000215169134
IMCD.AS,2025-02-26,29.3141581707641,28.187134502923975,21.6492525371396,21.649252537139528,,20.85142028452219
IMCD.AS,2025-02-27,29.1215686115509,28.00194931773879,21.5070202417711,21.50702024177102,,20.71442962566814
IMCD.AS,2025-02-28,28.9593879301082,27.846003898635477,21.3872456772502,21.387245677250217,,20.599069070843672
IMCD.AS,2025-03-03,28.8073435412557,27.69980506822612,21.274957023012,21.27495702301192,,20.490918550695735
IMCD.AS,2025-03-04,28.7769346634852,27.670565302144247,21.2524992921643,21.252499292164263,,20.469288446666148
IMCD.AS,2025-03-05,27.8443957451898,28.26131687242798,20.5637955461696,29.076622121879588,,28.137639177419302
IMCD.AS,2025-03-06,28.0756222178816,28.096707818930042,28.9072642937216,28.90726429372157,,27.97375048909069
IMCD.AS,2025-03-07,28.2503880830241,28.271604938271604,29.0872069861395,29.087206986139428,,28.147882220439843
IMCD.AS,2025-03-10,26.482168741583,26.502057613168724,27.2666103334408,27.266610333440777,,26.38607882090722
IMCD.AS,2025-03-11,26.5541311566416,26.574074074074073,27.34070438326,27.340704383259915,,26.457780122050988
IMCD.AS,2025-03-12,26.8728218519013,26.893004115226333,27.6688351753161,27.668835175316072,,26.775314455687678
IMCD.AS,2025-03-13,26.6569346067254,26.67695473251029,27.4465530258587,27.446553025858638,,26.560210552256372
IMCD.AS,2025-03-14,27.0064663370103,27.026748971193413,27.8064384106945,27.806438410694422,,26.90847401495468
IMCD.AS,2025-03-17,26.4718883965746,26.491769547325102,27.2560254691809,27.256025469180905,,26.375835777886678
IMCD.AS,2025-03-18,26.8419808168762,26.862139917695472,27.6370805825365,27.63708058253644,,26.744585326626066
IMCD.AS,2025-03-19,26.9961859920019,27.016460905349795,27.7958535464347,27.90292094899681,,26.898230971934144
IMCD.AS,2025-03-20,26.8728218519013,26.893004115226333,27.6688351753161,27.796117547845455,,26.775314455687678
IMCD.AS,2025-03-21,26.4204866715327,26.440329218106996,27.2031011478816,27.296378706425415,,26.324620562783984
IMCD.AS,2025-03-24,26.3690849464908,26.388888888888886,27.1501768265822,27.185408961574943,,26.273405347681294
IMCD.AS,2025-03-25,26.1120763212813,26.131687242798353,26.8855552200853,26.907913149431362,,26.01732927216783
IMCD.AS,2025-03-26,26.101795976273,26.121399176954732,26.8749703558254,26.97241278638061,,26.00708622914729
IMCD.AS,2025-03-27,26.1120763212813,26.131687242798353,26.8855552200853,26.76356626987905,,26.01732927216783
IMCD.AS,2025-03-28,26.0298335612143,26.04938271604938,26.8008763060063,26.736612561299417,,25.935384928003522
IMCD.AS,2025-03-31,25.2176863055524,25.236625514403293,25.9646720294761,25.988567106699403,,25.126184529380982
IMCD.AS,2025-04-01,25.5260966558038,25.545267489711932,26.2822179572724,26.34078272302131,,25.433475819997135
IMCD.AS,2025-04-02,25.9784318361724,25.997942386831273,26.7479519847069,26.594946528306114,,25.884169712900828
IMCD.AS,2025-04-03,24.960677680343,24.979423868312757,25.7000504229792,25.246715404174456,,24.870108453867516
IMCD.AS,2025-04-04,24.0046055945638,24.022633744855966,24.7156580468107,24.93004722189456,,23.917505452957435
IMCD.AS,2025-04-07,23.3672242040443,23.38477366255144,24.0593964626984,24.17167698473536,,23.282436785684048
IMCD.AS,2025-04-08,24.1588107696894,24.176954732510286,24.8744310107088,24.75644501708044,,24.071151098265513
IMCD.AS,2025-04-09,23.3158224790024,23.333333333333332,24.006472141399,24.017518790279645,,23.231221570581354
IMCD.AS,2025-04-10,24.5494638800078,24.567901234567902,25.2766558525841,24.72138654993958,,24.460386733045976
IMCD.AS,2025-04-11,24.1279697346643,24.14609053497942,24.8426764179292,24.4860723291621,,24.040421969203894
IMCD.AS,2025-04-14,24.6522673300916,24.670781893004115,25.3825044951829,25.40701388858139,,24.562817163251363
IMCD.AS,2025-04-15,24.8064725052173,24.825102880658434,25.541277459081,25.695488070548404,,24.71646280855944
IMCD.AS,2025-04-16,24.7242297451502,24.742798353909464,25.456598545002,25.195269596093944,,24.634518464395132
IMCD.AS,2025-04-17,24.5391835349994,24.557613168724277,25.2660709883242,25.343826036672578,,24.450143690025435
IMCD.AS,2025-04-22,24.7653511251838,24.78395061728395,25.4989380020415,25.706785846862253,,24.675490636477285
IMCD.AS,2025-04-23,25.2793683756027,25.29835390946502,26.0281812150353,26.274296534292148,,25.18764278750421
IMCD.AS,2025-04-24,22.9354497136924,22.95267489711934,23.6148321637836,23.459348394304577,,22.85222897882143
IMCD.AS,2025-04-25,24.6728280201084,24.691358024691358,25.4036742237026,25.457194012927115,,24.583303249292438
IMCD.AS,2025-04-28,24.0560073196057,24.074074074074073,24.7685823681101,24.64501670496694,,23.968720668060126
IMCD.AS,2025-04-29,24.0868483546308,24.104938271604937,24.8003369608897,24.87879573493847,,23.999449797121745
IMCD.AS,2025-04-30,24.0251662845805,24.04320987654321,24.7368277753304,24.86356054129949,,23.93799153899851
IMCD.AS,2025-05-02,24.4363800849157,24.454732510288064,25.1602223457255,25.160222345725437,,24.34771325982005
IMCD.AS,2025-05-05,24.5905852600413,24.609053497942384,25.3189953096236,25.31899530962358,,24.50135890512813
IMCD.AS,2025-05-06,24.4158193948989,24.43415637860082,25.1390526172057,25.13905261720569,,24.327227173778976
IMCD.AS,2025-05-07,24.1382500796727,24.156378600823047,24.8532612821891,24.853261282189035,,24.050665012224435
IMCD.AS,2025-05-08,24.4775014649492,24.49588477366255,25.202561802765,25.202561802764908,,24.388685431902207
IMCD.AS,2025-05-09,24.580304915033,24.598765432098762,25.3084104453638,25.308410445363705,,24.49111586210759
IMCD.AS,2025-05-12,25.5672180358373,25.586419753086417,26.3245574143119,26.324557414311773,,25.474447992079288
IMCD.AS,2025-05-13,25.5980590708624,25.61728395061728,26.3563120070915,26.356312007091436,,25.505177121140903
IMCD.AS,2025-05-14,25.3718914806781,25.390946502057613,26.1234449933742,26.146818279132013,,25.279830174689057
IMCD.AS,2025-05-15,25.587778725854,25.60699588477366,26.3457271428316,26.315110718945274,,25.494934078120366
IMCD.AS,2025-05-16,25.7728249360049,25.792181069958843,26.5362546995094,26.593549189401884,,25.67930885249006
IMCD.AS,2025-05-19,25.885908731097,25.90534979423868,26.652688206368,26.46524883718649,,25.791982325715985
IMCD.AS,2025-05-20,25.5158163107954,25.53497942386831,26.2716330930125,26.178599047411446,,25.423232776976594
IMCD.AS,2025-05-21,25.2896487206111,25.30864197530864,26.0387660792952,25.930659239970954,,25.19788583052475
IMCD.AS,2025-05-22,24.8578742302592,24.876543209876544,25.5942017803804,25.705255256480534,,24.767678023662132
IMCD.AS,2025-05-23,24.4980621549659,24.516460905349795,25.2237315312847,25.037367499418608,,24.409171517943285
IMCD.AS,2025-05-26,24.8373135402424,24.8559670781893,25.5730320518607,25.521303018993194,,24.747191937621054
IMCD.AS,2025-05-27,25.1148828554686,25.133744855967077,25.8588233868773,25.993684192752838,,25.023754099175594
IMCD.AS,2025-05-28,24.9298366453178,24.94855967078189,25.6682958301995,25.75000217645371,,24.8393793248059
IMCD.AS,2025-05-29,24.6728280201084,24.691358024691358,25.4036742237026,25.227255835216216,,24.583303249292438
IMCD.AS,2025-05-30,24.5700245700246,24.58847736625514,25.2978255811039,25.35133064186007,,24.480872819087054
IMCD.AS,2025-06-02,24.066287664614,24.084362139917694,24.7791672323699,24.779167232369865,,23.978963711080667
IMCD.AS,2025-06-03,24.0354466295889,24.05349794238683,24.7474126395903,24.747412639590237,,23.94823458201905
IMCD.AS,2025-06-04,24.1896518047146,24.207818930041153,24.9061856034885,24.906185603488414,,24.10188022732713
IMCD.AS,2025-06-05,24.0251662845805,24.04320987654321,24.7368277753304,24.736827775330394,,23.93799153899851
IMCD.AS,2025-06-06,24.1074090446475,24.12551440329218,24.8215066894094,24.821506689409404,,24.01993588316282
IMCD.AS,2025-06-09,24.3849783598738,24.403292181069958,25.1072980244261,25.107298024426022,,24.29649804471736
IMCD.AS,2025-06-10,24.6214262950665,24.63991769547325,25.3507499024033,25.35074990240321,,24.532088034189744
IMCD.AS,2025-06-11,24.9812383703597,25.0,25.7212201514989,25.721220151498837,,24.890594539908594
IMCD.AS,2025-06-12,24.7036690551335,24.72222222222222,25.4354288164823,25.435428816482183,,24.614032378354054
IMCD.AS,2025-06-13,24.148530424681,24.166666666666664,24.8638461464489,24.86384614644891,,24.060908055244976
IMCD.AS,2025-06-16,24.0251662845805,24.04320987654321,24.7368277753304,24.73682777533036,,23.93799153899851
IMCD.AS,2025-06-17,23.4597473091197,23.47736625514403,24.1546602410373,24.15466024103721,,23.37462417286889
IMCD.AS,2025-06-18,23.1102155788348,23.127572016460906,23.7947748562015,23.79477485620143,,23.026360710170586
IMCD.AS,2025-06-19,22.8634872986337,22.88065843621399,23.5407381139644,23.5407381139644,,22.78052767767766
IMCD.AS,2025-06-20,23.0588138537929,23.0761316872428,23.7418505349021,23.741850534902046,,22.975145495067892
IMCD.AS,2025-06-23,22.9148890236756,22.932098765432098,23.5936624352638,23.59366243526378,,22.83174289278035
IMCD.AS,2025-06-24,23.2644207539605,23.281893004115226,23.9535478200996,23.95354782009953,,23.180006355478664
IMCD.AS,2025-06-25,23.0999352338264,23.11728395061728,23.7841899919416,23.784189991941513,,23.016117667150045
IMCD.AS,2025-06-26,23.0588138537929,23.0761316872428,23.7418505349021,23.741850534902046,,22.975145495067892
IMCD.AS,2025-06-27,23.8092790394046,23.827160493827158,24.514545625873,24.514545625872998,,23.7228876355672
IMCD.AS,2025-06-30,23.4494669641113,23.46707818930041,24.1440753767774,24.144075376777334,,23.364381129848354
IMCD.AS,2025-07-01,23.4597473091197,23.47736625514403,24.1546602410373,24.15466024103721,,23.37462417286889
IMCD.AS,2025-07-02,23.7681576593711,23.786008230452673,24.4722061688335,24.47220616883346,,23.681915463485048
IMCD.AS,2025-07-03,23.5419900691867,23.559670781893004,24.2393391551163,24.239339155116188,,23.4565685170332
IMCD.AS,2025-07-04,23.3363831690192,23.353909465020575,24.0276418699187,24.027641869918664,,23.251707656622433
IMCD.AS,2025-07-07,23.223299373927,23.24074074074074,23.9112083630601,23.911208363060062,,23.139034183396507
IMCD.AS,2025-07-08,23.2644207539605,23.281893004115226,23.9535478200996,23.95354782009953,,23.180006355478664
IMCD.AS,2025-07-09,23.2130190289186,23.23045267489712,23.9006234988002,23.900623498800186,,23.12879114037597
IMCD.AS,2025-07-10,23.5419900691867,23.559670781893004,24.2393391551163,24.23933915511622,,23.4565685170332
IMCD.AS,2025-07-11,23.0382531637762,23.055555555555554,23.7206808063823,23.72068080638229,,22.954659409026814
IMCD.AS,2025-07-14,22.9457300587008,22.962962962962962,23.6254170280434,23.625417028043408,,22.862472021841967
IMCD.AS,2025-07-15,22.8018052285835,22.818930041152264,23.4772289284052,23.477228928405143,,22.71906941955443
IMCD.AS,2025-07-16,22.8532069536254,22.87037037037037,23.5301532497046,23.530153249704526,,22.770284634657123
IMCD.AS,2025-07-17,23.2438600639437,23.261316872427983,23.9323780915798,23.932378091579814,,23.159520269437582
IMCD.AS,2025-07-18,23.1102155788348,23.127572016460906,23.7947748562015,23.79477485620139,,23.026360710170586
IMCD.AS,2025-07-21,23.1718976488851,23.189300411522634,23.8582840417607,23.858284041760644,,23.087818968293817
IMCD.AS,2025-07-22,22.9868514387343,23.004115226337447,23.667756485083,23.66775648508291,,22.90344419392412
IMCD.AS,2025-07-23,23.5317097241783,23.549382716049383,24.2287542908564,24.228754290856344,,23.446325474012664
IMCD.AS,2025-07-24,23.305542133994,23.32304526748971,23.9958872771391,23.99588727713907,,23.220978527560813
IMCD.AS,2025-07-25,23.4186259290862,23.43621399176955,24.1123207839978,24.11232078399771,,23.333652000786742
IMCD.AS,2025-07-28,23.3363831690192,23.353909465020575,24.0276418699187,24.0276418699187,,23.251707656622433
IMCD.AS,2025-07-29,22.9457300587008,22.962962962962962,23.6254170280434,23.625417028043408,,22.862472021841967
IMCD.AS,2025-07-30,20.0795698703648,20.094650205761315,20.67435687239,24.06697150455908,,23.690227749712722
IMCD.AS,2025-07-31,21.0358955543325,19.81893004115226,23.7367468289897,23.73674682898962,,23.36517240274759
IMCD.AS,2025-08-01,20.6122074586577,19.41975308641975,23.2586603583892,23.258660358389164,,22.894569885499557
IMCD.AS,2025-08-04,20.3108210813219,19.1358024691358,22.9185782298177,22.918578229817637,,22.5598113938489
IMCD.AS,2025-08-05,20.7301412584847,19.530864197530864,23.3917359739172,23.39173597391714,,23.025562338754167
IMCD.AS,2025-08-06,20.9834805321872,19.769547325102877,23.6776021109773,23.677602110977233,,23.30695353463443
IMCD.AS,2025-08-07,21.1625651911838,19.938271604938272,23.8796798975197,23.87967989751971,,23.505868000687723
IMCD.AS,2025-08-08,21.1363576801111,19.91358024691358,23.8501075385135,23.850107538513495,,23.476758566631144
IMCD.AS,2025-08-11,20.6384149697303,19.444444444444443,23.2882327173954,23.288232717395385,,22.92367931955614
IMCD.AS,2025-08-12,20.5597924365123,19.37037037037037,23.1995156403768,23.199515640376692,,22.836351017386402
IMCD.AS,2025-08-13,20.6908299918757,19.493827160493826,23.3473774354079,23.347377435407818,,22.981898187669294
IMCD.AS,2025-08-14,20.4200190441247,19.238683127572017,23.0417963923436,23.04179639234354,,22.68110070241798
IMCD.AS,2025-08-15,20.4636982292458,19.279835390946502,23.091083657354,23.09108365735394,,22.72961642584561
IMCD.AS,2025-08-18,20.2234627110797,19.05349794238683,22.820003699797,22.820003699796917,,22.46277994699363
IMCD.AS,2025-08-19,20.8568108953359,19.650205761316872,23.5346690424472,23.534669042447184,,23.166257936694297
IMCD.AS,2025-08-20,20.7301412584847,19.530864197530864,23.3917359739172,23.39173597391714,,23.025562338754167
IMCD.AS,2025-08-21,20.4025473700763,19.22222222222222,23.0220814863395,23.022081486339435,,22.661694413046927
IMCD.AS,2025-08-22,20.9004900804571,19.691358024691358,23.5839563074576,23.583956307457548,,23.21477366012193
IMCD.AS,2025-08-25,20.7083016659241,19.510288065843618,23.367092341412,23.36709234141196,,23.00130447704035
IMCD.AS,2025-08-26,20.6558866437788,19.46090534979424,23.3079476233996,23.307947623399528,,22.94308560892719
IMCD.AS,2025-08-27,20.8131317102148,19.609053497942384,23.4853817774369,23.485381777436825,,23.117742213266666
IMCD.AS,2025-08-28,20.9529051026024,19.74074074074074,23.64310102547,23.64310102546998,,23.27299252823509
IMCD.AS,2025-08-29,20.9616409396266,19.74897119341564,23.6529584784721,23.652958478472055,,23.282695672920617
IMCD.AS,2025-09-01,20.8524429768238,19.64609053497942,23.5297403159462,23.529740315946107,,23.161406364351535
IMCD.AS,2025-09-02,20.0225384595225,18.864197530864196,22.5932822807493,22.593282280749296,,22.23960761922653
IMCD.AS,2025-09-03,20.2409343851281,19.069958847736626,22.8397186058011,22.83971860580106,,22.48218623636469
IMCD.AS,2025-09-04,20.1011609927405,18.938271604938272,22.681999357768,22.681999357767946,,22.326935921396267
IMCD.AS,2025-09-05,20.2715098147129,19.098765432098762,22.8742196913084,22.874219691308312,,22.516147242764028
IMCD.AS,2025-09-08,20.4899057403185,19.304526748971192,23.1206560163602,23.120656016360158,,22.75872585990219
IMCD.AS,2025-09-09,20.0050667854741,18.8477366255144,22.5735673747452,22.573567374745153,,22.220201329855474
IMCD.AS,2025-09-10,20.1535760148859,18.98765432098765,22.7411440757804,22.741144075780383,,22.385154789509425
IMCD.AS,2025-09-11,20.157943933398,18.991769547325102,22.7460728022815,22.746072802281414,,22.390006361852187
IMCD.AS,2025-09-12,20.0181705410104,18.860082304526745,22.5883535542483,22.588353554248265,,22.234756046883764
IMCD.AS,2025-09-15,19.8652933930865,18.716049382716047,22.415848126712,22.364299303142406,,22.06495101488705
IMCD.AS,2025-09-16,20.0094347039862,18.85185185185185,22.5784961012462,22.37669850220408,,22.22505290219824
IMCD.AS,2025-09-17,19.9220763337439,18.76954732510288,22.4799215712255,22.582886302061695,,22.128021455342974
IMCD.AS,2025-09-18,20.1797835259585,19.012345679012345,22.7707164347866,22.820744231347753,,22.414264223566004
IMCD.AS,2025-09-19,20.3020852442977,19.127572016460903,22.9087207768156,22.990801854487536,,22.55010824916337
IMCD.AS,2025-09-22,20.040010133571,18.88065843621399,22.6129971867535,22.501724775464517,,22.25901390859758
IMCD.AS,2025-09-23,20.275877733225,19.102880658436213,22.8791484178094,22.854036465833623,,22.520998815106793
IMCD.AS,2025-09-24,19.9613876003529,18.80658436213992,22.5242801097348,22.674108433912803,,22.171685606427843
IMCD.AS,2025-09-25,19.3193035790724,18.201646090534975,21.7997573140825,21.93434109064857,,21.45850447204165
IMCD.AS,2025-09-26,19.0965397349547,17.991769547325102,21.5483922625297,21.482033057643076,,21.211074282560727
IMCD.AS,2025-09-29,19.2275772903181,18.11522633744856,21.6962540575608,21.65182729439919,,21.356621452843626
IMCD.AS,2025-09-30,19.2188414532939,18.10699588477366,21.6863966045587,21.671648797093777,,21.3469183081581
IMCD.AS,2025-10-01,19.7167841636746,18.576131687242796,22.2482714256768,22.24827142567673,,21.899997555233103
IMCD.AS,2025-10-02,19.9570196818408,18.80246913580247,22.5193513832338,22.519351383233758,,22.166834034085078
IMCD.AS,2025-10-03,20.3457644294188,19.168724279835388,22.958008041826,22.958008041825966,,22.598623972591003
IMCD.AS,2025-10-06,20.1797835259585,19.012345679012345,22.7707164347866,22.7707164347866,,22.414264223566004
IMCD.AS,2025-10-07,20.1317364223253,18.967078189300413,22.7165004432752,22.716500443275198,,22.360896927795608
IMCD.AS,2025-10-08,20.0618497261315,18.901234567901234,22.6376408192587,22.637640819258625,,22.283271770311394
IMCD.AS,2025-10-09,19.9220763337439,18.76954732510288,22.4799215712255,22.479921571225468,,22.128021455342974
IMCD.AS,2025-10-10,19.2363131273423,18.123456790123456,21.7061115105628,21.70611151056281,,21.36632459752915
IMCD.AS,2025-10-13,19.5202278306296,18.39094650205761,22.0264787331302,22.02647873313015,,21.681676799808756
IMCD.AS,2025-10-14,19.1970018607333,18.08641975308642,21.6617529720535,21.661752972053485,,21.32266044644428
IMCD.AS,2025-10-15,19.3760865197299,18.25514403292181,21.863830758596,21.86383075859596,,21.521574912497574
IMCD.AS,2025-10-16,19.6163220378961,18.481481481481477,22.134910716153,22.134910716152945,,21.78841139134955
IMCD.AS,2025-10-17,19.6993124896262,18.559670781893004,22.2285565196727,22.22855651967263,,21.88059126586205
IMCD.AS,2025-10-20,20.2846135702492,19.111111111111107,22.8890058708115,22.889005870811463,,22.530701959792317
IMCD.AS,2025-10-21,20.5947357846092,19.403292181069958,23.2389454523851,23.23894545238502,,22.875163596128505
IMCD.AS,2025-10-22,20.6951979103878,19.497942386831276,23.3523061619089,23.35230616190885,,22.98674976001206
IMCD.AS,2025-10-23,20.6558866437788,19.46090534979424,23.3079476233996,23.293876207375288,,22.94308560892719
IMCD.AS,2025-10-24,20.7694525250937,19.5679012345679,23.4360945124265,23.436094512426465,,23.069226489839032
IMCD.AS,2025-10-27,20.4855378218064,19.300411522633745,23.1157272898592,23.11572728985912,,22.753874287559427
IMCD.AS,2025-10-28,20.2234627110797,19.05349794238683,22.820003699797,22.820003699796956,,22.46277994699363
IMCD.AS,2025-10-29,19.8696613115986,18.720164609053498,22.4207768532131,22.420776853213038,,22.069802587229816
IMCD.AS,2025-10-30,19.7036804081383,18.56378600823045,22.2334852461737,22.233485246173665,,21.885442838204813
IMCD.AS,2025-10-31,19.651265385993,18.51440329218107,22.1743405281613,22.174340528161235,,21.827223970091655
IMCD.AS,2025-11-03,19.1926339422212,18.08230452674897,21.6568242455525,21.656824245552446,,21.317808874101516
IMCD.AS,2025-11-04,19.0179172017367,17.917695473251026,21.459675185511,21.459675185511006,,21.12374598039099
IMCD.AS,2025-11-05,19.3891902752662,18.267489711934154,21.8786169380991,21.87861693809907,,21.536129629525863
IMCD.AS,2025-11-06,17.9608809218055,16.921810699588477,20.2669233722603,20.26692337226028,,19.949665473442295
IMCD.AS,2025-11-07,18.1006543141931,17.05349794238683,20.4246426202935,20.424642620293433,,20.104915788410715
IMCD.AS,2025-11-10,17.9914563513903,16.950617283950614,20.3014244577676,20.30142445776753,,19.983626479841636
IMCD.AS,2025-11-11,18.2316918695565,17.17695473251029,20.5725044153246,20.572504415324516,,20.250462958693614
IMCD.AS,2025-11-12,17.939041329245,16.901234567901234,20.2422797397551,20.242279739755098,,19.925407611728478
IMCD.AS,2025-11-13,17.9259375737086,16.888888888888886,20.227493560252,20.22749356025199,,19.910852894700188
IMCD.AS,2025-11-14,17.1877593451617,16.19341563786008,19.3945387815769,19.394538781576898,,19.09093716877321
IMCD.AS,2025-11-17,16.3316473167877,15.386831275720164,18.4285083873739,18.428508387373828,,18.14002898959162
IMCD.AS,2025-11-18,16.2967039686908,15.353909465020577,18.3890785753656,18.38907857536554,,18.101216410849513
IMCD.AS,2025-11-19,16.6723449607324,15.707818930041151,18.8129490544547,18.81294905445464,,18.51845163232715
IMCD.AS,2025-11-20,16.5893545090023,15.629629629629628,18.719303250935,18.719303250934956,,18.426271757814646
IMCD.AS,2025-11-21,16.9256842344349,15.946502057613168,19.0988151915148,19.09881519151473,,18.799842828207414
IMCD.AS,2025-11-24,17.0567217897983,16.069958847736622,19.2466769865458,19.24667698654581,,18.94538999849031
IMCD.AS,2025-11-25,17.3013252264766,16.300411522633745,19.5226856706039,19.52268567060383,,19.21707804968505
IMCD.AS,2025-11-26,17.318796900525,16.316872427983537,19.542400576608,19.542400576607978,,19.2364843390561
IMCD.AS,2025-11-27,17.2663818783797,16.267489711934157,19.4832558585956,19.483255858595545,,19.178265470942947
IMCD.AS,2025-11-28,16.8776371308017,15.901234567901234,19.0445992000034,19.044599200003336,,18.74647553243702
IMCD.AS,2025-12-01,16.7684391679989,15.79835390946502,18.9213810374775,18.921381037477435,,18.62518622386794
IMCD.AS,2025-12-02,16.5675149164417,15.609053497942385,18.6946596184298,18.694659618429778,,18.402013896100833
IMCD.AS,2025-12-03,16.4539490351268,15.502057613168724,18.5665127294029,18.566512729402838,,18.27587301518899
IMCD.AS,2025-12-04,16.5718828349538,15.613168724279834,18.6995883449308,18.69958834493081,,18.406865468443595
IMCD.AS,2025-12-05,16.7291279013899,15.761316872427981,18.8770224989681,18.877022498968106,,18.58152207278307
IMCD.AS,2025-12-08,16.3622227463724,15.415637860082304,18.4630094728811,18.46300947288108,,18.17398999599096
IMCD.AS,2025-12-09,16.2530247835696,15.31275720164609,18.3397913103552,18.339791310355178,,18.052700687421883
IMCD.AS,2025-12-10,16.1176193096942,15.185185185185183,18.1870007888231,18.18700078882306,,17.90230194479622
IMCD.AS,2025-12-11,16.5762507534659,15.617283950617285,18.7045170714319,18.704517071431848,,18.41171704078636
IMCD.AS,2025-12-12,16.81211835312,15.839506172839506,18.9706683024878,18.970668302487795,,18.673701947295573
IMCD.AS,2025-12-15,16.733495819902,15.765432098765432,18.8819512254692,18.881951225469145,,18.586373645125835
IMCD.AS,2025-12-16,16.7640712494868,15.794238683127572,18.9164523109764,18.916452310976396,,18.620334651525177
IMCD.AS,2025-12-17,16.8164862716321,15.843621399176953,18.9755970289889,18.97559702898883,,18.678553519638335
IMCD.AS,2025-12-18,17.2095989377222,16.213991769547324,19.4191824140821,19.419182414082076,,19.115195030487023
IMCD.AS,2025-12-19,17.1004009749194,16.11111111111111,19.2959642515562,19.295964251556175,,18.993905721917944
IMCD.AS,2025-12-22,16.6898166347809,15.724279835390945,18.8326639604588,18.832663960458785,,18.5378579216982
IMCD.AS,2025-12-23,16.5980903460265,15.637860082304526,18.7291607039371,18.729160703937026,,18.435974902500174
IMCD.AS,2025-12-24,16.7946466790716,15.823045267489713,18.9509533964837,18.95095339648365,,18.65429565792452
IMCD.AS,2025-12-29,16.8383258641927,15.864197530864196,19.000240661494,19.000240661494008,,18.70281138135215
IMCD.AS,2025-12-30,16.8557975382411,15.880658436213992,19.0199555674982,19.019955567498155,,18.722217670723207
IMCD.AS,2025-12-31,16.890740886338,15.91358024691358,19.0593853795065,19.05938537950644,,18.76103024946531
MNG.L,2024-01-02,,-3.4727463295626273,24.4723504288203,244.3915185288808,,116.00416280777608
MNG.L,2024-01-03,,-3.4537784111882273,24.1885497548019,243.0566676831999,,115.37055548883734
MNG.L,2024-01-04,,-3.498152017424339,24.516012070977,246.17942183265438,,116.85281838790442
MNG.L,2024-01-05,,-3.5152466038459176,24.5596737131337,247.3824385628509,,117.42384863261283
MNG.L,2024-01-08,,-3.5588206177635637,24.8216435660738,250.44892209465462,,118.8794018245235
MNG.L,2024-01-09,,-3.5357489385646614,24.7015740501429,248.8252726312789,,118.10871183566523
MNG.L,2024-01-10,,-3.504168585025287,24.5050966604378,246.60283257239482,,117.053796755251
MNG.L,2024-01-11,,-3.438357525346197,24.002987775636,241.97143618330307,,114.85543380067065
MNG.L,2024-01-12,,-3.483245409817135,24.2867884496544,245.1303822186103,,116.35487573051617
MNG.L,2024-01-15,,-3.476457962205741,24.2867884496544,244.65272146505583,,116.12814676645142
MNG.L,2024-01-16,,-3.4474743624012696,24.0903110599493,242.61302570370688,,115.15997405488548
MNG.L,2024-01-17,,-3.403423811788439,23.7301025121567,239.51300631425175,,113.68850255650321
MNG.L,2024-01-18,,-3.427043537429939,23.8174257964701,241.17522407188713,,114.4774995746461
MNG.L,2024-01-19,,-3.421600910210978,23.8392566175484,240.79220388999047,,114.29569320179482
MNG.L,2024-01-22,,-3.4910337432564464,24.2758730391152,245.67847944639792,,116.61503844168342
MNG.L,2024-01-23,,-3.479724550167079,24.1667189337235,244.88260476677686,,116.237264382808
MNG.L,2024-01-24,,-3.529624175306234,24.516012070977,248.39424771574934,,117.90411928361459
MNG.L,2024-01-25,,-3.5532504072158897,24.6251661763687,250.0569233463769,,118.69333363815892
MNG.L,2024-01-26,,-3.568496872669453,24.7561511028387,251.12988016233416,,119.20262896032574
MNG.L,2024-01-29,,-3.563564142429884,24.6688278185254,250.78274353923004,,119.03785526610955
MNG.L,2024-01-30,,-3.6167021719200756,25.0726980084747,254.5222863927324,,120.81288633353593
MNG.L,2024-01-31,,-3.5330498502517393,24.4679274741153,248.70131841610734,,118.01855106653002
MNG.L,2024-02-01,,-3.456540430576932,23.9547670139263,243.31560512281155,,115.46281841749355
MNG.L,2024-02-02,,-3.4730224282915647,24.0857867058895,244.47581931041233,,116.01338565300091
MNG.L,2024-02-05,,-3.431637493606963,23.8892571679447,241.562617330573,,114.63095680696817
MNG.L,2024-02-06,,-3.47364129880983,24.0857867058895,244.51938334724818,,116.03405850081207
MNG.L,2024-02-07,,-3.467978089322274,24.0311951675715,244.12073409922797,,115.84488376328042
MNG.L,2024-02-08,,-3.45762771554346,23.9875219369171,243.39214217044193,,115.49913825496681
MNG.L,2024-02-09,,-3.4438889955811196,23.9001754756083,242.42503502143356,,115.04020789955484
MNG.L,2024-02-12,,-3.4871498903996514,24.1622148595346,245.47029111270024,,116.48530161199167
MNG.L,2024-02-13,,-3.4228045522971158,23.6490543993457,240.94084174223923,,114.33589985073259
MNG.L,2024-02-14,,-3.46000324935409,23.9875219369171,243.55936267841338,,115.57849095878449
MNG.L,2024-02-15,,-3.5067208241247334,24.3478260898157,246.8479441961158,,117.13905215023802
MNG.L,2024-02-16,,-3.5255983307892658,24.4897640894425,248.17678499793618,,117.76963934224668
MNG.L,2024-02-19,,-3.523234774173717,24.4897640894425,248.01040759842243,,117.69068672653114
MNG.L,2024-02-20,,-3.53743128366436,24.5989471660784,249.009739840218,,118.16490915511324
MNG.L,2024-02-21,,-3.5389236281619167,24.609865473742,249.11479016778375,,118.21475966466129
MNG.L,2024-02-22,,-3.5596791246878845,24.7190485503779,250.5758279592607,,118.90807952440981
MNG.L,2024-02-23,,-3.5385758219656585,24.5225190124332,249.0903071111534,,118.20314149195663
MNG.L,2024-02-26,,-3.529932712438077,24.5225190124332,248.48189431602376,,117.91442570633538
MNG.L,2024-02-27,,-3.4824582377077524,24.1840514748618,245.14003248078694,,116.32858090997105
MNG.L,2024-02-28,,-3.500970263882549,24.3369077821521,246.44314608273527,,116.94695953440497
MNG.L,2024-02-29,,-3.5294357933532448,24.5362914967742,248.47581865802326,,117.8978265433247
MNG.L,2024-03-01,,-3.5556758348446906,24.7437634764977,250.32314388872632,,118.77435300290053
MNG.L,2024-03-04,,-3.5692030508514314,24.7983613658986,251.2754734587287,,119.22621824702262
MNG.L,2024-03-05,,-3.594504404066226,24.9512354562212,253.05671409357535,,120.07138861624901
MNG.L,2024-03-06,,-3.605263485428277,25.0713508129032,253.81416420910915,,120.4307866567453
MNG.L,2024-03-07,,-3.64235021475227,25.2897423705069,256.425107138708,,121.66963757709176
MNG.L,2024-03-08,,-3.6456004687643793,25.1914661695852,256.65392828004343,,121.77820957164766
MNG.L,2024-03-11,,-3.6286232874240865,25.1368682801843,255.4587176914331,,121.21110114467986
MNG.L,2024-03-12,,-3.665853300916054,25.4316968829493,258.0797479701223,,122.45473835183569
MNG.L,2024-03-13,,-3.6410786035929763,25.3006619483871,256.33558443810625,,121.62716047857893
MNG.L,2024-03-14,,-3.6562102671197807,25.3443402599078,257.40086872222923,,122.13262093918705
MNG.L,2024-03-15,,-3.642911649253124,25.2897423705069,256.46463269049275,,121.68839182317318
MNG.L,2024-03-18,,-3.629092239492087,25.1805465917051,255.49173238721727,,121.22676609307598
MNG.L,2024-03-19,,-3.6354132915813984,25.2242249032258,255.9367407921388,,121.43791550800523
MNG.L,2024-03-20,,-3.643803361988795,25.2788227926267,256.52741016116397,,121.71817873518745
MNG.L,2024-03-21,,18.817884677375016,25.4426164608295,3.644538364397944,,3.6183305472187515
MNG.L,2024-03-22,18.9493731153785,19.300273419278366,3.29172866736475,3.737964607919029,,3.7110849641146033
MNG.L,2024-03-25,18.933502618632,19.27942390138437,3.28897177568354,3.733926594659487,,3.7070759881439233
MNG.L,2024-03-26,18.6557689255674,18.99343615322523,3.24072617126236,3.678538152346041,,3.652085843234667
MNG.L,2024-03-27,18.6319631804476,18.99584980723345,3.23659083374055,3.679005614804352,,3.6525499441778977
MNG.L,2024-03-28,17.4972226630694,17.88062761830367,3.03947307853403,3.4630158730206033,,3.4381133811782094
MNG.L,2024-04-02,16.9258847801936,17.265696293596537,2.9529214278534,3.3583592332868544,,3.319873481488278
MNG.L,2024-04-03,16.8941437867005,17.227367697561302,2.94738383492729,3.35090391887584,,3.3125036026605565
MNG.L,2024-04-04,16.7830503094747,17.099156783189503,2.92800225968587,3.325965549709205,,3.287851019444543
MNG.L,2024-04-05,16.5370576099032,16.843208395779794,2.88508591450844,3.2761809006869145,,3.238636887008638
MNG.L,2024-04-08,16.6005395968894,16.893488677241557,2.89616110036068,3.2859609434160295,,3.248304853491321
MNG.L,2024-04-09,16.4894461196636,16.816904862819758,2.87677952511926,3.2710645873172,,3.233579204998103
MNG.L,2024-04-10,16.4259641326774,16.734875984995238,2.86570433926702,3.255109109208834,,3.2178065717040227
MNG.L,2024-04-11,16.1958419298524,16.55317531227009,2.82555679055265,3.2197664203554823,,3.1828688990674125
MNG.L,2024-04-12,15.9022377400413,16.24773678186243,2.77433405598604,3.160355418832386,,3.124138729134954
MNG.L,2024-04-15,15.9974607205206,16.36786932144561,2.7909468347644,3.1837224592729836,,3.147237990563175
MNG.L,2024-04-16,15.5887954292969,15.931790617703562,2.71965032584061,3.0989005722057894,,3.0633881359278923
MNG.L,2024-04-17,15.6403745437232,15.93166140904929,2.72864891434555,3.098875439765734,,3.0633632914977804
MNG.L,2024-04-18,15.8030471353753,16.125370771183206,2.75702907809192,3.136553944810325,,3.1006100125989104
MNG.L,2024-04-19,15.8585938739883,16.082151984847194,2.76671986571263,3.1281474370347326,,3.092299840786595
MNG.L,2024-04-22,16.1323599428662,16.33068537549523,2.81448160470041,3.1764897913232475,,3.1400882067375697
MNG.L,2024-04-23,15.9895254721473,16.247362287458415,2.78956243653287,3.1602825757383117,,3.1240667208000623
MNG.L,2024-04-24,15.7911442628154,16.065499194996672,2.75495248074462,3.124908294540651,,3.089097817857578
MNG.L,2024-04-25,15.7038565307094,15.995386373413949,2.73972410019779,3.1112706144998308,,3.0756164213864072
MNG.L,2024-04-26,15.8189176321219,16.137526246694886,2.75979787455498,3.138918312439954,,3.102947285311223
MNG.L,2024-04-29,15.8189176321219,16.189612987752852,2.75979787455498,3.149049730529864,,3.1129626005023994
MNG.L,2024-04-30,15.9577844786542,16.321664539083645,2.7844977280925,3.1752743930524883,,3.1383536670425354
MNG.L,2024-05-01,15.7157594032693,16.052860801620294,2.74226640998866,3.1229803624846877,,3.0866676889878604
MNG.L,2024-05-02,15.7038565307094,16.024451975785123,2.74018945991798,3.117453608948306,,3.0812051981663697
MNG.L,2024-05-03,15.9022377400413,16.19395248493921,2.77480529442932,3.1504288379782492,,3.113797005404872
MNG.L,2024-05-07,16.0609427075068,16.312538853925055,2.8024979620384,3.173499049959642,,3.1365989668761913
MNG.L,2024-05-08,16.2355181717188,16.489942336452053,2.83295989640838,3.2080117514036317,,3.170710369460255
MNG.L,2024-05-09,16.3783526424377,16.6140969285965,2.85788329725655,3.232165225228071,,3.194582997071469
MNG.L,2024-05-10,16.3069354070783,16.558568822214113,2.84542159683247,3.2213625908602186,,3.183905971093402
MNG.L,2024-05-13,16.3466116489446,16.618619615928385,2.85234476373474,3.2330450848305268,,3.1954526260445997
MNG.L,2024-05-14,16.4100936359308,16.676694511936237,2.86342183077837,3.2443431806669802,,3.206619352478225
MNG.L,2024-05-15,16.4577051261705,16.75488621322321,2.87172963106109,3.259554871009663,,3.2216541678231088
MNG.L,2024-05-16,16.4577051261705,16.755847927808468,2.87172963106109,3.2597419663692557,,3.221839087718262
MNG.L,2024-05-17,16.3069354070783,16.638001951936143,2.84542159683247,3.2368157930849253,,3.1991794901239428
MNG.L,2024-05-20,16.3148706554515,16.675642868963283,2.84680623021292,3.2441385903205338,,3.2064171410204
MNG.L,2024-05-21,16.2672591652119,16.632406305309527,2.8384984299302,3.235727196183329,,3.1981035509592783
MNG.L,2024-05-22,16.0292017140137,16.449442365060136,2.79695942851659,3.200132743611732,,3.1629229753848174
MNG.L,2024-05-23,15.9736549754007,16.381173169594124,2.78726699485341,3.186851412674048,,3.149796074055376
MNG.L,2024-05-24,16.0053959688938,16.420730557777105,2.79280552837523,3.194547046992029,,3.1574022268448423
MNG.L,2024-05-28,15.9736549754007,16.398755968709278,2.78726699485341,3.190272032651557,,3.153176920533857
MNG.L,2024-05-29,15.7792413902555,16.214160824867562,2.75334347703229,3.1543602399591584,,3.117682694733134
MNG.L,2024-05-30,15.9736549754007,16.394943944392647,2.78726699485341,3.1895304279476115,,3.152443938890698
MNG.L,2024-05-31,15.7990795111887,16.213797668526528,2.75688622819081,3.15438246095317,,3.11761286649767
MNG.L,2024-06-03,16.1323599428662,16.547109537597592,2.81504254239674,3.219228040953599,,3.1817025629905196
MNG.L,2024-06-04,15.9260434851611,16.319402999923323,2.77904101455497,3.1749279008279823,,3.1379188149660227
MNG.L,2024-06-05,15.9260434851611,16.362298495684907,2.77904101455497,3.183273188110495,,3.1461668239911202
MNG.L,2024-06-06,15.9657197270275,16.376912297736204,2.78596438529378,3.1861162925959854,,3.1489767873467143
MNG.L,2024-06-07,15.7355975242025,16.18720906901376,2.74580883500873,3.1492096683922246,,3.1125003714710378
MNG.L,2024-06-10,16.1085541977464,16.639422221205475,2.81088851995346,3.237187405937007,,3.199452581588292
MNG.L,2024-06-11,15.8427233772417,16.414421922747287,2.76450193600349,3.1934137626687518,,3.156189193221191
MNG.L,2024-06-12,16.1799714331059,16.731672138635314,2.82335058728331,3.255134559806455,,3.21719053141302
MNG.L,2024-06-13,16.0212664656404,16.63025744911148,2.7956571043281,3.235404406238666,,3.1976903657285107
MNG.L,2024-06-14,15.9101729884145,16.468993162570253,2.77627166625945,3.2040305574067505,,3.1666822314896446
MNG.L,2024-06-17,15.9419139819076,16.476748912414095,2.7818103628505,3.2055394328583335,,3.168173518478468
MNG.L,2024-06-18,16.1720361847326,16.713619779176387,2.82196591313555,3.251622486495792,,3.2137193971809057
MNG.L,2024-06-19,16.1482304396128,16.696077466559387,2.81781189069227,3.2482096424246554,,3.2103463355058457
MNG.L,2024-06-20,16.3624821456912,16.90117976849191,2.85519809268179,3.288112145042719,,3.249783707830675
MNG.L,2024-06-21,16.4338993810506,16.975762962164424,2.86766016001164,3.302622250744796,,3.26412467402327
MNG.L,2024-06-24,16.6005395968894,17.12818246660641,2.8967383171146,3.3322753536974887,,3.2934321205492583
MNG.L,2024-06-25,16.4100936359308,16.967225485098165,2.86350613756835,3.300961290834649,,3.2624830753741847
MNG.L,2024-06-26,16.2831296619584,16.805752128160663,2.84135135120419,3.2695467675102687,,3.2314347407719755
MNG.L,2024-06-27,16.2196476749722,16.727976594755955,2.83027395802211,3.2544155944514417,,3.2164799467996836
MNG.L,2024-06-28,16.1879066814791,16.68353805055013,2.82473526143106,3.2457701082242925,,3.207935238149876
MNG.L,2024-07-01,16.2275829233455,16.691912097074557,2.83179121098313,3.2475513167139365,,3.2095454121339677
MNG.L,2024-07-02,16.0371369623869,16.535112498117282,2.79855747549971,3.2170446413197307,,3.179395754591381
MNG.L,2024-07-03,16.3466116489446,16.86265012156006,2.85256229566027,3.2807698295485497,,3.2423751706408015
MNG.L,2024-07-04,16.5053166164101,17.011290093661916,2.88025707522979,3.309688981189675,,3.270955883128669
MNG.L,2024-07-05,16.5132518647834,17.046473355917907,2.88164181420826,3.3165341795708705,,3.277720972550474
MNG.L,2024-07-08,16.5846691001428,17.136785691919346,2.89410446501455,3.3341052010327092,,3.2950863613679315
MNG.L,2024-07-09,16.6243453420092,17.165637251959133,2.90102815990693,3.3397185137108307,,3.3006339817735553
MNG.L,2024-07-10,16.8147913029678,17.41753616004534,2.93426189539035,3.3887275562864456,,3.3490694743682794
MNG.L,2024-07-11,16.7195683224885,17.349214017712516,2.91764502764864,3.375434911201623,,3.335932392337401
MNG.L,2024-07-12,16.560863355023,17.23003054249741,2.88995024807912,3.3522467677693677,,3.313015618401965
MNG.L,2024-07-15,16.4259641326774,17.07412144148164,2.86640968544503,3.321913346208862,,3.2830371871135093
MNG.L,2024-07-16,16.3624821456912,17.001994381626794,2.85533177361722,3.307880422548588,,3.2691684899443927
MNG.L,2024-07-17,16.4100936359308,17.04557392611127,2.86364020748808,3.316359187967989,,3.2775480288641763
MNG.L,2024-07-18,16.4973813680368,17.112121524433615,2.87887233625131,3.3293065806512856,,3.2903438989623335
MNG.L,2024-07-19,16.2196476749722,16.824846368955825,2.83040647200466,3.273414792819816,,3.235106209480047
MNG.L,2024-07-22,16.4021583875575,17.01239903772136,2.8622554685096,3.3099047355454045,,3.2711691125236957
MNG.L,2024-07-23,16.2910649103317,16.921003851837305,2.84286912281094,3.292123036568512,,3.253595511737917
MNG.L,2024-07-24,16.0847484526266,16.72649583862373,2.80686590937057,3.2542798733197746,,3.2161952248323606
MNG.L,2024-07-25,16.2434534200921,16.811807678170915,2.83456068894008,3.270878006310259,,3.2325991108357717
MNG.L,2024-07-26,16.4577051261705,17.040864989165765,2.87194864135893,3.315443024841272,,3.276642587541362
MNG.L,2024-07-29,16.6719568322489,17.30583515129994,2.90933659377778,3.3669951893820618,,3.3275914400924838
MNG.L,2024-07-30,16.8862085383273,17.5006994649158,2.94672454619663,3.404907673858582,,3.3650602369635165
MNG.L,2024-07-31,16.8465322964609,17.473354881431277,2.93983025219896,3.3996215553054947,,3.359802380226729
MNG.L,2024-08-01,16.560863355023,17.07443691909498,2.88997915041885,3.3220079480297566,,3.2830978476130754
MNG.L,2024-08-02,15.9498492302809,16.343455434264165,2.78335318272252,3.1797879548331065,,3.1425436524226513
MNG.L,2024-08-05,15.4102523408983,15.696421965353476,2.68918999047121,3.0539009146602676,,3.0181311052224187
MNG.L,2024-08-06,15.5253134423108,15.741163261519336,2.70926890646597,3.0626057956570643,,3.0267340274644563
MNG.L,2024-08-07,15.8784319949214,16.115018388754503,2.77089040727749,3.1353431696607754,,3.098619441276975
MNG.L,2024-08-08,15.9498492302809,16.263333000052285,2.78335318272252,3.164199308218941,,3.127137592910823
MNG.L,2024-08-09,16.0053959688938,16.33841218503573,2.79304645251309,3.1788067386383743,,3.1415739290422957
MNG.L,2024-08-12,16.1799714331059,16.500429219307335,2.82351101471205,3.2103288250249933,,3.1727268027220656
MNG.L,2024-08-13,16.3069354070783,16.65790718550124,2.84566705994765,3.240967788864003,,3.2030068977148027
MNG.L,2024-08-14,16.4259641326774,16.707392668206207,2.86643835235602,3.250595700322347,,3.2125220391233653
MNG.L,2024-08-15,16.7116330741152,17.096053020399463,2.91628945413613,3.326213583663839,,3.2872542233695827
MNG.L,2024-08-16,16.6957625773687,17.114505387038104,2.91351994848168,3.3298036820620545,,3.2908022715706293
MNG.L,2024-08-19,16.790985557848,17.18193194408438,2.93013698240838,3.3429222147244926,,3.3037671491451883
MNG.L,2024-08-20,16.6719568322489,17.044679307430144,2.90936569,3.3162182975169276,,3.277376010268169
MNG.L,2024-08-21,16.7275035708618,17.153290885724267,2.91905895979058,3.337349801182363,,3.2982600043121844
MNG.L,2024-08-22,16.8465322964609,17.329265770391665,2.93983025219896,3.3715875314389288,,3.3320967139983106
MNG.L,2024-08-23,17.0369782574195,17.563981302311063,2.97306432005236,3.4172538609499417,,3.3772281617466198
MNG.L,2024-08-27,16.8862085383273,17.478422897019552,2.94675401633508,3.4006075900511656,,3.3607768657191865
MNG.L,2024-08-28,17.0369782574195,17.649025986516175,2.97306432005236,3.433800182108617,,3.393580678727867
MNG.L,2024-08-29,16.9338200285669,17.58079078699106,2.95506253329843,3.4205243197049686,,3.380460314187949
MNG.L,2024-08-30,17.0131725122996,17.654619117721015,2.96891006157068,3.434888383517833,,3.394656134223532
MNG.L,2024-09-02,17.0131725122996,17.64743264519995,2.96892786088657,3.4335107656920343,,3.3932743087157484
MNG.L,2024-09-03,17.1560069830186,17.78901464179938,2.99385356121117,3.4610571697115757,,3.4204979032915976
MNG.L,2024-09-04,16.8941437867005,17.471445329170606,2.94815644394939,4.70274484082513,,4.6676991245945665
MNG.L,2024-09-05,29.0200476657788,16.987173408976382,3.79910336828836,4.5723945903826335,,4.538320268102239
MNG.L,2024-09-06,28.9078928921912,16.895690975736787,3.78442084319353,4.5477704947318065,,4.5138796757240405
MNG.L,2024-09-09,29.216318519557,17.08525560138828,3.82479778720432,4.598795126551894,,4.564524062638627
MNG.L,2024-09-10,29.0761250525726,17.03547938123172,3.80644463083578,4.5853969870089415,,4.551225768486485
MNG.L,2024-09-11,29.3144539464461,17.140303336213034,3.8376449966623,4.6136121863926105,,4.579230703034509
MNG.L,2024-09-12,28.585447918127,16.720935080397435,3.74220858354588,4.50073189147219,,4.4671916127547275
MNG.L,2024-09-13,29.0060283190804,16.96242204169457,3.79726805265151,4.5657323273245405,,4.531707653449177
MNG.L,2024-09-16,29.0761250525726,17.039095853965403,3.80644463083578,4.5863704238465886,,4.5521919510944535
MNG.L,2024-09-17,29.342492639843,17.151680223198948,3.84131562793601,4.616674474347006,,4.582270170257985
MNG.L,2024-09-18,29.0200476657788,17.02245173715826,3.79910336828836,4.581890368935841,,4.5477452823737705
MNG.L,2024-09-19,29.4546474134305,17.304651696901384,3.85599815303084,4.657849419819132,,4.623138272492015
MNG.L,2024-09-20,29.090144399271,17.136784792757876,3.80827994647264,4.612665108931684,,4.578290683368359
MNG.L,2024-09-23,29.2864152530492,17.362392463619578,3.83397436538859,4.673391356257304,,4.638564387572141
MNG.L,2024-09-24,29.1462217860648,17.259054263233896,3.81562120902005,4.645576073688083,,4.610956389585159
MNG.L,2024-09-25,29.1041637459694,17.19368362857342,3.81011526210949,4.627980424953849,,4.593491866849341
MNG.L,2024-09-26,29.1322024393663,17.260859859469722,3.8137858933832,4.646062081469491,,4.611438775547541
MNG.L,2024-09-27,29.4406280667321,17.409188968400446,3.85416283739399,4.685987453333457,,4.651066616224916
MNG.L,2024-09-30,29.0761250525726,17.23467912273726,3.80647146331072,4.63904778009338,,4.604444288278459
MNG.L,2024-10-01,29.1462217860648,17.270265571472667,3.81564810618273,4.648626562200769,,4.613951620527174
MNG.L,2024-10-02,29.1041637459694,17.25631473731728,3.81014212045952,4.644871424912855,,4.610224493483726
MNG.L,2024-10-03,28.3751577176504,16.66393805057538,3.7147050345906,4.4854217633300255,,4.4519641956067755
MNG.L,2024-10-04,28.8798541987944,17.034762883793437,3.78077686326909,4.585236451325836,,4.551034347891196
MNG.L,2024-10-07,28.7256413851115,16.904206900794392,3.76058824895066,4.550094779189279,,4.516154803808042
MNG.L,2024-10-08,28.5293705313333,16.80650474695207,3.73489364890902,4.523796351660427,,4.490052540980399
MNG.L,2024-10-09,28.6976026917146,16.924993657136174,3.75691759180185,4.555689937368669,,4.52170822669617
MNG.L,2024-10-10,28.7256413851115,16.93215447288753,3.76058824895066,4.557617409657443,,4.523621321622448
MNG.L,2024-10-11,28.6976026917146,16.92283272021809,3.75691759180185,4.555108279332483,,4.521130907351902
MNG.L,2024-10-14,28.5153511846348,16.849368394886614,3.73305832033462,4.535333932916294,,4.501504061342423
MNG.L,2024-10-15,28.3891770643488,16.82100738077999,3.716540363165,4.527700016520425,,4.4939270877020645
MNG.L,2024-10-16,28.9499509322866,17.091315681952384,3.7899535061411,4.600458732569879,,4.566143083401427
MNG.L,2024-10-17,29.2443572129539,17.339520620542633,3.82849540620355,4.66726790036321,,4.632453909595263
MNG.L,2024-10-18,29.2022991728586,17.309141638043936,3.82298942048034,4.65909080867973,,4.624337812309455
MNG.L,2024-10-21,29.0621057058741,17.222336811254984,3.80463613473632,4.635725607845469,,4.60114689671091
MNG.L,2024-10-22,28.837796158699,17.11653913824973,3.77527087754588,4.607248114496225,,4.572881822106793
MNG.L,2024-10-23,28.3471190242535,16.768729124093735,3.71103437744179,4.513628310926127,,4.479960345490855
MNG.L,2024-10-24,28.3751577176504,16.781228867129457,3.7147050345906,4.516992858926611,,4.483299796722636
MNG.L,2024-10-25,28.1087901303799,16.65943276158653,3.67983379167695,4.484209077515929,,4.4507605554343055
MNG.L,2024-10-28,28.1648675171737,16.678647852277575,3.68717510597456,4.489381191436928,,4.455894089627258
MNG.L,2024-10-29,27.6251226692836,16.40554152315997,3.61651495586006,4.4158693319587305,,4.382930568331451
MNG.L,2024-10-30,27.6882097294266,16.31988924227883,3.62477393444487,4.392814361184297,,4.360047568730902
MNG.L,2024-10-31,27.1905229216319,15.90655312639782,3.55971719217039,4.281674118460656,,4.249620034550896
MNG.L,2024-11-01,27.3867937754101,16.128855840562554,3.58541249543948,4.341512838398242,,4.309010781266581
MNG.L,2024-11-04,27.3867937754101,16.103584611976693,3.58541249543948,4.334710411466523,,4.302259279640627
MNG.L,2024-11-05,27.5690452824898,16.23666734993341,3.60927241990363,4.370533189047268,,4.337813875597384
MNG.L,2024-11-06,27.3657647553624,16.215137961506812,3.58265942723208,4.364737978451977,,4.332062049940229
MNG.L,2024-11-07,27.3377260619655,16.219458243134248,3.57898866962221,4.3659008977772205,,4.333216263251748
MNG.L,2024-11-08,27.225571288378,16.201162507828556,3.56430563918273,4.360976111387991,,4.328328345505892
MNG.L,2024-11-11,27.8564418898079,16.608898308645408,3.64689768540478,4.47072910511672,,4.437259690605378
MNG.L,2024-11-12,27.3727744287116,16.212931857201763,3.58357711663454,4.364144146486599,,4.331472663605016
MNG.L,2024-11-13,27.1554745548858,16.11974674742047,3.55512874515806,4.339060882400027,,4.3065771814536244
MNG.L,2024-11-14,27.4498808355531,16.296772503302346,3.59367170006168,4.386712098300638,,4.353871663975967
MNG.L,2024-11-15,27.8634515631572,16.462512165819337,3.64781537480725,4.431325360379617,,4.398150935843046
MNG.L,2024-11-18,28.1508481704753,16.61869413537883,3.6854406403084,4.473365913824437,,4.43987675925693
MNG.L,2024-11-19,28.1087901303799,16.60781040729295,3.6799345038936,4.470436267377003,,4.436969045149616
MNG.L,2024-11-20,28.0176643768401,16.593823081826248,3.66800454166153,4.466671204703687,,4.433232169029394
MNG.L,2024-11-21,28.3050609841582,16.79070605809499,3.70562980716269,4.5196675224575635,,4.4858317381356105
MNG.L,2024-11-22,28.1508481704753,16.715521465915007,3.6854406403084,4.49942957902092,,4.465745302898591
MNG.L,2024-11-25,28.1929062105706,16.66555089173911,3.69094677672321,4.485978662758085,,4.452395084817498
MNG.L,2024-11-26,27.8984999299033,16.505224718584515,3.65240382181958,4.44282258609879,,4.409562089379288
MNG.L,2024-11-27,27.7372774428712,16.431192895491716,3.63129696556284,4.422894941287242,,4.38978362976522
MNG.L,2024-11-28,27.9475676433478,16.584855325797903,3.65882764763686,4.464257293369033,,4.430836329064558
MNG.L,2024-11-29,27.7863451563157,16.51987354574527,3.63772079138011,4.446765709641743,,4.413475693344292
MNG.L,2024-12-02,28.1228094770784,16.73553540595057,3.68351656427911,4.506954012393624,,4.4710922589530915
MNG.L,2024-12-03,28.2910416374597,16.83637706884303,3.70555155868158,4.534111120078862,,4.49803327801234
MNG.L,2024-12-04,28.4452544511426,16.96915683151268,3.72575030355051,4.569869299880858,,4.533506930609485
MNG.L,2024-12-05,28.3471190242535,16.863335394000078,3.71289655681574,4.541371116773721,,4.5052355070417835
MNG.L,2024-12-06,28.2910416374597,16.837393512134923,3.70555155868158,4.534384852771697,,4.498304832618978
MNG.L,2024-12-09,28.2349642506659,16.838817437290132,3.69820656054743,4.534768322140068,,4.49868525072837
MNG.L,2024-12-10,27.954577316697,16.737731065412238,3.66148156987664,4.507545313238233,,4.471678854827333
MNG.L,2024-12-11,27.9195289499509,16.744257486067426,3.6568909460428,4.509302907306481,,4.473422463750637
MNG.L,2024-12-12,27.9615869900463,16.706940513342776,3.66239969464341,4.499253280815786,,4.463452801960347
MNG.L,2024-12-13,28.0036450301416,16.607989823718896,3.66790844324403,4.472605420630151,,4.437016978327356
MNG.L,2024-12-16,27.8073741763634,16.561279313135362,3.64220094977449,4.460026072674516,,4.424537724021125
MNG.L,2024-12-17,27.2606196551241,16.305458249571984,3.57058721796647,4.3911323240782165,,4.3561921617650965
MNG.L,2024-12-18,27.3447357353147,16.39349947352235,3.5816047151677,4.414842216705746,,4.379713395195924
MNG.L,2024-12-19,27.162484228235,16.17282191491887,3.5577334712317,4.355412770078081,,4.320756827624989
MNG.L,2024-12-20,27.0293004345998,16.079566426148734,3.54028910066307,4.3302986527764675,,4.295842542910991
MNG.L,2024-12-23,27.099397168092,16.11241753006497,3.54947034833077,4.339145600962805,,4.3046190960869195
MNG.L,2024-12-24,27.2395906350764,16.21982939377479,3.56783284366616,4.368072092908399,,4.333315420447236
MNG.L,2024-12-27,27.3166970419179,16.266637655500833,3.57793221610062,4.380677765680873,,4.345820790104183
MNG.L,2024-12-30,27.4428711622039,16.336751691198003,3.59445846190248,4.399559786891736,,4.364552567405919
MNG.L,2024-12-31,27.7372774428712,16.545151319276417,3.66679089555821,4.4971010938408895,,4.420228943528239
MNG.L,2025-01-02,27.9756063367447,16.654297198972543,3.69829731214881,4.526767794706752,,4.449388530357619
MNG.L,2025-01-03,27.8494322164587,16.56340289791186,3.68161744454202,4.502062015180421,,4.425105064307834
MNG.L,2025-01-06,27.8424225431095,16.556800350116635,3.68069078523053,4.500267391224489,,4.423341117136708
MNG.L,2025-01-07,27.7232580961727,16.509026749736197,3.66493757693524,4.487282154257978,,4.410577846069363
MNG.L,2025-01-08,26.8190102341231,15.860643636018564,3.54539852575328,4.311046569967471,,4.237354782076559
MNG.L,2025-01-09,27.0433197812982,15.949203296618402,3.57505162372089,4.335117776018623,,4.2610145218672955
MNG.L,2025-01-10,26.9942520678537,15.87412532551036,3.56856500854048,4.3147109982576985,,4.24095657168545
MNG.L,2025-01-13,26.7769521940278,15.741154025610344,3.53983856988435,4.278568362467294,,4.205431747697178
MNG.L,2025-01-14,27.1484648815365,15.881324060834775,3.58895151339322,4.316667670631193,,4.242879797265183
MNG.L,2025-01-15,27.8284031964111,16.341132699660953,3.67883746660756,4.441647242755965,,4.365723004595406
MNG.L,2025-01-16,27.9756063367447,16.411798766431794,3.69829731214881,4.460854830528361,,4.3846022633968555
MNG.L,2025-01-17,28.3190803308566,16.55356604689695,3.74370361841172,4.4993882823988,,4.422477035543985
MNG.L,2025-01-20,28.5013318379364,16.647570314306027,3.76779676051041,4.524939375020038,,4.447591365150185
MNG.L,2025-01-21,28.4873124912379,16.657169839231965,3.76594344188743,4.527548600720769,,4.450155989498608
MNG.L,2025-01-22,28.6275059582223,16.72293343604073,3.78447662811719,4.545423658943978,,4.4677254966270175
MNG.L,2025-01-23,28.8798541987944,16.90649215315741,3.81783636333077,4.595316349049968,,4.516765335464316
MNG.L,2025-01-24,28.7256413851115,16.862970013884865,3.79744985847803,4.5834866923516415,,4.505137891509022
MNG.L,2025-01-27,28.7256413851115,16.88912764814641,3.79744985847803,4.5905965412360645,,4.512126206685227
MNG.L,2025-01-28,29.0761250525726,17.122965489044002,3.84378282405243,4.654155489098734,,4.574598696206881
MNG.L,2025-01-29,29.2583765596523,17.25156589106151,3.86787596615112,4.689110080774622,,4.6089557841644195
MNG.L,2025-01-30,29.2583765596523,17.25689722681492,3.86787596615112,4.690559179388828,,4.610380112304436
MNG.L,2025-01-31,29.2303378662554,17.252234914556695,3.86435484728605,4.689517059009299,,4.609134521545556
MNG.L,2025-02-03,28.8097574653021,17.116097179608502,3.80875261926755,4.652511984966661,,4.572763747733214
MNG.L,2025-02-04,28.6835833450161,17.02644826366913,3.792071950862,4.628143540953369,,4.548813000753374
MNG.L,2025-02-05,29.3144539464461,17.39659492495991,3.87547529288975,4.728757118907485,,4.647701971546988
MNG.L,2025-02-06,30.0154212813683,17.745959817702975,3.96814567292059,4.82372177899075,,4.741038851999471
MNG.L,2025-02-07,29.6649376139072,17.595065280735973,3.92181048290517,4.782705498565485,,4.7007256274873
MNG.L,2025-02-10,30.0714986681621,17.810610558022315,3.97555930332306,4.841295197803255,,4.758311046618031
MNG.L,2025-02-11,29.8612084676854,17.70351064710658,3.94775818931381,4.812183209603173,,4.729698064062382
MNG.L,2025-02-12,29.6929763073041,17.565038063323456,3.9255172981064,4.774543474979094,,4.69270350832144
MNG.L,2025-02-13,30.0014019346698,17.782500934368493,3.96629226531997,4.833654416171202,,4.750801234850909
MNG.L,2025-02-14,29.9453245478761,17.731646195447453,3.95887863491751,4.819831038105528,,4.737214801910133
MNG.L,2025-02-17,29.8331697742885,17.73399577540416,3.94405137411257,4.8204697029129155,,4.737842519428659
MNG.L,2025-02-18,29.7770923874948,17.746347892110844,3.93663774371011,4.823827265703908,,4.741142530575557
MNG.L,2025-02-19,29.2864152530492,17.457918204281096,3.87176847768852,4.745426064462398,,4.664085196392552
MNG.L,2025-02-20,29.2723959063508,17.432572349854098,3.8699150700879,4.7385365329147655,,4.657313757608179
MNG.L,2025-02-21,29.3284732931446,17.483495045951027,3.87732870049037,4.7523783831573665,,4.67091834609616
MNG.L,2025-02-24,29.216318519557,17.39502919383914,3.86250143968543,4.728331520552436,,4.647283668330278
MNG.L,2025-02-25,29.1882798261601,17.355445364779644,3.8587946244842,4.717571810720343,,4.636708389595861
MNG.L,2025-02-26,29.7911117341932,17.775986826703342,3.93849115131072,4.831883745926385,,4.749060915485609
MNG.L,2025-02-27,29.8051310808916,17.82528249001603,3.94034455891134,4.8452833347439945,,4.762230823306959
MNG.L,2025-02-28,29.6649376139072,17.750892880689523,3.92245219212645,4.825852192886277,,4.742356776953592
MNG.L,2025-03-03,30.0855180148605,17.98467375472363,3.97806351810178,4.889409105273462,,4.804814047117386
MNG.L,2025-03-04,29.3845506799383,17.467154743638336,3.88537797480956,4.748713633147474,,4.666552844939068
MNG.L,2025-03-05,29.9453245478761,17.662282931177874,3.95952640944334,4.8017622205093,,4.718683601897185
MNG.L,2025-03-06,29.6649376139072,17.493310733830956,3.92245219212645,4.755824539819986,,4.673540720883204
MNG.L,2025-03-07,29.9032665077807,17.605928475839157,3.9539652768458,4.786441398413022,,4.7036278559702955
MNG.L,2025-03-10,29.9172858544792,17.55136869512543,3.95581898771165,4.771608486109932,,4.689051578170867
MNG.L,2025-03-11,29.8191504275901,17.453101440540774,3.94284301165074,4.744893027388293,,4.66279834213004
MNG.L,2025-03-12,30.0855180148605,17.679948812724046,3.97806351810178,4.806564961068426,,4.723403246910789
MNG.L,2025-03-13,29.9313052011776,17.625282498684896,3.95767269857749,4.791703086048619,,4.708798507498686
MNG.L,2025-03-14,30.2958082153372,17.776257823590672,4.00586918108944,4.832748041232866,,4.749133315445082
MNG.L,2025-03-17,31.0388335903547,18.225254369065617,4.10411585697919,4.954814631242872,,4.869087946717644
MNG.L,2025-03-18,31.0107948969578,18.18472159151108,4.1004084352475,4.943795174657775,,4.858259145393874
MNG.L,2025-03-19,31.6276461516894,-14.940397350993381,4.18197171334465,16.142832326082242,,15.861071306986647
MNG.L,2025-03-20,31.6276461516894,-14.395797840888974,7.70642643251109,15.554402288383308,,15.282911873834646
MNG.L,2025-03-21,31.6276461516894,-14.428318862510148,7.72418317544314,15.589540671036058,,15.317436942398178
MNG.L,2025-03-24,31.6276461516894,-14.474733332569846,7.73838856978878,15.639690676425811,,15.366711617093756
MNG.L,2025-03-25,31.6276461516894,-14.600171847493636,7.78455610141212,15.775224749990048,,15.499880045155441
MNG.L,2025-03-26,31.6276461516894,-14.48758219909685,7.73128587261596,15.653573647076,,15.380352270913798
MNG.L,2025-03-27,31.6276461516894,-13.683738406869752,7.30157269366028,14.785034795703265,,14.526973113140272
MNG.L,2025-03-28,31.6276461516894,-13.497518541091479,7.22344302475924,14.583827558812478,,14.329277797513992
MNG.L,2025-03-31,,-13.164211664177417,7.04993273199411,14.224715968267782,,13.975431509651276
MNG.L,2025-04-01,,-13.23445104209809,7.07124235234271,14.300613805996147,,14.049999257455127
MNG.L,2025-04-02,,-13.289437770061744,7.09432777438702,14.360030245602308,,14.108374439364956
MNG.L,2025-04-03,,-12.893101036318406,6.95759104381685,13.931764762707347,,13.687614198000741
MNG.L,2025-04-04,,-12.045573227852882,6.54738085210636,13.015960409345492,,12.787859078446843
MNG.L,2025-04-07,,-11.192243353883514,6.13717066039588,12.093886578104756,,11.881944351988102
MNG.L,2025-04-08,,-11.694766817653187,6.41952313001478,12.636893156992073,,12.41543488139191
MNG.L,2025-04-09,,-11.355101064007968,6.20642692652882,12.269864048602805,,12.054837862949828
MNG.L,2025-04-10,,-11.69810727880633,6.46036656901627,12.640502724531625,,12.418981192196332
MNG.L,2025-04-11,,-11.627432025058809,6.45859076732055,12.564133896971695,,12.343950708535584
MNG.L,2025-04-14,,-12.142242535400108,6.68234178098082,13.120417362620623,,12.890485450703377
MNG.L,2025-04-15,,-12.686623004005543,6.91852340651109,13.708652932066576,,13.468412344334991
MNG.L,2025-04-16,,-12.569087704377505,6.92029920820681,13.581649029660248,,13.343634152383865
MNG.L,2025-04-17,,-12.69002911949402,6.95226363872971,13.712333443031815,,13.472028355299985
MNG.L,2025-04-22,,-12.868106821040778,7.05170853368983,13.90475702215719,,13.661079761100087
MNG.L,2025-04-23,,-13.09760271118683,7.14937762695423,14.152741021236695,,13.904717904902526
MNG.L,2025-04-24,,-13.141267098603242,7.17423885069426,14.199922996486853,,13.951073028271555
MNG.L,2025-04-25,,-13.25290596218634,7.23461610834861,14.320555448015362,,14.069591427369202
MNG.L,2025-04-28,,-13.447888498611585,7.32010142203249,14.552919004932834,,14.276589396780793
MNG.L,2025-04-29,,-13.52926560985108,7.35922732856425,14.640982979351266,,14.36298121982293
MNG.L,2025-04-30,,-13.550061344482433,7.366552897678,14.642698018620955,,14.385058452584556
MNG.L,2025-05-01,,-13.551706445717366,7.37010475539144,14.644475775929983,,14.386804930096597
MNG.L,2025-05-02,,-13.695467041944209,7.45534934051404,14.799828799359918,,14.53942450334625
MNG.L,2025-05-06,,-13.850430760019362,7.53349021020975,14.967288331086756,,14.703937569809128
MNG.L,2025-05-07,,-14.015844023885286,7.61873479533236,15.14604002891944,,14.879544115716984
MNG.L,2025-05-08,,-14.178338759215722,7.68622009188775,15.321637856749856,,15.052052284244013
MNG.L,2025-05-09,,-14.320239999417396,7.74304981530281,15.47498159121101,,15.202697922141919
MNG.L,2025-05-12,,-14.336420346720342,7.71818681130872,15.492466673630183,,15.21987535299029
MNG.L,2025-05-13,,-14.328105072499417,7.70397938045496,15.483480880410308,,15.211047665596388
MNG.L,2025-05-14,,-14.364920710126682,7.74304981530281,15.523265221634574,,15.250131997819949
MNG.L,2025-05-15,,-14.442051245848695,7.77146467701034,15.606615334514407,,15.332015558095646
MNG.L,2025-05-16,,-14.538389652076097,7.82119068499853,15.710722183488809,,15.434290637859348
MNG.L,2025-05-19,,-14.581485183075667,7.84960554670606,15.75729281002222,,15.48004185010212
MNG.L,2025-05-20,,-14.621701217088942,7.8780204084136,15.80075174549061,,15.522736121759248
MNG.L,2025-05-21,,-14.501676935750817,7.83184625813885,15.671049062834376,,15.39531556926991
MNG.L,2025-05-22,,-14.516220605626536,7.80698325414476,15.686765491023033,,15.410755465515289
MNG.L,2025-05-23,,-14.466104531611826,7.76791281929691,15.632608205751765,,15.357551082465818
MNG.L,2025-05-27,,-14.75468206127883,7.91709084326146,15.944455769718287,,15.663911660977343
MNG.L,2025-05-28,,-14.708121744589839,7.88512412384048,15.894140967475288,,15.614482152127577
MNG.L,2025-05-29,,-14.780409292089894,7.97036870896308,15.972257567957044,,15.69122428411842
MNG.L,2025-05-30,,-15.590946712292048,8.4072472077164,16.848154316693485,,16.551709552132564
MNG.L,2025-06-02,,-15.73454266512323,8.50366413050517,17.004362769213586,,16.7041543361462
MNG.L,2025-06-03,,-15.769443442191356,8.48590376264697,17.04208013328478,,16.741205808121272
MNG.L,2025-06-04,,-15.831348888193142,8.52852864550665,17.108981516032777,,16.806926061087626
MNG.L,2025-06-05,,-15.939540780232045,8.59957011693944,17.225904786068114,,16.92178507548678
MNG.L,2025-06-06,,-16.06601724632923,8.65995536765731,17.362588244688887,,17.056055416515548
MNG.L,2025-06-09,,-16.54790261907682,8.92280881195864,17.88336306895756,,17.56763607125865
MNG.L,2025-06-10,,-16.65593795906705,9.0187147983929,18.000117152770937,,17.68232888638285
MNG.L,2025-06-11,,-16.670391714820276,9.04357931339439,18.015737365664105,,17.697673327716632
MNG.L,2025-06-12,,-16.709196019148372,9.09686041696898,18.05767328219153,,17.73886887449538
MNG.L,2025-06-13,,-16.613884105781647,9.05068346053766,17.95466943990584,,17.637683543289018
MNG.L,2025-06-16,,-16.939428089330278,9.22828713911964,18.306485702469757,,17.983288564047182
MNG.L,2025-06-17,,-16.794039988137037,9.18566225625997,18.149364388705905,,17.828941193891055
MNG.L,2025-06-18,,-16.935677172956698,9.26735994840768,18.302432077010693,,17.979306504489447
MNG.L,2025-06-19,,-16.746389437552963,9.14303737340029,18.097868309949167,,17.778354267527888
MNG.L,2025-06-20,,-16.574271140499185,9.08265212268242,17.911859601300215,,17.595629503341776
MNG.L,2025-06-23,,-16.456836865996525,9.01161065124962,17.784948063565558,,17.47095856199984
MNG.L,2025-06-24,,-16.62722306084168,9.06844382839586,17.96908488467791,,17.651844486428445
MNG.L,2025-06-25,,-16.63388814229701,9.07910004911078,17.97628785621416,,17.658920291023616
MNG.L,2025-06-26,,-16.758719876065534,9.13593322625701,18.111193848163673,,17.79144454617977
MNG.L,2025-06-27,,-16.818437637925516,9.19276640340325,18.175730994748985,,17.854842303073553
MNG.L,2025-06-30,,-16.629374519000947,9.12920098886265,17.97214212903076,,17.65412852416027
MNG.L,2025-07-01,,-16.58476706806111,9.11143989744462,17.923932772305523,,17.606772222747537
MNG.L,2025-07-02,,-16.251279283896444,8.99421669408568,17.56351694016128,,17.25273387956431
MNG.L,2025-07-03,,-16.53488645420941,9.10788767916102,17.870024462007834,,17.553817809651857
MNG.L,2025-07-04,,-16.42673768446939,9.06526105975777,17.75314303278594,,17.43900457488235
MNG.L,2025-07-07,,-16.500804811071486,9.0865743694594,17.833190837642377,,17.5176359491986
MNG.L,2025-07-08,,-16.479143484741858,9.09723102431021,17.809780430049816,,17.494639784274288
MNG.L,2025-07-09,,-16.571329432472897,9.14340986199706,17.909410091588125,,17.59250651807752
MNG.L,2025-07-10,,-16.601460028981755,9.15406651684787,17.941973635230163,,17.624493856066042
MNG.L,2025-07-11,,-16.52657032624155,9.15406651684787,17.861036833902443,,17.54498921590047
MNG.L,2025-07-14,,-16.577272915232403,9.21090200938554,17.915833491143694,,17.59881625681108
MNG.L,2025-07-15,,-16.53872012924286,9.17182760826589,17.874167693763145,,17.557887727716608
MNG.L,2025-07-16,,-16.399882911728596,9.0936788060266,17.7241198249684,,17.41049492715559
MNG.L,2025-07-17,,-16.524837174689175,9.13630542542985,17.859163736030105,,17.54314926213537
MNG.L,2025-07-18,,-16.513424450236702,9.16117095341508,17.846829471400703,,17.531033249950752
MNG.L,2025-07-21,,-16.63279513164805,9.22511088251995,17.97583894496284,,17.65775992564409
MNG.L,2025-07-22,,-16.388808909902487,9.10788767916102,17.712151633709716,,17.398738510743684
MNG.L,2025-07-23,,-16.54974663815543,9.1753798265495,17.88608455721083,,17.569593724553282
MNG.L,2025-07-24,,-16.61315512056691,9.24642419222158,17.954613067214837,,17.63690963572812
MNG.L,2025-07-25,,-16.464534443097186,9.20379757281833,17.79399175606769,,17.479130487847346
MNG.L,2025-07-28,,-16.480024920303702,9.14696208028067,17.810733038650742,,17.495575536648907
MNG.L,2025-07-29,,-16.564788054240353,9.16472317169868,17.902340518455294,,17.58556203968415
MNG.L,2025-07-30,,-16.595557475565144,9.14696208028067,17.93559446992805,,17.61822756886934
MNG.L,2025-07-31,,-16.805198821850993,9.29284084246973,18.162628468136557,,17.84078766979674
MNG.L,2025-08-01,,-16.326881499177595,9.11167307375186,17.645675356561615,,17.33299493951937
MNG.L,2025-08-04,,-16.563235412772073,9.2288992770399,17.90112061282514,,17.58391371959841
MNG.L,2025-08-05,,-16.62854282073165,9.25731775056427,17.97170318667986,,17.65324557404554
MNG.L,2025-08-06,,-16.723263185586145,9.33902086194684,18.074074531015352,,17.75380290367245
MNG.L,2025-08-07,,-16.50875926173561,9.16495771161006,17.84224418404032,,17.526080577960975
MNG.L,2025-08-08,,-16.67725085328668,9.23245158623044,18.024345580744292,,17.704955147722103
MNG.L,2025-08-11,,-16.92468929154028,9.36388702628066,18.291770707360016,,17.967641515495902
MNG.L,2025-08-12,,-16.852417388775184,9.32481162518465,18.213661085895698,,17.89091599231746
MNG.L,2025-08-13,,-17.01696648796804,9.38520088142394,18.391501537834884,,18.065605121025595
MNG.L,2025-08-14,,-17.272128453220496,9.50953170309308,18.667274054614314,,18.336490963658886
MNG.L,2025-08-15,,-17.119363572720957,9.45269475604433,18.502169684418735,,18.17431223401182
MNG.L,2025-08-18,,-16.886420013780768,9.3283639343752,18.250410252118876,,17.927013965294226
MNG.L,2025-08-19,,-16.92380994203072,9.34612548032793,18.29082032893221,,17.966707977722624
MNG.L,2025-08-20,,-17.189569559141383,9.52018863066471,18.578046516410474,,18.24884453262687
MNG.L,2025-08-21,,-17.160140926831676,9.49887477552143,18.546240804342904,,18.217602416064263
MNG.L,2025-08-22,,-17.19098651151603,9.5272932490458,18.579577922245736,,18.250348802033155
MNG.L,2025-08-26,,-17.30296749393643,9.55926403176072,18.70060409996363,,18.369230402399577
MNG.L,2025-08-27,,-17.312826724373075,9.54860710418908,18.71125970370276,,18.379697189414266
MNG.L,2025-08-28,,-17.07921013058602,9.44559013766323,18.45877287257826,,18.1316844113401
MNG.L,2025-08-29,,-17.01334672726861,9.41717166413886,18.387589393181113,,18.061762299364354
MNG.L,2025-09-01,,-17.008052471959672,9.40672319714033,18.38227486367817,,18.05614179550494
MNG.L,2025-09-02,,-16.408613985417386,9.1225321639941,17.73440274300744,,17.419764036879453
MNG.L,2025-09-03,,-16.37064361753338,9.0834558969365,4.8974176289378315,,4.985003369424972
MNG.L,2025-09-04,,-16.687791217377367,4.05915997830829,4.992295037715302,,5.081577572050338
MNG.L,2025-09-05,,-16.681285211776142,4.05915997830829,4.990348710663679,,5.079596436757107
MNG.L,2025-09-08,,-16.45202198664921,4.00775848971114,4.921762661963602,,5.009783790630052
MNG.L,2025-09-09,,-16.55866080754822,4.02021945664379,4.953664574533533,,5.042256239112389
MNG.L,2025-09-10,,-16.570504544031014,4.01710421491062,4.957207729292643,,5.045862759885346
MNG.L,2025-09-11,,-16.26465587996678,3.94389603418135,4.865710493498512,,4.9527291814803185
MNG.L,2025-09-12,,-16.283970164571432,3.95324175938083,4.871488526428863,,4.958610549133395
MNG.L,2025-09-15,,-16.390758165238015,3.97660607237954,4.903435067398302,,4.99112842415249
MNG.L,2025-09-16,,-16.132787037937124,3.93455030898187,4.826260804973623,,4.912573972119096
MNG.L,2025-09-17,,-16.27670800085722,3.95791462198057,4.869315988230053,,4.95639915711788
MNG.L,2025-09-18,,-16.272048597148803,3.96881796804663,4.867922087880428,,4.9549803281623035
MNG.L,2025-09-19,,-16.47905608995258,4.03112280270985,4.929850144483759,,5.018015910221998
MNG.L,2025-09-22,,-16.186996178362104,3.96570272631348,4.842477931567379,,4.9290811268764525
MNG.L,2025-09-23,,-16.092059348958358,3.94389603418135,4.814076769534903,,4.900172036585505
MNG.L,2025-09-24,,-16.022982934719938,3.92364696291581,4.79341197120819,,4.879137667640016
MNG.L,2025-09-25,,-15.787595566579128,3.87224547431866,4.722993832905589,,4.807460166698925
MNG.L,2025-09-26,,-15.956109664626714,3.90807075425,4.773406262238473,,4.858774175249152
MNG.L,2025-09-29,,-16.00530729545251,3.92053172118265,4.788124153003016,,4.873755281744662
MNG.L,2025-09-30,,-16.09496780183973,3.94081052814119,4.814983189845401,,4.9010576857849
MNG.L,2025-10-01,,-16.09895848911814,3.92990709980246,4.816177046981244,,4.902272884771206
MNG.L,2025-10-02,,-15.890961261725073,3.88629338644754,4.753952433315507,,4.838935919920601
MNG.L,2025-10-03,,-16.000742219240415,3.90965787574482,4.786794590659945,,4.8723651763321545
MNG.L,2025-10-06,,-16.253695302888353,3.95950211957902,4.862468233538862,,4.9493915904274965
MNG.L,2025-10-07,,-16.358617950939824,3.98442424149611,4.89385697521403,,4.9813414493509045
MNG.L,2025-10-08,,-16.339022872987307,3.9750784457772,4.887994896326593,,4.97537457768113
MNG.L,2025-10-09,,-16.26370438651063,3.96573265005829,4.865462558844794,,4.952439443447061
MNG.L,2025-10-10,,-16.27494580276614,3.97040554791774,4.868825549747722,,4.955862552471975
MNG.L,2025-10-13,,-16.80626532301204,4.09034325964378,5.027775514104171,,5.11765396767512
MNG.L,2025-10-14,,-16.796443313924964,4.10591958584197,5.024837154162903,,5.114663080478654
MNG.L,2025-10-15,,-16.67803479279766,4.06542113772668,4.989413968122293,,5.078606655906804
MNG.L,2025-10-16,,-16.553403270053302,4.04049901580959,4.952129104037605,,5.0406552732164025
MNG.L,2025-10-17,,-16.32858377435377,3.9750784457772,4.884871927392678,,4.972195781350471
MNG.L,2025-10-20,,-16.26829905524256,3.96261738481865,4.86683710354594,,4.953838560039247
MNG.L,2025-10-21,,-16.38332206261892,3.98753950673575,4.90124747663779,,4.988864066227558
MNG.L,2025-10-22,,-16.71080142575752,4.0747669334456,4.99921645973532,,5.088584380639304
MNG.L,2025-10-23,,-16.70635626296348,4.08567036178433,4.997886641347802,,5.087230789905572
MNG.L,2025-10-24,,-16.809753164468273,4.11838064680052,5.028818939489498,,5.118716045734942
MNG.L,2025-10-27,,-16.93092373040444,4.14641803395725,5.065068421021236,,5.155613536974687
MNG.L,2025-10-28,,-16.806640950380736,4.13862987085816,5.027887887082371,,5.1177683494760045
MNG.L,2025-10-29,,-16.85194661619102,4.15576382967616,5.041441565596484,,5.1315643187729245
MNG.L,2025-10-30,,-16.650733477805794,4.10747721846179,4.981246485318653,,5.070293168031567
MNG.L,2025-10-31,,-16.671399134711017,4.10134242243006,4.987545259836551,,5.076586040304076
MNG.L,2025-11-03,,-17.001265293966316,4.18078354037307,5.086230582266923,,5.177033154893131
MNG.L,2025-11-04,,-17.024595276495287,4.21193691995856,5.093210161055358,,5.1841373374917294
MNG.L,2025-11-05,,-17.165436792601934,4.2399749615855,5.135345402996953,,5.227024804151538
MNG.L,2025-11-06,,-17.145425408598125,4.22751360975131,5.129358641920429,,5.220931163668216
MNG.L,2025-11-07,,-17.057729200767323,4.20570624404146,5.103122763207556,,5.194226905623399
MNG.L,2025-11-10,,-17.06631400767574,4.19947556812436,5.105691060724558,,5.196841053995579
MNG.L,2025-11-11,,-17.10842920501324,4.22595594077203,5.118290570288847,,5.209665497892615
MNG.L,2025-11-12,,-17.04592271280374,4.22128293383421,5.099590642561751,,5.19063172734852
MNG.L,2025-11-13,,-17.18464305014983,4.25087864444043,5.141091296189127,,5.23287327662624
MNG.L,2025-11-14,,-16.890440541717155,4.18078354037307,5.053075388555422,,5.143286053906456
MNG.L,2025-11-17,,-16.766031630373497,4.14339948487048,5.0158562522946015,,5.105402458323788
MNG.L,2025-11-18,,-16.57634091897077,4.09666941549224,4.959106905653274,,5.0476399868178765
MNG.L,2025-11-19,,-16.4224702472143,4.07018904284457,4.913073760303825,,5.000785028938263
MNG.L,2025-11-20,,-16.673347641833338,4.12470745711918,4.988128190362244,,5.077179377670466
MNG.L,2025-11-21,,-16.588047282981,4.09043873957514,4.962609072439473,,5.051204676478105
MNG.L,2025-11-24,,-16.59308116045649,4.09199640855442,4.964115046325568,,5.0527375359528355
MNG.L,2025-11-25,,-16.734855197193518,4.12470745711918,5.0065292683822715,,5.095908963255433
MNG.L,2025-11-26,,-17.077960067988087,4.19480256118654,5.109175186588101,,5.200387380655295
MNG.L,2025-11-27,,-17.252782588037864,4.23841729260623,5.161476449615962,,5.253622358574313
MNG.L,2025-11-28,,-17.267689452004525,4.24309029954405,5.1659361028289394,,5.258161628308447
MNG.L,2025-12-01,,-17.1282499474619,4.22961155357125,5.1324365307918836,,5.215701086364241
MNG.L,2025-12-02,,-17.169614660082228,4.2436530526425,5.144831361716789,,5.228297001137364
MNG.L,2025-12-03,,-17.269150362587016,4.24053271951556,5.174656981801758,,5.2586064882874615
MNG.L,2025-12-04,,-17.515705086482296,4.29981904892747,5.2485364777012915,,5.333684546186739
MNG.L,2025-12-05,,-17.47799719686095,4.28889788298317,5.237237404486837,,5.322202165822965
MNG.L,2025-12-08,,-17.32493963876113,4.25301405202333,5.191374096506463,,5.275594808124067
MNG.L,2025-12-09,,-17.441061210237063,4.28421738329275,5.226169630042233,,5.310954836635742
MNG.L,2025-12-10,,-17.297844782522798,4.24677338576944,5.183255191750827,,5.267344188735009
MNG.L,2025-12-11,,-17.30764880645811,4.26393521796763,5.186192942586371,,5.270329599296334
MNG.L,2025-12-12,,-17.306733351135957,4.27017588422151,5.185918628727555,,5.2700508351883295
MNG.L,2025-12-15,,-17.49774336569679,4.3201012142526,5.24315429375381,,5.328215045980863
MNG.L,2025-12-16,,-17.644274107154878,4.33882321301426,5.287061857728553,,5.372834931243687
MNG.L,2025-12-17,,-17.602137371860447,4.34038337957773,5.274435692173008,,5.360003928851434
MNG.L,2025-12-18,,-17.79143557800635,4.37938754366452,5.331158418161755,,5.417646879092728
MNG.L,2025-12-19,,-17.97237701075726,4.41995187431478,5.385377058258272,,5.472745119150058
MNG.L,2025-12-22,,-18.015537360256168,4.42151204087825,5.398309947206622,,5.485887820970723
MNG.L,2025-12-23,,-18.13120278213672,4.44491453933032,5.432968796676354,,5.521108947963127
MNG.L,2025-12-24,,-18.073257860029162,4.42931287369561,5.41560574815063,,5.503464215190502
MNG.L,2025-12-29,,-18.166937187320816,4.44803487245726,5.4436765202987685,,5.531990385150869
MNG.L,2025-12-30,,-18.328765418004735,4.49171953623447,5.492167938010627,,5.581268488936807
MNG.L,2025-12-31,,-18.244319068076212,4.46871177637306,5.467346755925036,,5.55555384088971
NEXII.MI,2024-01-02,442.079806529625,66.47272727272727,24.6244631718135,24.37321930629618,,25.666002543077116
NEXII.MI,2024-01-03,428.778718258767,64.47272727272727,23.883573962596,23.63988940375452,,24.893775989538142
NEXII.MI,2024-01-04,426.964933494559,64.2,23.7825436158845,23.539889871589786,,24.78847236860101
NEXII.MI,2024-01-05,429.020556227328,64.50909090909092,23.8970446754908,23.65322267470967,,24.90781647232976
NEXII.MI,2024-01-08,438.935912938331,66.0,24.4493439041803,24.199886783877123,,25.483476266786084
NEXII.MI,2024-01-09,443.16807738815,66.63636363636364,24.6850813798404,24.433219025595175,,25.729184715639395
NEXII.MI,2024-01-10,438.331318016929,65.9090909090909,24.4156671219431,24.166553606489064,,25.44837505980704
NEXII.MI,2024-01-11,434.340991535671,65.30909090909091,24.1934003591779,23.946554635726518,,25.21670709374535
NEXII.MI,2024-01-12,434.824667472793,65.38181818181819,24.2203417849676,23.9732211776371,,25.244788059328584
NEXII.MI,2024-01-15,429.62515114873,64.6,23.930721457728,23.68655585209811,,24.942917679308803
NEXII.MI,2024-01-16,429.987908101572,64.65454545454546,23.9509275270703,23.706555758531067,,24.96397840349623
NEXII.MI,2024-01-17,422.490931076179,63.52727272727273,23.5333354273295,23.29322435891663,,24.528723436956085
NEXII.MI,2024-01-18,432.527206771463,65.03636363636363,24.0923700124664,23.846555103561585,,25.111403472808217
NEXII.MI,2024-01-19,431.438935912938,64.87272727272727,24.0317518044395,23.786555384262787,,25.048221300245938
NEXII.MI,2024-01-22,441.354292623942,66.36363636363636,24.5840510331289,24.333219493430192,,25.623881094702263
NEXII.MI,2024-01-23,440.386940749698,66.21818181818182,24.5301681815495,24.27988640960915,,25.56771916353579
NEXII.MI,2024-01-24,445.828295042322,67.03636363636363,24.8332592216839,24.57988500610342,,25.883630026347188
NEXII.MI,2024-01-25,438.452237001209,65.92727272727272,24.4224024783906,24.17322024196659,,25.45539530120285
NEXII.MI,2024-01-26,443.047158403869,66.61818181818182,24.678346023393,24.426552390117426,,25.722164474243588
NEXII.MI,2024-01-29,434.220072551391,65.2909090909091,24.1866650027304,23.939888000248814,,25.20968685234954
NEXII.MI,2024-01-30,433.373639661427,65.16363636363637,24.1395175075984,23.893221551905278,,25.16054516257888
NEXII.MI,2024-01-31,431.92261185006,64.94545454545455,24.0586932302292,23.8132219261733,,25.076302265829174
NEXII.MI,2024-02-01,426.118500604595,64.07272727272728,23.7353961207524,23.49322342324622,,24.73933067883035
NEXII.MI,2024-02-02,429.746070133011,64.61818181818181,23.9374568141754,23.69322248757566,,24.949937920704613
NEXII.MI,2024-02-05,429.262394195889,64.54545454545455,23.9105153883857,23.666555945665024,,24.921856955121378
NEXII.MI,2024-02-06,429.50423216445,64.58181818181818,23.9239861012806,23.679889216620484,,24.935897437912995
NEXII.MI,2024-02-07,428.778718258767,64.47272727272727,23.883573962596,23.63988940375452,,24.893775989538142
NEXII.MI,2024-02-08,433.010882708585,65.10909090909091,24.1193114382561,23.873221645472395,,25.139484438391452
NEXII.MI,2024-02-09,433.010882708585,65.10909090909091,24.1193114382561,23.87322164547234,,25.139484438391452
NEXII.MI,2024-02-12,439.540507859734,66.0909090909091,24.4830206864174,24.233219961265434,,25.518577473765127
NEXII.MI,2024-02-13,426.844014510278,64.18181818181817,23.775808259437,23.533223236112107,,24.7814521272052
NEXII.MI,2024-02-14,444.860943168077,66.89090909090909,24.7793763701045,24.526551922282152,,25.827468095180716
NEXII.MI,2024-02-15,445.586457073761,67.0,24.8197885087891,24.56655173514804,,25.869589543555573
NEXII.MI,2024-02-16,436.39661426844,65.61818181818182,24.3079014187842,24.059887438846527,,25.3360511974741
NEXII.MI,2024-02-19,430.229746070133,64.69090909090909,23.9643982399651,23.71988902948617,,24.97801888628785
NEXII.MI,2024-02-20,428.657799274486,64.45454545454545,23.8768386061485,23.633222768276816,,24.886755748142335
NEXII.MI,2024-02-21,424.546553808948,63.836363636363636,23.6478364869358,23.406557162036744,,24.648067540684835
NEXII.MI,2024-02-22,423.579201934704,63.690909090909095,23.5939536353564,23.353224078215497,,24.591905609518363
NEXII.MI,2024-02-23,431.076178960097,64.81818181818181,24.0115457350972,23.76655547782978,,25.02716057605851
NEXII.MI,2024-02-26,429.50423216445,64.58181818181818,23.9239861012806,23.679889216620257,,24.935897437912995
NEXII.MI,2024-02-27,431.197097944377,64.83636363636363,24.0182810915446,23.773222113307405,,25.034180817454317
NEXII.MI,2024-02-28,416.203143893591,62.581818181818186,23.183096892063,22.946559314078744,,24.163670884374024
NEXII.MI,2024-02-29,409.552599758162,61.58181818181818,22.8126522874542,22.579894362807877,,23.77755760760454
NEXII.MI,2024-03-01,418.984280532044,63.0,23.3380100903539,23.099891930064715,,24.325136436477624
NEXII.MI,2024-03-04,407.255139056832,61.236363636363635,22.6846805149529,22.453228288732458,,23.644173021084168
NEXII.MI,2024-03-05,404.111245465538,60.763636363636365,22.5095612473197,22.27989576631353,,23.46164674479314
NEXII.MI,2024-03-06,408.343409915357,61.4,22.7452987229798,22.51322800803135,,23.707355193646446
NEXII.MI,2024-03-07,391.777509068924,-8.526315789473685,21.8225548896816,9.410674630180887,,9.548396820313808
NEXII.MI,2024-03-08,399.274486094317,-8.689473684210526,22.2401469894224,9.590755441005337,,9.731113055764258
NEXII.MI,2024-03-11,385.006045949214,-8.378947368421054,21.4453749286254,9.248020994597503,,9.383362801197274
NEXII.MI,2024-03-12,390.568319226119,-8.5,21.7552013252073,9.381629338112427,,9.518926459757283
NEXII.MI,2024-03-13,386.940749697703,-8.421052631578947,21.5531406317843,9.294493461907038,,9.430515378087712
NEXII.MI,2024-03-14,383.555018137848,-8.347368421052632,21.3645506512562,9.213166644115363,,9.347998368529444
NEXII.MI,2024-03-15,379.927448609432,-8.26842105263158,21.1624899578332,9.126030767909985,,9.25958728685987
NEXII.MI,2024-03-18,367.351874244256,-7.9947368421052625,20.4620128873002,8.823959730398004,,8.95309553707202
NEXII.MI,2024-03-19,364.328899637243,-7.928947368421052,20.2936289761144,8.751346500226845,,8.87941963568071
NEXII.MI,2024-03-20,366.868198307134,-7.984210526315789,20.4350714615105,8.81234161357061,,8.94130739284941
NEXII.MI,2024-03-21,348.972188633616,-7.594736842105263,19.4382387072904,8.382471290957419,,8.505146056612855
NEXII.MI,2024-03-22,357.678355501814,-7.78421052631579,19.9231843715056,8.591597393850329,,8.71733265261983
NEXII.MI,2024-03-25,360.217654171705,-7.839473684210526,20.0646268569017,8.652592507194093,,8.779220409788529
NEXII.MI,2024-03-26,361.668681983071,-7.871052631578948,20.1454511342709,8.687446857676244,,8.814584842456359
NEXII.MI,2024-03-27,356.83192261185,-7.765789473684211,19.8760368763736,8.571265689402395,,8.69670340023026
NEXII.MI,2024-03-28,355.139056831923,-7.728947368421052,19.7817418861095,8.530602280506553,,8.655444895451128
NEXII.MI,2024-04-02,348.488512696493,-7.58421052631579,19.4112972815007,8.370853174130037,,8.493357912390245
NEXII.MI,2024-04-03,347.279322853688,-7.557894736842105,19.3439437170264,8.341807882061577,,8.463887551833722
NEXII.MI,2024-04-04,346.674727932285,-7.544736842105263,19.3102669347892,8.327285236027336,,8.449152371555458
NEXII.MI,2024-04-05,339.782345828295,-7.394736842105263,18.9263516172856,8.161727071237127,,8.281171316383272
NEXII.MI,2024-04-08,339.782345828295,-7.394736842105263,8.1728876467603,8.161727071237117,,8.281171316383272
NEXII.MI,2024-04-09,339.782345828295,-7.331578947368421,8.10308362415451,8.092018370272813,,8.210442451047614
NEXII.MI,2024-04-10,339.782345828295,-7.31578947368421,8.08563261850307,8.074591195031749,,8.192760234713699
NEXII.MI,2024-04-11,339.782345828295,-7.239473684210526,8.00128609118775,7.990359848033205,,8.10729618909978
NEXII.MI,2024-04-12,339.782345828295,-7.218421052631578,7.97801808365249,7.9671236143784485,,8.08371990065456
NEXII.MI,2024-04-15,339.782345828295,-7.21578947368421,7.97510958271058,7.964219085171602,,8.080772864598908
NEXII.MI,2024-04-16,,-7.128947368421053,7.87912905162763,7.868369621345686,,7.983520674762379
NEXII.MI,2024-04-17,,-7.097368421052631,7.84422704032474,7.833515270863524,,7.94815624209455
NEXII.MI,2024-04-18,,-7.16578947368421,7.91984806481434,7.909033030241519,,8.024779179541511
NEXII.MI,2024-04-19,,-7.115789473684211,7.86458654691809,7.853846975311446,,7.968785494484116
NEXII.MI,2024-04-22,,-7.2026315789473685,7.96056707800104,7.9496964391373615,,8.066037684320646
NEXII.MI,2024-04-23,,-7.413157894736843,8.19324715335365,8.182058775685048,,8.301800568772839
NEXII.MI,2024-04-24,,-7.331578947368421,8.10308362415451,8.092018370272813,,8.210442451047614
NEXII.MI,2024-04-25,,-7.113157894736841,7.86167804597619,7.85094244610461,,7.965838458428463
NEXII.MI,2024-04-26,,-7.218421052631578,7.97801808365249,7.9671236143784485,,8.08371990065456
NEXII.MI,2024-04-29,,-7.357894736842105,8.13216863357359,8.121063662341284,,8.239912811604137
NEXII.MI,2024-04-30,,-7.207894736842105,7.96638407988486,7.955505497551053,,8.07193175643195
NEXII.MI,2024-05-02,,-7.323684210526316,8.09435812132879,8.083304782652286,,8.201601342880656
NEXII.MI,2024-05-03,,-7.347368421052631,8.12053462980596,8.1094455455139,,8.228124667381527
NEXII.MI,2024-05-06,,-7.423684210526316,8.20488115712128,8.193676892512432,,8.313588712995449
NEXII.MI,2024-05-07,,-7.476315789473684,8.26305117595943,8.251767476649341,,8.372529434108497
NEXII.MI,2024-05-08,,-7.502631578947368,8.29213618537851,8.2808127687178,,8.40199979466502
NEXII.MI,2024-05-09,,-7.981578947368421,8.82148335680569,8.809437084363763,,8.938360356793758
NEXII.MI,2024-05-10,,-8.189473684210526,9.05125493121638,9.038894891704606,,9.1711762051903
NEXII.MI,2024-05-13,,-8.321052631578947,9.19667997831176,9.184121352046903,,9.318528007972919
NEXII.MI,2024-05-14,,-8.397368421052631,9.28102650562708,9.268352699045435,,9.403992053586839
NEXII.MI,2024-05-15,,-8.363157894736842,9.24321599338229,9.230593819356438,,9.365680584863359
NEXII.MI,2024-05-16,,-8.352631578947369,9.23158198961466,9.218975702529043,,9.353892440640749
NEXII.MI,2024-05-17,,-8.263157894736842,9.1326929575898,9.120221709496292,,9.253693214748568
NEXII.MI,2024-05-20,,-8.352631578947369,9.23158198961466,9.218975702529054,,9.353892440640749
NEXII.MI,2024-05-21,,-8.155263157894737,9.01344441897159,9.001136012015596,,9.132864736466818
NEXII.MI,2024-05-22,,-8.06578947368421,8.91455538694673,8.902382018982834,,9.032665510574637
NEXII.MI,2024-05-23,,-8.044736842105262,8.89128737941147,8.879145785328078,,9.009089222129417
NEXII.MI,2024-05-24,,-8.026315789473683,8.87092787281811,8.858814080880157,,8.98845996973985
NEXII.MI,2024-05-27,,-8.144736842105264,9.00181041520396,8.989517895188223,,9.12107659224421
NEXII.MI,2024-05-28,,-8.023684210526316,8.86801937187621,8.85590955167331,,8.985512933684197
NEXII.MI,2024-05-29,,-7.978947368421053,8.81857485586378,8.806532555156918,,8.935413320738107
NEXII.MI,2024-05-30,,-8.086842105263157,8.93782339448199,8.925618252637602,,9.056241799019855
NEXII.MI,2024-05-31,,-8.013157894736842,8.85638536810858,8.844291434845927,,8.973724789461588
NEXII.MI,2024-06-03,,-8.113157894736842,8.96690840390107,8.954663544706072,,9.08571215957638
NEXII.MI,2024-06-04,,-8.110526315789473,8.96399990295916,8.951759015499228,,9.082765123520726
NEXII.MI,2024-06-05,,-8.292105263157895,9.17019750558054,9.157675042744035,,9.286110611360742
NEXII.MI,2024-06-06,,-8.152631578947368,9.01595425969169,9.003642425395448,,9.129917700411164
NEXII.MI,2024-06-07,,-8.139473684210525,9.00140301007953,8.989111046400286,,9.115182520132903
NEXII.MI,2024-06-10,,-7.93157894736842,8.77149326620748,8.759515258276915,,8.882366671736362
NEXII.MI,2024-06-11,,-7.7894736842105265,8.61433977039619,8.602576365129273,,8.723226724731132
NEXII.MI,2024-06-12,,-7.952631578947368,8.79477526558692,8.782765464669156,,8.905942960181582
NEXII.MI,2024-06-13,,-7.718421052631578,8.53576302249055,8.52410691855546,,8.643656751228518
NEXII.MI,2024-06-14,,-7.4447368421052635,8.23309703055771,8.221854235456323,,8.337165001440669
NEXII.MI,2024-06-17,,-7.323684210526316,8.09922553412588,8.088165548700946,,8.201601342880656
NEXII.MI,2024-06-18,,-7.423684210526316,8.20981503117826,8.198604029064093,,8.313588712995449
NEXII.MI,2024-06-19,,-7.368421052631579,8.14869978280721,8.13757223728446,,8.251700955826747
NEXII.MI,2024-06-20,,-7.531578947368422,8.32913527799794,8.31776133682433,,8.434417191277197
NEXII.MI,2024-06-21,,-7.634210526315789,8.44263502497275,8.431106092986495,,8.54935159744764
NEXII.MI,2024-06-24,,-7.657894736842105,8.46882727427463,8.457262575177777,,8.575874921948513
NEXII.MI,2024-06-25,,-7.610526315789473,8.41644277567087,8.404949610795235,,8.52282827294677
NEXII.MI,2024-06-26,,-7.61578947368421,8.42226327551574,8.410762162393295,,8.528722345058075
NEXII.MI,2024-06-27,,-7.552631578947369,8.35241727737739,8.34101154321657,,8.457993479722417
NEXII.MI,2024-06-28,,-7.492105263157894,8.28548152916147,8.274167199838876,,8.39021165044241
NEXII.MI,2024-07-01,,-7.613157894736841,8.4193530255933,8.407855886594264,,8.525775309002421
NEXII.MI,2024-07-02,,-7.618421052631579,8.42517352543817,8.413668438192326,,8.531669381113726
NEXII.MI,2024-07-03,,-7.705263157894737,8.5212117728784,8.509575539560322,,8.628921570950256
NEXII.MI,2024-07-04,,-7.744736842105263,8.56486552171486,8.553169676545773,,8.673127111785043
NEXII.MI,2024-07-05,,-7.765789473684211,8.58814752109431,8.576419882938003,,8.69670340023026
NEXII.MI,2024-07-08,,-7.765789473684211,8.58814752109431,8.576419882938003,,8.69670340023026
NEXII.MI,2024-07-09,,-7.660526315789474,8.47173752419707,8.460168850976796,,8.578821958004164
NEXII.MI,2024-07-10,,-7.731578947368422,8.55031427210271,8.53863829755061,,8.658391931506781
NEXII.MI,2024-07-11,,-7.773684210526316,8.59687827086161,8.585138710335105,,8.70554450839722
NEXII.MI,2024-07-12,,-7.792105263157894,8.61725002031862,8.605482640928305,,8.726173760786786
NEXII.MI,2024-07-15,,-7.723684210526316,8.54158352233542,8.529919470153532,,8.649550823339823
NEXII.MI,2024-07-16,,-7.726315789473684,8.54449377225785,8.53282574595255,,8.652497859395474
NEXII.MI,2024-07-17,,-7.728947368421052,8.54740402218028,8.535732021751581,,8.655444895451128
NEXII.MI,2024-07-18,,-7.7368421052631575,8.55613477194757,8.544450849148681,,8.664286003618084
NEXII.MI,2024-07-19,,-7.442105263157894,8.23018678063528,8.218947959657292,,8.334217965385015
NEXII.MI,2024-07-22,,-7.544736842105263,8.3436865276101,8.33229271581947,,8.449152371555458
NEXII.MI,2024-07-23,,-7.542105263157895,8.34077627768766,8.32938644002044,,8.446205335499807
NEXII.MI,2024-07-24,,-7.5,8.12901560763011,8.117914942046658,,8.399052758609368
NEXII.MI,2024-07-25,,-7.421052631578947,8.04344702228663,8.032463205814578,,8.310641676939795
NEXII.MI,2024-07-26,,-7.489473684210527,8.11760646291764,8.106521377215717,,8.387264614386758
NEXII.MI,2024-07-29,,-7.331578947368421,7.94646929223069,7.935617904751565,,8.210442451047614
NEXII.MI,2024-07-30,,-7.492105263157894,8.12045874909576,8.109369768423452,,8.39021165044241
NEXII.MI,2024-07-31,,-7.468421052631579,8.09478817349272,5.861059190978457,,5.967795463560485
NEXII.MI,2024-08-01,,-7.544736842105263,8.17750447265808,5.920950211605087,,6.028777164914697
NEXII.MI,2024-08-02,,-7.21578947368421,7.8209687003936,5.662799260628234,,5.765925003905162
NEXII.MI,2024-08-05,,-6.778947368421052,7.34748919482637,5.319974797730966,,5.416857334084499
NEXII.MI,2024-08-06,,-6.947368421052632,7.53003551022579,5.452148084631115,,5.551437640521381
NEXII.MI,2024-08-07,,-7.205263157894737,7.80955955568113,5.654538430196975,,5.757513734752856
NEXII.MI,2024-08-08,,-7.2894736842105265,7.90083271338084,5.720625073647049,,5.8248038879712976
NEXII.MI,2024-08-09,,-7.428947368421053,8.05200388082098,5.830081076861235,,5.93625320423934
NEXII.MI,2024-08-12,,-7.468421052631579,8.09478817349272,5.861059190978457,,5.967795463560485
NEXII.MI,2024-08-13,,-7.65,7.82092303319107,6.00355851591768,,6.112889856437747
NEXII.MI,2024-08-14,,-7.721052631578948,7.89356318520213,6.05931912132868,,6.169665923215808
NEXII.MI,2024-08-16,,-7.968421052631579,8.14645852924065,6.253448636463265,,6.367330748294978
NEXII.MI,2024-08-19,,-8.0,8.17874304124556,6.27823112775705,,6.3925645557518935
NEXII.MI,2024-08-20,,-8.013157894736842,8.19219492124761,6.288557165796116,,6.403078642192274
NEXII.MI,2024-08-21,,-8.06578947368421,8.24600244125581,6.329861317952413,,6.4451349879538
NEXII.MI,2024-08-22,,-8.076315789473684,8.25676394525745,6.338122148383673,,6.4535462571061055
NEXII.MI,2024-08-23,,-8.157894736842106,8.34016560127015,6.402143584225939,,6.51873359303647
NEXII.MI,2024-08-26,,-8.147368421052631,8.32940409726851,6.3938827537946805,,6.510322323884165
NEXII.MI,2024-08-27,,-8.228947368421052,8.41280575328121,6.457904189636932,,6.575509659814529
NEXII.MI,2024-08-28,,-8.239473684210525,8.42356725728285,6.466165020068191,,6.583920928966834
NEXII.MI,2024-08-29,,-8.289473684210526,8.47468440129063,6.505403964616672,,6.623874457440284
NEXII.MI,2024-08-30,,-8.307894736842105,8.4935170332935,6.519860417871384,,6.638594178456818
NEXII.MI,2024-09-02,,-8.33421052631579,8.5204207932976,6.5405124939495325,,6.65962235133758
NEXII.MI,2024-09-03,,-8.24736842105263,8.43163838528408,6.472360642891643,,6.5902293808310635
NEXII.MI,2024-09-04,,-8.286842105263158,8.47199402529022,6.5033387570088665,,6.6217716401522075
NEXII.MI,2024-09-05,,-8.289473684210526,8.47468440129063,6.505403964616681,,6.623874457440284
NEXII.MI,2024-09-06,,-8.257894736842104,8.44239988928572,6.480621473322903,,6.598640649983368
NEXII.MI,2024-09-09,,-8.455263157894738,8.64417808931644,6.6355120439090065,,6.75635194658909
NEXII.MI,2024-09-10,,-8.4,8.58768019330784,6.592142684144903,,6.712192783539488
NEXII.MI,2024-09-11,,-8.302631578947368,8.48813628129268,6.515730002655755,,6.634388543880665
NEXII.MI,2024-09-12,,-8.33421052631579,8.5204207932976,6.5405124939495325,,6.65962235133758
NEXII.MI,2024-09-13,,-8.097368421052632,8.27828695326072,6.35464380924619,,6.470368795410716
NEXII.MI,2024-09-16,,-7.9947368421052625,8.17336228924474,6.274100712541412,,6.38835892117574
NEXII.MI,2024-09-17,,-8.384210526315789,8.57153793730538,6.579751438498014,,6.69957587981103
NEXII.MI,2024-09-18,,-8.41578947368421,8.6038224493103,6.604533929791792,,6.724809687267945
NEXII.MI,2024-09-19,,-8.465789473684211,8.65493959331809,6.643772874340273,,6.764763215741395
NEXII.MI,2024-09-20,,-8.205263157894736,8.38859236927752,6.439317321166598,,6.556584304221842
NEXII.MI,2024-09-23,,-8.136842105263158,8.31864259326687,6.385621923363421,,6.50191105473186
NEXII.MI,2024-09-24,,-8.197368421052632,8.38052124127629,6.433121698343162,,6.550275852357615
NEXII.MI,2024-09-25,,-7.942105263157894,8.11955476923655,6.2327965603851245,,6.346302575414215
NEXII.MI,2024-09-26,,-8.055263157894737,8.23524093725417,6.321600487521161,,6.4367237188014945
NEXII.MI,2024-09-27,,-8.221052631578948,8.40473462527998,6.451708566813496,,6.569201207950301
NEXII.MI,2024-09-30,,-8.01578947368421,8.19488529724802,6.29062237340394,,6.4051814594803504
NEXII.MI,2024-10-01,,-7.821052631578947,7.9957974732177,6.1377970104256345,,6.249572980162706
NEXII.MI,2024-10-02,,-7.794736842105263,7.96889371321361,6.117144934347487,,6.228544807281944
NEXII.MI,2024-10-03,,-7.5552631578947365,7.72406949717632,5.9292110420363455,,6.0371884340670015
NEXII.MI,2024-10-04,,-7.652631578947368,7.82361340919148,6.005623723525495,,6.114992673725824
NEXII.MI,2024-10-07,,-7.765789473684211,7.9392995772091,6.094427650661532,,6.205413817113104
NEXII.MI,2024-10-08,,-7.686842105263158,7.85858829719681,6.032471422427087,,6.142329298470815
NEXII.MI,2024-10-09,,-7.7368421052631575,7.90970544120459,6.0717103669755685,,6.182282826944265
NEXII.MI,2024-10-10,,-7.71578947368421,7.88818243320131,6.05518870611305,,6.165460288639655
NEXII.MI,2024-10-11,,-7.6421052631578945,7.81285190518984,5.997362893094235,,6.106581404573519
NEXII.MI,2024-10-14,,-7.692105263157894,7.86396904919763,6.036601837642709,,6.1465349330469685
NEXII.MI,2024-10-15,,-7.781578947368421,7.95544183321156,6.10681889630842,,6.218030720841561
NEXII.MI,2024-10-16,,-7.844736842105263,8.02001085722139,6.156383878895968,,6.2684983357553925
NEXII.MI,2024-10-17,,-7.889473684210527,8.06574724922836,6.191492408228829,,6.30424622965269
NEXII.MI,2024-10-18,,-7.86842105263158,8.04422424122508,6.174970747366301,,6.28742369134808
NEXII.MI,2024-10-21,,-7.847368421052632,8.0227012332218,6.158449086503791,,6.2706011530434695
NEXII.MI,2024-10-22,,-8.039473684210527,8.21909868125171,6.309209241874273,,6.424106815073038
NEXII.MI,2024-10-23,,-7.955263157894737,8.1330066492386,6.243122598424199,,6.356816661854596
NEXII.MI,2024-10-24,,-7.7973684210526315,7.97158408921401,6.1192101419553016,,6.23064762457002
NEXII.MI,2024-10-25,,-7.710526315789474,7.88280168120049,6.051058290897412,,6.1612546540635025
NEXII.MI,2024-10-28,,-7.821052631578947,7.64295041835079,5.866941776066113,,6.249572980162706
NEXII.MI,2024-10-29,,-7.707894736842105,7.53236937259404,5.782056683074577,,6.159151836775425
NEXII.MI,2024-10-30,,-7.505263157894737,7.33435215112263,5.6300531444618205,,5.997234905593552
NEXII.MI,2024-10-31,,-7.634210526315789,7.4603631102408,5.726782669033578,,6.10027295270929
NEXII.MI,2024-11-01,,-7.655263157894736,7.48093632805601,5.742575244473856,,6.1170954910139
NEXII.MI,2024-11-04,,-7.544736842105263,7.37292693452615,5.659664223412364,,6.028777164914697
NEXII.MI,2024-11-05,,-7.531578947368422,7.36006867339165,5.649793863762177,,6.018263078474315
NEXII.MI,2024-11-06,,-7.394736842105263,7.22634275759278,5.547142123400329,,5.908916579494349
NEXII.MI,2024-11-07,,-7.578947368421052,7.40635841347587,5.685327158502821,,6.056113789659688
NEXII.MI,2024-11-08,,-7.536842105263157,7.36521197784545,5.653742007622249,,6.0224687130504675
NEXII.MI,2024-11-11,,-7.560526315789474,7.38835684788756,5.671508654992571,,6.041394068643155
NEXII.MI,2024-11-12,,-7.321052631578947,7.15433649523954,5.49186810935933,,5.850037695428213
NEXII.MI,2024-11-13,,-7.260526315789473,7.09518849402081,5.446464454968508,,5.801672897802458
NEXII.MI,2024-11-14,,-7.23421052631579,7.06947197175179,5.426723735668151,,5.780644724921696
NEXII.MI,2024-11-15,,-7.147368421052632,6.98460744826405,5.361579361976965,,5.711251754415178
NEXII.MI,2024-11-18,,-7.194736842105263,7.03089718834827,5.397112656717615,,5.749102465600552
NEXII.MI,2024-11-19,,-7.0552631578947365,6.8945996203225,5.2924868444257145,,5.637653149332508
NEXII.MI,2024-11-20,,-7.207894736842105,7.04375544948278,5.406983016367794,,5.759616552040932
NEXII.MI,2024-11-21,,-6.973684210526315,6.81487840128856,5.2312906145946165,,5.572465813402143
NEXII.MI,2024-11-22,,-6.957894736842105,6.79944848792715,5.219446183014402,,5.559848909673686
NEXII.MI,2024-11-25,,-7.123684210526315,6.96146257822194,5.343812714606643,,5.692326398822491
NEXII.MI,2024-11-26,,-7.155263157894736,6.99232240494475,5.367501577767079,,5.717560206279407
NEXII.MI,2024-11-27,,-7.1,6.93831770817983,5.32604606723633,,5.673401043229805
NEXII.MI,2024-11-28,,-7.381578947368421,7.21348449645827,5.537271763750143,,5.898402493053967
NEXII.MI,2024-11-29,,-7.373684210526315,7.20576953977757,5.531349547960035,,5.892094041189738
NEXII.MI,2024-12-02,,-7.778947368421052,7.60180398272037,5.8353566251855336,,6.215927903553485
NEXII.MI,2024-12-03,,-7.484210526315789,7.31377893330742,5.6142605690215355,,5.980412367288942
NEXII.MI,2024-12-04,,-7.463157894736842,7.29320571549221,5.598467993581249,,5.963589828984332
NEXII.MI,2024-12-05,,-7.61578947368421,7.44236154465249,5.712964165523328,,6.0855532316927565
NEXII.MI,2024-12-06,,-7.671052631578948,7.49636624141742,5.75441967605407,,6.129712394742358
NEXII.MI,2024-12-09,,-7.602631578947368,7.42950328351798,5.7030938058731495,,6.075039145252374
NEXII.MI,2024-12-10,,-7.618421052631579,7.44493319687939,5.714938237453364,,6.087656048980833
NEXII.MI,2024-12-11,,-7.626315789473685,7.4526481535601,5.720860453243463,,6.093964500845061
NEXII.MI,2024-12-12,,-7.597368421052631,7.42435997906418,5.69914566201307,,6.070833510676223
NEXII.MI,2024-12-13,,-7.550000000000001,7.37807023897996,5.663612367272435,,6.032982799490849
NEXII.MI,2024-12-16,,-7.5473684210526315,7.37549858675306,5.661638295342392,,6.030879982202773
NEXII.MI,2024-12-17,,-7.355263157894736,7.18776797418926,5.517531044449793,,5.877374320173204
NEXII.MI,2024-12-18,,-7.328947368421053,7.16205145192024,5.4977903251494284,,5.856346147292442
NEXII.MI,2024-12-19,,-7.068421052631579,6.90745788145701,5.302357204075902,,5.64816723577289
NEXII.MI,2024-12-20,,-6.915789473684211,6.75830205229673,5.1878610321338225,,5.526203833064466
NEXII.MI,2024-12-23,,-6.936842105263158,6.77887527011194,5.203653607574116,,5.543026371369076
NEXII.MI,2024-12-27,,-7.026315789473684,6.86631144582659,5.270772053195323,,5.614522159163669
NEXII.MI,2024-12-30,,-7.052631578947369,6.8920279680956,5.2905127724956795,,5.635550332044432
NEXII.MI,2025-01-02,,-7.097368421052631,6.93574605595293,5.324071995306294,,5.671298225941729
NEXII.MI,2025-01-03,,-7.0815789473684205,6.92031614259152,5.31222756372608,,5.658681322213271
NEXII.MI,2025-01-06,,-7.218421052631578,7.05404205839039,5.414879304087936,,5.768027821193238
NEXII.MI,2025-01-07,,-7.136842105263158,6.97432083935645,5.35368307425683,,5.702840485262874
NEXII.MI,2025-01-08,,-6.997368421052631,6.83802327133067,5.249057261964929,,5.5913911689948295
NEXII.MI,2025-01-09,,-7.002631578947368,6.84316657578448,5.253005405825001,,5.595596803570983
NEXII.MI,2025-01-10,,-6.905263157894737,6.74801544338913,5.179964744413688,,5.5177925639121606
NEXII.MI,2025-01-13,,-6.639473684210526,6.48827856847209,4.980583479480082,,5.305408017816457
NEXII.MI,2025-01-14,,-6.185526315789473,6.04466855933161,4.640056071548915,,4.942672035623297
NEXII.MI,2025-01-15,,-6.077631578947368,5.93923081802865,4.559119122417459,,4.8564565268121695
NEXII.MI,2025-01-16,,-6.235526315789474,6.09352995164273,4.677563438219601,,4.982625564096747
NEXII.MI,2025-01-17,,-6.357894736842105,6.21311178019365,4.769357782966262,,5.080406567992294
NEXII.MI,2025-01-20,,-6.380263157894737,6.23497082412231,4.786137394371557,,5.098280514940942
NEXII.MI,2025-01-21,,-6.459210526315789,6.31212039092935,4.845359552272637,,5.16136503358323
NEXII.MI,2025-01-22,,-6.3394736842105255,6.19511021460534,4.755539279456004,,5.065686846975759
NEXII.MI,2025-01-23,,-6.369736842105263,6.2246842152147,4.778241106651414,,5.089869245788638
NEXII.MI,2025-01-24,,-6.411842105263158,6.26583065084512,4.809826257531993,,5.123514322397858
NEXII.MI,2025-01-27,,-6.415789473684211,6.26968812918548,4.812787365427039,,5.126668548329972
NEXII.MI,2025-01-28,,-6.546052631578947,6.39698491441709,4.910503925963814,,5.230758004089748
NEXII.MI,2025-01-29,,-6.518421052631578,6.36998256603463,4.88977617069844,,5.2086784225649465
NEXII.MI,2025-01-30,,-6.4605263157894735,6.3134062170428,4.846346588237654,,5.162416442227269
NEXII.MI,2025-01-31,,-6.473684210526316,6.32626447817731,4.856216947887825,,5.17293052866765
NEXII.MI,2025-02-03,,-6.294736842105263,6.15139212674801,4.721980056645405,,5.029938953078463
NEXII.MI,2025-02-04,,-6.3052631578947365,6.16167873565562,4.729876344365548,,5.038350222230768
NEXII.MI,2025-02-05,,-6.109210526315789,5.97009064475147,4.582807985577888,,4.881690334269085
NEXII.MI,2025-02-06,,-6.181578947368421,6.04081108099126,4.637094963653869,,4.939517809691184
NEXII.MI,2025-02-07,,-5.907894736842105,5.77335924939352,4.431791482930156,,4.720824811731251
NEXII.MI,2025-02-10,,-5.803947368421052,5.67177898643091,4.353815641693745,,4.637763528852236
NEXII.MI,2025-02-11,,-5.782894736842104,5.6512057686157,4.33802306625346,,4.620940990547626
NEXII.MI,2025-02-12,,-6.002631578947368,5.86593872956197,4.502858072411442,,4.7965262341019965
NEXII.MI,2025-02-13,,-6.176315789473684,6.03566777653745,4.63314681979379,,4.935312175115031
NEXII.MI,2025-02-14,,-6.2105263157894735,6.06909925548717,4.658809754884262,,4.962648799860022
NEXII.MI,2025-02-17,,-6.296052631578948,6.15267795286147,4.722967092610415,,5.030990361722502
NEXII.MI,2025-02-18,,-6.2934210526315795,6.15010630063457,4.720993020680386,,5.028887544434426
NEXII.MI,2025-02-19,,-6.217105263157894,6.07552838605443,4.663744934709344,,4.967905843080213
NEXII.MI,2025-02-20,,-6.065789473684211,5.9276583830076,4.550235798732298,,4.846993849015827
NEXII.MI,2025-02-21,,-6.122368421052631,5.98294890588598,4.592678345228066,,4.892204420709467
NEXII.MI,2025-02-24,,-6.238157894736841,6.09610160386964,4.679537510149629,,4.984728381384823
NEXII.MI,2025-02-25,,-6.1986842105263165,6.05752682046612,4.649926431199093,,4.95318612206368
NEXII.MI,2025-02-26,,-6.16578947368421,6.02538116762985,4.625250532073655,,4.926900905962725
NEXII.MI,2025-02-27,,-6.1078947368421055,5.96880481863802,4.581820949612862,,4.880638925625048
NEXII.MI,2025-02-28,,38.92307692307692,6.5062801340604,4.845629286494945,,5.037370806318396
NEXII.MI,2025-03-03,,39.15384615384615,6.54485491746392,4.8743583138852316,,5.067236641138466
NEXII.MI,2025-03-04,,38.63076923076923,6.45741874174928,4.809239185133923,,4.999540748879642
NEXII.MI,2025-03-05,,39.41538461538461,6.58857300532124,4.906917878260897,,5.101084587267878
NEXII.MI,2025-03-06,,40.30769230769231,6.73772883448152,5.01800345083667,,5.216565815238814
NEXII.MI,2025-03-07,,39.58461538461538,6.61686117981716,4.927985831680433,,5.1229861994692625
NEXII.MI,2025-03-10,,39.98461538461539,6.68372413771659,4.977782812490269,,5.174753646490717
NEXII.MI,2025-03-11,,39.44615384615385,6.59371630977505,4.910748415246268,,5.105066698577222
NEXII.MI,2025-03-12,,39.35384615384615,6.57828639641364,4.899256804290146,,5.093120364649193
NEXII.MI,2025-03-13,,40.23076923076923,6.72487057334701,5.008427108373241,,5.206610536965458
NEXII.MI,2025-03-14,,39.800000000000004,6.65286431099378,4.954799590578032,,5.150860978634662
NEXII.MI,2025-03-17,,40.33846153846154,6.74287213893532,5.021833987822042,,5.220547926548156
NEXII.MI,2025-03-18,,40.599999999999994,6.78659022679265,5.054393552197692,,5.254395872677569
NEXII.MI,2025-03-19,,40.30769230769231,6.73772883448152,5.01800345083667,,5.216565815238814
NEXII.MI,2025-03-20,,41.96923076923077,7.01546727498687,5.2248524480467315,,5.431599825943316
NEXII.MI,2025-03-21,,39.92307692307693,6.67343752880899,4.970121738519526,,5.166789423872032
NEXII.MI,2025-03-24,,39.43076923076923,6.59114465754814,4.908833146753582,,5.10307564292255
NEXII.MI,2025-03-25,,39.41538461538461,6.58857300532124,4.906917878260897,,5.101084587267878
NEXII.MI,2025-03-26,,38.84615384615385,6.49342187292589,4.836052944031524,,5.02741552804504
NEXII.MI,2025-03-27,,39.646153846153844,6.62714778872476,4.935646905651184,,5.130950422087948
NEXII.MI,2025-03-28,,39.184615384615384,6.54999822191772,4.878188850870611,,5.07121875244781
NEXII.MI,2025-03-31,,37.784615384615385,6.3159778692697,4.703899418036207,,4.89003268787272
NEXII.MI,2025-04-01,,38.253846153846155,6.39441326219019,4.762315107063122,,4.9507598853401955
NEXII.MI,2025-04-02,,38.42307692307692,6.42270143668611,4.783383060482659,,4.97266149754158
NEXII.MI,2025-04-03,,37.07692307692308,6.19768186683224,4.615797067372663,,4.798444127757841
NEXII.MI,2025-04-04,,32.823076923076925,5.48662002609402,4.086225329145052,,4.247917239241225
NEXII.MI,2025-04-07,,31.538461538461533,5.27188706514775,3.9263004100057914,,4.0816640920761715
NEXII.MI,2025-04-08,,33.153846153846146,5.5419105489724,4.127403601737788,,4.290724935816658
NEXII.MI,2025-04-09,,32.52307692307692,5.43647280766944,4.048877593537672,,4.209091653975134
NEXII.MI,2025-04-10,,34.93076923076923,5.8389363811795,4.348617112643,,4.520691863931194
NEXII.MI,2025-04-11,,34.761538461538464,5.81064820668359,4.327549159223457,,4.49879025172981
NEXII.MI,2025-04-14,,35.96153846153846,6.01123708038189,4.4769401016529455,,4.6540925927941705
NEXII.MI,2025-04-15,,37.07692307692308,6.19768186683224,4.615797067372663,,4.798444127757841
NEXII.MI,2025-04-16,,37.76923076923077,6.3134062170428,4.701984149543521,,4.88804163221805
NEXII.MI,2025-04-17,,38.069230769230764,6.36355343546737,4.739331885150894,,4.92686721748414
NEXII.MI,2025-04-22,,38.09230769230769,6.36741091380773,4.742204787889914,,4.929853800966146
NEXII.MI,2025-04-23,,39.800000000000004,6.65286431099378,4.954799590578041,,5.150860978634662
NEXII.MI,2025-04-24,,39.800000000000004,6.65286431099378,4.954799590578032,,5.150860978634662
NEXII.MI,2025-04-25,,40.07692307692307,6.699154051078,4.989274423446384,,5.186699980418744
NEXII.MI,2025-04-28,,39.69230769230769,6.63486274540547,4.941392711129232,,5.136923589051962
NEXII.MI,2025-04-29,,39.9076923076923,6.67086587658208,4.968206470026841,,5.16479836821736
NEXII.MI,2025-04-30,,39.56923076923077,6.61428952759026,4.926070563187746,,5.120995143814592
NEXII.MI,2025-05-02,,41.184615384615384,6.8843130114149,5.127173754919759,,5.330055987555078
NEXII.MI,2025-05-05,,40.96923076923076,6.84830988023828,5.10035999602215,,5.30218120838968
NEXII.MI,2025-05-06,,41.30769230769231,6.90488622923011,5.142495902861237,,5.3459844327924495
NEXII.MI,2025-05-07,,40.707692307692305,6.80459179238095,5.067800431646492,,5.268333262260268
NEXII.MI,2025-05-08,,41.53846153846154,6.94346101263363,5.1712249302515305,,5.375850267612519
NEXII.MI,2025-05-09,,41.92307692307692,7.00775231830616,5.219106642568667,,5.425626658979302
NEXII.MI,2025-05-12,,42.58461538461538,7.11833336406292,5.301463187754154,,5.511242052130167
NEXII.MI,2025-05-13,,41.66153846153846,6.96403423044884,5.1865470781930165,,5.391778712849889
NEXII.MI,2025-05-14,35.8475479744137,41.38461538461538,6.79491189113661,5.152072245324673,,5.355939711065806
NEXII.MI,2025-05-15,35.9141791044776,41.46153846153846,6.80754183888965,5.161648587788101,,5.365894989339162
NEXII.MI,2025-05-16,35.634328358209,41.138461538461534,6.75449605832687,5.121427949441701,,5.324082820591064
NEXII.MI,2025-05-19,34.4616204690832,39.78461538461538,6.53220897787333,4.952884322085355,,5.14886992297999
NEXII.MI,2025-05-20,34.9813432835821,40.38461538461538,6.63072257034706,5.027579793300099,,5.22652109351217
NEXII.MI,2025-05-21,35.5810234541578,41.07692307692307,6.74439210012444,5.11376687547095,,5.3161185979723795
NEXII.MI,2025-05-22,35.2345415778252,40.676923076923075,6.67871637180862,5.0639698946611205,,5.264351150950926
NEXII.MI,2025-05-23,34.2484008528785,39.53846153846153,6.4917931450636,4.922240026202383,,5.117013032505249
NEXII.MI,2025-05-26,34.9546908315565,40.353846153846156,6.62567059124585,5.023749256314727,,5.2225389822028285
NEXII.MI,2025-05-27,35.8208955223881,41.353846153846156,6.78985991203539,5.1482417083393015,,5.351957599756463
NEXII.MI,2025-05-28,35.247867803838,40.69230769230769,6.68124236135923,5.065885163153814,,5.2663422066055965
NEXII.MI,2025-05-29,35.247867803838,40.69230769230769,6.68124236135923,5.065885163153814,,5.2663422066055965
NEXII.MI,2025-05-30,35.2878464818763,40.738461538461536,6.68882033001106,5.0716309686318715,,5.272315373569611
NEXII.MI,2025-06-02,34.9680170575693,40.36923076923077,6.62819658079645,5.025664524807405,,5.2245300378575
NEXII.MI,2025-06-03,35.3278251599147,40.78461538461538,6.69639829866288,5.077376774109929,,5.278288540533624
NEXII.MI,2025-06-04,35.2745202558635,40.72307692307692,6.68629434046045,5.069715700139186,,5.270324317914939
NEXII.MI,2025-06-05,35.181236673774,40.61538461538461,6.66861241360619,5.0563088206903855,,5.25638692833224
NEXII.MI,2025-06-06,35.247867803838,40.69230769230769,6.68124236135923,5.065885163153814,,5.2663422066055965
NEXII.MI,2025-06-09,34.9013859275053,40.292307692307695,6.61556663304341,5.016088182343977,,5.214574759584143
NEXII.MI,2025-06-10,35.0079957356077,40.41538461538461,6.63577454944828,5.031410330285471,,5.230503204821513
NEXII.MI,2025-06-11,34.1417910447761,39.41538461538461,6.47158522865873,4.906917878260897,,5.101084587267878
NEXII.MI,2025-06-12,33.9019189765458,39.138461538461534,6.42611741674778,4.872443045392545,,5.065245585483796
NEXII.MI,2025-06-13,32.2294776119403,37.207692307692305,6.10910572814643,4.632076849560492,,4.815368100822546
NEXII.MI,2025-06-16,32.8358208955224,37.90769230769231,6.22403825269911,4.719221565977692,,4.9059611331100905
NEXII.MI,2025-06-17,32.7758528784648,37.83846153846154,6.21267129972137,4.710602857760599,,4.89700138266407
NEXII.MI,2025-06-18,33.0290511727079,38.130769230769225,6.26066510118293,4.746992959121637,,4.934831440102824
NEXII.MI,2025-06-19,32.0095948827292,36.95384615384616,6.06742690056139,4.600474919431169,,4.78251568252047
NEXII.MI,2025-06-20,32.2894456289979,37.276923076923076,6.12047268112417,4.640695557777569,,4.824327851268568
NEXII.MI,2025-06-23,32.0628997867804,37.01538461538462,6.07753085876382,4.608135993401912,,4.790479905139156
NEXII.MI,2025-06-24,33.0423773987207,38.146153846153844,6.26319109073354,4.748908227614314,,4.936822495757496
NEXII.MI,2025-06-25,32.9024520255864,37.98461538461538,6.23666820045215,4.7287979084411145,,4.9159164113834475
NEXII.MI,2025-06-26,33.9818763326226,39.230769230769226,6.44127335405143,4.88393465634866,,5.077191919411822
NEXII.MI,2025-06-27,34.1151385927505,39.38461538461539,6.46653324955752,4.903087341275517,,5.097102475958536
NEXII.MI,2025-06-30,33.8086353944563,39.03076923076923,6.40843548989352,4.859036165943745,,5.051308195901096
NEXII.MI,2025-07-01,33.7953091684435,39.01538461538461,6.40590950034291,4.857120897451067,,5.0493171402464245
NEXII.MI,2025-07-02,34.2883795309168,39.58461538461538,6.49937111371543,4.92798583168044,,5.1229861994692625
NEXII.MI,2025-07-03,33.9685501066098,39.215384615384615,6.43874736450082,4.882019387855982,,5.075200863757152
NEXII.MI,2025-07-04,33.9152452025586,39.15384615384615,6.42864340629839,4.874358313885239,,5.067236641138466
NEXII.MI,2025-07-07,34.0085287846482,39.261538461538464,6.44632533315265,4.887765193334031,,5.081174030721166
NEXII.MI,2025-07-08,34.6082089552239,39.95384615384615,6.55999486293003,4.973952275504899,,5.170771535181374
NEXII.MI,2025-07-09,34.9813432835821,40.38461538461538,6.63072257034706,5.027579793300092,,5.22652109351217
NEXII.MI,2025-07-10,34.7014925373134,40.06153846153846,6.57767678978429,4.98735915495369,,5.184708924764074
NEXII.MI,2025-07-11,34.1817697228145,39.46153846153846,6.47916319731056,4.912663683738954,,5.107057754231892
NEXII.MI,2025-07-14,33.7153518123667,38.92307692307692,6.39075356303926,4.845629286494953,,5.037370806318396
NEXII.MI,2025-07-15,34.0085287846482,39.261538461538464,6.44632533315265,4.887765193334039,,5.081174030721166
NEXII.MI,2025-07-16,34.1151385927505,39.38461538461539,6.46653324955752,4.903087341275525,,5.097102475958536
NEXII.MI,2025-07-17,34.088486140725,39.35384615384615,6.4614812704563,4.899256804290146,,5.093120364649193
NEXII.MI,2025-07-18,34.3017057569296,39.599999999999994,6.50189710326603,4.929901100173118,,5.124977255123934
NEXII.MI,2025-07-21,34.1151385927505,39.38461538461539,6.46653324955752,4.903087341275525,,5.097102475958536
NEXII.MI,2025-07-22,34.1684434968017,39.44615384615385,6.47663720775995,4.910748415246268,,5.105066698577222
NEXII.MI,2025-07-23,34.861407249467,40.246153846153845,6.60798866439159,5.010342376865927,,5.20860159262013
NEXII.MI,2025-07-24,34.5149253731343,39.84615384615384,6.54231293607577,4.960545396056098,,5.156834145598675
NEXII.MI,2025-07-25,35.6609808102345,41.16923076923077,6.75954803742809,5.1252584864270725,,5.328064931900408
NEXII.MI,2025-07-28,35.4744136460554,40.95384615384615,6.72418418371957,5.098444727529464,,5.300190152735009
NEXII.MI,2025-07-29,34.9813432835821,40.38461538461538,6.63072257034706,5.027579793300099,,5.22652109351217
NEXII.MI,2025-07-30,34.5149253731343,39.84615384615384,6.54231293607577,4.96054539605609,,5.156834145598675
NEXII.MI,2025-07-31,33.3821961620469,38.53846153846153,6.32760382427405,4.786569363653442,,4.970242922682833
NEXII.MI,2025-08-01,33.8486140724947,39.07692307692307,6.41601345854535,4.853447578315274,,5.039687434576605
NEXII.MI,2025-08-04,34.1151385927505,39.38461538461539,6.46653324955752,4.891663700979174,,5.0793700128016175
NEXII.MI,2025-08-05,34.9413646055437,40.33846153846154,6.62314460169524,5.010133681237264,,5.202386005299156
NEXII.MI,2025-08-06,35.501066098081,40.98461538461539,6.72923616282079,5.090387538831453,,5.2857194195716835
NEXII.MI,2025-08-07,36.4472281449893,42.07692307692307,6.90858142091399,5.22605477428829,,5.4265925722704775
NEXII.MI,2025-08-08,35.9141791044776,41.46153846153846,6.80754183888965,5.14962252896049,,5.347227415820453
NEXII.MI,2025-08-11,30.7879068154229,40.96923076923076,6.72671017327018,5.0884767326982505,,5.283735290660433
NEXII.MI,2025-08-12,30.7532227296376,40.92307692307693,6.71913220461836,5.082744314298673,,5.277782903926681
NEXII.MI,2025-08-13,31.0538181397769,41.32307692307692,6.78480793293418,5.132425273761735,,5.329370255619197
NEXII.MI,2025-08-14,31.0422567778484,41.30769230769231,6.78228194338357,5.130514467628547,,5.327386126707947
NEXII.MI,2025-08-18,31.4237817214868,41.815384615384616,6.86563959855364,5.193571070023975,,5.392862380779217
NEXII.MI,2025-08-19,32.1868316087635,42.83076923076923,7.0323549088938,5.319684274814844,,5.523814888921759
NEXII.MI,2025-08-20,32.013411179837,42.6,6.99446506563467,5.291022182816927,,5.494052955253
NEXII.MI,2025-08-21,31.8862361986242,42.43076923076923,6.96667918057798,5.270003315351774,,5.472227537229243
NEXII.MI,2025-08-22,32.3371293138332,43.03076923076923,7.06519277305171,5.344524754546379,,5.549608564768017
NEXII.MI,2025-08-25,32.5799179143303,43.353846153846156,7.11823855361448,5.384651683343481,,5.591275271904281
NEXII.MI,2025-08-26,32.1174634371929,42.738461538461536,7.01719897159015,5.308219438015674,,5.511910115454255
NEXII.MI,2025-08-27,31.7937453031967,42.30769230769231,6.94647126417311,5.2547168662862145,,5.456354505939237
NEXII.MI,2025-08-28,31.4584658072721,41.86153846153846,6.87321756720547,5.199303488423559,,5.398814767512969
NEXII.MI,2025-08-29,31.3428521879877,41.707692307692305,6.84795767169939,5.1801954270916175,,5.378973478400463
NEXII.MI,2025-09-01,31.2272385687034,41.55384615384615,6.8226977761933,5.161087365759667,,5.359132189287957
NEXII.MI,2025-09-02,30.5566795768542,40.661538461538456,6.67619038225801,5.050260610034351,,5.24405271243542
NEXII.MI,2025-09-03,30.2676455286433,40.276923076923076,6.6130406434928,5.002490456704483,,5.194449489654154
NEXII.MI,2025-09-04,30.3832591479276,40.43076923076923,6.63830053899889,5.021598518036425,,5.214290778766661
NEXII.MI,2025-09-05,30.3832591479276,40.43076923076923,6.63830053899889,5.021598518036425,,5.214290778766661
NEXII.MI,2025-09-08,30.4063818717845,40.46153846153846,6.64335251810011,5.025420130302823,,5.218259036589162
NEXII.MI,2025-09-09,30.2214000809295,40.215384615384615,6.60293668529037,4.994847232171703,,5.186512974009151
NEXII.MI,2025-09-10,27.365743684606,36.41538461538462,5.97901726629009,4.522878117272533,,4.696433132930245
NEXII.MI,2025-09-11,26.9784380600035,35.9,5.89439661634471,4.458866111810509,,4.629964814403349
NEXII.MI,2025-09-12,26.833921035898,35.70769230769231,5.86282174696211,4.434981035145563,,4.605163203012717
NEXII.MI,2025-09-15,26.8686051216833,35.75384615384615,5.87039971561393,4.440713453545156,,4.611115589746468
NEXII.MI,2025-09-16,26.9610960171108,35.87692307692307,5.8906076320188,4.455999902610716,,4.626988621036474
NEXII.MI,2025-09-17,27.469795941962,36.55384615384615,6.00175117224557,4.540075372471296,,4.714290293131501
NEXII.MI,2025-09-18,27.5796288802821,36.699999999999996,6.02574807297635,4.558228030736648,,4.733139517788382
NEXII.MI,2025-09-19,27.1113937221805,36.07692307692308,5.92344549617671,4.480840382342251,,4.652782296882732
NEXII.MI,2025-09-22,27.1460778079658,36.12307692307692,5.93102346482853,4.486572800741836,,4.658734683616483
NEXII.MI,2025-09-23,27.5449447944968,36.65384615384615,6.01817010432452,4.552495612337063,,4.72718713105463
NEXII.MI,2025-09-24,27.3715243655703,36.42307692307693,5.9802802610654,4.523833520339139,,4.697425197385871
NEXII.MI,2025-09-25,27.4640152609978,36.54615384615385,6.00048817747027,4.539119969404698,,4.7132982286758764
NEXII.MI,2025-09-26,27.4813573038904,36.569230769230764,6.00427716179618,4.541986178604491,,4.716274422042751
NEXII.MI,2025-09-29,27.8108561188508,37.00769230769231,6.07626786398852,4.596444153400547,,4.772822096013395
NEXII.MI,2025-09-30,27.8397595236719,37.04615384615384,6.08258283786504,4.601221168733527,,4.777782418291522
NEXII.MI,2025-10-01,28.3253367246662,37.69230769230769,6.18867439899059,4.681475026327725,,4.861115832564049
NEXII.MI,2025-10-02,28.8455980114457,38.38461538461539,6.00701583102334,4.544057868075575,,4.950401633570327
NEXII.MI,2025-10-03,28.6548355396266,38.130769230769225,5.96729007502659,4.5140069843788835,,4.917663506534691
NEXII.MI,2025-10-06,28.5739060061275,38.02307692307692,5.95043672399767,4.501258124628771,,4.903774604155936
NEXII.MI,2025-10-07,28.5103185155211,37.93846153846154,5.93719480533209,4.49124116339654,,4.892861895144058
NEXII.MI,2025-10-08,28.9612116307301,38.53846153846153,6.03109204677894,4.562270524861449,,4.970242922682833
NEXII.MI,2025-10-09,28.85137869241,38.39230769230769,6.00821964181112,4.5449685009148695,,4.951393698025951
NEXII.MI,2025-10-10,28.0363026764553,37.30769230769231,5.83848232073411,4.416569270574457,,4.811512609782782
NEXII.MI,2025-10-13,28.2906526388809,37.646153846153844,5.89144999539644,4.45663711550338,,4.855163445830296
NEXII.MI,2025-10-14,28.0073992716342,37.26923076923077,5.8324632667952,4.412016106377989,,4.806552287504656
NEXII.MI,2025-10-15,26.4812994970808,35.23846153846154,5.51465721882122,4.171609036804451,,4.5446472712195725
NEXII.MI,2025-10-16,26.2674143014047,34.95384615384615,5.47011621967336,4.137915621750584,,4.507940886361435
NEXII.MI,2025-10-17,26.1113359153708,34.746153846153845,5.43761332840329,4.1133285350896545,,4.481155146059552
NEXII.MI,2025-10-20,26.4581767732239,35.207692307692305,5.5098419756701,4.167966505447277,,4.540679013397071
NEXII.MI,2025-10-21,27.0362448696456,35.97692307692307,5.63022305444813,4.259029789376647,,4.639885458959602
NEXII.MI,2025-10-22,27.3021561939997,36.33076923076923,5.68559835068602,4.300918899984157,,4.685520423918367
NEXII.MI,2025-10-23,27.0593675935025,36.00769230769231,5.63503829759925,4.260098870828695,,4.643853716782104
NEXII.MI,2025-10-24,27.365743684606,36.41538461538462,5.6988402693516,4.310935861216388,,4.696433132930245
NEXII.MI,2025-10-27,27.6663390947454,36.81538461538461,5.76143843031617,4.35828876885966,,4.748020484622762
NEXII.MI,2025-10-28,27.2963755130354,36.323076923076925,5.68439453989824,4.300008267144863,,4.6845283594627425
NEXII.MI,2025-10-29,26.7992369501127,35.66153846153846,5.58086681214914,4.221693842965605,,4.599210816278965
NEXII.MI,2025-10-30,26.5969131163651,35.39230769230769,5.53873343457683,4.189821693590325,,4.564488560332078
NEXII.MI,2025-10-31,26.3945892826175,35.12307692307692,5.49660005700452,4.157949544215046,,4.529766304385192
NEXII.MI,2025-11-03,26.0188450199433,34.62307692307692,5.41835235579881,4.098758409660954,,4.465282114769547
NEXII.MI,2025-11-04,25.8049598242673,34.33846153846154,5.37381135665094,4.065064994607088,,4.428575729911411
NEXII.MI,2025-11-05,23.7643794438985,31.62307692307692,4.94886614856452,3.7436116023364114,,4.078376977075673
NEXII.MI,2025-11-06,23.088039771085,30.723076923076924,4.80802028639423,3.6370675601390476,,3.962305435767512
NEXII.MI,2025-11-07,23.1111624949419,30.753846153846155,4.81283552954535,3.6407100914962225,,3.966273693590013
NEXII.MI,2025-11-10,23.2672408809758,30.961538461538463,4.84533842081542,3.665297178157153,,3.993059433891897
NEXII.MI,2025-11-11,23.8164055725764,31.692307692307693,4.95970044565454,3.7518072978900543,,4.087305557176302
NEXII.MI,2025-11-12,24.1401237065726,32.12307692307692,5.02711384977023,3.8028027368905017,,4.142861166691319
NEXII.MI,2025-11-13,23.8279669345049,31.707692307692305,4.9621080672301,3.753628563568642,,4.089289686087552
NEXII.MI,2025-11-14,23.4117579050812,31.15384615384615,4.87543369050992,3.6880629991394946,,4.01786104528253
NEXII.MI,2025-11-17,22.8336898086595,30.384615384615383,4.7550526117319,3.5969997152101247,,3.918654599719998
NEXII.MI,2025-11-18,22.4117000982716,29.823076923076922,4.66717442422394,3.5305235179416847,,3.8462338944593495
NEXII.MI,2025-11-19,22.1689114977744,29.5,4.61661437113718,3.4922769386913486,,3.8045671873230864
NEXII.MI,2025-11-20,21.6197468061738,28.76923076923077,4.50225234629805,3.405766818958447,,3.710321064038682
NEXII.MI,2025-11-21,21.9203422163131,29.169230769230765,4.56485050726262,3.4531197266017193,,3.761908415731198
NEXII.MI,2025-11-24,22.3365512457368,29.72307692307692,4.6515248839828,3.5186852910308666,,3.833337056536221
NEXII.MI,2025-11-25,23.4290999479739,31.176923076923075,4.87904512287326,3.6907948976573763,,4.020837238649405
NEXII.MI,2025-11-26,22.8336898086595,30.384615384615383,4.7550526117319,3.5969997152101247,,3.918654599719998
NEXII.MI,2025-11-27,22.9608647898722,30.553846153846152,4.78153644906307,3.617033637674586,,3.940480017743755
NEXII.MI,2025-11-28,23.2325567951905,30.915384615384614,4.83811555608874,3.6598333811213903,,3.987107047158145
NEXII.MI,2025-12-01,23.0244522804786,30.638461538461538,4.79477836772865,3.6270505989068167,,3.9513927267556337
NEXII.MI,2025-12-02,22.7932250419099,30.33076923076923,4.74662593621744,3.590625285335069,,3.911710148530621
NEXII.MI,2025-12-03,22.7990057228742,30.338461538461537,4.74782974700522,3.5915359181743627,,3.912702212986246
NEXII.MI,2025-12-04,22.7643216370888,30.29230769230769,4.74060688227854,3.5860721211386,,3.9067498262524945
NEXII.MI,2025-12-05,23.0822590901208,30.715384615384615,4.80681647560645,3.636156927299754,,3.9613133713118867
NEXII.MI,2025-12-08,22.9377420660154,30.52307692307692,4.77672120591194,3.6133911063174113,,3.936511759921254
NEXII.MI,2025-12-09,23.3308283715822,31.046153846153842,4.858580339481,3.6753141393893833,,4.003972142903775
NEXII.MI,2025-12-10,23.220995433262,30.900000000000002,4.83570793451318,3.6580121154428027,,3.9851229182468946
NEXII.MI,2025-12-11,23.5215908434014,31.299999999999997,4.89830609547775,3.7053650230860753,,4.036710269939411
NEXII.MI,2025-12-12,23.4117579050812,31.15384615384615,4.87543369050992,3.6880629991394946,,4.01786104528253
NEXII.MI,2025-12-15,23.4117579050812,31.15384615384615,4.87543369050992,3.6880629991394946,,4.01786104528253
NEXII.MI,2025-12-16,23.1574079426556,30.815384615384616,4.82246601584759,3.647995154210572,,3.974210209235016
NEXII.MI,2025-12-17,23.1805306665125,30.846153846153843,4.82728125899871,3.651637685567747,,3.978178467057517
NEXII.MI,2025-12-18,23.3019249667611,31.007692307692306,4.8525612855421,3.6707609751929144,,3.999011820625648
NEXII.MI,2025-12-19,23.2961442857969,31.0,4.85135747475432,3.669850342353621,,3.9980197561700237
NEXII.MI,2025-12-22,23.7412567200416,31.592307692307692,4.9440509054134,3.739969070979236,,4.074408719253173
NEXII.MI,2025-12-23,23.8106248916122,31.68461538461538,4.95849663486676,3.7508966650507602,,4.086313492720676
NEXII.MI,2025-12-29,24.2210532400717,32.23076923076923,5.04396720079916,3.815551596640613,,4.156750069070074
NEXII.MI,2025-12-30,24.4002543499624,32.46923076923077,5.08128533522034,3.8437812146587182,,4.187504067194459
PNN.L,2024-01-02,,inf,23.9521613958853,22.52916085469596,,22.608165579359085
PNN.L,2024-01-03,,inf,24.1151012693267,22.823206421978444,,22.903242298632975
PNN.L,2024-01-04,,inf,24.3432170921446,23.02341556249659,,23.104153527796306
PNN.L,2024-01-05,,inf,24.2617471554239,23.017502836405402,,23.09822006709807
PNN.L,2024-01-08,,inf,24.0825132946384,22.886548393755536,,22.966806396527925
PNN.L,2024-01-09,,inf,24.4246870288653,23.173344976823333,,23.254608711022072
PNN.L,2024-01-10,,inf,24.506156965586,23.227726897456904,,23.309181336879526
PNN.L,2024-01-11,,inf,23.7240455730673,22.525653911661042,,22.60464633825982
PNN.L,2024-01-12,,inf,26.5507165827931,25.240221319850555,,23.14511237287496
PNN.L,2024-01-15,,inf,25.7483107760599,24.429724138536987,,22.401891935079213
PNN.L,2024-01-16,,inf,25.6591545753118,24.339066021410897,,22.31875905435654
PNN.L,2024-01-17,,inf,25.0172299299253,23.782558140367822,,21.80844508840883
PNN.L,2024-01-18,,inf,24.8032550481297,23.655732924670485,,21.69214722271932
PNN.L,2024-01-19,,inf,24.7140988473816,23.511717332463665,,21.56008589794589
PNN.L,2024-01-22,,inf,25.3560234927681,24.169254949037953,,22.16304344860075
PNN.L,2024-01-23,,inf,25.3381922526185,24.18275251739401,,22.175420627564588
PNN.L,2024-01-24,,inf,25.3025297723193,24.146017536105052,,22.141734897983476
PNN.L,2024-01-25,,inf,24.4822927254365,23.415404209566393,,21.471767415148523
PNN.L,2024-01-26,,inf,25.124217370823,24.004776468123822,,22.012217793174255
PNN.L,2024-01-29,,inf,25.2490360518704,24.17596383364114,,22.169195450442228
PNN.L,2024-01-30,,inf,24.9459049693268,23.851399630040905,,21.871572269197298
PNN.L,2024-01-31,,inf,25.178488659601,24.1046272728774,,22.10309769190209
PNN.L,2024-02-01,,inf,25.1071614962594,24.019584342383677,,22.02511630768792
PNN.L,2024-02-02,,inf,24.7326938887157,23.644838711283093,,21.681487708910552
PNN.L,2024-02-05,,inf,24.3403944903367,23.18166112613204,,21.256770110193948
PNN.L,2024-02-06,,inf,24.3047309086658,23.23983992291552,,21.310118026108512
PNN.L,2024-02-07,,inf,24.4652170261845,23.408211283663594,,21.464508657956923
PNN.L,2024-02-08,,inf,23.8411043469451,22.784389489579898,,20.892485954561646
PNN.L,2024-02-09,,inf,23.3953095760598,22.350900910608644,,20.494992133111577
PNN.L,2024-02-12,,inf,23.7876089744389,22.76160309088128,,20.871591626232853
PNN.L,2024-02-13,,inf,23.6092910660848,22.655280766007046,,20.774097783788385
PNN.L,2024-02-14,,inf,23.573627484414,22.544246265852205,,20.672283041900332
PNN.L,2024-02-15,,inf,23.9837586736284,22.90215916767903,,21.000476618374844
PNN.L,2024-02-16,,inf,23.6984500202619,22.619674664849086,,20.74144823798065
PNN.L,2024-02-19,,inf,23.6092910660848,22.519467158879003,,20.64956146998204
PNN.L,2024-02-20,,inf,23.8945997194514,22.7818733864436,,20.890178776242934
PNN.L,2024-02-21,,inf,24.0907494186409,22.968384126434803,,21.061202582582958
PNN.L,2024-02-22,,inf,24.2512355361596,23.154273162737006,,21.231656308447533
PNN.L,2024-02-23,,inf,23.9480950919576,22.911450327833656,,21.00899628633088
PNN.L,2024-02-26,,inf,23.4844685302369,22.413014133240146,,20.55194777952088
PNN.L,2024-02-27,,inf,24.269067326995,23.170111655382925,,21.24617965063748
PNN.L,2024-02-28,,inf,23.5914592752494,22.50069914247287,,20.632351857262694
PNN.L,2024-02-29,,inf,23.5927058150873,22.503124316185378,,20.63348541186896
PNN.L,2024-03-01,,inf,23.9315277428928,22.803186141911667,,20.908617043227807
PNN.L,2024-03-04,,inf,23.7710331455112,22.686371137602737,,20.801507441315234
PNN.L,2024-03-05,,inf,23.8780295437656,22.809415401098054,,20.91432875359935
PNN.L,2024-03-06,,inf,24.3416806028678,23.21018165893259,,21.281797937807244
PNN.L,2024-03-07,,inf,24.8766625941397,23.75735655333489,,21.783511612884393
PNN.L,2024-03-08,,inf,24.7518334628429,23.75153624342903,,21.77817487484538
PNN.L,2024-03-11,,inf,25.0193244584788,23.94831693742079,,21.95860633501807
PNN.L,2024-03-12,,inf,24.2168514715711,23.146542344607976,,21.223446002081015
PNN.L,2024-03-13,,inf,24.3238478698255,23.211283339267823,,21.282808086656186
PNN.L,2024-03-14,,inf,24.5200079332918,23.45521852540609,,21.506476277521866
PNN.L,2024-03-15,,inf,24.484342467207,23.386292789235462,,21.443277134514087
PNN.L,2024-03-18,,inf,23.5748730820449,22.52946717755182,,20.657639615439823
PNN.L,2024-03-19,,inf,23.218218421197,22.188786784500486,,20.345264150532454
PNN.L,2024-03-20,,inf,23.7710331455112,22.720341154561925,,20.83265510950209
PNN.L,2024-03-21,,inf,23.6462040142145,22.494229795020278,,20.62532987888045
PNN.L,2024-03-22,,inf,23.895862276808,22.748180163259672,,20.85818115520916
PNN.L,2024-03-25,,inf,23.4322112177057,22.301378056619747,,20.44850094281671
PNN.L,2024-03-26,,inf,23.1468874890274,22.026136499280668,,20.196127424442157
PNN.L,2024-03-27,,inf,23.3965457516209,22.294985350270494,,20.44263936504882
PNN.L,2024-03-28,,inf,23.0933892899003,22.057518645022743,,20.224902230876346
PNN.L,2024-04-02,,inf,23.414618082606,22.324160374576678,,20.469180965565815
PNN.L,2024-04-03,,inf,23.1649572652743,22.078500732376295,,20.243933897467144
PNN.L,2024-04-04,,inf,23.2719547584165,22.16113504171701,,20.319701881726402
PNN.L,2024-04-05,,inf,23.3076205894638,22.188087038295276,,20.344414358526656
PNN.L,2024-04-08,,inf,22.719134377182,21.609477129956932,,19.813882830194988
PNN.L,2024-04-09,,inf,22.5764710529925,21.520452339874197,,19.732255368823584
PNN.L,2024-04-10,,inf,22.5229723064214,21.44730210400712,,19.665183398791328
PNN.L,2024-04-11,,inf,22.6299697995636,21.618078912673504,,19.821769865769816
PNN.L,2024-04-12,,inf,23.0757926876559,22.03670204676916,,20.205608386206727
PNN.L,2024-04-15,,inf,23.0579597721322,22.050442642743366,,20.218207236100866
PNN.L,2024-04-16,,inf,22.719134377182,21.701969598500757,,19.898689830539336
PNN.L,2024-04-17,,inf,22.4873064753741,21.409508437706265,,19.63053011813561
PNN.L,2024-04-18,,inf,23.1292914342269,22.059036551983834,,20.226087052429563
PNN.L,2024-04-19,,inf,23.5751143223192,22.34542558226416,,20.488679185302676
PNN.L,2024-04-22,,inf,23.699944730985,22.42379838383621,,20.56053976286699
PNN.L,2024-04-23,,inf,23.699944730985,22.508676573791615,,20.638365177175015
PNN.L,2024-04-24,,inf,23.6286130688903,22.46850582294462,,20.601532330841057
PNN.L,2024-04-25,,inf,23.3967851670823,22.274088542538415,,20.423269747671362
PNN.L,2024-04-26,,inf,23.7356105620324,22.63163565950631,,20.751107234865913
PNN.L,2024-04-29,,inf,24.1279347035536,23.079967317115305,,21.162185711198724
PNN.L,2024-04-30,,inf,23.735588157419,22.690663131166534,,20.805249580816565
PNN.L,2024-05-01,,inf,24.1457448273067,23.052233677289173,,21.136776491672748
PNN.L,2024-05-02,,inf,24.5737343958853,23.437072590048878,,21.489638353051205
PNN.L,2024-05-03,,inf,24.91255947101,23.712006505989205,,21.74172744830178
PNN.L,2024-05-07,,inf,25.5545438238778,24.25906159591462,,22.24332661332219
PNN.L,2024-05-08,,inf,25.3583819382793,24.07298026795069,,22.07270716301173
PNN.L,2024-05-09,,inf,25.697207013404,24.3639547138898,,22.339503947857054
PNN.L,2024-05-10,,inf,25.4475464317332,24.15192215526711,,22.145089607654565
PNN.L,2024-05-13,,inf,25.3762148369701,24.112896551281167,,22.109306720822314
PNN.L,2024-05-14,,inf,26.1251965819825,24.81497371151806,,22.75304685566469
PNN.L,2024-05-15,,inf,25.6793741147132,24.434979482033214,,22.404627122931366
PNN.L,2024-05-16,,inf,25.465379330424,24.232745509802438,,22.219197184561615
PNN.L,2024-05-17,,inf,25.6793741147132,24.48886136753614,,22.454031852502045
PNN.L,2024-05-20,,inf,25.5545438238778,24.413071412072735,,22.384539439256077
PNN.L,2024-05-21,,-188.45203948440712,24.2349093207606,12.576170395394254,,11.778702254615885
PNN.L,2024-05-22,,-185.11073791827636,23.7177552587282,12.353191764051166,,11.569862931900078
PNN.L,2024-05-23,,-171.9094923374486,22.0414627817955,11.472219001378159,,10.744753575100043
PNN.L,2024-05-24,,-169.1999819033449,21.6848048079801,11.291402359644731,,10.575402706059844
PNN.L,2024-05-28,,-165.13228021226584,21.1498178472569,11.019948096137671,,10.321161641803375
PNN.L,2024-05-29,,-166.1212908046593,21.2568152394015,11.085948791947708,,10.382977164343409
PNN.L,2024-05-30,,-168.7131529256557,21.613473213217,11.258914283667476,,10.544974733017956
PNN.L,2024-05-31,,-173.14662477236257,22.1841259713217,11.554777876016548,,10.822077305001015
PNN.L,2024-06-03,,-169.99499289214944,21.7918022001247,11.344456673563409,,10.625092790348113
PNN.L,2024-06-04,,-171.91222249891752,22.0592956804863,11.472401196147379,,10.744924216708048
PNN.L,2024-06-05,,-172.64277402586734,22.0949614778678,11.521153868236652,,10.790585430782142
PNN.L,2024-06-06,,-169.44606811174958,21.7204706053616,11.307824692336474,,10.590783681430002
PNN.L,2024-06-07,,-166.44465986178426,21.2746481380923,11.107528523183957,,10.40318850221299
PNN.L,2024-06-10,,-165.45209179175114,21.060653353803,11.041290422434754,,10.341150628829686
PNN.L,2024-06-11,,-163.5646387723362,11.1803292471457,10.915333012526071,,10.223180310248422
PNN.L,2024-06-12,,-165.4947754543604,11.3340107488247,11.044138876691573,,10.343818459617754
PNN.L,2024-06-13,,-168.65515969105059,11.5069024382136,11.255044159458865,,10.541350017440111
PNN.L,2024-06-14,,-170.01098203994204,11.6317686583277,11.345523694369664,,10.626092150247157
PNN.L,2024-06-17,,-166.66852885602253,11.4204565935191,11.122468210891757,,10.417180848670938
PNN.L,2024-06-18,,-169.32201701968077,11.6029533767629,11.299546258864128,,10.583030192097459
PNN.L,2024-06-19,,-168.41206673867276,11.5357177197784,11.238821578905313,,10.526156127715767
PNN.L,2024-06-20,,-170.91034522709646,11.7182145030222,11.405541854533613,,10.682304495994314
PNN.L,2024-06-21,,-170.63835367912202,11.6990043153123,11.387390753262531,,10.665304375071623
PNN.L,2024-06-24,,-169.46261523038424,11.6317686583277,11.308928948804427,,10.591817915838412
PNN.L,2024-06-25,,-167.29420645783935,11.4588769689389,11.16422221978736,,10.456287192116969
PNN.L,2024-06-26,,-164.33454049352628,11.2763801856951,10.966711682981902,,10.271301005381385
PNN.L,2024-06-27,,-161.6964612260258,11.1034884963063,10.790661933266138,,10.10641475474182
PNN.L,2024-06-28,,-160.3251176305371,11.0170426516118,10.699146602497247,,10.020702506977198
PNN.L,2024-07-01,,-163.08253301942668,11.2283547164204,10.883160136531814,,10.193047550028396
PNN.L,2024-07-02,,-157.59590086513424,10.8249407745131,10.517014877196836,,9.850119945196825
PNN.L,2024-07-03,,-163.690935605146,11.2379598102754,10.92376131340388,,10.231074163737286
PNN.L,2024-07-04,,-164.24491883448238,11.28598527955,10.960730865484056,,10.265699437787154
PNN.L,2024-07-05,,-168.70566701209964,11.5741380951981,11.25841471823584,,10.544506845553741
PNN.L,2024-07-08,,-167.1874538120863,11.4588769689389,11.157098181932243,,10.44961489696613
PNN.L,2024-07-09,,-169.16986324532488,11.6029533767629,11.289392419203777,,10.573520218048055
PNN.L,2024-07-10,,-173.92282035530056,11.891106192411,11.606576561442786,,10.870591381515062
PNN.L,2024-07-11,,-191.11518684767546,13.0437174550034,12.753893041008217,,11.945155321072077
PNN.L,2024-07-12,,-187.95244672083263,12.793985014775,12.54283054011754,,11.747476514492273
PNN.L,2024-07-15,,-183.2700648304617,12.4866220114171,12.230356169074827,,11.45481647069557
PNN.L,2024-07-16,,-174.889263744739,11.9199214739758,11.67107125609472,,10.930996400008263
PNN.L,2024-07-17,,-182.01357016274247,12.4097812605776,12.146505173960202,,11.376282555031569
PNN.L,2024-07-18,,-187.10317964277252,12.7747748270652,12.486155496885859,,11.694395295130116
PNN.L,2024-07-19,,-184.43913131503558,12.5922780438214,12.308372726251726,,11.527885916244264
PNN.L,2024-07-22,,-185.12332159875174,12.640303513096,12.354031524184771,,11.570649441963818
PNN.L,2024-07-23,,-181.8626762563406,12.4001761667226,12.136435410408051,,11.366851325736274
PNN.L,2024-07-24,,-179.68044177183728,12.2368895711887,11.99080603544925,,11.23045646201899
PNN.L,2024-07-25,,-172.3753249473421,11.7950552538617,11.503305904410771,,10.773869225041738
PNN.L,2024-07-26,,-174.2748933601951,11.9199214739758,11.630071823756142,,10.892596784629227
PNN.L,2024-07-29,,-174.85105879326508,11.9295265678308,11.668521684431829,,10.928608499355692
PNN.L,2024-07-30,,-172.1868703783635,11.7662399722968,11.49072956521197,,10.762090364687696
PNN.L,2024-07-31,,-174.4327987439905,11.9103163801209,11.640609491686876,,10.90246624799622
PNN.L,2024-08-01,,-176.04748778854736,12.0928131633647,11.748364253139629,,11.003388167130979
PNN.L,2024-08-02,,-175.24396582952556,12.1120233510745,11.694741967592895,,10.95316612689062
PNN.L,2024-08-05,,-165.49634940089635,11.5069024382136,11.044243912539883,,10.34391683503286
PNN.L,2024-08-06,,-167.21325713561552,11.6797941276024,11.158820142566745,,10.451227666272642
PNN.L,2024-08-07,,-168.2035212425051,11.737424690732,11.224904490492916,,10.513121536460503
PNN.L,2024-08-08,,-164.42790077544282,11.4204565935191,10.972941993976455,,10.277136245828293
PNN.L,2024-08-09,,-164.05990696425746,11.3820362180994,10.948384271562931,,10.254135754322059
PNN.L,2024-08-12,,-162.51596945773997,11.28598527955,10.845351047752091,,10.157635975180597
PNN.L,2024-08-13,,-165.97611328672502,11.5069024382136,11.07626050622723,,10.373903222970895
PNN.L,2024-08-14,,-167.60801119412977,11.6701890337475,11.185163685028368,,10.475900737106803
PNN.L,2024-08-15,,-165.52290258025587,11.4588769689389,11.04601591410099,,10.34557647211848
PNN.L,2024-08-16,,-164.8858800491641,11.3916413119543,11.00350481197315,,10.305761043515318
PNN.L,2024-08-19,,-168.76021369744848,11.6797941276024,11.262054840207082,,10.547916143577035
PNN.L,2024-08-20,,-168.052726334941,11.6413737521827,11.214841333535482,,10.503696494828855
PNN.L,2024-08-21,,-164.38965462215452,11.3532209365346,10.970389672749011,,10.274745769963985
PNN.L,2024-08-22,,-164.76320310922597,11.3436158426797,10.995318081256586,,10.298093441970693
PNN.L,2024-08-23,,-167.3652276749017,11.4972973443586,11.168961754206329,,10.460726187692854
PNN.L,2024-08-27,,-166.91394993471727,11.4204565935191,11.138846156775118,,10.43252025184673
PNN.L,2024-08-28,,-168.31610661287348,11.5069024382136,11.232417769763632,,10.520158390821024
PNN.L,2024-08-29,,-166.29303088576108,11.3436158426797,11.097409705448923,,10.39371132931194
PNN.L,2024-08-30,,-169.87168791590568,11.593348282908,11.336228031432002,,10.617385935035422
PNN.L,2024-09-02,,-169.94322158248497,11.6029533767629,11.341001763689688,,10.6218569599292
PNN.L,2024-09-03,,-170.7241858249281,11.6605839398926,11.393118681142775,,10.67066908904389
PNN.L,2024-09-04,,-169.26101717751396,11.5741380951981,11.2954754915152,,10.579217556371006
PNN.L,2024-09-05,,-177.96890035875498,12.1696539142042,11.876587921871979,,11.12348103868955
PNN.L,2024-09-06,,-177.69722223527623,12.1696539142042,11.858457736691118,,11.106500507545901
PNN.L,2024-09-09,,-178.77629027980498,12.2368895711887,11.930468332242901,,11.173944835788507
PNN.L,2024-09-10,,-175.74069822964233,12.0063673186702,11.727890939192612,,10.984213087471167
PNN.L,2024-09-11,,-172.57834883031117,11.8142654415715,11.516854513136575,,10.78655870229341
PNN.L,2024-09-12,,-168.71920874967728,11.5453228136333,11.259318413413085,,10.545353236473009
PNN.L,2024-09-13,,-171.76137940088168,11.7566348784419,11.462334823243905,,10.735496163056895
PNN.L,2024-09-16,,-171.1374669668288,11.6893992214574,11.420698611166202,,10.696500146809116
PNN.L,2024-09-17,,-173.36947773154222,11.8718960047011,11.569649759576064,,10.836006146842784
PNN.L,2024-09-18,,-170.45613491322433,11.6317686583277,11.37523055454327,,10.653915267293407
PNN.L,2024-09-19,,-172.83990046539097,11.7758450661518,11.53430891659622,,10.802906303742784
PNN.L,2024-09-20,,-170.05664098527905,11.5549279074883,11.348570701333369,,10.62894594330695
PNN.L,2024-09-23,,-171.14077079060783,11.5549279074883,11.4209190887525,,10.696706643680686
PNN.L,2024-09-24,,-168.66693428882957,11.4012464058093,11.255829926216313,,10.542085957904252
PNN.L,2024-09-25,,-170.11380375417903,11.5261126259234,11.35238540519078,,10.632518752796116
PNN.L,2024-09-26,,-169.33446976808932,11.439666781229,11.300377281368927,,10.583808518594521
PNN.L,2024-09-27,,-169.56799198965612,11.4780871566488,11.315961168163518,,10.598404214800288
PNN.L,2024-09-30,,-168.4080626515808,11.3725657456011,11.238687406490639,,10.525905862715787
PNN.L,2024-10-01,,-170.05618565042406,11.487828236266,11.34867465353687,,10.628917483791746
PNN.L,2024-10-02,,-166.18058147214904,11.2188824247146,11.090036776079469,,10.386682972573183
PNN.L,2024-10-03,,-161.63941855992732,11.0171730660511,10.7869829339484,,10.102849451964405
PNN.L,2024-10-04,,-162.63185980610575,11.0363834811619,10.853213355221023,,10.164879398554092
PNN.L,2024-10-07,,-159.85123484142233,10.87309495272,10.667648755280098,,9.991083701620456
PNN.L,2024-10-08,,-158.04163715206576,10.7386220469443,10.546885518401899,,9.877979526988609
PNN.L,2024-10-09,,-155.95848001077863,10.5849387260578,10.407866331547629,,9.747777233694627
PNN.L,2024-10-10,,-155.02350258100776,10.5273074807253,10.345470749650527,,9.68933891278185
PNN.L,2024-10-11,,-154.94803229218192,10.5177022731699,10.340434250974353,,9.68462183960195
PNN.L,2024-10-14,,-158.80619029406262,10.7578324620551,10.597907860404197,,9.925765923156304
PNN.L,2024-10-15,,-161.2340472986677,10.8923053678308,10.759930542173672,,10.07751278061811
PNN.L,2024-10-16,,-166.0350506152199,11.2573032549362,11.080324795647734,,10.37758694667016
PNN.L,2024-10-17,,-166.03909817238716,11.2092772171592,11.080594908782679,,10.377839928653598
PNN.L,2024-10-18,,-166.98254890997623,11.276513670047,11.143555955636671,,10.436807851528632
PNN.L,2024-10-21,,-165.0979662139948,11.1516459718267,11.017788605319051,,10.31901693501269
PNN.L,2024-10-22,,-168.06620764693443,11.3341449153795,11.215873762802373,,10.50453910900489
PNN.L,2024-10-23,,-168.35282739338126,11.3917761607119,11.23500128962099,,10.522453527245874
PNN.L,2024-10-24,,-161.07414740615184,10.9019105753862,10.749259646255679,,10.067518655695702
PNN.L,2024-10-25,,-160.56707733834952,10.8442793300537,10.715420399514779,,10.03582556621144
PNN.L,2024-10-28,,-160.2901109525071,10.8346741224983,10.696937088302862,,10.018514506048332
PNN.L,2024-10-29,,-157.6108044008482,10.6233595562794,10.518133957822375,,9.851051451749877
PNN.L,2024-10-30,,-156.00637546293274,10.5945439336132,10.411062627535381,,9.750770813768458
PNN.L,2024-10-31,,-152.87304055827946,10.4600710278375,10.201959981386542,,9.554929903758248
PNN.L,2024-11-01,,-154.60523457963598,10.5080970656145,10.317557695812457,,9.663196164397325
PNN.L,2024-11-04,,-152.1053998867712,10.354413744728,10.150731593554307,,9.506950529626947
PNN.L,2024-11-05,,-156.87099405051214,10.661780386501,10.468762822399286,,9.804811539115699
PNN.L,2024-11-06,,-155.8361162956408,10.5273074807253,10.399700406931718,,9.740129209447606
PNN.L,2024-11-07,,-156.17988099497887,10.5369126882807,10.422641493815638,,9.76161532363469
PNN.L,2024-11-08,,-158.07431226133164,10.6329647638348,10.549066087035207,,9.88002179930486
PNN.L,2024-11-11,,-160.38557258560473,10.7674376696105,10.703307706412303,,10.024481085959447
PNN.L,2024-11-12,,-151.51109847980393,10.2391512540631,10.111070976164731,,9.469805273245967
PNN.L,2024-11-13,,-150.56371030842803,10.1527043860645,10.047847165243498,,9.410591251361607
PNN.L,2024-11-14,,-157.70783281985842,10.6329647638348,10.52460913516025,,9.857115959520046
PNN.L,2024-11-15,,-160.9168640758144,10.9019105753862,10.738763366231542,,10.057688072154514
PNN.L,2024-11-18,,-159.7934646870117,10.8346741224983,10.663793472482899,,9.9874729290872
PNN.L,2024-11-19,,-161.06198979680548,10.9115157829416,10.748448309975732,,10.066758776094451
PNN.L,2024-11-20,,-163.15519938940292,11.0267782736065,10.888138345696559,,10.197589371587958
PNN.L,2024-11-21,,-167.1157814917657,11.276513670047,11.15244721247741,,10.445135205882586
PNN.L,2024-11-22,,-169.84360680244507,11.4494074060443,11.33448823523815,,10.615630798421694
PNN.L,2024-11-25,,-169.93433995555705,11.5070386513768,11.340543298927864,,10.621301837048035
PNN.L,2024-11-26,,-164.6808431366553,11.1420407642713,10.989951957818633,,10.292945747112826
PNN.L,2024-11-27,,-171.42020253889157,11.5646698967092,9.802274023778109,,9.385265625921006
PNN.L,2024-11-28,,-175.00178867780735,10.1320687178695,10.007078873226664,,9.581357666287225
PNN.L,2024-11-29,,-172.32681199065945,9.95865922881064,9.854116421273547,,9.43490254384427
PNN.L,2024-12-02,,-171.48666040311062,9.900856065791,9.806074265444279,,9.388904197684365
PNN.L,2024-12-03,,-169.92074357612412,9.81002252390302,9.716530876688278,,9.303170164287495
PNN.L,2024-12-04,,-171.33599035185287,9.86782568692264,9.797458541581305,,9.380655003995516
PNN.L,2024-12-05,,-175.28924649086036,10.1238111231524,10.023516493834283,,9.597095997544514
PNN.L,2024-12-06,,-174.36522848971381,10.0660079601328,9.970678628075284,,9.54650596057425
PNN.L,2024-12-09,,-175.2996531208545,10.0990383390012,10.024111573278601,,9.597665761115662
PNN.L,2024-12-10,,-173.40473649671304,9.95040163409355,9.915755080129351,,9.493918970520744
PNN.L,2024-12-11,,-171.38385806381714,9.8182801186201,9.800195747713456,,9.383275763888667
PNN.L,2024-12-12,,-177.9248750286313,10.2311598544746,10.17422891144595,,9.741396806619955
PNN.L,2024-12-13,,-177.88828366045283,10.3054782069284,10.172136517361247,,9.739393427176433
PNN.L,2024-12-16,,-176.20661462678743,10.1650990967379,10.075974102190044,,9.647321954024049
PNN.L,2024-12-17,,-171.9327930619099,9.87608328163973,9.831585345863848,,9.413329985574096
PNN.L,2024-12-18,,-168.72719589286302,9.66964341371248,9.648280569673767,,9.237823362226246
PNN.L,2024-12-19,,-168.14518573529492,9.70267379258084,9.614999643828323,,9.205958273719414
PNN.L,2024-12-20,,-166.140651851969,9.59532506125867,9.500374937269326,,9.09620993208562
PNN.L,2024-12-23,,-168.05005256296593,9.71093138729793,9.609559669950663,,9.200749727241693
PNN.L,2024-12-24,,-171.87747544464887,9.91737125522518,9.828422133857861,,9.410301342951472
PNN.L,2024-12-27,,-170.7419762049806,9.85131049748846,9.763491194936039,,9.348132696406443
PNN.L,2024-12-30,,-166.68339600198956,9.62009784540994,9.53141052586682,,9.125925204494669
PNN.L,2024-12-31,,-170.17191467632225,9.80176492918593,9.730893524232359,,9.316921795997178
PNN.L,2025-01-02,,-166.68748009030392,9.62009784540994,9.531644065159218,,9.126148808557097
PNN.L,2025-01-03,,-164.38467011305397,9.49623392465359,9.39996311923001,,9.000069834186451
PNN.L,2025-01-06,,-165.3609673197374,9.55403708767322,9.455790452337904,,9.0535221605684
PNN.L,2025-01-07,,-160.0107865601832,9.23199089370671,9.149852545923377,,8.760599466326946
PNN.L,2025-01-08,,-152.79768661812912,8.87691432087183,8.737387847213991,,8.365681843200617
PNN.L,2025-01-09,,-150.25021734365413,8.75305040011549,8.591716616368878,,8.226207758695345
PNN.L,2025-01-10,,-146.8467390392091,8.57964091105659,8.397096457950946,,8.039867132175385
PNN.L,2025-01-13,,-144.1138931179558,8.42274661143188,8.240824885591712,,7.89024366594562
PNN.L,2025-01-14,,-139.2458676072554,8.17832180780602,7.962457929399326,,7.623718998403488
PNN.L,2025-01-15,,-145.93002667513707,8.53835293747114,8.344676348415858,,7.989677079241395
PNN.L,2025-01-16,,-149.03281883825392,8.72827761596422,8.522102454389584,,8.159555122795046
PNN.L,2025-01-17,,-148.49699361659495,8.72827761596422,8.491462508958614,,8.130218662098725
PNN.L,2025-01-20,,-149.64877337496696,8.80259596841802,8.557324412278003,,8.19327866794855
PNN.L,2025-01-21,,-150.93302251557623,8.86865672615475,8.630761275638326,,8.263591379845762
PNN.L,2025-01-22,,-145.45175180939682,8.55486812690532,8.317327289067855,,7.963491503733423
PNN.L,2025-01-23,,-145.34131521907074,8.53009534275405,8.311012224072066,,7.95744509426896
PNN.L,2025-01-24,,-142.35927023210053,8.33191306954389,8.14049077047102,,7.794177965327074
PNN.L,2025-01-27,,-143.99317941604673,8.41448901671479,8.23392214736709,,7.883634584050224
PNN.L,2025-01-28,,-145.92556115586842,8.51358015331987,8.34442099786275,,7.9894325918129985
PNN.L,2025-01-29,,-157.0175910087562,9.14941494653581,8.97869347267952,,8.59672184336069
PNN.L,2025-01-30,,-164.86271810015975,9.60358265597576,9.427299205039738,,9.026242988076563
PNN.L,2025-01-31,,-163.9832975091629,9.54577949295613,9.377011540648798,,8.978094661793158
PNN.L,2025-02-03,,-168.80566719742515,12.2906240829215,12.152918959305943,,9.242119670516752
PNN.L,2025-02-04,,-164.44911312829717,11.9837552939377,11.839275173389547,,9.003598092856286
PNN.L,2025-02-05,,-166.94866476590008,12.1689347355658,12.019226765007957,,9.140448684076926
PNN.L,2025-02-06,,-163.86553779998428,11.989046135127,11.79726151478799,,8.9716473111641
PNN.L,2025-02-07,,-161.78005464900812,11.7985758523095,11.647120182772367,,8.857466992622863
PNN.L,2025-02-10,,-162.5620844090594,11.8726476289607,11.703421280096048,,8.900283165493684
PNN.L,2025-02-11,,-164.31779339768656,11.989046135127,11.829821000017509,,8.996408330299417
PNN.L,2025-02-12,,-165.04156013583065,12.0684087529677,11.881927535657823,,9.036034599479374
PNN.L,2025-02-13,,-171.166964753259,12.4916760481178,12.322917149007102,,9.371400843068807
PNN.L,2025-02-14,,-172.5180185869433,12.6027837130947,12.420184308475248,,9.445371115628538
PNN.L,2025-02-17,,-171.15371537801244,12.4546401597922,12.321963279470006,,9.370675439036933
PNN.L,2025-02-18,,-166.41991110655718,12.0789904353464,11.981159912880798,,9.111499391810835
PNN.L,2025-02-19,,-163.90613779005085,11.8938109937183,11.800184452134946,,8.973870162879013
PNN.L,2025-02-20,,-161.2699659111239,11.7139223932795,11.61039708457029,,8.829539605845053
PNN.L,2025-02-21,,-161.79636953083596,11.7403765992263,11.648294749005695,,8.858360233310611
PNN.L,2025-02-24,,-161.44999505785898,11.7297949168476,11.623358021646057,,8.839396211644672
PNN.L,2025-02-25,,-156.36458376207446,11.3753085571594,11.257241217758635,,8.560969660274983
PNN.L,2025-02-26,,-156.91271644563912,11.3753085571594,11.296703234602646,,8.590979955195362
PNN.L,2025-02-27,,-151.49494977788345,10.9573321031986,10.90665898818133,,8.294356928719752
PNN.L,2025-02-28,,-153.25904422187733,11.4123261870901,11.365602547706027,,8.390941197673337
PNN.L,2025-03-03,,-149.30470019869094,11.1289255367898,11.07235066992864,,8.17444064240502
PNN.L,2025-03-04,,-148.3948365416343,11.1234755242841,11.004875704576916,,8.12462555656115
PNN.L,2025-03-05,,-142.40906433559078,10.7583246863972,10.560974281464143,,7.796904195263447
PNN.L,2025-03-06,,-139.783211965593,10.5621242361894,10.366242580389866,,7.653138631917481
PNN.L,2025-03-07,,-141.29017935046298,10.6929245363279,10.47799841467516,,7.735645180078834
PNN.L,2025-03-10,,-141.86267319116394,10.7746747239145,10.520454228538897,,7.766989249707753
PNN.L,2025-03-11,,-145.75645337515513,11.0962254617552,10.80921472684467,,7.98017393141068
PNN.L,2025-03-12,,-148.6437713907057,11.27062586194,11.023336569768803,,8.138254753397232
PNN.L,2025-03-13,,-148.65954383218087,11.2488258119169,11.024506244954551,,8.139118295445494
PNN.L,2025-03-14,,-149.2055433842268,11.3305759995035,11.064997257614115,,8.169011801296545
PNN.L,2025-03-17,,-152.7595489738153,11.5921765997806,11.328560267475405,,8.363593805052657
PNN.L,2025-03-18,,-155.641770768166,11.8265271375289,11.54230417756732,,8.52139560864499
PNN.L,2025-03-19,,-156.9612963552783,11.8810272625866,11.640159435968428,,8.593639707950839
PNN.L,2025-03-20,,-160.98418982469602,12.1644279128868,11.938494901241013,,8.81389334921405
PNN.L,2025-03-21,,-158.95752461779892,12.0118275627252,11.788198575462614,,8.702933316383463
PNN.L,2025-03-24,,-158.09281530729288,11.9300773751386,11.724072230473299,,8.655590433525388
PNN.L,2025-03-25,,-161.12408485341945,12.1262778253464,11.94886943608784,,8.82155260981968
PNN.L,2025-03-26,,-162.93669423279238,12.2734281630023,12.083291504845947,,8.920793074184381
PNN.L,2025-03-27,,-161.7231571086805,12.1807779504042,11.993296289884443,,8.854351849124447
PNN.L,2025-03-28,,-163.33995712674027,12.3388283130716,12.113197249059093,,8.94287174006345
PNN.L,2025-03-31,,-161.5085040052076,12.208028012933,11.97737773922342,,8.842599579767137
PNN.L,2025-04-01,,-165.27755017586406,12.4641786007044,12.256888034861337,,9.048955067300444
PNN.L,2025-04-02,,-165.93051611406753,12.5023286882448,12.305311613179308,,9.084704988744669
PNN.L,2025-04-03,,-169.2975685878771,12.8947295886605,12.555010287530854,,9.269051299010798
PNN.L,2025-04-04,,-163.31885709950575,12.5295787507737,12.111632483178504,,8.941716512398466
PNN.L,2025-04-07,,-151.4700774022465,11.7229768999192,11.232933797576523,,8.292995164769863
PNN.L,2025-04-08,,-157.21856172807944,12.1807779504042,11.659238088007513,,8.60772500142459
PNN.L,2025-04-09,,-152.59510460853267,11.7720270124711,11.316365167952895,,8.354590466904614
PNN.L,2025-04-10,,-161.6529971378944,12.6004289133487,11.988093266814877,,8.850510586820576
PNN.L,2025-04-11,,-159.12166965304866,12.4750786257159,11.800371476842132,,8.71192026619555
PNN.L,2025-04-14,,-166.21597908405366,12.9110796261778,12.32648138280311,,9.100334102233065
PNN.L,2025-04-15,,-170.92570441585454,13.1563301889376,12.675751903847335,,9.35819182617346
PNN.L,2025-04-16,,-172.38451673198188,13.3961307391917,12.78393658593891,,9.43806188164206
PNN.L,2025-04-17,,-172.7496554294592,13.3579806516513,12.8110150616751,,9.458053245643336
PNN.L,2025-04-22,,-175.0287487629257,13.5378310643418,12.980031312094928,,9.58283373244737
PNN.L,2025-04-23,,-171.47218585044166,13.2108303139954,12.716278652638934,,9.388111715120452
PNN.L,2025-04-24,,-171.1647261715717,13.1890302639723,12.693477619739145,,9.371278280596885
PNN.L,2025-04-25,,-170.1879241280714,13.1127300888915,12.621038542159303,,9.317798314371124
PNN.L,2025-04-28,,-173.0609341785231,13.2762304640647,12.83409931462326,,9.475095774472495
PNN.L,2025-04-29,,-175.31530647390866,13.4397308392379,13.00128226708126,,9.59852278306625
PNN.L,2025-04-30,,-177.93167624252177,13.652281326963,13.195310743892344,,9.741769173458843
PNN.L,2025-05-01,,-178.40005563676303,13.6931564207563,13.230045490304892,,9.767412971351712
PNN.L,2025-05-02,,-177.13157387548364,13.6086812269169,13.135975612661397,,9.697963524350026
PNN.L,2025-05-06,,-179.97559014265428,13.8157817021363,13.346886222837691,,9.853673573203695
PNN.L,2025-05-07,,-184.17206387441433,14.1291574212182,13.658094300502746,,10.083430743487241
PNN.L,2025-05-08,,-180.21944336530112,13.7885316396074,13.364970237537456,,9.867024550710317
PNN.L,2025-05-09,,-179.79446293909746,13.7204064832852,13.33345393362662,,9.843756848731996
PNN.L,2025-05-12,,-175.5205615738558,13.3361806016282,13.016503867207591,,9.609760511207666
PNN.L,2025-05-13,,-171.79218821723006,13.0364299138106,12.740009844058713,,9.405631862505361
PNN.L,2025-05-14,,-172.00930069438246,13.0854800263626,12.756110780456881,,9.41751878270845
PNN.L,2025-05-15,,-175.60163854379365,13.3361806016282,13.022516488653647,,9.614199479822458
PNN.L,2025-05-16,,-177.94612994544767,13.5105810018129,13.196382622185915,,9.742560514498162
PNN.L,2025-05-19,,-179.11875426729242,13.6086812269169,13.28334376726892,,9.8067617613578
PNN.L,2025-05-20,,-180.61338610596184,13.7340315145496,13.394184804544823,,9.88859293767839
PNN.L,2025-05-21,,-184.11954627506995,14.0337822023672,13.654199625549381,,10.080555402001334
PNN.L,2025-05-22,,-183.81411917499761,13.9520320147806,13.631549327523938,,10.06383325128002
PNN.L,2025-05-23,,-184.82000168796068,14.0065321398383,13.70614499598883,,10.118905374826749
PNN.L,2025-05-27,,-183.69552157541793,13.9111569209873,13.622754197769721,,10.057340026104887
PNN.L,2025-05-28,,-181.15705903319162,13.7067814520208,13.434503276046591,,9.918359060691317
PNN.L,2025-05-29,,-181.35356304382162,13.8021566708718,13.44907590042369,,9.929117666205759
PNN.L,2025-05-30,,-182.25315138104244,13.870281827194,13.515788853967907,,9.97837017771695
PNN.L,2025-06-02,,-181.67868196082517,13.856691204821,13.473219988920784,,9.946917944999605
PNN.L,2025-06-03,,-30.34782608695654,13.3144136139146,22.10709422182838,,16.744839082662967
PNN.L,2025-06-04,,-29.97965241499524,13.1672629108545,21.838895437746572,,16.541694090537327
PNN.L,2025-06-05,,-29.761712860829366,13.0909625463049,21.680135787391343,,16.421442881973054
PNN.L,2025-06-06,,-29.45384825572441,12.9438118432448,21.455869580872324,,16.25157426413668
PNN.L,2025-06-09,,-30.00147389015067,13.1890630150116,21.854791449735696,,16.553734395796
PNN.L,2025-06-10,,-30.493498278136656,13.4615643169746,22.213210186994672,,16.82521575917155
PNN.L,2025-06-11,,-30.54694871799554,13.510614551328,22.25214654793121,,16.85470778972985
PNN.L,2025-06-12,,-30.40188551585935,13.4942644732102,22.14647420525475,,16.774667131475574
PNN.L,2025-06-13,,-29.818234789942274,13.2435632754042,21.721309596972272,,16.45262964984649
PNN.L,2025-06-16,,-29.547448401979924,13.1236627025404,21.524053286898507,,16.303219458842598
PNN.L,2025-06-17,,-29.405338891150897,13.1127626504619,21.42053258209705,,16.224808541232566
PNN.L,2025-06-18,,-29.5140848138436,13.1672629108545,21.49974933891898,,16.284810630712297
PNN.L,2025-06-19,,-29.874894054040247,13.2980635357968,21.762583449219974,,16.48389219422592
PNN.L,2025-06-20,,-29.288678362766834,13.0855125202656,21.33555037330338,,16.160439456953107
PNN.L,2025-06-23,,-30.00624693301832,13.3961640045035,21.858268407462297,,16.55636798920478
PNN.L,2025-06-24,,-30.237227066578598,13.4452142388568,22.026527562545002,,16.683814520520613
PNN.L,2025-06-25,,-30.115866232544178,13.4016140305428,21.938121381978704,,16.616851976613145
PNN.L,2025-06-26,,-30.410633120797538,13.5160645773672,22.1528464615749,,16.779493745303824
PNN.L,2025-06-27,,-30.758366689854036,25.3905929695188,22.406155504311485,,16.97136062370253
PNN.L,2025-06-30,,-30.534276661933614,25.3148765145455,22.242916392124748,,16.84771580490051
PNN.L,2025-07-01,,-31.02887935284393,25.7439422181818,22.60321332737051,,17.120619783110172
PNN.L,2025-07-02,,-29.6174880500097,24.7545671839145,21.575075045494923,,16.34186481789746
PNN.L,2025-07-03,,-30.000988607059895,24.9564804562139,21.854438821530742,,16.553466634037996
PNN.L,2025-07-04,,-29.72686520829311,24.7747585111444,21.65475163367292,,16.402215200475993
PNN.L,2025-07-07,,-29.450948545309483,24.4920799299252,21.453758129425633,,16.249974308207538
PNN.L,2025-07-08,,-29.07509351906853,24.2396883395508,21.179963796034425,,16.042591021023096
PNN.L,2025-07-09,,-29.926068469331895,24.936289128984,21.79986270112613,,16.512128396277184
PNN.L,2025-07-10,,-29.76372378619893,24.7848541747594,21.681601533402645,,16.42255243827617
PNN.L,2025-07-11,,-29.20704279393321,24.4315059482353,21.27608320705936,,16.11539588580492
PNN.L,2025-07-14,,-29.320407597750346,24.6031322296899,21.35866462469147,,16.177946507787407
PNN.L,2025-07-15,,-29.304513950833968,24.542558248,21.347086781749866,,16.169176964977694
PNN.L,2025-07-16,,-29.477018164132605,24.6838975386097,21.472748733273182,,16.264358586372595
PNN.L,2025-07-17,,-29.853222520364348,24.926193465369,21.74679753864239,,16.47193462128354
PNN.L,2025-07-18,,-31.089190298127882,26.046812126631,22.64714727505603,,17.153897193848238
PNN.L,2025-07-21,,-31.699538581782264,26.5515953073797,23.09175993098069,,17.490665427753623
PNN.L,2025-07-22,,-32.41843486795117,27.207813442353,23.615445170520047,,17.887326545901924
PNN.L,2025-07-23,,-32.10409732431296,26.8797043748663,23.386463695718394,,17.71388639335921
PNN.L,2025-07-24,,-29.835508705497258,25.0776284195936,21.733893781090213,,16.462160775254514
PNN.L,2025-07-25,,-29.89688591318129,25.2391590374332,21.778604455392877,,16.496026511240593
PNN.L,2025-07-28,,-29.78575758261581,24.9665761198289,21.697652213002137,,16.434709894771522
PNN.L,2025-07-29,,-29.518449922572003,24.6637062113797,21.50292999969541,,16.28721914073295
PNN.L,2025-07-30,,-29.81263715893483,24.8151411656043,21.717232836291075,,16.449541078355566
PNN.L,2025-07-31,,-30.12713661537718,25.1583937285134,21.946332257655097,,16.623070568560976
PNN.L,2025-08-01,,-29.863592663634318,25.1684893921284,21.754351745093075,,16.477656493414422
PNN.L,2025-08-04,,-30.415005194904104,25.5925072639572,22.156032222623182,,16.781906098569664
PNN.L,2025-08-05,,-30.411170726156325,25.5672681049198,22.153238975915354,,16.77979037660773
PNN.L,2025-08-06,,-30.34675829974666,25.5925072639572,22.106317274408923,,16.744249916079742
PNN.L,2025-08-07,,-30.068874636170538,25.2088720465883,21.903890894242956,,16.59092370362056
PNN.L,2025-08-08,,-29.984637644892754,25.0675327559786,21.84252784396143,,16.544444761118633
PNN.L,2025-08-11,,-29.96614543504989,25.0372457651337,21.829057058915748,,16.534241424734194
PNN.L,2025-08-12,,-28.887927055357174,24.1387317034011,21.043621021328025,,15.93931929712638
PNN.L,2025-08-13,,-29.10351161456764,24.2396883395508,21.200665164834078,,16.058271104163314
PNN.L,2025-08-14,,-29.250829846480972,24.3204536484706,21.30798020464201,,16.139556006754454
PNN.L,2025-08-15,,-28.803222970965,24.0175837400214,20.98191771366274,,15.89258262944128
PNN.L,2025-08-18,,-28.668952806314135,23.9166271038717,20.884107633556592,,15.818497181138026
PNN.L,2025-08-19,,-28.593089797598957,23.8459574585669,20.828844671908946,,15.776638701073509
PNN.L,2025-08-20,,-29.561256947374314,24.7242801930695,21.534113088923835,,16.310838517615775
PNN.L,2025-08-21,,-29.516479187775303,24.6738018749947,21.50149440356858,,16.28613176014263
PNN.L,2025-08-22,,-29.710526049206354,24.8656194836792,21.642849254143552,,16.39319984007193
PNN.L,2025-08-26,,-29.211110220278478,24.3709319665455,21.27904615342712,,16.11764014539165
PNN.L,2025-08-27,,-29.211890506519158,24.3305493120856,21.2796145586265,,16.118070679279025
PNN.L,2025-08-28,,-28.793542850351482,24.0478707308663,20.97486615924553,,15.887241486998008
PNN.L,2025-08-29,,-28.599973237723834,23.9065314402567,20.833858964039845,,15.780436735795861
PNN.L,2025-09-01,,-28.16413587225661,23.5229231860962,20.516393575407516,,15.53995735087883
PNN.L,2025-09-02,,-26.815484334178922,22.5133556673797,19.533957406345568,,14.795819931645267
PNN.L,2025-09-03,,-26.91671762382813,22.5537383681283,19.607701618587566,,14.85167682037685
PNN.L,2025-09-04,,-27.669431330067003,23.1796702297326,20.156022032778296,,15.266997174795975
PNN.L,2025-09-05,,-28.03208383343548,23.4926361605348,20.420199194966525,,15.467095784641376
PNN.L,2025-09-08,,-27.676504247905346,23.2200529304813,20.1611743572365,,15.270899756506726
PNN.L,2025-09-09,,-27.86614633960217,23.3008183319786,20.29932067954384,,15.375537442898628
PNN.L,2025-09-10,,-27.871428179428765,23.2705313064171,20.303168278674015,,15.378451772172273
PNN.L,2025-09-11,,-28.094493381329677,23.4623491349733,20.46566193713151,,15.501531128830967
PNN.L,2025-09-12,,-28.351149776940936,23.7046453394652,20.65262537353474,,15.643144898190673
PNN.L,2025-09-15,,-28.45398136824066,23.7753150657754,20.7275338815984,,15.699883672295755
PNN.L,2025-09-16,,-27.704536447548726,23.2705313064171,20.181594640794145,,15.28636691619113
PNN.L,2025-09-17,,-28.11216913130334,23.5431145364706,20.478537980793707,,15.511283972020665
PNN.L,2025-09-18,,-27.76250772332866,23.3210096823529,20.223824287581984,,15.31835338143481
PNN.L,2025-09-19,,-27.417508299550573,23.0989048282353,19.972506654631243,,15.127995106076876
PNN.L,2025-09-22,,-27.23228139880658,22.9777567259893,19.837576614041506,,15.025793563276038
PNN.L,2025-09-23,,-27.3777416196084,23.1090005034225,19.94353829357153,,15.106053282152637
PNN.L,2025-09-24,,-27.341051047476554,23.0585221274866,19.91681074823597,,15.08580874389681
PNN.L,2025-09-25,,-27.10577455723188,22.896991324492,19.745421677582588,,14.955991637465779
PNN.L,2025-09-26,,-27.203807338401354,22.9474697004278,19.816834453422356,,15.010082600713204
PNN.L,2025-09-29,,-27.512095864041132,23.2099572552941,20.041409734392914,,15.180185122655894
PNN.L,2025-09-30,,-27.990973390509748,23.6037181439145,20.390277491330163,,15.44441252062649
PNN.L,2025-10-01,,-28.207685338151226,23.7147707100321,20.548143267787836,,15.563986380057122
PNN.L,2025-10-02,,-28.443383751612917,23.9570672179252,20.719839906832902,,15.694036288546327
PNN.L,2025-10-03,,-28.672674964342118,24.1286939110161,20.886869162609262,,15.820550934083633
PNN.L,2025-10-06,,-28.62693905432214,24.0176413448984,20.853552425687834,,15.795315503664686
PNN.L,2025-10-07,,-28.8000122009738,24.1589809745027,20.979629123246365,,15.890811042024112
PNN.L,2025-10-08,,-28.736753163888068,24.0782154718717,20.9335475060758,,15.855906980247505
PNN.L,2025-10-09,,-29.14053974374113,24.4719472971979,21.227689488764796,,16.078701894255676
PNN.L,2025-10-10,,-29.474820385622166,24.7647222442353,21.471199242885927,,16.263145931225857
PNN.L,2025-10-13,,-30.026359208818267,25.1685497573904,21.87297268231996,,16.567465219724397
PNN.L,2025-10-14,,-29.89496881346904,25.1685497573904,21.777260161590842,,16.494968724561076
PNN.L,2025-10-15,,-30.845771787823047,25.8954392810696,22.46988117966638,,17.019587613546936
PNN.L,2025-10-16,,-30.74405811875161,25.8449608419252,22.39578693835179,,16.963465668725313
PNN.L,2025-10-17,,-30.5546844633734,25.6178078657754,22.257835987920803,,16.858976095840656
PNN.L,2025-10-20,,-30.477433889980638,25.567329426631,22.201562109700582,,16.8163520074859
PNN.L,2025-10-21,,-31.133393035499683,26.0973530376471,22.67940147646739,,17.178286674735045
PNN.L,2025-10-22,,-31.767163508115118,26.6778550878075,23.14107730396198,,17.52797843021304
PNN.L,2025-10-23,,-31.823788307169714,26.8040511856685,23.182326150492095,,17.559221958020945
PNN.L,2025-10-24,,-31.856158640840086,26.8797688443851,23.205906612550976,,17.577082744055815
PNN.L,2025-10-27,,-31.808982625671046,26.8292904052407,23.171540818021,,17.551052715403898
PNN.L,2025-10-28,,-31.81346585909889,26.9807257226738,23.174806669921754,,17.553526402385764
PNN.L,2025-10-29,,-31.589403567891807,26.8292904052407,23.011586469276438,,17.429896887704714
PNN.L,2025-10-30,,-31.192950119881335,26.5011805508022,22.72278637274004,,17.21114813213716
PNN.L,2025-10-31,,-30.89184582381269,26.1731406800001,22.503504399003155,,17.04500960971644
PNN.L,2025-11-03,,-30.040224718025197,25.4412013552942,21.883131650489755,,16.575115709080833
PNN.L,2025-11-04,,-30.273659156617672,25.7945513741177,22.053179531270473,,16.703916437653042
PNN.L,2025-11-05,,-30.67829286672409,26.0974228188236,22.347939401797362,,16.927178767670974
PNN.L,2025-11-06,,-30.88146406064493,26.2236192541177,22.495941689592875,,17.039281326143826
PNN.L,2025-11-07,,-30.555857655873,25.9459870964706,22.25875012765385,,16.859623421272225
PNN.L,2025-11-10,,-30.37833228224202,25.7440728,22.129429819336124,,16.76167130417419
PNN.L,2025-11-11,,-30.588833864987222,26.0217049576471,22.282772009385926,,16.87781850758884
PNN.L,2025-11-12,,-30.15569348583492,25.7188335129412,21.967246142682086,,16.638827222732818
PNN.L,2025-11-13,,-29.92280248947768,25.4916799294118,21.7975941383666,,16.510326346043033
PNN.L,2025-11-14,,-29.524642500368177,25.1686170550589,21.5075501210057,,16.290635982466746
PNN.L,2025-11-17,,-29.71394247546681,25.2897656329412,21.64544776709198,,16.395084901222774
PNN.L,2025-11-18,,-29.80182743106654,25.3654834941177,21.709468528305884,,16.44357665925143
PNN.L,2025-11-19,,-28.96621585150964,24.7244056028236,21.100758095019916,,15.982516239463937
PNN.L,2025-11-20,,-29.17405361335938,24.8556498955295,21.25215979547961,,16.097193642303363
PNN.L,2025-11-21,,-30.0466190423724,25.5169192164706,21.887789666294168,,16.578643867306383
PNN.L,2025-11-24,,-30.371187476468428,25.7945513741177,22.12422510709346,,16.757729057285964
PNN.L,2025-11-25,,-30.804037661934764,26.1479013929412,22.43953957901935,,16.99656022370186
PNN.L,2025-11-26,,-31.536866511719087,26.6779264211765,22.973376803861584,,17.400908829417826
PNN.L,2025-11-27,,-32.93393267603643,27.8641729129412,12.461042975543533,,11.952686880364928
PNN.L,2025-11-28,126.374885426215,-32.89626192814081,13.7648878583818,12.446789688119123,,11.93901506477659
PNN.L,2025-12-01,125.687442713107,-32.60873970275577,13.690010861872,12.33800138026077,,11.834664844443697
PNN.L,2025-12-02,124.656278643446,-32.31204551168107,13.5776953671074,12.225742722846757,,11.726985849650603
PNN.L,2025-12-03,123.510540788268,-32.224351903441885,13.4529003729244,12.192562542644836,,11.695159275794301
PNN.L,2025-12-04,123.968835930339,-32.35337444038857,13.5028183705976,12.241380137358494,,11.741985325990125
PNN.L,2025-12-05,123.739688359304,-32.306104474455935,13.477859371761,12.223494843101886,,11.724829673575455
PNN.L,2025-12-08,122.479376718607,-31.964469135349596,13.3405848781597,12.094232034300866,,11.60084022245908
PNN.L,2025-12-09,120.646196150321,-31.46622594052966,13.140912887467,11.90571431538778,,11.42001320260279
PNN.L,2025-12-10,119.271310724106,-31.12422287847338,12.9911588944474,11.776312373142584,,11.295890294078745
PNN.L,2025-12-11,119.271310724106,-31.01652108139282,12.9911588944474,11.735561797280146,,11.256802163620119
PNN.L,2025-12-12,118.469294225481,-30.7613050154797,12.9038023985193,11.638997005073973,,11.164176792920987
PNN.L,2025-12-15,117.896425297892,-30.592739860823194,12.8414049014278,11.5752178731672,,11.10299957086346
PNN.L,2025-12-16,117.896425297892,-30.71581860095985,12.8414049014278,11.621786544006039,,11.147668443450113
PNN.L,2025-12-17,120.302474793767,-31.256582485385753,13.1034743892121,11.826392597881767,,11.343927464513083
PNN.L,2025-12-18,119.61503208066,-31.132427874971953,13.0285973927023,11.779416855531263,,11.298868127153423
PNN.L,2025-12-19,119.958753437214,-31.249965316613952,13.0660358909572,11.823888893715853,,11.341525900535228
PNN.L,2025-12-22,119.61503208066,-31.224233468055782,13.0285973927023,11.814152866321908,,11.33218706050983
PNN.L,2025-12-23,119.156736938588,-31.13948440377739,12.9786793950291,11.782086798096815,,11.30142914773069
PNN.L,2025-12-24,119.61503208066,-31.269105895815933,13.0285973927023,11.831131016372709,,11.34847257623778
PNN.L,2025-12-29,121.104491292392,-31.68862512120045,13.1908308851402,11.989862351254763,,11.500728366356734
PNN.L,2025-12-30,122.021081576535,-31.899587562884992,13.2906668804865,12.069683126924515,,11.577292803218153
PNN.L,2025-12-31,120.875343721357,-31.61921015138444,13.1658718863036,11.963598165603699,,11.47553564469843
RBREW.CO,2024-01-02,21.6432546230222,21.687660060606692,17.0498417483045,17.028647064511695,16.921476124253797,16.90822267469418
RBREW.CO,2024-01-03,21.5520139223705,21.601162320284804,16.9779653353429,16.960731047398514,16.85398754118082,16.840786950870896
RBREW.CO,2024-01-04,21.6768696179992,21.729747634460974,17.0763225320272,17.061693250175004,16.954314331516027,16.94103516200619
RBREW.CO,2024-01-05,21.4895860745561,21.538191535006323,16.9287867370008,16.91128784905971,16.80485551694964,16.791693408436466
RBREW.CO,2024-01-08,21.4511689374396,21.502461827605252,16.8985229841749,16.88323371249768,16.77697794099058,16.763837667100113
RBREW.CO,2024-01-09,21.6576610494409,21.706212285895308,17.0611906556142,17.04321384100201,16.935951223752582,16.922686436825018
RBREW.CO,2024-01-10,21.4463667953,21.49695778360611,16.8947400150716,16.878912064960467,16.772683492033984,16.759546581695385
RBREW.CO,2024-01-11,21.5183989273935,21.57192441378945,16.9514845516202,16.937774122159837,16.83117509690137,16.817992374038546
RBREW.CO,2024-01-12,21.8209338821862,21.873432158625693,17.1898116051244,17.174511002011567,17.06642205721274,17.053055081291877
RBREW.CO,2024-01-15,21.5328053538122,21.58174688346783,16.96283345893,16.945486497261065,16.838838933649058,16.825650208220445
RBREW.CO,2024-01-16,21.4223560846022,21.472000328350628,16.8758251695554,16.85931605063772,16.753210806550737,16.74008914785171
RBREW.CO,2024-01-17,20.6300026315739,20.67600294776229,16.2516352675208,16.234317391472317,16.132145618653404,16.11951039837621
RBREW.CO,2024-01-18,20.3130612503626,20.365778110188884,16.0019593067069,15.990736052825321,15.890097275610444,15.8776516354551
RBREW.CO,2024-01-19,20.4475212302704,20.49471205756961,16.1078824415976,16.09197199429826,15.99069608184919,15.978171649442245
RBREW.CO,2024-01-22,20.4475212302704,20.493712748168917,16.1078824415976,16.09118735976215,15.989916385463443,15.977392563740025
RBREW.CO,2024-01-23,20.9325375863665,20.991248375723455,16.4899623210249,16.481840781107238,16.378111203120238,16.365283334610513
RBREW.CO,2024-01-24,20.860505454273,20.915665794658178,16.4332177844763,16.42249509357855,16.319139011683657,16.306357332109158
RBREW.CO,2024-01-25,21.0621954241348,21.11821049681559,16.5921024868124,16.581528490366754,16.477171521049485,16.46426606528216
RBREW.CO,2024-01-26,21.5952332016266,21.657391503813322,17.0120120572721,17.004880896591896,16.897859530316815,16.884624578040427
RBREW.CO,2024-01-29,21.8785595878609,21.93570478310056,17.2352072343633,17.223406020699606,17.115009351798758,17.10160432073109
RBREW.CO,2024-01-30,21.7633081765114,21.832305081749325,17.1444159758855,17.142218976271334,17.0343332635172,17.020991420581517
RBREW.CO,2024-01-31,21.7537038922323,21.817197043290978,17.136850037679,17.130356495301736,17.02254543987266,17.009212829543216
RBREW.CO,2024-02-01,21.4943882166957,21.551639441360862,16.932569706104,16.921846832851795,16.815348047064166,16.8021777204607
RBREW.CO,2024-02-02,21.4895860745561,21.557978772340686,16.9287867370008,16.926824328329843,16.820294216338265,16.807120015734416
RBREW.CO,2024-02-05,21.5616182066496,21.61322053315197,16.9855312735494,16.970198876134805,16.863395783497545,16.850187824346744
RBREW.CO,2024-02-06,21.6096396280453,21.652455146594356,17.0233609645818,17.001004983532088,16.89400801057757,16.880776074936502
RBREW.CO,2024-02-07,21.7537038922323,21.80636481563544,17.136850037679,17.121851281684705,17.014093754391908,17.00076776369697
RBREW.CO,2024-02-08,21.7440996079531,21.80554396665275,17.1292840994725,17.121206770124644,17.013453299108885,17.00012781003932
RBREW.CO,2024-02-09,21.7152867551157,21.77609765880145,17.1065862848531,17.09808621298053,16.990478252752535,16.977170758485304
RBREW.CO,2024-02-12,22.2051052533514,22.269798040907233,17.4924491333836,17.485728288658656,17.375680676849562,17.362071479535828
RBREW.CO,2024-02-13,22.4596187867484,22.519925276339325,17.6929464958554,17.682122385647087,17.570838754325965,17.55707670286895
RBREW.CO,2024-02-14,21.8257360243257,21.886985316171018,17.1935945742276,17.185152626594572,17.076996708012807,17.063621449682067
RBREW.CO,2024-02-15,22.0754474155831,22.13624282388854,17.3903089675961,17.380863833577724,17.27147619329828,17.257948612319698
RBREW.CO,2024-02-16,22.0946559841414,22.157945930498983,17.4054408440091,17.39790460891446,17.288409721364673,17.27486887749706
RBREW.CO,2024-02-19,22.2243138219097,22.288176515513896,17.5075810097966,17.50015864014821,17.390020209947547,17.37639978144587
RBREW.CO,2024-02-20,22.4260037917714,22.49593158239669,17.6664657121327,17.66328309432742,17.55211802935848,17.538370640581142
RBREW.CO,2024-02-21,22.762153741541,22.826368066518096,17.9312735493595,17.92273414850367,17.80993621080439,17.795986890455705
RBREW.CO,2024-02-22,22.5220466345627,22.58197375385715,17.7421250941975,17.730841409349413,17.619251161562616,17.60545119193625
RBREW.CO,2024-02-23,22.4788273553067,22.547164309808696,17.7080783722683,17.70350984220221,17.59209160747894,17.578312910097235
RBREW.CO,2024-02-26,22.4692230710275,22.534650850384228,17.7005124340618,17.693684564440588,17.58232816576641,17.568557115429282
RBREW.CO,2024-02-27,22.6132873352145,22.67430869077836,17.814001507159,17.80334065768518,17.69129413098304,17.677437734963707
RBREW.CO,2024-02-28,22.3827845125153,21.28728146594968,17.6324189902035,13.167732363923115,13.086473971193728,13.08214863751815
RBREW.CO,2024-02-29,20.3337441573421,20.442700470330493,12.6446370287001,12.645297569806345,12.567263134741237,12.563109410325769
RBREW.CO,2024-03-01,19.3979194709229,19.50049187572457,12.062689926843,12.062473002723667,11.98803519206249,11.984072913725761
RBREW.CO,2024-03-04,19.1435205270419,19.24494282178489,11.9044907146877,11.90439732013762,11.830934998310923,11.82702464463778
RBREW.CO,2024-03-05,19.0890064676389,19.189662924180844,11.8705908835116,11.870202681525862,11.796951375635443,11.793052254209266
RBREW.CO,2024-03-06,19.5705473256992,19.671574508324714,12.1700393922341,12.168300058273143,12.093209186310007,12.089212145926593
RBREW.CO,2024-03-07,19.7204609890577,19.82442937615999,12.2632639279685,12.262851915136476,12.187177561393328,12.183149462637884
RBREW.CO,2024-03-08,19.5251189428634,19.628025308261464,12.1417895329207,12.141361709568848,12.066437074802693,12.062448883121819
RBREW.CO,2024-03-11,19.6432327382367,19.73708343477926,12.2152391671356,12.208822095452073,12.133481161024092,12.129470809971295
RBREW.CO,2024-03-12,19.7931464015951,19.893448097966587,12.30846370287,12.30554501609928,12.229607202204527,12.22556507962917
RBREW.CO,2024-03-13,19.8840031672668,19.980909259838374,12.3649634214969,12.359646108040364,12.283374435007659,12.279314541318158
RBREW.CO,2024-03-14,19.5932615171172,19.690269075044608,12.1841643218909,12.17986400793111,12.104701774556842,12.100700935649925
RBREW.CO,2024-03-15,19.7250038273412,19.819690549467293,12.2660889138999,12.259920606048997,12.184264341484662,12.180237205604946
RBREW.CO,2024-03-18,19.9476029032371,20.043839343560524,12.4045132245358,12.398572943363058,12.32206105189447,12.317988371527123
RBREW.CO,2024-03-19,19.8067749164458,19.897988178306548,12.3169386606641,12.30835338610756,12.232398241694048,12.228355196625962
RBREW.CO,2024-03-20,19.7976892398787,19.894885885821083,12.3112886888014,12.30643439249499,12.23049109023711,12.2264486755196
RBREW.CO,2024-03-21,19.7931464015951,19.88294118584309,12.30846370287,12.299045726510084,12.223148019887532,12.219108032197314
RBREW.CO,2024-03-22,20.0838880517447,20.18019024433364,12.4892628024761,12.482915895835976,12.405883521981616,12.401783136660786
RBREW.CO,2024-03-25,20.1384021111478,20.23068264105587,12.5231626336523,12.51414911683299,12.436924002021568,12.432813357219542
RBREW.CO,2024-03-26,20.3882582167452,20.47782632448377,12.6785368598762,12.667025466216419,12.588856947780638,12.584696086190792
RBREW.CO,2024-03-27,20.7471424411487,20.847171119447072,12.9017107484525,12.895492093947361,12.815913702463684,12.811677794208904
RBREW.CO,2024-04-02,20.9061417810743,21.002770509217473,13.0005852560495,12.99174163730798,12.911569287580134,12.907301763297653
RBREW.CO,2024-04-03,20.7153425731636,20.807837658189953,12.8819358469331,12.871161486414945,12.791733239694796,12.78750532355234
RBREW.CO,2024-04-04,20.7971136622681,20.893009310483546,12.9327855936973,12.923846350106391,12.844092983826828,12.839847761772553
RBREW.CO,2024-04-05,20.2156303619688,20.30913989149392,12.5711873944851,12.562680634463822,12.485156030491304,12.481029444067612
RBREW.CO,2024-04-08,20.2701444213719,20.361414576200346,12.6050872256613,12.595016330251196,12.517292181923192,12.513154973877642
RBREW.CO,2024-04-09,20.3973438933124,20.48997527979092,12.6841868317389,12.674540478983145,12.596325585223068,12.59216225510357
RBREW.CO,2024-04-10,19.8976316821176,19.98348837546188,12.373438379291,12.36124147869965,12.284959960596245,12.28089954285976
RBREW.CO,2024-04-11,20.070259536894,20.16102315127409,12.4807878446821,12.471059654257786,12.394100445555042,12.390003954769698
RBREW.CO,2024-04-12,19.9248887118191,20.010265345331526,12.390388294879,12.37780498274894,12.301421250864195,12.297355392351738
RBREW.CO,2024-04-15,19.7976892398787,19.884510391160838,12.3112886888014,12.300016394168196,12.224112697532208,12.220072390997302
RBREW.CO,2024-04-16,19.3706624412213,19.452443837508245,12.0457400112549,12.032751795304334,11.958497394928054,11.954544879406651
RBREW.CO,2024-04-17,19.7159181507741,19.799774144903743,12.2604389420372,12.247600860788731,12.172020621668324,12.167997532575678
RBREW.CO,2024-04-18,20.0066598009237,20.0906232859131,12.4412380416432,12.774742659424204,12.655838573029714,12.649349845494209
RBREW.CO,2024-04-19,23.6227590746602,23.72346793002406,15.1064814814815,15.084708596753995,14.944303929353493,14.93664189132687
RBREW.CO,2024-04-22,24.3723273914523,24.476581376845274,15.5858217592593,15.563580274331022,15.418718389995453,15.410813116709765
RBREW.CO,2024-04-23,23.8499009888396,23.959850273255046,15.2517361111111,15.23501371974765,15.093210050127928,15.085471667002517
RBREW.CO,2024-04-24,24.0316145201831,24.14575336347788,15.3679398148148,15.353221308600977,15.210317392523681,15.202518967731905
RBREW.CO,2024-04-25,24.0316145201831,24.14608852741117,15.3679398148148,15.353434424587261,15.210528524880047,15.202729991839393
RBREW.CO,2024-04-26,24.2133280515267,24.332798982979284,15.4841435185185,15.472155381511392,15.328144457045962,15.320285621581784
RBREW.CO,2024-04-29,24.485898348542,24.603905253835975,15.6584490740741,15.644539921018405,15.49892448468722,15.490978089235494
RBREW.CO,2024-04-30,23.9861861373473,24.095810367550992,15.3388888888889,15.321464756724628,15.178856422631954,15.171074128076071
RBREW.CO,2024-05-01,23.8044726060037,23.920867556658173,15.2226851851852,15.210226326862735,15.068653372051438,15.060927579288359
RBREW.CO,2024-05-02,23.3729029690628,23.484947675318494,14.9467013888889,14.933044069996393,14.794051057802804,14.786466055362506
RBREW.CO,2024-05-03,23.6227590746602,23.743111529064368,15.1064814814815,15.097199096380347,14.956678170555943,14.949009788178516
RBREW.CO,2024-05-06,23.8953293716755,24.004897407753493,15.2807870370371,15.263657208930276,15.121586932929251,15.113834000798674
RBREW.CO,2024-05-07,24.2133280515267,24.328884608980683,15.4841435185185,15.469666403454653,15.325678645769939,15.317821074542614
RBREW.CO,2024-05-08,24.9856105597367,25.109731691667434,15.9780092592593,15.96617267883138,15.817563565817881,15.809453802117762
RBREW.CO,2024-05-13,25.7124646851109,25.826900819518528,16.4428240740741,16.42218894677888,16.26933534922532,16.260993959308266
RBREW.CO,2024-05-14,25.4626085795135,25.571597736972763,16.2830439814815,16.2598529588274,16.10851034375316,16.10025140982157
RBREW.CO,2024-05-15,26.1894627048877,26.304701408113566,16.7478587962963,16.726001301177213,16.570319894766886,16.56182418819218
RBREW.CO,2024-05-16,26.5074613847389,26.625034159465958,16.9512152777778,16.929686791949482,16.77210953230456,16.7635103669215
RBREW.CO,2024-05-17,26.5301755761568,26.640444207112775,16.9657407407408,16.939485362668574,16.7818169003959,16.77321275798455
RBREW.CO,2024-05-21,26.0304633649621,26.141875402101196,16.6461805555556,16.62246741397683,16.467749674905733,16.459306556723813
RBREW.CO,2024-05-22,26.1213201306339,26.23373923786811,16.7042824074074,16.680879581928462,16.525618157113577,16.517145369399152
RBREW.CO,2024-05-23,25.7578930679468,25.868270550527225,16.471875,16.448494137016382,16.295395697379018,16.28704094615859
RBREW.CO,2024-05-24,26.0077491735442,26.118568710925217,16.6316550925926,16.60764771536522,16.453067914315383,16.444632323563884
RBREW.CO,2024-05-27,26.05317755638,26.166452518332687,16.6607060185186,16.63809491993817,16.483231723978566,16.474780668053324
RBREW.CO,2024-05-28,25.7351788765288,25.84618683791264,16.4573495370371,16.434452076618257,16.28148433694157,16.273136718162586
RBREW.CO,2024-05-29,25.4398943880956,25.554292440154956,16.2685185185186,16.248849282617524,16.097609086989358,16.089355742200247
RBREW.CO,2024-05-30,25.28089504817,25.39702783138615,16.1668402777778,16.14885164302885,15.998542200238052,15.990339647660948
RBREW.CO,2024-05-31,25.5761795366032,25.7103290734711,16.3556712962963,16.348066106689636,16.195902425858183,16.1875986854599
RBREW.CO,2024-06-03,25.5534653451853,25.674514604507483,16.3411458333334,16.325293262961278,16.173341546022257,16.16504937272807
RBREW.CO,2024-06-04,26.1213201306339,26.241754842927207,16.7042824074074,16.68597635221937,16.530667487950627,16.52219211141272
RBREW.CO,2024-06-06,26.6437465332465,26.764093497929494,17.0383680555556,17.018108501817874,16.859708235173116,16.851064157387604
RBREW.CO,2024-06-07,26.5301755761568,26.65024821288423,16.9657407407408,16.945719298220485,16.787992812046166,16.779385503206314
RBREW.CO,2024-06-10,26.1667485134697,26.29131083657476,16.7333333333334,16.71748682638785,16.561884670563835,16.553393288781297
RBREW.CO,2024-06-11,26.3257478533953,26.4491977495292,16.8350115740741,16.817880161805057,16.66134357010661,16.65280119512466
RBREW.CO,2024-06-12,26.7573174903362,26.881242614330613,17.1109953703704,17.09259846629061,16.93350486582246,16.924822952043186
RBREW.CO,2024-06-13,26.5074613847389,26.631132150104875,16.9512152777778,16.93356423567252,16.775950885758242,16.76734975088926
RBREW.CO,2024-06-14,26.0986059392159,26.2163972329089,16.6897569444445,16.669852564627867,16.51469377651209,16.506226589795876
RBREW.CO,2024-06-17,26.1440343220518,26.260608354559494,16.7188078703704,16.697964470054288,16.54254402340487,16.53406255769301
RBREW.CO,2024-06-18,26.0986059392159,26.217579857679624,16.6897569444445,16.67060454364287,16.51543875629583,16.506971187623826
RBREW.CO,2024-06-19,26.1667485134697,26.289305885207362,16.7333333333334,16.716211966101095,16.560621676355467,16.552130942117955
RBREW.CO,2024-06-20,26.2348910877236,26.358591660340778,16.7769097222223,16.760267739517992,16.604267389732144,16.595754278064597
RBREW.CO,2024-06-21,25.7351788765288,25.856489170429324,16.4573495370371,16.441002876203754,16.287974163334773,16.279623217181236
RBREW.CO,2024-06-24,26.3030336619774,26.421715574737217,16.8204861111112,16.800405457028962,16.64403151548026,16.635498016496918
RBREW.CO,2024-06-25,26.075891747798,26.19610993476051,16.6752314814815,16.656952765083993,16.50191404505254,16.493453410584518
RBREW.CO,2024-06-26,25.8033214507827,25.92283522831572,16.500925925926,16.483189412873323,16.329768038348888,16.321395664214418
RBREW.CO,2024-06-27,25.5080369623494,25.6288907371426,16.3120949074074,16.296283054745263,16.144601357515903,16.13632391949599
RBREW.CO,2024-06-28,25.0764673254085,25.196783331115387,16.0361111111111,16.02152498304826,15.87240066473175,15.864262785708284
RBREW.CO,2024-07-01,25.258180856752,25.3769774218372,16.1523148148149,16.13610247051393,15.985911693809086,15.977715616971569
RBREW.CO,2024-07-02,25.2354666653341,25.352046757557027,16.1377893518519,16.120250158916882,15.970206931534763,15.96201890662702
RBREW.CO,2024-07-03,25.4626085795135,25.58247328035287,16.2830439814815,16.26676823795961,16.115361257209344,16.10709881077161
RBREW.CO,2024-07-04,25.667036302275,25.791000431043425,16.4137731481482,16.399361470616675,16.246720345460428,16.23839055039715
RBREW.CO,2024-07-05,25.28089504817,25.405017477268405,16.1668402777778,16.15393190702233,16.003575178414117,15.995370045397644
RBREW.CO,2024-07-08,25.4398943880956,25.559127521241802,16.2685185185186,16.251923697768508,16.10065488625859,16.092399979869157
RBREW.CO,2024-07-09,25.258180856752,25.37440254213961,16.1523148148149,16.13446521789877,15.984289680328775,15.976094435107704
RBREW.CO,2024-07-10,25.3036092395879,25.414560496053628,16.1813657407408,16.159999892442222,16.00958668455439,16.001378469401146
RBREW.CO,2024-07-11,25.5534653451853,25.66792839559817,16.3411458333334,16.32110538273879,16.16919264553379,16.160902599406818
RBREW.CO,2024-07-12,24.7357544541394,24.84144646778041,15.8182291666667,15.795581918867972,15.648560621672091,15.640537506837704
RBREW.CO,2024-07-15,24.3268990086164,24.429897231386555,15.5567708333334,15.53389588196436,15.389310292474672,15.381420096904383
RBREW.CO,2024-07-16,24.4404699657061,24.554925415584833,15.6293981481482,15.613395798695553,15.468070244008974,15.46013966771928
RBREW.CO,2024-07-17,24.9628963683188,25.078765485399522,15.9634837962963,15.946482631858622,15.798056788841947,15.7899570263883
RBREW.CO,2024-07-18,24.8493254112291,24.95538023290836,15.8908564814815,15.868027383053674,15.720331781728028,15.71227186937131
RBREW.CO,2024-07-19,24.6676118798855,24.782416227703397,15.7746527777778,15.758047188592263,15.611375255209833,15.60337120554524
RBREW.CO,2024-07-22,24.9628963683188,25.070172977407957,15.9634837962963,15.941019034396815,15.792644045168883,15.784547057862747
RBREW.CO,2024-07-23,24.8038970283932,24.911744210147706,15.8618055555556,15.840281157687006,15.692843811237081,15.684797992134634
RBREW.CO,2024-07-24,24.872039602647,24.97368249067717,15.9053819444445,15.879664982831224,15.731861061658654,15.723795238168057
RBREW.CO,2024-07-25,24.9401821769008,25.041616649797625,15.9489583333334,15.922861323143753,15.774655341317754,15.76656757693251
RBREW.CO,2024-07-26,25.0310389425726,25.130713647743807,16.0070601851852,15.979514180762521,15.830780888410116,15.822664348106095
RBREW.CO,2024-07-29,24.3041848171985,24.406900882705763,15.5422453703704,15.519273516479528,15.374824028284088,15.36694125991199
RBREW.CO,2024-07-30,24.6903260713035,24.79157076314041,15.7891782407408,15.763868154557837,15.617142041090643,15.609135034758888
RBREW.CO,2024-07-31,24.5994693056317,24.702340905229182,15.7310763888889,15.707130817137715,15.560932800513688,15.552954613010884
RBREW.CO,2024-08-01,24.1906138601088,24.29005619807009,15.4696180555556,15.44497712676087,15.301219170643735,15.293374139942179
RBREW.CO,2024-08-02,24.5540409227958,24.660874119788062,15.702025462963,15.680763914260417,15.534811314125893,15.52684651927242
RBREW.CO,2024-08-05,23.4864739261525,23.58398534823946,15.0193287037037,14.996017765095273,14.856438609612363,14.84882162068433
RBREW.CO,2024-08-06,23.690901648914,23.78979661171102,15.1500578703704,15.126884084663564,14.986086858446617,14.978403398051103
RBREW.CO,2024-08-07,23.713615840332,23.813198749522375,15.1645833333334,15.141764473587546,15.000828744459282,14.993137725806674
RBREW.CO,2024-08-08,23.4637597347346,23.5607940104592,15.0048032407408,14.981271414628473,14.841829514460729,14.834220015707086
RBREW.CO,2024-08-09,23.304760394809,23.398290206351064,14.903125,14.877942401430829,14.73946226168675,14.731905247263402
RBREW.CO,2024-08-12,23.3729029690628,23.467043041347665,14.9467013888889,14.921659301682677,14.782772256044428,14.775193036316285
RBREW.CO,2024-08-13,23.3274745862269,23.425206611435144,14.917650462963,14.89505735816324,14.756417916713602,14.74885220901995
RBREW.CO,2024-08-14,23.2139036291372,23.311469429191412,14.8450231481482,14.8227368923771,14.684770591603623,14.67724161794135
RBREW.CO,2024-08-15,23.4183313518987,23.52053048364829,14.9757523148149,14.955669610928819,14.816466005900145,14.808869511175864
RBREW.CO,2024-08-16,23.4410455433166,23.54287941533017,14.9902777777778,14.969880312452872,14.83054443779448,14.822940724970177
RBREW.CO,2024-08-19,23.5091881175705,23.606893871277595,15.0338541666667,15.010584286121253,14.870869549130324,14.863245161369408
RBREW.CO,2024-08-20,23.1457610548834,23.240111366550984,14.8014467592593,14.777363442587404,14.639819466453883,14.632313539514419
RBREW.CO,2024-08-21,23.3729029690628,23.463225063772416,14.9467013888889,14.919231617866732,14.780367168497857,14.772789181873131
RBREW.CO,2024-08-22,23.1911894377193,21.901217042449524,14.8304976851852,13.438910382885208,13.39640433490706,13.318054797278817
RBREW.CO,2024-08-23,23.1498586022013,23.258986240428175,14.282624671916,14.272057624744475,14.226916408019239,14.14370957918835
RBREW.CO,2024-08-26,23.2993503090421,23.40253623878937,14.3748556430446,14.360142024789473,14.314722205139757,14.231001839733421
RBREW.CO,2024-08-27,23.3847741415225,23.49044796570965,14.4275590551181,14.41408595938432,14.368495519988945,14.284460658673867
RBREW.CO,2024-08-28,23.4061300996426,23.5186162190543,14.4407349081365,14.431370415842043,14.385725307287142,14.301589676703347
RBREW.CO,2024-08-29,23.5129098902432,23.623191738860626,14.5066141732284,14.495539499970892,14.449691430454784,14.3651816908154
RBREW.CO,2024-08-30,23.9186730945253,24.033963129588944,14.7569553805775,14.747594894753316,14.70094959700977,14.614970361475608
RBREW.CO,2024-09-02,24.046808843246,24.161942104119248,14.8360104986877,14.826124684503045,14.779231004196033,14.69279393595508
RBREW.CO,2024-09-03,23.854605220165,23.96305993136154,14.7174278215223,14.70408764467718,14.657579956397953,14.571854370365859
RBREW.CO,2024-09-04,24.1322326757264,24.24124886153159,14.8887139107612,14.874788482663476,14.82774088320079,14.741020102517647
RBREW.CO,2024-09-05,24.4739280056482,24.579608972069295,15.0995275590552,15.082411245994226,15.03470695466528,14.946775722610365
RBREW.CO,2024-09-06,24.6874875868493,24.80049803733268,15.2312860892389,15.217952040228617,15.16981904572819,15.081097603882789
RBREW.CO,2024-09-09,24.7729114193298,24.87935733106514,15.2839895013124,15.26634126806347,15.218055222848283,15.12905166931979
RBREW.CO,2024-09-10,24.6874875868493,24.79311602001658,15.2312860892389,15.213422325329075,15.165303657903756,15.076608624528824
RBREW.CO,2024-09-11,24.6661316287292,24.772123211649976,15.2181102362205,15.200540827932052,15.152462903508273,15.063842969924636
RBREW.CO,2024-09-12,24.9651150424108,25.070164014735052,15.4025721784777,15.383423068464117,15.334766704191559,15.245080557754509
RBREW.CO,2024-09-13,24.8796912099303,24.982643423244678,15.3498687664042,15.32971914034834,15.281232636702851,15.191859586924446
RBREW.CO,2024-09-16,24.8583352518102,24.9653772317032,15.3366929133859,15.319124350098559,15.27067135680844,15.181360075201239
RBREW.CO,2024-09-17,24.81562333557,24.9231859289739,15.3103412073491,15.29323514333817,15.24486403524806,15.1557036890457
RBREW.CO,2024-09-18,24.4952839637683,24.607842905143958,15.1127034120735,15.09973600450474,15.05197691654456,14.963944680257892
RBREW.CO,2024-09-19,24.3244362988074,24.437280551908685,15.0072965879265,14.995076424382715,14.947648365130075,14.86022629956985
RBREW.CO,2024-09-20,23.9400290526454,24.05614215890506,14.7701312335958,14.761204274852226,14.714515931880502,14.628457352961513
RBREW.CO,2024-09-23,23.7905373458046,23.903257968943826,14.6779002624672,14.66739227692229,14.621000652744836,14.535489002591081
RBREW.CO,2024-09-24,23.7478254295644,23.86260401807341,14.6515485564305,14.64244641197794,14.59613368929637,14.510767474816225
RBREW.CO,2024-09-25,23.5129098902432,23.630376876272933,14.5066141732284,14.499948406452427,14.454086391967223,14.369550948176652
RBREW.CO,2024-09-26,24.0681648013661,24.18951727967772,14.8491863517061,14.843045219668017,14.796098021251355,14.70956230542151
RBREW.CO,2024-09-27,24.3457922569276,24.469014257923874,15.0204724409449,15.014548695281134,14.967059047011386,14.879523457111912
RBREW.CO,2024-09-30,24.0254528851259,24.153441216265378,14.8228346456693,14.820908414109434,14.774031232389955,14.687624575273254
RBREW.CO,2024-10-01,23.4488420158829,23.55922749166938,14.4670866141733,14.456290092778323,14.410566165557814,14.326285251977842
RBREW.CO,2024-10-02,23.5769777646035,23.68629757655668,14.5461417322835,14.5342621744136,14.488291628609563,14.403556133789746
RBREW.CO,2024-10-03,23.7051135133242,23.812481904054604,14.6251968503937,14.611690742227085,14.565475296924166,14.480288389577991
RBREW.CO,2024-10-04,24.0040969270058,24.129382639511274,14.8096587926509,14.80614571593097,14.759315227279567,14.672994637451321
RBREW.CO,2024-10-07,24.3030803406873,24.429540495042243,14.9941207349082,14.99032701112483,14.942913973833141,14.855519597596096
RBREW.CO,2024-10-08,24.0040969270058,24.12064279638986,14.8096587926509,14.800782819054449,14.753969292756787,14.66767996889272
RBREW.CO,2024-10-09,24.3244362988074,24.437259670714795,15.0072965879265,14.995063611373627,14.947635592647348,14.860213601787626
RBREW.CO,2024-10-10,23.0217228534806,23.127355368773696,14.2035695538058,14.191286976960034,14.146401230427882,14.063665298621197
RBREW.CO,2024-10-11,23.277994350922,23.38448244983425,14.3616797900263,14.349063953129338,14.303679172410066,14.220023392730372
RBREW.CO,2024-10-14,23.1925705184415,23.2930597895838,14.3089763779528,14.292965657966597,14.247758311039028,14.164429587300814
RBREW.CO,2024-10-15,23.5342658483633,23.639469200265328,14.5197900262468,14.505527590799575,14.459647929863042,14.37507995914123
RBREW.CO,2024-10-16,23.3634181834024,23.471790574356866,14.4143832020998,14.40263750837441,14.357083279385511,14.273115163127706
RBREW.CO,2024-10-17,24.0040969270058,24.119010175495937,14.8096587926509,14.799781018750851,14.752970661056175,14.66668717773932
RBREW.CO,2024-10-18,24.0254528851259,24.141091573994217,14.8228346456693,14.81333049113731,14.76647727769715,14.680114800260508
RBREW.CO,2024-10-21,23.5769777646035,23.69308297371638,14.5461417322835,14.538425794369719,14.492442079415474,14.407682310477506
RBREW.CO,2024-10-22,23.3634181834024,23.48283346608837,14.4143832020998,14.409413589907189,14.363837928790385,14.279830307629288
RBREW.CO,2024-10-23,23.1285026440812,23.23961849950358,14.2694488188977,14.26017329274133,14.215069665074466,14.131932122509424
RBREW.CO,2024-10-24,23.0003668953605,23.105562217630926,14.1903937007874,14.177914377409925,14.13307092719065,14.050412958326032
RBREW.CO,2024-10-25,22.9149430628801,23.02076510862513,14.1376902887139,14.125881618388046,14.081202743040379,13.998848127832773
RBREW.CO,2024-10-28,23.0430788116007,23.155677263894617,14.2167454068242,14.208665710281851,14.163724996401038,14.08088774568668
RBREW.CO,2024-10-29,22.6159596491985,22.717233362983922,13.9532283464567,13.939630054370944,13.895540275735092,13.814271516709834
RBREW.CO,2024-10-30,22.0393487799555,22.14296264027804,13.5974803149607,13.587249053671316,13.54427382400521,13.465059464309004
RBREW.CO,2024-10-31,21.8898570731147,21.993489041302258,13.5052493438321,13.495529844763908,13.452844714591235,13.374165082592794
RBREW.CO,2024-11-01,22.338332193637,22.444818096930724,13.7819422572179,13.772472021996629,13.728910948973176,13.648616729860326
RBREW.CO,2024-11-04,22.1674845286761,22.276340799912234,13.6765354330709,13.669091863177458,13.625857772168557,13.546166264690253
RBREW.CO,2024-11-05,22.2101964449164,22.316790677973668,13.7028871391076,13.693912506030909,13.650599909592168,13.570763696491476
RBREW.CO,2024-11-06,22.0179928218354,22.12585510465064,13.5843044619423,13.576751617034631,13.533809589803324,13.45465643070176
RBREW.CO,2024-11-07,22.3810441098773,22.486727424162208,13.8082939632546,13.798188204425209,13.754545793461896,13.674101647684944
RBREW.CO,2024-11-08,22.4451119842376,22.557618946575474,13.8478215223097,13.841688290049282,13.797908292282147,13.717210538772251
RBREW.CO,2024-11-11,22.6159596491985,22.723645820769434,13.9532283464567,13.943564833216621,13.899462609234128,13.818170910246145
RBREW.CO,2024-11-12,21.9112130312348,17.447386462916743,13.5184251968504,12.817485041883423,12.806403757760439,12.738028068539371
RBREW.CO,2024-11-13,17.3145974254447,17.380113174745496,12.762288557214,12.768063636179713,12.757025079053212,12.688913031464356
RBREW.CO,2024-11-14,17.7889699576487,17.85666193885146,13.1119402985075,13.118153700880168,13.106812475370361,13.036832850063636
RBREW.CO,2024-11-15,17.8059118337988,17.87497292066463,13.1244278606965,13.131605614494354,13.120252759208794,13.050201373813275
RBREW.CO,2024-11-18,17.5009580630963,17.565079118320725,12.8996517412936,12.903946349620652,12.892790315863559,12.823953393296936
RBREW.CO,2024-11-19,17.4162486823456,17.483065949445724,12.8372139303483,12.843696491137386,12.832592546054366,12.764077030190057
RBREW.CO,2024-11-20,17.467074310796,17.533476802009567,12.8746766169155,12.88073013798528,12.869594175672514,12.800881101463544
RBREW.CO,2024-11-21,17.585667443847,17.655706540491188,12.9620895522388,12.970524552065061,12.959310958500025,12.890118870277709
RBREW.CO,2024-11-22,17.8906212145495,17.96552312293229,13.1868656716418,13.19812708838801,13.186716722338817,13.116310473909667
RBREW.CO,2024-11-25,18.1955749852521,18.267676624166825,13.4116417910448,13.420100046381306,13.408497774868076,13.336907397575764
RBREW.CO,2024-11-26,17.7889699576487,17.86239679317557,13.1119402985075,13.122366733569786,13.111021865706421,13.04101976570884
RBREW.CO,2024-11-27,18.0092143476005,18.083066905014686,13.2742786069652,13.284479028365338,13.272994007235374,13.20212710888994
RBREW.CO,2024-11-28,17.9583887191501,18.03070941201196,13.236815920398,13.246015308608854,13.234563541070013,13.163901829884132
RBREW.CO,2024-11-29,18.0092143476005,18.08176703795062,13.2742786069652,13.283524098715272,13.2720399031643,13.201178098951823
RBREW.CO,2024-12-02,18.178633109102,18.250698545555963,13.3991542288558,13.407627331966607,13.396035843668018,13.324512002864088
RBREW.CO,2024-12-03,17.9583887191501,18.029953165847406,13.236815920398,13.24545974265503,13.234008455427583,13.163349707943619
RBREW.CO,2024-12-04,17.6703768245977,17.740929358107383,13.0245273631841,13.033132335319271,13.021864614549692,12.952338541125396
RBREW.CO,2024-12-05,17.9753305953003,18.04753681826757,13.2493034825871,13.258377333628133,13.24691487857052,13.176187221375878
RBREW.CO,2024-12-06,18.1108656045014,18.18569139346239,13.3492039800995,13.359870712294946,13.348320511711458,13.277051431632762
RBREW.CO,2024-12-09,17.9075630906997,17.982150241249776,13.1993532338309,13.210341974599011,13.198921048239109,13.128449638722529
RBREW.CO,2024-12-10,17.704260576898,17.777865066958963,13.0495024875622,13.060266651207911,13.04897547161919,12.979304648460888
RBREW.CO,2024-12-11,17.6026093199971,17.677336604877993,12.9745771144279,12.986414784526072,12.975187453150527,12.90591059747244
RBREW.CO,2024-12-12,17.6703768245977,17.742064999892527,13.0245273631841,13.033966619102983,13.022698177058075,12.953167653093868
RBREW.CO,2024-12-13,17.7889699576487,17.862621041170595,13.1119402985075,13.122531474307756,13.111186464018738,13.041183485201213
RBREW.CO,2024-12-16,17.467074310796,17.535332193871398,12.8746766169155,12.882093176368496,12.870956035648618,12.802235690224697
RBREW.CO,2024-12-17,17.0435274070425,17.11047586208967,12.5624875621891,12.569978253647163,12.559110950116636,12.49205560160026
RBREW.CO,2024-12-18,16.9588180262918,17.019552227120034,12.5000497512438,12.5031824425007,12.492372886910479,12.425673864897258
RBREW.CO,2024-12-19,17.0096436547422,17.075274501643726,12.537512437811,12.544118053213818,12.533273106973116,12.466355711340809
RBREW.CO,2024-12-20,17.0096436547422,17.076616082716285,12.537512437811,12.545103627492589,12.534257829179245,12.467335175938258
RBREW.CO,2024-12-23,17.0604692831926,17.12586150861196,12.5749751243781,12.581281109497768,12.57040403414715,12.503288389827313
RBREW.CO,2024-12-27,17.2468299208442,17.31501916723567,12.7123383084577,12.72024320935839,12.709245995111136,12.64138904863081
RBREW.CO,2024-12-30,17.1282367877932,17.19576757047058,12.6249253731344,12.632636646564213,12.621715172074843,12.55432556837602
RBREW.CO,2025-01-02,17.3823649300453,17.45115111466193,12.8122388059702,12.820250692058885,12.809167016908658,12.74077657415082
RBREW.CO,2025-01-03,17.2468299208442,17.315856279949475,12.7123383084577,12.720858182822191,12.709860436903124,12.64200020980774
RBREW.CO,2025-01-06,16.8131178914005,16.877072949295883,12.3926567164179,12.398511979897537,12.387792916563152,12.321652265790325
RBREW.CO,2025-01-07,16.9147691483014,16.977290100422252,12.4675820895523,12.472135146222923,12.461352432396918,12.394819034160475
RBREW.CO,2025-01-08,16.8063411409405,16.86541487535532,12.3876616915423,12.38994753451953,12.379235875527923,12.313140912333713
RBREW.CO,2025-01-09,16.8876621464612,16.949888843751257,12.4476019900498,12.452005185884417,12.44123987530164,12.374813861619005
RBREW.CO,2025-01-10,16.5691548748385,16.630186062257415,12.2128358208956,12.217139887958217,12.206577628839039,12.141404519026963
RBREW.CO,2025-01-13,16.3251918582765,16.38577449907267,12.0330149253732,12.037586259004021,12.027179231958115,11.96296396240033
RBREW.CO,2025-01-14,16.2370941022957,16.295482050951794,11.9680796019901,11.971254140686774,11.960904460698233,11.897043044044711
RBREW.CO,2025-01-15,16.0744520912544,16.12976688739554,11.8481990049752,11.849513750823206,11.839269320799469,11.776057335999056
RBREW.CO,2025-01-16,16.0202380875739,16.0848202468603,11.8082388059702,11.816494312985482,11.806278429729758,11.743242589220715
RBREW.CO,2025-01-17,16.1015590930946,16.156873969434375,11.8681791044776,11.869427599771344,11.85916595334222,11.79584773684796
RBREW.CO,2025-01-20,16.0880055921745,16.14721250083063,11.8581890547264,11.862329933334324,11.852074423152557,11.788794069611358
RBREW.CO,2025-01-21,16.027014838034,16.078425594593263,11.8132338308458,11.811796568715595,11.801584746868075,11.738573966774643
RBREW.CO,2025-01-22,15.8440425756124,15.904734518196733,11.678368159204,11.684196783019734,11.674095276844488,11.611765185923925
RBREW.CO,2025-01-23,16.0947823426345,16.153008475650566,11.863184079602,11.866587867364501,11.856328676009952,11.79302560824884
RBREW.CO,2025-01-24,16.2574243536759,16.31420407793265,11.9830646766169,11.985008023039933,11.974646452210264,11.910711664596503
RBREW.CO,2025-01-27,16.514940871158,16.571088760273742,12.1728756218906,12.173724859248836,12.163200134346912,12.09825862476693
RBREW.CO,2025-01-28,16.992701778592,17.054708262899613,12.5250248756219,12.529009345784717,12.518177461691492,12.451340664419964
RBREW.CO,2025-01-29,16.5827083757586,16.640069856206487,12.2228258706468,12.224400882684813,12.213832346113707,12.148620502063421
RBREW.CO,2025-01-30,16.6911363831195,16.749260730689805,12.3027462686567,12.30461647276041,12.293978586255083,12.22833882703737
RBREW.CO,2025-01-31,16.8402248932408,16.895107987043833,12.4126368159204,12.411761174959263,12.401030657108281,12.334819327661673
RBREW.CO,2025-02-03,16.6911363831195,16.750494504800702,12.3027462686567,12.305522848121829,12.294884178014836,12.229239583680107
RBREW.CO,2025-02-04,16.4132896142572,16.47715524465218,12.0979502487562,12.10471788023971,12.094252814930767,12.029679427469546
RBREW.CO,2025-02-05,16.3658523610368,16.42517704712865,12.0629850746269,12.066532804745538,12.056100752127449,11.99173106538024
RBREW.CO,2025-02-06,16.8334481427807,16.89410586188416,12.4076417910448,12.411024977347537,12.400295095972067,12.334087693818446
RBREW.CO,2025-02-07,16.630145628979,16.69237406884253,12.2577910447761,12.262825460744923,12.25222370442245,12.186806882016478
RBREW.CO,2025-02-10,16.5962618766787,16.66065070080472,12.232815920398,12.239520320105834,12.228938712110752,12.16364621245986
RBREW.CO,2025-02-11,16.9079923978413,16.97421425350712,12.4625870646766,12.469875517142674,12.459094756866204,12.392573412764815
RBREW.CO,2025-02-12,17.3993068061954,17.466205580572122,12.8247263681592,12.831310250579431,12.820217013950517,12.7517675732743
RBREW.CO,2025-02-13,17.8906212145495,17.95863559608422,13.1868656716418,13.193067260514155,13.18166126891052,13.111282012454998
RBREW.CO,2025-02-14,18.2464006137025,18.314100377520916,13.449104477612,13.45420462505098,13.44257286861732,13.37080055828085
RBREW.CO,2025-02-17,18.2802843660028,18.352794245399583,13.4740796019901,13.482630548543938,13.47097421663909,13.399050266405698
RBREW.CO,2025-02-18,18.4327612513541,18.505628561874634,13.5864676616916,13.594908199381193,13.583154798468977,13.510631895965693
RBREW.CO,2025-02-19,18.3480518706034,18.421113475417975,13.5240298507463,13.532820341192537,13.52112061798662,13.448928927111984
RBREW.CO,2025-02-20,18.2294587375524,18.30323750216597,13.4366169154229,13.446224361492867,13.434599504350912,13.362869765237983
RBREW.CO,2025-02-21,18.5852381367054,18.662702427751054,13.6988557213931,13.710300377494528,13.698447214928091,13.625308745511061
RBREW.CO,2025-02-24,18.6868893936062,18.75946553124932,13.7737810945274,13.781386074732431,13.7694714554289,13.695953774838499
RBREW.CO,2025-02-25,18.7715987743569,18.91085593459526,13.8362189054727,12.71129948238106,12.652870932707373,12.589676877158226
RBREW.CO,2025-02-26,18.8056340450919,18.81204726111165,12.6359981726816,12.644883311455184,12.586760049257988,12.523896180815255
RBREW.CO,2025-02-27,18.4472689680076,18.453127600770564,12.3952032891732,12.403628483620345,12.346614169388053,12.28494969609865
RBREW.CO,2025-02-28,18.7203090267385,18.72967252622999,12.5786660575606,12.589513531870175,12.531644781489124,12.469056183165838
RBREW.CO,2025-03-03,18.7373740304091,18.746168689673613,12.5901324805848,12.600601748848135,12.542682030551719,12.48003830730587
RBREW.CO,2025-03-04,19.0274790928108,19.03261326546898,12.7850616719964,12.793141039540838,12.734336298314533,12.670735368557398
RBREW.CO,2025-03-05,18.6691140157264,18.671037348316602,12.5442667884879,12.550100757047185,12.492413170777246,12.430020512537423
RBREW.CO,2025-03-06,18.6179190047144,18.62131659424107,12.5098675194153,12.516679985521561,12.459146020619134,12.396919513298439
RBREW.CO,2025-03-07,18.8738940597746,18.87974504112433,12.6818638647785,12.690387690474825,12.632055263599094,12.56896517074402
RBREW.CO,2025-03-10,19.1639991221762,19.172168063739274,12.8767930561901,12.886945510430564,12.82770958911962,12.763642311688718
RBREW.CO,2025-03-11,18.6520490120557,18.655617072337762,12.5328003654637,12.539735718746096,12.482095776240381,12.419754647649993
RBREW.CO,2025-03-12,18.6179190047144,18.621374654046694,12.5098675194153,12.516719011548703,12.459184867259895,12.396958165921825
RBREW.CO,2025-03-13,18.4984639790196,18.498608386309495,12.4296025582458,12.434199277860387,12.377044442419193,12.315227986834662
RBREW.CO,2025-03-14,18.6520490120557,18.648166178528516,12.5328003654637,12.534727455611545,12.477110534005567,12.414794303928439
RBREW.CO,2025-03-17,18.7715040377505,18.770519895493337,12.6130653266332,12.616969885277422,12.558974929474877,12.496249832257453
RBREW.CO,2025-03-18,18.7544390340798,18.758614448390162,12.601598903609,12.608967407540604,12.551009235795352,12.48832392278908
RBREW.CO,2025-03-19,18.7715040377505,18.77527175182271,12.6130653266332,12.620163937895043,12.562154300362916,12.499413323955578
RBREW.CO,2025-03-20,18.5496589900317,18.55330371860279,12.4640018273184,12.470963808851065,12.413639982172766,12.351640752213603
RBREW.CO,2025-03-21,18.6008540010437,18.601989456021773,12.4984010963911,12.503688873808182,12.44621462363567,12.384052701453292
RBREW.CO,2025-03-24,18.3448789459835,18.345601193651035,12.3264047510279,12.331352518540394,12.274670426817828,12.213365272523188
RBREW.CO,2025-03-25,18.0889038909232,18.08449647909776,12.1544084056647,12.155845908240611,12.099970547309983,12.039537921783618
RBREW.CO,2025-03-26,18.2254239202887,18.227730422350106,12.2461397898584,12.25212338796021,12.19580547955328,12.13489421182279
RBREW.CO,2025-03-27,18.6520490120557,18.64827012814741,12.5328003654637,12.53479732736888,12.47718008459153,12.414863507147896
RBREW.CO,2025-03-28,18.908024067116,18.906491273555503,12.7047967108269,12.708365690605218,12.649950626350428,12.586771156107897
RBREW.CO,2025-03-31,18.7885690414212,18.785250060959566,12.6245317496574,12.626871052380247,12.568830585036222,12.50605626429883
RBREW.CO,2025-04-01,18.9421540744573,18.93433859307381,12.7277295568753,12.727083807828626,12.66858270418475,12.605310177072525
RBREW.CO,2025-04-02,19.1298691148348,19.126012189806385,12.8538602101416,12.855920942401449,12.796827628108494,12.73291458890305
RBREW.CO,2025-04-03,19.6247542212846,19.623023102132517,13.1863864778438,13.189996490036059,13.12936756958758,13.063793678260438
RBREW.CO,2025-04-04,19.1810641258469,19.19278511932962,12.8882594792143,12.900803665183586,12.841504043706935,12.777367870644829
RBREW.CO,2025-04-07,18.1230338982646,18.110150862241426,12.1773412517131,12.173090000644615,12.117135375803084,12.056617021501719
RBREW.CO,2025-04-08,18.7032440230678,18.688384967421207,12.5671996345363,12.561761296501727,12.504020111588359,12.441569483132428
RBREW.CO,2025-04-09,18.0889038909232,18.07171029661951,12.1544084056647,12.147251427098173,12.091415571417889,12.031025673239697
RBREW.CO,2025-04-10,18.3790089533248,18.36602588649852,12.3493375970763,12.34508137293589,12.288336175387498,12.226962768276652
RBREW.CO,2025-04-11,18.6861790193971,18.66589745623527,12.5557332115121,12.546645878654648,12.488974173021775,12.426598690663724
RBREW.CO,2025-04-14,18.9762840817987,18.96158716256952,12.7506624029237,12.745399463583409,12.6868141704982,12.623450587348094
RBREW.CO,2025-04-15,19.1981291295176,19.18793755948964,12.8997259022385,12.897545283590624,12.838260639537078,12.774140665475528
RBREW.CO,2025-04-16,19.7954042579915,19.7773034545818,13.3010507080859,13.29369902846228,13.232593430635054,13.166503983523633
RBREW.CO,2025-04-22,19.7442092469794,19.72791344934758,13.2666514390133,13.260500576200775,13.199547577832002,13.133623176382454
RBREW.CO,2025-04-23,19.7954042579915,19.782999754679974,13.3010507080859,13.29752790732105,13.236404709732383,13.17029622740087
RBREW.CO,2025-04-24,19.7612742506501,19.745158515482963,13.2781178620375,13.272092182683236,13.211085902527175,13.145103873560869
RBREW.CO,2025-04-25,19.3858441698951,19.37301477576407,13.0258565555048,13.021948532791304,12.96209205881309,12.897353615660212
RBREW.CO,2025-04-28,19.3005191515417,19.291090690975388,12.9685244403838,12.966881666427849,12.907278311899866,12.8428136329374
RBREW.CO,2025-04-29,18.5496589900317,18.53966879590304,12.4640018273184,12.187725985255884,12.40451713137775,12.049482698683983
RBREW.CO,2025-04-30,17.5672732605295,17.55710813263833,11.7424932975872,11.73831610766187,11.66161667557697,11.605170400291525
RBREW.CO,2025-05-01,17.8021747176904,17.795569686822176,11.899508489723,11.897746526463633,11.820005358710088,11.762792427183149
RBREW.CO,2025-05-02,17.8525107442249,17.85179588197117,11.9331546023235,11.935338187186087,11.85735139143941,11.799957692142195
RBREW.CO,2025-05-05,17.8021747176904,17.797372737454133,11.899508489723,11.89895200848928,11.821202963985268,11.763984235632817
RBREW.CO,2025-05-06,17.8860680952478,17.88659103558302,11.9555853440572,11.958601500769698,11.880462700005934,11.822957133947716
RBREW.CO,2025-05-07,17.7350600156444,17.733578714283798,11.8546470062556,11.856300655880633,11.778830299946002,11.721816670005332
RBREW.CO,2025-05-08,17.7686173666674,17.77053683493998,11.8770777479893,11.881010084092283,11.803378274070562,11.746245823408573
RBREW.CO,2025-05-09,17.8692894197364,17.871261533465862,11.9443699731904,11.948352515557257,11.870280682775805,11.812824401217629
RBREW.CO,2025-05-12,17.651166638087,17.654145749135154,11.7985701519214,11.803193433025966,11.726070085452251,11.669311833275598
RBREW.CO,2025-05-13,17.4162651809261,17.419996546564274,11.6415549597855,11.646646162520485,11.570545711811384,11.514540251623384
RBREW.CO,2025-05-14,17.2149210747883,17.213621763224385,11.5069705093834,11.508668289103502,11.433469400801993,11.378127437571713
RBREW.CO,2025-05-15,17.68472398911,17.682969416686074,11.8210008936551,11.822464335644941,11.74521506990093,11.688364149349676
RBREW.CO,2025-05-16,17.8860680952478,17.88455574158545,11.9555853440572,11.957240745676362,11.879110836234153,11.82161181366615
RBREW.CO,2025-05-19,17.9364041217823,17.937866759779595,11.9892314566578,11.992883379922093,11.914520577637356,11.856850159621652
RBREW.CO,2025-05-20,18.0706335258742,18.074854652195445,12.0789544235925,12.084470626064896,12.005509382768599,11.947398547331778
RBREW.CO,2025-05-21,18.2048629299661,18.20705760966058,12.1686773905273,12.172858764553874,12.093319983562818,12.034784114317794
RBREW.CO,2025-05-22,18.2048629299661,18.208891332608168,12.1686773905273,12.174084753449657,12.094537961714028,12.035996197031697
RBREW.CO,2025-05-23,18.0874122013857,18.088250584781786,12.0901697944594,12.093426867039637,12.01440710269227,11.95625319920046
RBREW.CO,2025-05-26,18.2551989565006,18.257781507802143,12.2023235031278,12.20677170432163,12.127011332499622,12.068312385423305
RBREW.CO,2025-05-27,18.3055349830351,18.31552154232486,12.2359696157284,12.245375486457885,12.165362873331496,12.10647829147643
RBREW.CO,2025-05-28,18.3055349830351,18.31510361387086,12.2359696157284,12.245096068215085,12.165085280837816,12.106202042626839
RBREW.CO,2025-06-02,18.372649685081,18.37474898504571,12.2808310991957,12.284973718675502,12.204702366399905,12.145627367734107
RBREW.CO,2025-06-03,18.2384202809891,18.240569305168552,12.191108132261,12.19526398483299,12.115578805699712,12.05693519602411
RBREW.CO,2025-06-04,18.7921165728683,18.799223834622833,12.5612153708669,12.568768744966048,12.486643045172029,12.426203355690982
RBREW.CO,2025-06-06,18.6243298177534,18.631725211518383,12.4490616621984,12.456782660996845,12.375388690435791,12.31548751067504
RBREW.CO,2025-06-10,18.8760099504257,18.881326651154545,12.6172922252011,12.62366097473976,12.54117660315577,12.480472952312256
RBREW.CO,2025-06-11,18.7417805463338,18.742465051633584,12.5275692582663,12.530821007127887,12.448943261973541,12.388686052537913
RBREW.CO,2025-06-12,18.6914445197993,18.697775909265378,12.4939231456658,12.500942779134112,12.419260261565888,12.359146728162402
RBREW.CO,2025-06-13,18.5236577646844,18.526200766638084,12.3817694369973,12.386231219282616,12.305298239502731,12.24573632186989
RBREW.CO,2025-06-16,18.2887563075236,18.29269309703356,12.2247542448615,12.230112864330637,12.150199978834559,12.091388790655577
RBREW.CO,2025-06-17,17.9531827972938,17.95922798903061,12.0004468275246,12.007165052023362,11.928708931742289,11.870969837164498
RBREW.CO,2025-06-18,18.0035188238283,18.008749292653278,12.0340929401251,12.04027396219209,11.961601504696763,11.903703198640883
RBREW.CO,2025-06-19,17.9867401483168,17.99334912977628,12.0228775692583,12.029977734670235,11.951372553843568,11.893523759462767
RBREW.CO,2025-06-20,18.1545269034317,18.15808865484155,12.1350312779267,12.14011914326857,12.06079428651812,12.00241585294435
RBREW.CO,2025-06-23,18.0370761748512,18.040811285002928,12.0565236818588,12.061709941192628,11.982897418682839,11.924896033006288
RBREW.CO,2025-06-24,17.6679453135985,17.669337366867484,11.8097855227882,11.81335023161611,11.73616051841752,11.679353425040478
RBREW.CO,2025-06-25,17.2652571013227,17.264337232653443,11.5406166219839,11.542575593609959,11.467155151298918,11.41165013733574
RBREW.CO,2025-06-26,17.1981423992768,17.1966013428237,11.4957551385166,11.497288791213567,11.422164257786955,11.366877015375627
RBREW.CO,2025-06-27,17.2149210747883,17.215225504883485,11.5069705093834,11.50974051730915,11.43453462295212,11.379187503676636
RBREW.CO,2025-06-30,17.3659291543917,17.366094117820904,11.607908847185,11.610608123523397,11.534743149274375,11.47891098592481
RBREW.CO,2025-07-01,17.68472398911,17.68336783420327,11.8210008936551,11.822730709282569,11.745479703024294,11.688627501556805
RBREW.CO,2025-07-02,17.5672732605295,17.564064883190213,11.7424932975872,11.742967245904168,11.666237422776952,11.609768781470075
RBREW.CO,2025-07-03,17.651166638087,17.649628164098807,11.7985701519214,11.800173069945707,11.723069457752338,11.666325729655998
RBREW.CO,2025-07-04,17.8021747176904,17.80045052388477,11.899508489723,11.901009752268125,11.82324726224283,11.766018638776742
RBREW.CO,2025-07-07,17.6679453135985,17.668505994541253,11.8097855227882,11.812794393428256,11.73560831213674,11.6788038916299
RBREW.CO,2025-07-08,17.4666012074606,17.466196569151688,11.6752010723861,11.677534533499085,11.6012322548199,11.545078261104997
RBREW.CO,2025-07-09,17.5001585584836,17.50046803274217,11.6976318141198,11.700447718862964,11.623995722942547,11.56773154613521
RBREW.CO,2025-07-10,17.651166638087,17.64896993523758,11.7985701519214,11.799732991865318,11.72263225518991,11.665890643305831
RBREW.CO,2025-07-11,17.5337159095066,17.530278109820067,11.7200625558535,11.72037811430685,11.643795891018383,11.587435874520118
RBREW.CO,2025-07-14,17.4833798829721,17.476879879662683,11.6864164432529,11.684677171962495,11.608328222507984,11.55213988184474
RBREW.CO,2025-07-15,17.2652571013227,17.2604368184478,11.5406166219839,11.539967858067717,11.464564454983869,11.409071980890714
RBREW.CO,2025-07-16,17.1813637237653,17.18132168371704,11.4845397676497,11.487073129997825,11.412015346810884,11.35677722865383
RBREW.CO,2025-07-17,17.2652571013227,17.259198857041977,11.5406166219839,11.539140182906166,11.463742187941664,11.408253693906602
RBREW.CO,2025-07-18,17.4666012074606,17.454311795067454,11.6752010723861,11.669588621563314,11.59333826233554,11.53722247828618
RBREW.CO,2025-07-21,17.3491504788802,17.33737097352602,11.5966934763182,11.591404428655641,11.515664933434174,11.459925115275949
RBREW.CO,2025-07-22,17.5169372339951,17.50973106828199,11.7088471849866,11.706640791119618,11.630148328992563,11.573854371434882
RBREW.CO,2025-07-23,17.5169372339951,17.51172309118867,11.7088471849866,11.707972616064582,11.631471451648707,11.575171089717793
RBREW.CO,2025-07-24,17.5337159095066,17.51327026108747,11.7200625558535,11.70900702157189,11.632499098238082,11.576193762140731
RBREW.CO,2025-07-25,17.3155931278572,17.309054369087136,11.5742627345845,11.572472537851743,11.496856745660565,11.441207965664049
RBREW.CO,2025-07-28,16.9800196176274,16.97585470437354,11.3499553172476,11.349702195388302,11.275542008804933,11.220964469006823
RBREW.CO,2025-07-29,16.829011538024,16.823386858220488,11.249016979446,11.247765375219652,11.174271254888323,11.120183900714812
RBREW.CO,2025-07-30,16.795454187001,16.78911290774406,11.2265862377123,11.224850527175663,11.151506134949761,11.097528971864046
RBREW.CO,2025-07-31,16.4498134714643,16.439471315300175,10.9955495978553,10.991087454949485,10.919270496021326,10.866417434093343
RBREW.CO,2025-08-01,16.2753152461448,16.272935977104236,10.8789097408401,10.879745403167854,10.808655965296397,10.756338316118256
RBREW.CO,2025-08-04,16.2484693653265,16.247250211495107,10.8609651474531,10.862572436303974,10.791595208462786,10.739360139273646
RBREW.CO,2025-08-05,16.3491414183954,16.345978753290854,10.9282573726542,10.928580279035936,10.85717174878268,10.804619266360868
RBREW.CO,2025-08-06,16.2686037759403,16.26138321701673,10.8744235924933,10.872021468861691,10.80098250001569,10.74870199307483
RBREW.CO,2025-08-07,16.3558528886,16.347102448623918,10.9327435210009,10.929331558285837,10.857918119092375,10.80536202397902
RBREW.CO,2025-08-08,16.1947776036897,16.18953432552344,10.8250759606792,10.823984799385038,10.753259707353596,10.701210195305377
RBREW.CO,2025-08-11,16.1410858420529,16.13461501237052,10.7891867739053,10.787266892692505,10.716781719450525,10.664908773534112
RBREW.CO,2025-08-12,16.1209514314391,16.118368510197808,10.7757283288651,10.7764048203793,10.705990621097323,10.654169907845148
RBREW.CO,2025-08-13,15.9397417359151,15.93434953162813,10.6546023235032,10.653373571500428,10.58376327175831,10.532534181331695
RBREW.CO,2025-08-14,15.8189352722323,15.812628756978846,10.5738516532619,10.571993601695114,10.50291504751257,10.452077290573333
RBREW.CO,2025-08-15,15.8927614444829,15.89661902368679,10.623199285076,10.628147741268483,10.558702269840303,10.507594483367722
RBREW.CO,2025-08-18,15.8323582126415,15.82484414919636,10.5828239499553,10.580160558015326,10.511028640053341,10.460151610508012
RBREW.CO,2025-08-19,15.9867220273472,15.977107120154907,10.6860053619303,10.681960402904371,10.612163313701686,10.560796757207521
RBREW.CO,2025-08-20,16.0471252591886,16.03875842848637,10.726380697051,10.723179181086921,10.653112763911702,10.601547997855036
RBREW.CO,2025-08-21,15.9196073253013,15.910502980595314,10.6411438784629,10.637430265120724,10.567924140673714,10.516771717143152
RBREW.CO,2025-08-22,16.006856437961,16.004030757066978,10.6994638069705,10.699960984688984,10.630046277730218,10.578593161478642
RBREW.CO,2025-08-25,15.9665876167334,15.958351406246978,10.6725469168901,10.669420723988438,10.599705570409416,10.54839931371989
RBREW.CO,2025-08-26,15.5974567554807,14.89045581691059,10.4258087578195,10.420950662895255,,10.302747605935744
RBREW.CO,2025-08-27,16.1343743718483,15.40486572682142,10.7847006255586,11.282196117065038,,11.180904885313392
RBREW.CO,2025-08-28,15.8911631607068,15.88545550637976,11.6304485981309,11.634169853219971,,11.529718611403835
RBREW.CO,2025-08-29,15.8014187943293,15.797673501638213,11.5647663551402,11.56988017938538,,11.46600612840903
RBREW.CO,2025-09-01,15.8078291062134,15.806173586554333,11.5694579439253,11.576105460847451,,11.472175519473488
RBREW.CO,2025-09-02,15.7180847398359,15.71809468547755,11.5037757009346,11.5115983464496,,11.408247548090536
RBREW.CO,2025-09-03,15.5770578783855,15.57096179381302,11.4005607476636,11.40384134496274,,11.30145798585904
RBREW.CO,2025-09-04,15.609109437806,15.602192823990423,11.4240186915888,11.426714287424424,,11.32412557570216
RBREW.CO,2025-09-05,15.7052641160677,15.698127711242073,11.4943925233645,11.496974959061252,,11.393755449052914
RBREW.CO,2025-09-08,15.5642372546173,15.554141221401283,11.3911775700935,11.391522315370665,,11.289249556159799
RBREW.CO,2025-09-09,15.7565466111406,15.75203376459956,11.5319252336449,11.536454606379241,,11.432880649234523
RBREW.CO,2025-09-10,15.782187858677,15.776159665362917,11.5506915887851,11.554123903128696,,11.450391311546753
RBREW.CO,2025-09-11,15.7885981705611,15.78450393112517,11.5553831775701,11.560235065955572,,11.456447608529796
RBREW.CO,2025-09-12,15.7052641160677,15.70143834117606,11.4943925233645,11.499399594033624,,11.396158315722367
RBREW.CO,2025-09-15,15.6603919328789,15.654290357713473,11.4615514018692,11.464869413415238,,11.361938146070925
RBREW.CO,2025-09-16,15.4424413288192,15.43709916192617,11.3020373831776,11.305803199582183,,11.2043000241237
RBREW.CO,2025-09-17,15.609109437806,15.603732223915722,11.4240186915888,11.427841711198665,,11.325242877498258
RBREW.CO,2025-09-18,15.4616722644715,15.461429539668519,11.3161121495327,11.323622250923435,,11.221959096535302
RBREW.CO,2025-09-19,15.4744928882397,15.471526304966414,11.3254953271028,11.331016907148216,,11.229287363749506
RBREW.CO,2025-09-22,15.2244907247595,15.221650812426764,11.142523364486,11.148013409313617,,11.047926866046998
RBREW.CO,2025-09-23,15.4039794575145,15.400277137239767,11.2738878504673,11.278835531618917,,11.17757447110661
RBREW.CO,2025-09-24,15.2629525960641,15.259320491116501,11.1706728971963,11.17560188104593,,11.07526764927479
RBREW.CO,2025-09-25,15.3334660267893,15.329227298519987,11.2222803738318,11.226800140416088,,11.12600625214709
RBREW.CO,2025-09-26,15.3847485218622,15.38145470910485,11.2598130841122,11.265050385459045,,11.16391308759187
RBREW.CO,2025-09-29,15.3847485218622,15.380344498762005,11.2598130841122,11.264237291009454,,11.163107293080825
RBREW.CO,2025-09-30,15.5450063189649,15.539265111703651,11.3771028037383,11.38062736892687,,11.278452424231338
RBREW.CO,2025-10-01,15.4680825763556,15.462526432052366,11.3208037383178,11.324425591583026,,11.22275522482559
RBREW.CO,2025-10-02,15.5962888140378,15.58857113438531,11.4146355140187,11.416738051584645,,11.314238906220396
RBREW.CO,2025-10-03,15.5450063189649,15.537972259102855,11.3771028037383,11.379680511170926,,11.277514067337059
RBREW.CO,2025-10-06,15.2501319722959,15.245903202656258,11.1612897196262,11.1657753442587,,11.06552933485173
RBREW.CO,2025-10-07,15.2950041554847,15.288025574625403,11.1941308411215,11.196624873874777,,11.096101898279583
RBREW.CO,2025-10-08,15.4488516407033,15.444866828289378,11.3067289719626,11.31149207326898,,11.209937823266387
RBREW.CO,2025-10-09,15.4680825763556,15.458825266968924,11.3208037383178,11.321714936970801,,11.220068906392399
RBREW.CO,2025-10-10,15.609109437806,15.603876189286307,11.4240186915888,11.427947148375099,,11.325347368062722
RBREW.CO,2025-10-13,15.7052641160677,15.69528881954078,11.4943925233645,11.494895815140287,,11.391694971626189
RBREW.CO,2025-10-14,15.551416630849,15.539774241767748,11.3817943925234,11.381000244960589,,11.278821952594772
RBREW.CO,2025-10-15,15.7373156754882,15.725047932458931,11.5178504672897,11.516690756697454,,11.413294238825891
RBREW.CO,2025-10-16,16.073857049404,16.05862514208422,11.7641588785047,11.760995612443372,,11.65540573261417
RBREW.CO,2025-10-17,16.2821921856375,16.27079951171421,11.9166355140187,11.916387609467549,,11.80940262476519
RBREW.CO,2025-10-20,16.2982179653478,16.286680988463267,11.9283644859813,11.928018865363512,,11.820929455580751
RBREW.CO,2025-10-21,16.3302695247683,16.316986103737026,11.9518224299066,11.950213687436722,,11.842925013180736
RBREW.CO,2025-10-22,16.2982179653478,16.2823134594144,11.9283644859813,11.924820179951354,,11.817759487874108
RBREW.CO,2025-10-23,16.1700117276656,16.155530376005284,11.8345327102804,11.831966945349185,,11.725739886937504
RBREW.CO,2025-10-24,16.073857049404,16.060697167932403,11.7641588785047,11.762513120118756,,11.656909616149363
RBREW.CO,2025-10-27,15.9488559676638,15.937211973891797,11.6726728971963,11.672075189569673,,11.567283634735675
RBREW.CO,2025-10-28,15.9360353438956,15.923201875393113,11.6632897196262,11.6618144913147,,11.557115056734055
RBREW.CO,2025-10-29,15.7501362992564,15.739776200873099,11.5272336448598,11.527477427328716,,11.423984067038898
RBREW.CO,2025-10-30,15.7052641160677,15.696546175154245,11.4943925233645,11.495816675657444,,11.392607564684152
RBREW.CO,2025-10-31,15.6924434922995,15.68377863990847,11.4850093457944,11.486466004309257,,11.383340843393984
RBREW.CO,2025-11-03,15.8462909775181,15.840065114906889,11.5976074766355,11.600926895604607,,11.496774108104354
RBREW.CO,2025-11-04,15.8655219131704,15.858804730876876,11.6116822429907,11.614651391895645,,11.510375386263043
RBREW.CO,2025-11-05,15.8334703537499,15.828288301106877,11.5882242990655,11.592301807578385,,11.488226455869988
RBREW.CO,2025-11-06,15.782187858677,15.770689840010961,11.5506915887851,11.550117919341465,,11.446421293366521
RBREW.CO,2025-11-07,15.8591116012863,15.846380359071878,11.6069906542056,11.605552046155088,,11.501357734186426
RBREW.CO,2025-11-10,16.1059086088245,16.09472992243434,11.7876168224299,11.787437985904932,,11.681610707208462
RBREW.CO,2025-11-11,16.7309140175252,16.721468820192307,12.245046728972,12.24644822877819,,12.136499969343165
RBREW.CO,2025-11-12,16.7469397972354,18.01127411977494,12.2567757009346,10.70932200384301,,10.594502510469257
RBREW.CO,2025-11-13,18.7415538006733,18.739612066111146,11.1498569677156,11.142384403707792,,11.022921852133543
RBREW.CO,2025-11-14,18.4829307031479,18.478488376009583,10.995995096036,10.987122890195028,,10.869324967652915
RBREW.CO,2025-11-17,18.6036214819931,18.596767328954204,11.0677973028198,11.057450363139898,,10.938898427896444
RBREW.CO,2025-11-18,18.3277568446327,18.321921850205875,10.9036779730282,10.894030012439424,,10.77723018081817
RBREW.CO,2025-11-19,18.2415491454576,18.23529793774251,10.8523906824684,10.842524307421893,,10.7262766918003
RBREW.CO,2025-11-20,18.1898245259525,18.181843578498082,10.8216183081324,10.810740884336411,,10.694834033194107
RBREW.CO,2025-11-21,18.8967276591886,18.891526364915936,11.2421740907234,11.232711114193101,,11.112280129030593
RBREW.CO,2025-11-24,18.8622445795185,18.8558820022355,11.2216591744994,11.21151733550602,,11.091313578447293
RBREW.CO,2025-11-25,19.189833836384,19.18134667949937,11.4165508786269,11.405035351306426,,11.2827567999213
RBREW.CO,2025-11-26,19.1036261372089,19.096690273512372,11.365263588067,11.354699505803534,,11.232960627824191
RBREW.CO,2025-11-27,19.3277661550642,19.319556834968562,11.4986105435227,11.487213716328105,,11.364054093458298
RBREW.CO,2025-11-28,19.2415584558891,19.2357752149378,11.4473232529628,11.437398009735313,,11.314772483626346
RBREW.CO,2025-12-01,19.6381138720947,19.627670682924006,11.6832447895382,11.670415103950953,,11.545291295999698
RBREW.CO,2025-12-02,19.3622492347343,19.35302449344301,11.5191254597466,11.507113248639616,,11.383740273867812
RBREW.CO,2025-12-03,19.4312153940744,19.423661830486427,11.5601552921946,11.549113497087408,,11.425290218622564
RBREW.CO,2025-12-04,19.3622492347343,19.354600641243984,11.5191254597466,11.508050410231503,,11.38466738772568
RBREW.CO,2025-12-05,19.189833836384,19.181424084452264,11.4165508786269,11.405081375511,,11.282802330679552
RBREW.CO,2025-12-08,18.9139691990236,18.905932834977243,11.2524315488353,11.241277056047034,,11.120754231540861
RBREW.CO,2025-12-09,18.9484522786936,18.942829070829468,11.2729464650593,11.263215185900766,,11.142457152764747
RBREW.CO,2025-12-10,18.9312107388586,18.922837511619733,11.2626890069473,11.251328406347485,,11.130697816760684
RBREW.CO,2025-12-11,19.4139738542393,19.40151147489823,11.5498978340826,11.53594311897222,,11.412261046098378
RBREW.CO,2025-12-12,19.5519061729195,19.54167226244198,11.6319574989784,11.61928131015938,,11.49470573077903
RBREW.CO,2025-12-15,19.5519061729195,19.541065578517745,11.6319574989784,11.618920582014567,,11.494348870164083
RBREW.CO,2025-12-16,19.5863892525896,19.570024402915667,11.6524724152023,11.636139207041731,,11.511382886510942
RBREW.CO,2025-12-17,19.6553554119297,19.64050678524545,11.6935022476502,11.678047320979038,,11.552841684571035
RBREW.CO,2025-12-18,19.6036307924246,19.59092864441512,11.6627298733143,11.64856865828293,,11.523679075973865
RBREW.CO,2025-12-19,19.5863892525896,19.57368487296587,11.6524724152023,11.638315685629115,,11.513536030085264
RBREW.CO,2025-12-22,19.5174230932495,19.50896190932729,11.6114425827544,11.599832063979731,,11.475465008779722
RBREW.CO,2025-12-23,19.4484569339094,19.43727707625411,11.5704127503065,11.557208984953386,,11.43329891109524
RBREW.CO,2025-12-29,19.7415631111048,19.73332607472783,11.7447895382101,11.73323673471093,,11.607439387593132
RBREW.CO,2025-12-30,19.8105292704449,19.806434023707585,11.785819370658,11.776705984107606,,11.650442583472033
RECI.MI,2024-01-02,26.9777736179397,27.01212789415656,20.1103980107704,20.11039801077022,,19.835165709859456
RECI.MI,2024-01-03,26.4382181455809,26.47188533627343,19.708190050555,19.708190050555007,,19.43846239566227
RECI.MI,2024-01-04,26.7135015498456,26.747519294377067,19.9133981935221,19.913398193522053,,19.640862045762876
RECI.MI,2024-01-05,26.328104783875,26.361631753031972,19.6261067933682,19.626106793367992,,19.357502535622025
RECI.MI,2024-01-08,26.5373201711162,26.57111356119074,19.7820649820232,19.782064982022945,,19.51132626969849
RECI.MI,2024-01-09,26.9337282732573,26.968026460859978,20.0775647078957,20.07756470789569,,19.80278176584336
RECI.MI,2024-01-10,27.0328302987926,27.06725468577729,20.1514396393639,20.151439639363826,,19.87564563987958
RECI.MI,2024-01-11,27.0988983158161,27.13340683572216,20.200689593676,20.20068959367572,,19.924221555903724
RECI.MI,2024-01-12,28.0568845626573,28.09261300992282,20.9148139312013,20.91481393120103,,20.628572338253836
RECI.MI,2024-01-15,27.5228347583838,27.557883131201763,20.5167101338452,20.516710133845166,,20.23591701705866
RECI.MI,2024-01-16,27.6714877966867,27.706725468577726,20.6275225310474,20.627522531047173,,20.345212828112984
RECI.MI,2024-01-17,27.8036238307337,27.839029768467473,20.7260224396716,20.726022439671354,,20.442364660161278
RECI.MI,2024-01-18,27.4127213966779,27.447629547960307,20.4346268766584,20.43462687665815,,20.154957157018416
RECI.MI,2024-01-19,27.396204392422,27.43109151047409,20.4223143880804,20.422314388080128,,20.14281317801238
RECI.MI,2024-01-22,27.2915966988014,27.32635060639471,20.3443352937529,20.344335293752845,,20.065901310974148
RECI.MI,2024-01-23,27.3741817200808,27.4090407938258,20.405897736643,20.405897736642764,,20.12662120600433
RECI.MI,2024-01-24,27.4953064179573,27.530319735391398,20.4961893195485,20.496189319548265,,20.215677052048598
RECI.MI,2024-01-25,27.5173290902985,27.55237045203969,20.5126059709859,20.51260597098582,,20.231869024056646
RECI.MI,2024-01-26,28.0238505541455,28.059536934950383,20.8901889540452,20.89018895404499,,20.60428438024176
RECI.MI,2024-01-29,27.8807031839278,27.916207276736493,20.7834807197024,20.78348071970232,,20.49903656218945
RECI.MI,2024-01-30,27.9687938732926,28.004410143329658,20.8491473254518,20.849147325451774,,20.563804450221642
RECI.MI,2024-01-31,28.2440772775572,28.280044101433294,21.0543554684189,21.05435546841882,,20.76620410032225
RECI.MI,2024-02-01,28.0568845626573,28.09261300992282,20.9148139312013,20.91481393120123,,20.628572338253836
RECI.MI,2024-02-02,27.9137371924396,27.94928335170893,20.8081056968584,20.80810569685837,,20.523324520201523
RECI.MI,2024-02-05,27.9798052094631,28.0154355016538,20.8573556511705,20.857355651170263,,20.571900436225665
RECI.MI,2024-02-06,28.1339639158514,28.169790518191842,20.972272211232,20.972272211231807,,20.685244240282007
RECI.MI,2024-02-07,27.770589822222,27.805953693495038,20.7013974625155,20.70139746251531,,20.418076702149204
RECI.MI,2024-02-08,27.7816011583926,27.816979051819185,20.7096057882342,20.709605788234185,,20.42617268815323
RECI.MI,2024-02-09,27.8366578392455,27.87210584343991,20.7506474168276,20.750647416827597,,20.466652618173352
RECI.MI,2024-02-12,27.9137371924396,27.94928335170893,20.8081056968584,20.80810569685837,,20.523324520201523
RECI.MI,2024-02-13,27.7375558137102,27.772877618522603,20.6767724853595,20.67677248535946,,20.393788744137133
RECI.MI,2024-02-14,27.7926124945631,27.828004410143325,20.7178141139529,20.717814113952866,,20.434268674157252
RECI.MI,2024-02-15,27.9137371924396,27.94928335170893,20.8081056968584,20.80810569685837,,20.523324520201523
RECI.MI,2024-02-16,28.089918571169,28.12568908489526,20.9394389083573,20.93943890835728,,20.65286029626591
RECI.MI,2024-02-19,28.2110432690455,28.24696802646086,21.0297304912628,21.02973049126278,,20.741916142310178
RECI.MI,2024-02-20,28.6955420605513,28.732083792723262,21.3908968228848,21.390896822884578,,21.09813952648724
RECI.MI,2024-02-21,28.6735193882102,28.71003307607497,21.3744801714474,21.37448017144741,,21.081947554479196
RECI.MI,2024-02-22,28.4532926647984,27.50399148483236,21.2103136570738,22.269039666858088,,21.977634133248397
RECI.MI,2024-02-23,29.1139728350337,28.142629058009582,21.7028132001947,22.78612263125882,,22.48795071528977
RECI.MI,2024-02-26,28.4422813286278,27.4933475252794,21.2021053313551,22.260421617451406,,21.96912885688104
RECI.MI,2024-02-27,28.0678958988278,27.131452900478976,20.92302225692,21.967407937624326,,21.67994946039093
RECI.MI,2024-02-28,27.9247485286102,26.99308142629058,20.8163140225771,21.8553732953375,,21.569380867615298
RECI.MI,2024-02-29,28.4973380094808,27.546567323044172,21.2431469599485,22.303511864484804,,22.011655238717818
RECI.MI,2024-03-01,28.6074513711866,27.65300691857371,21.3252302171354,22.389692358551798,,22.096708002391384
RECI.MI,2024-03-04,28.4753153371396,27.525279403938264,21.2267303085112,22.28627576567165,,21.994644685983108
RECI.MI,2024-03-05,28.4753153371396,27.525279403938264,21.2267303085112,22.286275765671444,,21.994644685983108
RECI.MI,2024-03-06,28.6074513711866,27.65300691857371,21.3252302171354,22.389692358551798,,22.096708002391384
RECI.MI,2024-03-07,28.9488027924749,27.982969664715274,21.5796883144145,22.656851890158638,,22.360371569779424
RECI.MI,2024-03-08,29.1029614988631,28.131985098456624,21.694604874476,22.777504581852348,,22.47944543892241
RECI.MI,2024-03-11,29.0368934818396,28.068121341138905,21.645354920164,22.725796285412066,,22.428413780718277
RECI.MI,2024-03-12,29.2240861967395,28.249068653539116,21.7848964573815,22.872303125325814,,22.57300347896333
RECI.MI,2024-03-13,29.1029614988631,28.131985098456624,21.694604874476,22.777504581852146,,22.47944543892241
RECI.MI,2024-03-14,29.0589161541807,28.08940926024481,21.6617715716013,22.743032384225426,,22.445424333452987
RECI.MI,2024-03-15,29.0919501626925,28.121341138903674,21.6863965487574,22.768886532445464,,22.470940162555056
RECI.MI,2024-03-18,28.5523946903337,27.59978712080894,21.284188588542,22.346602111518404,,22.0541816205546
RECI.MI,2024-03-19,28.2000319328749,27.25918041511442,21.0215221655441,22.070824530504474,,21.782012776799203
RECI.MI,2024-03-20,28.0018278818043,27.067589143161257,20.8737723026079,21.915699641184457,,21.62891780218679
RECI.MI,2024-03-21,28.2881226222396,27.344332091538053,21.0871887712936,22.139768925758112,,21.850054987738055
RECI.MI,2024-03-22,28.8276780945984,27.865886109632783,21.489396731509,22.562053346685172,,22.266813529738506
RECI.MI,2024-03-25,28.6294740435278,27.674294837679618,21.3416468685727,22.406928457364952,,22.113718555126095
RECI.MI,2024-03-26,28.2991339584102,27.354976051091004,21.0953970970123,22.148386975164584,,21.85856026410541
RECI.MI,2024-03-27,28.4863266733102,27.53592336349122,21.2349386342299,22.294893815078122,,22.003149962350466
RECI.MI,2024-03-28,28.2110432690455,27.269824374667376,21.0297304912628,22.07944257991115,,21.79051805316656
RECI.MI,2024-04-02,26.9566833984012,27.00904736562001,21.8683003694478,21.868300369447724,,21.582138782166332
RECI.MI,2024-04-03,26.8504501633336,26.902607770090473,21.782119875381,21.78211987538073,,21.49708601849277
RECI.MI,2024-04-04,26.4626988553369,26.514103246407664,21.4675610720372,21.46756107203695,,21.18664343108427
RECI.MI,2024-04-05,25.8677927389584,25.918041511442258,20.9849503052632,20.98495030526293,,20.710347954512326
RECI.MI,2024-04-08,26.5158154728707,26.567323044172433,21.5106513190706,21.51065131907034,,21.22916981292105
RECI.MI,2024-04-09,26.324595649749,26.375731772219268,21.3555264297504,21.35552642975033,,21.076074838308642
RECI.MI,2024-04-10,26.5583087668977,26.609898882384247,21.5451235166973,21.54512351669706,,21.263190918390475
RECI.MI,2024-04-11,26.0802592090936,26.13092070250133,21.1573112933968,21.157311293396507,,20.880453481859448
RECI.MI,2024-04-12,26.2502323852017,26.30122405534859,21.2952000839036,21.29520008390337,,21.01653790373715
RECI.MI,2024-04-15,26.547685443391,26.599254922831292,21.5365054672906,21.536505467290585,,21.25468564202312
RECI.MI,2024-04-16,26.2077390911747,26.258648217136777,21.2607278862769,21.260727886276864,,20.982516798267724
RECI.MI,2024-04-17,25.9952726210395,26.0457690260777,21.0883668981433,21.08836689814328,,20.812411270920595
RECI.MI,2024-04-18,26.4202055613099,26.47152740819585,21.4330888744105,21.43308887441023,,21.152622325614846
RECI.MI,2024-04-19,26.4839455023504,26.53539116551357,21.4847971708505,21.484797170850513,,21.20365398381898
RECI.MI,2024-04-22,27.1425915597695,27.195316657796702,22.0191162340647,22.019116234064604,,21.730981118595068
RECI.MI,2024-04-23,27.9393408227764,27.993613624268228,22.6654699395656,22.665469939565522,,22.368876846146783
RECI.MI,2024-04-24,26.547685443391,26.599254922831292,21.5365054672906,21.53650546729038,,21.25468564202312
RECI.MI,2024-04-25,25.9209093564922,25.971261309207023,21.0280405522966,21.028040552296325,,20.7528743363491
RECI.MI,2024-04-26,26.0802592090936,26.13092070250133,21.1573112933968,21.157311293396717,,20.880453481859448
RECI.MI,2024-04-29,26.2502323852017,26.30122405534859,21.2952000839036,21.29520008390337,,21.01653790373715
RECI.MI,2024-04-30,26.5848670756646,26.63650878126663,21.566668640214,21.566668640213962,,21.284454109308864
RECI.MI,2024-05-02,26.6645420019653,26.716338477913787,21.6313040107641,21.631304010764055,,21.348243682064037
RECI.MI,2024-05-03,26.9566833984012,27.00904736562001,21.8683003694478,21.868300369447724,,21.582138782166332
RECI.MI,2024-05-06,26.744216928266,26.796168174560936,21.6959393813142,21.695939381313938,,21.41203325481921
RECI.MI,2024-05-07,26.8238918545667,26.87599787120809,21.7605747518643,21.760574751864237,,21.47582282757438
RECI.MI,2024-05-08,27.1957081773033,27.24853645556147,22.062206481098,22.062206481097792,,21.773507500431847
RECI.MI,2024-05-09,26.744216928266,26.824720298348428,21.6959393813142,19.925500868781945,,20.54170627386671
RECI.MI,2024-05-10,26.9832417071681,27.064464571124134,21.8898454929645,20.1035837961095,,20.725296498757274
RECI.MI,2024-05-13,26.8238918545667,26.90463505594033,21.7605747518643,19.98486184455767,,20.602903015496896
RECI.MI,2024-05-14,28.2942603071948,27.0378263185935,20.0837968041844,20.083796804184196,,20.704897584880545
RECI.MI,2024-05-15,28.8796587963092,27.597229621736812,20.4993236346158,20.499323634615596,,21.133274776291866
RECI.MI,2024-05-16,28.3221364257241,27.064464571124134,20.1035837961097,20.10358379610969,,20.725296498757274
RECI.MI,2024-05-17,28.5451453739581,27.27757059136921,20.2618797315122,20.261879731512128,,20.88848780977111
RECI.MI,2024-05-20,28.0712513589608,26.824720298348428,19.925500868782,19.925500868781945,,20.54170627386671
RECI.MI,2024-05-21,27.2182421319655,26.009589770911028,19.3200189158676,19.32001891586743,,19.91749950923878
RECI.MI,2024-05-22,27.4077997379645,26.19072988811934,19.4545704609597,19.454570460959502,,20.05621212360054
RECI.MI,2024-05-23,27.05098542079,25.849760255727226,19.2012969643158,19.2012969643156,,19.795106025978406
RECI.MI,2024-05-24,26.9506313940847,25.753862546616944,19.1300637933847,19.1300637933845,,19.721669936022177
RECI.MI,2024-05-27,27.1401890000836,25.93500266382525,19.2646153384768,19.264615338476577,,19.86038255038394
RECI.MI,2024-05-28,26.8168260251443,25.625998934469898,19.0350862321433,19.035086232143037,,19.623755149413878
RECI.MI,2024-05-29,26.5938170769102,25.412892914224827,18.8767902967408,18.87679029674077,,19.46056383840004
RECI.MI,2024-05-30,26.4600117079698,25.285029302077785,18.7818127354994,18.781812735499212,,19.36264905179174
RECI.MI,2024-05-31,26.9840827363198,25.785828449653703,19.1538081836951,19.15380818369487,,19.746148632674252
RECI.MI,2024-06-03,26.9617818414964,25.764517847629197,19.1379785901549,19.137978590154624,,19.72982950157287
RECI.MI,2024-06-04,26.8725782622028,25.679275439531168,19.0746602159939,19.07466021599384,,19.664552977167336
RECI.MI,2024-06-05,27.0955872104368,25.89238145977624,19.2329561513963,19.232956151396085,,19.827744288181172
RECI.MI,2024-06-06,27.4524015276113,26.233351092168355,19.4862296480402,19.486229648039988,,20.088850385803312
RECI.MI,2024-06-07,27.7088618180804,26.478423015450186,19.668269973753,19.668269973752984,,20.276520393469223
RECI.MI,2024-06-10,27.6196582387868,26.393180607352157,19.604951599592,19.604951599591818,,20.211243869063686
RECI.MI,2024-06-11,26.9952331837315,25.796483750665956,19.1617229804652,19.16172298046499,,19.754308198224944
RECI.MI,2024-06-12,27.463551975023,26.244006393180605,19.4941444448103,19.49414444481011,,20.097009951354
RECI.MI,2024-06-13,27.1959412371421,25.98827916888652,19.3041893223274,19.304189322327183,,19.901180378137397
RECI.MI,2024-06-14,26.8168260251443,25.625998934469898,19.0350862321433,19.03508623214323,,19.623755149413878
RECI.MI,2024-06-17,26.4377108131464,25.26371870005328,18.7659831419591,18.765983141959026,,19.346329920690355
RECI.MI,2024-06-18,26.9840827363198,25.785828449653703,19.1538081836951,19.153808183695055,,19.746148632674252
RECI.MI,2024-06-19,26.6718702087921,25.487480021310603,18.9321938741317,18.932193874131645,,19.517680797254883
RECI.MI,2024-06-20,27.4524015276113,26.233351092168355,19.4862296480402,19.48622964804018,,20.088850385803312
RECI.MI,2024-06-21,27.4301006327879,26.21204049014385,19.4704000545,19.470400054499937,,20.07253125470193
RECI.MI,2024-06-24,27.9318707663145,26.691529035695257,19.8265659091555,19.826565909155423,,20.43971170448306
RECI.MI,2024-06-25,27.5416051069049,26.31859350026638,19.5495480222012,19.549548022200966,,20.154126910208845
RECI.MI,2024-06-26,27.6642600284336,26.43580181140117,19.6366107866725,19.636610786672495,,20.243882131266453
RECI.MI,2024-06-27,26.9617818414964,25.764517847629197,19.1379785901549,19.137978590154813,,19.72982950157287
RECI.MI,2024-06-28,27.1513394474953,25.94565796483751,19.2725301352469,19.272530135246697,,19.86854211593463
RECI.MI,2024-07-01,27.2070916845538,25.998934469898774,19.3121041190975,19.312104119097306,,19.90933994368809
RECI.MI,2024-07-02,27.2962952638475,26.084176877996804,19.3754224932585,19.37542249325828,,19.974616468093625
RECI.MI,2024-07-03,27.1513394474953,25.94565796483751,19.2725301352469,19.27253013524689,,19.86854211593463
RECI.MI,2024-07-04,27.3631979483177,26.148108684070323,19.4229112738792,19.4229112738792,,20.023573861397775
RECI.MI,2024-07-05,27.3966492905528,26.180074587107086,19.4466556641896,19.44665566418938,,20.04805255804985
RECI.MI,2024-07-08,27.3631979483177,26.148108684070323,19.4229112738792,19.4229112738792,,20.023573861397775
RECI.MI,2024-07-09,27.2070916845538,25.998934469898774,19.3121041190975,19.312104119097494,,19.90933994368809
RECI.MI,2024-07-10,27.876118529256,26.63825253063399,19.7869919253048,19.786991925304623,,20.3989138767296
RECI.MI,2024-07-11,28.0154991219023,26.771443793287162,19.8859268849314,19.885926884931337,,20.500908446113247
RECI.MI,2024-07-12,28.4057647813118,27.144379328716038,20.1629447718856,20.162944771885606,,20.786493240387465
RECI.MI,2024-07-15,28.4615170183704,27.197655833777304,20.2025187557362,20.20251875573621,,20.82729106814092
RECI.MI,2024-07-16,28.4893931368996,27.22429408630794,20.2223057476616,20.222305747661327,,20.847689982017652
RECI.MI,2024-07-17,28.8517826777799,27.57059136920618,20.4795366426905,20.47953664269029,,21.112875862415137
RECI.MI,2024-07-18,28.5730214924874,27.30420884389984,20.2816667234375,20.281666723437432,,20.90888672364784
RECI.MI,2024-07-19,28.4057647813118,27.144379328716038,20.1629447718856,20.162944771885606,,20.786493240387465
RECI.MI,2024-07-22,28.6566498480752,27.38412360149174,20.3410276992134,20.341027699213345,,20.97008346527803
RECI.MI,2024-07-23,28.6566498480752,27.38412360149174,20.3410276992134,20.341027699213345,,20.97008346527803
RECI.MI,2024-07-24,28.9075349148385,27.62386787426745,20.5191106265411,20.5191106265409,,21.153673690168596
RECI.MI,2024-07-25,29.1305438630725,27.83697389451252,20.6774065619436,20.677406561943528,,21.316865001182432
RECI.MI,2024-07-26,28.963287151897,27.677144379328716,20.5586846103917,20.5586846103917,,21.194471517922057
RECI.MI,2024-07-29,29.2141722186603,27.916888652104422,20.7367675377195,20.736767537719253,,21.37806174281262
RECI.MI,2024-07-30,27.2182421319655,26.446370530877573,19.3200189158676,21.22413917560578,,22.00830409555075
RECI.MI,2024-07-31,28.0712513589608,27.27518959913326,19.925500868782,21.88929552420608,,22.698035870769772
RECI.MI,2024-08-01,28.4653395929036,27.491874322860237,22.0631926088078,22.06319260880773,,22.87835790350677
RECI.MI,2024-08-02,28.1288035583077,27.16684723726977,21.8023469819056,21.802346981905362,,22.60787485440127
RECI.MI,2024-08-05,27.2033294631689,26.27302275189599,21.0850215079247,21.08502150792463,,21.86404646936115
RECI.MI,2024-08-06,27.4837761586655,26.54387865655471,21.3023928636765,21.302392863676427,,22.089449010282397
RECI.MI,2024-08-07,27.7305692507025,26.782231852654384,21.493679656738,21.493679656737807,,22.287803246293095
RECI.MI,2024-08-08,27.4725582908457,26.533044420368363,21.2936980094464,21.29369800944615,,22.080432908645548
RECI.MI,2024-08-09,27.6744799116032,26.728060671722645,21.4502053855877,21.450205385587445,,22.24272273810885
RECI.MI,2024-08-12,27.7417871185224,26.793066088840735,21.5023745109681,21.502374510968085,,22.296819347929947
RECI.MI,2024-08-13,27.9437087392799,26.988082340195014,21.6588818871094,21.658881887109175,,22.459109177393245
RECI.MI,2024-08-14,28.022233814019,27.06392199349946,21.7197458667199,21.719745866719677,,22.522221888851195
RECI.MI,2024-08-16,28.3812055842546,27.41061755146262,21.9979812020822,21.99798120208198,,22.810737141230394
RECI.MI,2024-08-19,28.269026906056,27.302275189599133,21.9110326597815,21.91103265978147,,22.720576124861893
RECI.MI,2024-08-20,28.4092502538043,27.43770314192849,22.0197183376574,22.01971833765737,,22.83327739532252
RECI.MI,2024-08-21,29.0823223229961,28.087757313109424,22.5414095914617,22.54140959146169,,23.374243493533516
RECI.MI,2024-08-22,28.8299202970491,27.843986998916574,22.3457753712851,22.345775371285068,,23.171381206704392
RECI.MI,2024-08-23,28.9420989752478,27.952329360780066,22.4327239135858,22.432723913585793,,23.261542223072894
RECI.MI,2024-08-26,28.6336076102015,27.65438786565547,22.1936154222588,22.19361542225881,,23.013599428059518
RECI.MI,2024-08-27,28.8299202970491,27.843986998916574,22.3457753712851,22.345775371285068,,23.171381206704392
RECI.MI,2024-08-28,29.5871263748899,28.575297941495123,22.932678031815,22.93267803181493,,23.779968067191763
RECI.MI,2024-08-29,29.4749476966913,28.466955579631634,22.8457294895142,22.845729489514003,,23.689807050823266
RECI.MI,2024-08-30,29.7273497226382,28.710725893824485,23.0413637096909,23.041363709690625,,23.89266933765239
RECI.MI,2024-09-02,29.5310370357906,28.521126760563376,22.8892037606646,22.889203760664365,,23.734887559007515
RECI.MI,2024-09-03,29.6151710444396,28.602383531960992,22.9544151673902,22.95441516739011,,23.802508321283888
RECI.MI,2024-09-04,29.1945010011947,28.19609967497291,22.6283581337625,22.6283581337622,,23.464404509902014
RECI.MI,2024-09-05,28.7738309579498,27.78981581798483,22.3023011001347,22.30230110013471,,23.126300698520144
RECI.MI,2024-09-06,28.8299202970491,27.843986998916574,22.3457753712851,22.345775371284862,,23.171381206704392
RECI.MI,2024-09-09,29.0823223229961,28.087757313109424,22.5414095914617,22.54140959146169,,23.374243493533516
RECI.MI,2024-09-10,28.8579649665988,27.87107258938245,22.3675125068603,22.36751250686004,,23.19392146079652
RECI.MI,2024-09-11,28.5775182711022,27.600216684723726,22.1501411511085,22.15014115110824,,22.96851891987527
RECI.MI,2024-09-12,28.5494736015525,27.573131094257853,22.1284040155333,22.12840401553327,,22.945978665783144
RECI.MI,2024-09-13,28.5214289320029,27.546045503791984,22.1066668799581,22.10666687995809,,22.92343841169102
RECI.MI,2024-09-16,28.3531609147049,27.38353196099675,21.976244066507,21.976244066507007,,22.78819688713827
RECI.MI,2024-09-17,28.5775182711022,27.600216684723726,22.1501411511085,22.15014115110824,,22.96851891987527
RECI.MI,2024-09-18,28.184892897407,27.221018418201517,21.845821253056,21.845821253055725,,22.65295536258552
RECI.MI,2024-09-19,28.2409822365063,27.27518959913326,21.8892955242063,21.88929552420629,,22.698035870769772
RECI.MI,2024-09-20,28.0110159461991,27.053087757313108,21.7110510124899,21.71105101248981,,22.513205787214346
RECI.MI,2024-09-23,27.9437087392799,26.988082340195014,21.6588818871094,21.65888188710938,,22.459109177393245
RECI.MI,2024-09-24,27.9324908714601,26.977248104008666,21.6501870328793,21.65018703287931,,22.450093075756396
RECI.MI,2024-09-25,28.1288035583077,27.16684723726977,21.8023469819056,21.80234698190557,,22.60787485440127
RECI.MI,2024-09-26,28.4372949233539,27.464788732394368,22.0414554732326,22.041455473232553,,22.855817649414647
RECI.MI,2024-09-27,28.4653395929036,27.491874322860237,22.0631926088078,22.06319260880773,,22.87835790350677
RECI.MI,2024-09-30,28.4933842624532,27.518959913326107,22.0849297443829,22.084929744382702,,22.900898157598892
RECI.MI,2024-10-01,28.6616522797512,27.681473456121342,22.215352557834,22.21535255783399,,23.036139682151646
RECI.MI,2024-10-02,28.0110159461991,27.053087757313108,21.7110510124899,21.71105101248981,,22.513205787214346
RECI.MI,2024-10-03,27.7642228541621,26.814734561213434,21.5197642194283,21.51976421942823,,22.314851551203645
RECI.MI,2024-10-04,29.0823223229961,28.087757313109424,22.5414095914617,22.54140959146148,,23.374243493533516
RECI.MI,2024-10-07,29.7273497226382,28.710725893824485,23.0413637096909,23.04136370969083,,23.89266933765239
RECI.MI,2024-10-08,29.2225456707444,28.223185265438786,22.6500952693376,22.65009526933738,,23.486944763994142
RECI.MI,2024-10-09,29.5871263748899,28.575297941495123,22.932678031815,22.932678031814724,,23.779968067191763
RECI.MI,2024-10-10,29.2225456707444,28.223185265438786,22.6500952693376,22.65009526933759,,23.486944763994142
RECI.MI,2024-10-11,29.4749476966913,28.466955579631634,22.8457294895142,22.84572948951421,,23.689807050823266
RECI.MI,2024-10-14,30.3443324527307,29.306608884073672,23.5195806923448,23.519580692344793,,24.388554927679138
RECI.MI,2024-10-15,29.9517070790355,28.92741061755146,23.2152607942923,23.21526079429227,,24.07299137038939
RECI.MI,2024-10-16,30.0358410876845,29.008667388949075,23.2804722010179,23.280472201017812,,24.140612132665762
RECI.MI,2024-10-17,30.568689809128,29.52329360780065,23.6934777769463,23.693477776946025,,24.568876960416137
RECI.MI,2024-10-18,30.40042179183,29.360780065005418,23.5630549634952,23.563054963495155,,24.433635435863387
RECI.MI,2024-10-21,30.1480197658831,29.117009750812567,23.3674207433186,23.367420743318533,,24.230773149034263
RECI.MI,2024-10-22,29.9236624094858,28.90032502708559,23.1935236587171,23.19352365871688,,24.050451116297264
RECI.MI,2024-10-23,30.1199750963334,29.089924160346694,23.3456836077434,23.345683607743144,,24.20823289494214
RECI.MI,2024-10-24,30.1760644354328,29.144095341278437,23.3891578788937,23.389157878893503,,24.253313403126388
RECI.MI,2024-10-25,30.1480197658831,29.117009750812567,23.3674207433186,23.367420743318533,,24.230773149034263
RECI.MI,2024-10-28,30.3443324527307,29.306608884073672,23.5195806923448,23.519580692344793,,24.388554927679138
RECI.MI,2024-10-29,30.2041091049824,29.17118093174431,23.4108950144689,23.410895014468892,,24.275853657218512
RECI.MI,2024-10-30,29.7834390617375,28.764897074756227,23.0848379808412,23.084837980840984,,23.937749845836642
RECI.MI,2024-10-31,29.2225456707444,28.223185265438786,22.6500952693376,22.65009526933738,,23.486944763994142
RECI.MI,2024-11-01,29.5310370357906,28.521126760563376,22.8892037606646,22.88920376066457,,23.734887559007515
RECI.MI,2024-11-04,29.1103669925457,28.114842903575298,22.5631467270369,22.56314672703687,,23.39678374762564
RECI.MI,2024-11-05,29.0262329838967,28.033586132177682,22.4979353203114,22.49793532031133,,23.329162985349267
RECI.MI,2024-11-06,29.0262329838967,28.033586132177682,22.4979353203114,22.497935320311125,,23.329162985349267
RECI.MI,2024-11-07,29.1945010011947,28.19609967497291,22.6283581337625,22.628358133762408,,23.464404509902014
RECI.MI,2024-11-08,28.8860096361485,25.520317145688804,22.3892496424355,20.305174044690464,,20.97058497547337
RECI.MI,2024-11-11,29.3627690184926,25.941526263627356,22.7587809472135,20.640307985233896,,21.31670142652487
RECI.MI,2024-11-12,26.0867787810499,25.297324083250743,20.1277501938146,20.12775019381434,,20.787346854328455
RECI.MI,2024-11-13,26.5211325903328,25.7185332011893,20.462884134358,20.462884134357772,,21.133463305379955
RECI.MI,2024-11-14,26.5977832625592,25.792864222001985,20.5220254179833,20.522025417983272,,21.194542679094926
RECI.MI,2024-11-15,26.1634294532763,25.371655104063432,20.1868914774399,20.18689147743984,,20.848426228043426
RECI.MI,2024-11-18,25.5502240754651,24.777006937561946,19.7137612084374,19.713761208437155,,20.35979123832366
RECI.MI,2024-11-19,25.4991236273142,24.72745292368682,19.6743336860205,19.674333686020468,,20.319071655847008
RECI.MI,2024-11-20,25.7801760921443,25.000000000000004,19.8911850593133,19.891185059313088,,20.543029359468573
RECI.MI,2024-11-21,25.8823769884462,25.09910802775025,19.9700401041471,19.970040104147028,,20.624468524421864
RECI.MI,2024-11-22,26.6233334866347,25.817641228939546,20.5417391791918,20.54173917919152,,21.21490247033325
RECI.MI,2024-11-25,26.6999841588611,25.891972249752232,20.6008804628171,20.600880462817024,,21.27598184404822
RECI.MI,2024-11-26,26.4444819181064,25.644202180376613,20.4037428507327,20.403742850732463,,21.072383931664984
RECI.MI,2024-11-27,26.418931694031,25.61942517343905,20.3840290895243,20.384029089524212,,21.052024140426663
RECI.MI,2024-11-28,26.2400801255027,25.445986124876118,20.2460327610652,20.24603276106496,,20.909505601758397
RECI.MI,2024-11-29,26.3422810218046,25.545094152626366,20.3248878058989,20.3248878058989,,20.99094476671169
RECI.MI,2024-12-02,26.1378792292008,25.34687809712587,20.1671777162314,20.1671777162314,,20.828066436805102
RECI.MI,2024-12-03,26.4444819181064,25.644202180376613,20.4037428507327,20.403742850732463,,21.072383931664984
RECI.MI,2024-12-04,26.4444819181064,25.644202180376613,20.4037428507327,20.403742850732648,,21.072383931664984
RECI.MI,2024-12-05,26.2656303495782,25.47076313181368,20.2657465222736,20.2657465222734,,20.92986539299672
RECI.MI,2024-12-06,26.5466828144083,25.74331020812686,20.4825978955664,20.482597895566208,,21.153823096618282
RECI.MI,2024-12-09,26.1378792292008,25.34687809712587,20.1671777162314,20.1671777162314,,20.828066436805102
RECI.MI,2024-12-10,26.0867787810499,25.297324083250743,20.1277501938146,20.127750193814524,,20.787346854328455
RECI.MI,2024-12-11,26.1123290051254,25.32210109018831,20.147463955023,20.147463955022964,,20.80770664556678
RECI.MI,2024-12-12,26.1634294532763,25.371655104063432,20.1868914774399,20.186891477439648,,20.848426228043426
RECI.MI,2024-12-13,25.8823769884462,25.09910802775025,19.9700401041471,19.970040104147028,,20.624468524421864
RECI.MI,2024-12-16,25.9845778847481,25.1982160555005,20.0488951489808,20.048895148980588,,20.70590768937516
RECI.MI,2024-12-17,25.8568267643707,25.07433102081269,19.9503263429386,19.9503263429384,,20.60410873318354
RECI.MI,2024-12-18,25.9334774365971,25.148662041625375,20.0094676265639,20.009467626563715,,20.665188106898512
RECI.MI,2024-12-19,25.7290756439934,24.95044598612488,19.8517575368964,19.851757536896212,,20.502309776991925
RECI.MI,2024-12-20,25.7546258680689,24.97522299306244,19.8714712981049,19.87147129810484,,20.522669568230246
RECI.MI,2024-12-23,25.8057263162198,25.024777006937565,19.9108988205218,19.910898820521716,,20.563389150706893
RECI.MI,2024-12-27,26.0101281088235,25.22299306243806,20.0686089101893,20.068608910189212,,20.726267480613483
RECI.MI,2024-12-30,25.8568267643707,25.07433102081269,19.9503263429386,19.95032634293859,,20.60410873318354
RECI.MI,2025-01-02,26.4444819181064,25.644202180376613,20.4037428507327,20.403742850732648,,21.072383931664984
RECI.MI,2025-01-03,26.2400801255027,25.445986124876118,20.2460327610652,20.24603276106496,,20.909505601758397
RECI.MI,2025-01-06,26.4700321421819,25.668979187314175,20.4234566119411,20.423456611941084,,21.092743722903307
RECI.MI,2025-01-07,26.8788357273893,26.065411298315166,20.7388767912761,20.738876791276084,,21.418500382716488
RECI.MI,2025-01-08,27.2620890885213,26.437066402378598,21.0345832094027,21.034583209402644,,21.723897251291344
RECI.MI,2025-01-09,27.5942420015024,26.7591674925669,21.2908621051124,21.29086210511233,,21.98857453738955
RECI.MI,2025-01-10,27.2620890885213,26.437066402378598,21.0345832094027,21.034583209402644,,21.723897251291344
RECI.MI,2025-01-13,26.8788357273893,26.065411298315166,20.7388767912761,20.738876791276084,,21.418500382716488
RECI.MI,2025-01-14,26.9043859514648,26.090188305252727,20.7585905524846,20.75859055248452,,21.43886017395481
RECI.MI,2025-01-15,27.6964428978042,26.85827552031715,21.3697171499461,21.36971714994608,,22.070013702342845
RECI.MI,2025-01-16,27.8752944663325,27.03171456888008,21.5077134784052,21.507713478404952,,22.212532241011107
RECI.MI,2025-01-17,28.0541460348607,27.205153617443013,21.6457098068642,21.6457098068642,,22.355050779679374
RECI.MI,2025-01-20,27.9008446904079,27.056491575817645,21.5274272396136,21.527427239613388,,22.232892032249435
RECI.MI,2025-01-21,28.1818971552381,27.329038652130826,21.7442786129064,21.74427861290639,,22.456849735870993
RECI.MI,2025-01-22,28.4884998441436,27.62636273538157,21.9808437474077,21.980843747407636,,22.701167230730878
RECI.MI,2025-01-23,28.5140500682191,27.651139742319128,22.0005575086161,22.000557508615884,,22.7215270219692
RECI.MI,2025-01-24,28.616250964521,27.75024777006938,22.0794125534499,22.079412553449824,,22.802966186922497
RECI.MI,2025-01-27,29.0250545497284,28.14667988107037,22.3948327327849,22.394832732784632,,23.128722846735673
RECI.MI,2025-01-28,29.3827576867849,28.493557978196236,22.670825389703,22.670825389702944,,23.413759924072206
RECI.MI,2025-01-29,29.714910599766,28.81565906838454,22.9271042854127,22.92710428541263,,23.67843721017041
RECI.MI,2025-01-30,30.1492644090489,29.236868186323097,23.2622382259561,23.262238225956064,,24.024553661221915
RECI.MI,2025-01-31,30.0215132886715,29.112983151635284,23.1636694199139,23.163669419913877,,23.922754705030297
RECI.MI,2025-02-03,30.2770155294262,29.360753221010906,23.3608070319983,23.36080703199825,,24.126352617413534
RECI.MI,2025-02-04,30.2003648571998,29.28642220019822,23.301665748373,23.30166574837294,,24.065273243698563
RECI.MI,2025-02-05,30.3792164257281,29.459861248761154,23.4396620768321,23.439662076832,,24.20779178236683
RECI.MI,2025-02-06,30.4814173220299,29.558969276511398,23.5185171216658,23.51851712166575,,24.289230947320124
RECI.MI,2025-02-07,29.9448626164452,29.0386521308226,23.1045281362886,23.104528136288565,,23.861675331315325
RECI.MI,2025-02-10,29.8937621682942,28.989098116947474,23.0651006138717,23.06510061387169,,23.820955748838678
RECI.MI,2025-02-11,29.9193123923697,29.013875123885036,23.0848143750802,23.08481437507994,,23.841315540077
RECI.MI,2025-02-12,30.1748146331243,29.261645193260655,23.2819519871645,23.2819519871645,,24.04491345246024
RECI.MI,2025-02-13,31.145723147992,30.62814070351759,24.0310749130852,22.36493365396408,,23.030680560244143
RECI.MI,2025-02-14,30.4558670979544,29.949748743718594,23.4988033604574,21.86956596843739,,22.52056704496392
RECI.MI,2025-02-17,30.5325177701808,30.025125628140703,23.5579446440827,21.924606822384973,,22.577246324439496
RECI.MI,2025-02-18,30.6091684424072,30.100502512562812,23.617085927708,21.97964767633221,,22.633925603915078
RECI.MI,2025-02-19,28.5396002922946,28.06532663316583,22.0202712698245,20.493544619752317,,21.103585058074408
RECI.MI,2025-02-20,28.0285958107853,27.56281407035176,21.6259960456558,20.12660559343607,,20.725723194903875
RECI.MI,2025-02-21,27.6453424496533,27.185929648241206,21.3302896275292,19.851401323699022,,20.442326797525972
RECI.MI,2025-02-24,27.6964428978042,27.236180904522616,21.3697171499461,19.888095226330808,,20.480112983843025
RECI.MI,2025-02-25,27.4409406570496,26.984924623115578,21.1725795378617,19.704625713172774,,20.29118205225776
RECI.MI,2025-02-26,27.6708926737288,27.21105527638191,21.3500033887377,19.869748275015002,,20.461219890684497
RECI.MI,2025-02-27,27.849744242257,27.386934673366834,21.4879997171967,19.998176934225626,,20.593471542794187
RECI.MI,2025-02-28,27.7475433459551,27.28643216080402,21.409144672363,19.92478912896241,,20.517899170160078
RECI.MI,2025-03-03,28.0796962589362,27.61306532663317,21.6654235680727,20.163299496067857,,20.763509381220928
RECI.MI,2025-03-04,27.7219931218797,27.261306532663315,21.3894309111546,19.906442177646436,,20.499006077001553
RECI.MI,2025-03-05,27.517591329276,27.06030150753769,21.2317208214871,19.75966656712018,,20.347861331733338
RECI.MI,2025-03-06,27.3642899848232,26.909547738693465,21.1134382542364,19.64958485922536,,20.234502772782175
RECI.MI,2025-03-07,27.3642899848232,26.909547738693465,21.1134382542364,19.64958485922536,,20.234502772782175
RECI.MI,2025-03-10,27.6453424496533,27.185929648241206,21.3302896275292,19.851401323699022,,20.442326797525972
RECI.MI,2025-03-11,26.7255343829365,26.281407035175878,20.6205942240255,19.190911076330103,,19.762175443819007
RECI.MI,2025-03-12,27.0832375199931,26.633165829145728,20.8965868809436,19.447768394751527,,20.026678748038382
RECI.MI,2025-03-13,27.0576872959176,26.608040201005025,20.8768731197352,19.429421443435547,,20.007785654879857
RECI.MI,2025-03-14,26.9299361755403,26.48241206030151,20.778304313693,19.337686686856706,,19.913320189087223
RECI.MI,2025-03-17,27.2620890885213,26.809045226130653,21.0345832094027,19.576197053961973,,20.15893040014807
RECI.MI,2025-03-18,27.3131895366722,26.859296482412063,21.0740107318196,19.612890956593578,,20.196716586465126
RECI.MI,2025-03-19,27.2365388644458,26.78391959798995,21.0148694481942,19.557850102646345,,20.14003730698954
RECI.MI,2025-03-20,27.5942420015024,27.1356783919598,21.2908621051124,19.81470742106759,,20.40454061120892
RECI.MI,2025-03-21,27.3131895366722,26.859296482412063,21.0740107318196,19.612890956593755,,20.196716586465126
RECI.MI,2025-03-24,27.2365388644458,26.78391959798995,21.0148694481942,19.557850102646345,,20.14003730698954
RECI.MI,2025-03-25,27.5431415533514,27.08542713567839,21.2514345826955,19.77801351843581,,20.366754424891866
RECI.MI,2025-03-26,27.0832375199931,26.633165829145728,20.8965868809436,19.447768394751527,,20.026678748038382
RECI.MI,2025-03-27,27.1598881922194,26.708542713567837,20.9557281645689,19.50280924869876,,20.083358027513963
RECI.MI,2025-03-28,27.2109886403704,26.758793969849247,20.9951556869858,19.539503151330543,,20.121144213831016
RECI.MI,2025-03-31,27.1830934672218,26.281407035175878,19.1909110763303,19.190911076330103,,19.762175443819007
RECI.MI,2025-04-01,27.4689577388656,26.55778894472362,19.3927275408042,19.392727540804117,,19.969999468562804
RECI.MI,2025-04-02,26.8712415345194,25.979899497487438,18.9707476605407,18.970747660540642,,19.535458325916686
RECI.MI,2025-04-03,26.6893279071097,25.804020100502512,18.8423190013301,18.84231900132984,,19.403206673807
RECI.MI,2025-04-04,26.3255006522903,25.452261306532662,18.5854616829088,18.585461682908768,,19.138703369587624
RECI.MI,2025-04-07,24.0957593334685,23.2964824120603,17.0112932600129,17.011293260012756,,17.517675976586027
RECI.MI,2025-04-08,24.6363026834859,23.819095477386934,17.3929098473816,17.392909847381535,,17.910652314283382
RECI.MI,2025-04-09,23.2745492440189,22.502512562814072,16.4315295984335,16.43152959843342,,16.92065423277658
RECI.MI,2025-04-10,23.8358827228832,23.045226130653266,16.8278237468548,16.827823746854722,,17.32874504500076
RECI.MI,2025-04-11,24.2412902353962,23.43718592964824,17.1140361873814,17.11403618738122,,17.623477298273777
RECI.MI,2025-04-14,24.7610434565668,23.939698492462313,17.4809752136974,17.48097521369739,,18.001339161444314
RECI.MI,2025-04-15,25.1352657758096,24.30150753768844,17.745171312645,17.745171312644977,,18.273399702927097
RECI.MI,2025-04-16,25.2080312267735,24.371859296482413,17.7965427763293,17.796542776329225,,18.326300363770972
RECI.MI,2025-04-17,25.1352657758096,24.30150753768844,17.745171312645,17.745171312644803,,18.273399702927097
RECI.MI,2025-04-22,25.1040805825394,24.271356783919597,17.723154971066,17.723154971066013,,18.250727991136866
RECI.MI,2025-04-23,25.4575127729354,24.613065326633166,17.972673508961,17.972673508960764,,18.507674058092828
RECI.MI,2025-04-24,25.5822535460164,24.733668341708544,18.0607388752768,18.060738875276794,,18.59836090525376
RECI.MI,2025-04-25,25.7069943190973,24.85427135678392,18.1488042415927,18.148804241592472,,18.689047752414687
RECI.MI,2025-04-28,25.4886979662056,24.64321608040201,17.9946898505399,17.994689850539903,,18.530345769883063
RECI.MI,2025-04-29,26.065624041705,25.201005025125628,18.4019921697508,18.40199216975056,,18.949772438002356
RECI.MI,2025-04-30,26.949204517695,26.05527638190955,19.0257885144881,19.02578851448787,,19.592137605392267
RECI.MI,2025-05-02,27.39099475569,26.48241206030151,19.3376866868567,19.33768668685653,,19.913320189087223
RECI.MI,2025-05-05,27.6248837052168,26.708542713567837,19.502809248699,19.502809248698934,,20.083358027513963
RECI.MI,2025-05-06,27.6508713662753,26.733668341708544,19.5211562000148,19.52115620001474,,20.10225112067249
RECI.MI,2025-05-07,27.5469207220412,26.633165829145728,19.4477683947516,19.447768394751353,,20.026678748038382
RECI.MI,2025-05-08,27.2870441114559,26.395173453996982,19.2642988815935,18.810665573568095,,18.557122702017924
RECI.MI,2025-05-09,27.1051304840462,26.219205630970336,19.1358702223829,18.685261136411143,,18.43340855067114
RECI.MI,2025-05-12,26.8452538734609,25.967823026646553,18.9524007092249,18.506111940472397,,18.256674048747158
RECI.MI,2025-05-13,25.5436982339062,26.018099547511312,18.5419417796602,18.541941779659975,,18.292020949131953
RECI.MI,2025-05-14,24.8526609869986,25.314228255404725,18.0403240310317,18.04032403103166,,17.79716434374481
RECI.MI,2025-05-15,25.2228595121277,25.6913021618904,18.3090478249398,18.30904782493978,,18.06226609663078
RECI.MI,2025-05-16,25.4202987255299,25.892408245349422,18.4523671816908,18.452367181690605,,18.203653698169962
RECI.MI,2025-05-19,25.3956188238546,25.867269984917044,18.4344522620969,18.434452262096727,,18.185980247977568
RECI.MI,2025-05-20,25.4202987255299,25.892408245349422,18.4523671816908,18.452367181690605,,18.203653698169962
RECI.MI,2025-05-21,25.88921685736,26.370035193564604,18.7927506539744,18.792750653974217,,18.539449251825527
RECI.MI,2025-05-22,25.4696585288804,25.942684766214178,18.4881970208786,18.488197020878523,,18.23900059855476
RECI.MI,2025-05-23,25.3462590205041,25.81699346405229,18.3986224229092,18.39862242290915,,18.15063334759277
RECI.MI,2025-05-26,25.4943384305557,25.967823026646553,18.5061119404724,18.506111940472397,,18.256674048747158
RECI.MI,2025-05-27,25.5683781355815,26.043237807943687,18.5598566992541,18.55985669925402,,18.30969439932435
RECI.MI,2025-05-28,25.5683781355815,26.043237807943687,18.5598566992541,18.55985669925402,,18.30969439932435
RECI.MI,2025-05-29,25.4943384305557,25.967823026646553,18.5061119404724,18.506111940472397,,18.256674048747158
RECI.MI,2025-05-30,26.0619761690869,26.54600301659125,18.9181550911315,18.91815509113134,,18.663163403172312
RECI.MI,2025-06-02,26.0619761690869,26.54600301659125,18.9181550911315,18.91815509113151,,18.663163403172312
RECI.MI,2025-06-03,26.2347354808139,26.721970839617896,19.0435595282887,19.043559528288462,,18.786877554519098
RECI.MI,2025-06-04,25.9632565623859,26.445449974861738,18.846495412756,18.846495412756013,,18.59246960240272
RECI.MI,2025-06-05,26.1360158741128,26.621417797888387,18.9718998499132,18.971899849912962,,18.716183753749508
RECI.MI,2025-06-06,27.1232119411236,27.62694821518351,19.6884966336682,19.688496633668116,,19.42312176144543
RECI.MI,2025-06-09,26.8764129243709,27.375565610859727,19.5093474377294,19.50934743772937,,19.24638725952145
RECI.MI,2025-06-10,27.1972516461494,27.702362996480645,19.7422413924498,19.742241392449568,,19.47614211202262
RECI.MI,2025-06-11,27.2712913511753,27.777777777777775,19.7959861512314,19.795986151231194,,19.529162462599814
RECI.MI,2025-06-12,27.2959712528505,27.802916038210153,19.8139010708253,19.813901070825235,,19.54683591279221
RECI.MI,2025-06-13,26.8270531210204,27.32528908999497,19.4735175985417,19.47351759854145,,19.21104035913665
RECI.MI,2025-06-16,26.9998124327473,27.50125691302162,19.5989220356988,19.598922035698745,,19.33475451048344
RECI.MI,2025-06-17,26.7776933176698,27.275012569130215,19.4376877593539,19.437687759353874,,19.175693458751855
RECI.MI,2025-06-18,26.4074947925407,26.897938662644545,19.1689639654458,19.168963965445755,,18.910591705865883
RECI.MI,2025-06-19,26.3087751858397,26.79738562091503,19.0973042870703,19.097304287070084,,18.83989790509629
RECI.MI,2025-06-20,26.6296139076182,27.124183006535947,19.3301982417907,19.330198241790626,,19.069652757597467
RECI.MI,2025-06-23,26.6049340059429,27.09904474610357,19.3122833221968,19.312283322196752,,19.05197930740507
RECI.MI,2025-06-24,26.8023732193451,27.300150829562593,19.4556026789478,19.455602678947745,,19.193366908944252
RECI.MI,2025-06-25,26.3334550875149,26.82252388134741,19.1152192066642,19.115219206664133,,18.85757135528869
RECI.MI,2025-06-26,26.3828148908655,26.872800402212167,19.1510490458519,19.151049045851707,,18.892918255673486
RECI.MI,2025-06-27,26.5555742025924,27.04876822523881,19.276453483009,19.276453483009,,19.01663240702027
RECI.MI,2025-06-30,26.3581349891902,26.847662141779786,19.133134126258,19.133134126258003,,18.87524480548109
RECI.MI,2025-07-01,26.6789737109687,27.1744595274007,19.3660280809784,19.366028080978374,,19.104999657982262
RECI.MI,2025-07-02,26.3581349891902,26.847662141779786,19.133134126258,19.133134126257836,,18.87524480548109
RECI.MI,2025-07-03,26.4074947925407,26.897938662644545,19.1689639654458,19.168963965445585,,18.910591705865883
RECI.MI,2025-07-04,26.6789737109687,27.1744595274007,19.3660280809784,19.366028080978374,,19.104999657982262
RECI.MI,2025-07-07,26.5308943009171,27.023629964806435,19.2585385634152,19.258538563415126,,18.998958956827874
RECI.MI,2025-07-08,26.432174694216,26.92307692307692,19.1868788850397,19.18687888503963,,18.92826515605828
RECI.MI,2025-07-09,26.6049340059429,27.09904474610357,19.3122833221968,19.312283322196752,,19.05197930740507
RECI.MI,2025-07-10,26.9257727277215,27.425842131724483,19.5451772769172,19.54517727691712,,19.281734159906243
RECI.MI,2025-07-11,26.8764129243709,27.375565610859727,19.5093474377294,19.50934743772937,,19.24638725952145
RECI.MI,2025-07-14,26.6542938092935,27.149321266968325,19.3481131613845,19.34811316138433,,19.087326207789864
RECI.MI,2025-07-15,25.7164575456331,26.194067370537958,18.6673462168173,18.66734621681727,,18.41573510047874
RECI.MI,2025-07-16,25.6670977422826,26.143790849673202,18.6315163776296,18.63151637762952,,18.380388200093943
RECI.MI,2025-07-17,25.88921685736,26.370035193564604,18.7927506539744,18.792750653974217,,18.539449251825527
RECI.MI,2025-07-18,25.8645369556848,26.344896933132226,18.7748357343805,18.774835734380513,,18.521775801633126
RECI.MI,2025-07-21,25.6670977422826,26.143790849673202,18.6315163776296,18.63151637762935,,18.380388200093943
RECI.MI,2025-07-22,25.88921685736,26.370035193564604,18.7927506539744,18.79275065397439,,18.539449251825527
RECI.MI,2025-07-23,26.2347354808139,26.721970839617896,19.0435595282887,19.043559528288633,,18.786877554519098
RECI.MI,2025-07-24,26.6789737109687,27.1744595274007,19.3660280809784,19.366028080978204,,19.104999657982262
RECI.MI,2025-07-25,26.4815344975666,26.973353443941676,19.2227087242274,19.222708724227378,,18.96361205644308
RECI.MI,2025-07-28,26.4815344975666,26.973353443941676,19.2227087242274,19.222708724227378,,18.96361205644308
RECI.MI,2025-07-29,26.8023732193451,28.033040784718636,19.4556026789478,19.75123054236545,,19.480552169045854
RECI.MI,2025-07-30,25.6424178406073,26.819824470831183,18.6136014580357,18.896435113736203,,18.637471181987703
RECI.MI,2025-07-31,24.8773408886739,26.019617965926688,18.0582389506256,18.33263387357677,,18.08139648839615
RECI.MI,2025-08-01,25.6756962063779,26.174496644295303,18.4417566942529,18.44175669425265,,18.18902384844613
RECI.MI,2025-08-04,25.5997326081342,26.097057305110994,18.3871952839148,18.387195283914625,,18.13521016842114
RECI.MI,2025-08-05,25.5237690098905,26.019617965926688,18.3326338735768,18.3326338735766,,18.08139648839615
RECI.MI,2025-08-06,25.4478054116467,25.942178626742383,18.2780724632388,18.278072463238747,,18.027582808371164
RECI.MI,2025-08-07,25.4478054116467,25.942178626742383,18.2780724632388,18.278072463238747,,18.027582808371164
RECI.MI,2025-08-08,25.1794006978523,25.66855962829117,18.0852888133778,18.08528881337755,,17.837441138949536
RECI.MI,2025-08-11,25.6250538075488,26.122870418172432,18.4053824206942,18.405382420694142,,18.153148061762803
RECI.MI,2025-08-12,25.4478054116467,25.942178626742383,18.2780724632388,18.278072463238747,,18.027582808371164
RECI.MI,2025-08-13,25.7263386052071,26.22612287041817,18.4781309678115,18.47813096781151,,18.224899635129454
RECI.MI,2025-08-14,25.9289082005236,26.432627774909655,18.6236280620463,18.623628062046247,,18.36840278186276
RECI.MI,2025-08-18,26.207441394084,26.716572018585442,18.823686566619,18.82368656661901,,18.56571960862105
RECI.MI,2025-08-19,26.4859745876443,27.000516262261225,19.0237450711918,19.0237450711916,,18.763036435379338
RECI.MI,2025-08-20,26.561938185888,27.077955601445534,19.0783064815298,19.078306481529797,,18.81685011540433
RECI.MI,2025-08-21,26.384689789986,26.897263810015488,18.9509965240744,18.9509965240744,,18.69128486201269
RECI.MI,2025-08-22,26.561938185888,27.077955601445534,19.0783064815298,19.078306481529797,,18.81685011540433
RECI.MI,2025-08-25,26.4859745876443,27.000516262261225,19.0237450711918,19.02374507119177,,18.763036435379338
RECI.MI,2025-08-26,26.6885441829609,27.20702116675271,19.1692421654265,19.169242165426507,,18.906539582112643
RECI.MI,2025-08-27,26.8404713794483,27.36189984512132,19.2783649861026,19.278364986102385,,19.01416694216262
RECI.MI,2025-08-28,26.916434977692,27.439339184305627,19.3329263964406,19.332926396440413,,19.06798062218761
RECI.MI,2025-08-29,26.7138653823754,27.232834279814146,19.1874293022059,19.18742930220585,,18.924477475454307
RECI.MI,2025-09-01,26.9923985759357,27.51677852348993,19.3874878067786,19.38748780677861,,19.121794302212596
RECI.MI,2025-09-02,26.916434977692,27.439339184305627,19.3329263964406,19.332926396440413,,19.06798062218761
RECI.MI,2025-09-03,27.574786162471,28.110480123902942,19.8057919527035,19.805791952703302,,19.534365849070845
RECI.MI,2025-09-04,27.4988225642272,28.033040784718636,19.7512305423655,19.75123054236545,,19.480552169045854
RECI.MI,2025-09-05,27.3722165671544,27.90397521941146,19.6602948584688,19.660294858468568,,19.39086270233754
RECI.MI,2025-09-08,27.4228589659835,27.95560144553433,19.6966691320275,19.696669132027427,,19.426738489020867
RECI.MI,2025-09-09,27.4735013648127,28.0072276716572,19.7330434055861,19.73304340558594,,19.46261427570419
RECI.MI,2025-09-10,27.4228589659835,27.95560144553433,19.6966691320275,19.696669132027427,,19.426738489020867
RECI.MI,2025-09-11,27.6507497607147,28.187919463087248,19.8603533630415,19.86035336304133,,19.588179529095832
RECI.MI,2025-09-12,27.2962529689106,27.826535880227155,19.6057334481307,19.605733448130714,,19.337049022312552
RECI.MI,2025-09-15,27.1190045730086,27.645844088797105,19.4784234906754,19.478423490675322,,19.21148376892091
RECI.MI,2025-09-16,26.8404713794483,27.36189984512132,19.2783649861026,19.27836498610256,,19.01416694216262
RECI.MI,2025-09-17,26.7138653823754,27.232834279814146,19.1874293022059,19.18742930220585,,18.924477475454307
RECI.MI,2025-09-18,26.8911137782775,27.413526071244192,19.3147392596613,19.314739259661245,,19.050042728845945
RECI.MI,2025-09-19,26.73918658179,27.258647392875577,19.2056164389852,19.205616438985018,,18.942415368795967
RECI.MI,2025-09-22,26.7645077812046,27.284460505937016,19.2238035757646,19.223803575764357,,18.96035326213763
RECI.MI,2025-09-23,26.5872593853026,27.10376871450697,19.0964936183092,19.09649361830914,,18.834788008745992
RECI.MI,2025-09-24,26.4859745876443,27.000516262261225,19.0237450711918,19.02374507119177,,18.763036435379338
RECI.MI,2025-09-25,25.6756962063779,26.174496644295303,18.4417566942529,18.441756694252827,,18.18902384844613
RECI.MI,2025-09-26,25.6250538075488,26.122870418172432,18.4053824206942,18.405382420694142,,18.153148061762803
RECI.MI,2025-09-29,25.9035870011091,26.406814661848216,18.6054409252669,18.605440925266905,,18.350464888521095
RECI.MI,2025-09-30,26.1821201946694,26.690758905524007,18.8054994298397,18.805499429839667,,18.54778171527939
RECI.MI,2025-10-01,26.8404713794483,27.36189984512132,19.2783649861026,19.27836498610256,,19.01416694216262
RECI.MI,2025-10-02,26.7898289806191,27.31027361899845,19.2419907125439,19.241990712543874,,18.978291155479294
RECI.MI,2025-10-03,27.1696469718378,27.69747031491998,19.514797764234,19.514797764234004,,19.247359555604238
RECI.MI,2025-10-06,27.0683621741795,27.59421786267424,19.4420492171167,19.442049217116463,,19.175607982237587
RECI.MI,2025-10-07,27.0683621741795,27.59421786267424,19.4420492171167,19.44204921711664,,19.175607982237587
RECI.MI,2025-10-08,27.3722165671544,27.90397521941146,19.6602948584688,19.660294858468742,,19.39086270233754
RECI.MI,2025-10-09,26.6379017841317,27.15539494062984,19.1328678918679,19.132867891867825,,18.87066379542932
RECI.MI,2025-10-10,26.0808353970111,26.587506453278266,18.7327508827223,18.7327508827223,,18.476030141912734
RECI.MI,2025-10-13,26.4606533882297,26.974703149199794,19.0055579344125,19.00555793441243,,18.745098542037677
RECI.MI,2025-10-14,26.207441394084,26.716572018585442,18.823686566619,18.82368656661901,,18.56571960862105
RECI.MI,2025-10-15,26.0048717987674,26.51006711409396,18.6781894723843,18.678189472384272,,18.422216461887746
RECI.MI,2025-10-16,26.5112957870588,27.026329375322664,19.0419322079711,19.041932207971115,,18.780974328721005
RECI.MI,2025-10-17,26.384689789986,26.897263810015488,18.9509965240744,18.9509965240744,,18.69128486201269
RECI.MI,2025-10-20,26.1567989952548,26.664945792462568,18.7873122930604,18.787312293060324,,18.52984382193772
RECI.MI,2025-10-21,25.8782658016945,26.381001548786784,18.5872537884876,18.587253788487562,,18.332526995179432
RECI.MI,2025-10-22,26.0808353970111,26.587506453278266,18.7327508827223,18.7327508827223,,18.476030141912734
RECI.MI,2025-10-23,25.9795505993528,26.48425400103252,18.660002335605,18.66000233560493,,18.404278568546083
RECI.MI,2025-10-24,26.207441394084,26.716572018585442,18.823686566619,18.82368656661901,,18.56571960862105
RECI.MI,2025-10-27,26.0048717987674,26.51006711409396,18.6781894723843,18.678189472384272,,18.422216461887746
RECI.MI,2025-10-28,25.6503750069633,26.148683531233864,18.4235695574735,18.42356955747348,,18.171085955104466
RECI.MI,2025-10-29,25.7263386052071,26.22612287041817,18.4781309678115,18.47813096781151,,18.224899635129454
RECI.MI,2025-10-30,26.1061565964257,26.613319566339698,18.7509380195017,18.75093801950164,,18.493968035254397
RECI.MI,2025-10-31,26.0808353970111,26.587506453278266,18.7327508827223,18.7327508827223,,18.476030141912734
RECI.MI,2025-11-03,25.8276234028653,26.329375322663914,18.5508795149289,18.550879514928877,,18.296651208496105
RECI.MI,2025-11-04,25.9289082005236,26.432627774909655,18.6236280620463,18.623628062046247,,18.36840278186276
RECI.MI,2025-11-05,25.7516598046216,26.25193598347961,18.4963181045909,18.496318104590852,,18.242837528471117
RECI.MI,2025-11-06,25.371841813403,25.86473928755808,18.2235110529008,18.223511052900722,,17.973769128346174
RECI.MI,2025-11-07,25.1794006978523,25.66855962829117,18.0852888133778,18.085288813377723,,17.837441138949536
RECI.MI,2025-11-10,25.4984478104759,25.993804852865257,18.3144467367975,18.314446736797432,,18.063458595054488
RECI.MI,2025-11-11,26.4353321888151,27.130977130977133,18.9873707976331,20.229779905377335,,19.923038672621036
RECI.MI,2025-11-12,27.0683621741795,27.780665280665282,19.4420492171167,20.714209500812615,,20.40012293202288
RECI.MI,2025-11-13,26.384689789986,27.07900207900208,18.9509965240744,20.19102553774251,,19.88487193186889
RECI.MI,2025-11-14,26.73918658179,27.442827442827443,19.2056164389852,20.462306111186265,,20.15203911713392
RECI.MI,2025-11-17,26.6102376841709,27.156964656964657,20.2491570891948,20.249157089194743,,19.94212204299711
RECI.MI,2025-11-18,26.4065229459188,26.94906444906445,20.0941396186555,20.094139618655454,,19.78945507998852
RECI.MI,2025-11-19,25.5661996506292,26.091476091476093,19.4546925526809,19.454692552680886,,19.159703857578084
RECI.MI,2025-11-20,25.6935213620367,26.221413721413725,19.551578471768,19.55157847176794,,19.255120709458453
RECI.MI,2025-11-21,25.8463074157258,26.37733887733888,19.6678415746724,19.667841574672405,,19.369620931714895
RECI.MI,2025-11-24,25.5152709660662,26.03950103950104,19.4159381850461,19.415938185046063,,19.121537116825937
RECI.MI,2025-11-25,25.8208430734443,26.351351351351354,19.648464390855,19.648464390854997,,19.35053756133882
RECI.MI,2025-11-26,25.7444500465997,26.273388773388774,19.5903328394028,19.59033283940276,,19.2932874502106
RECI.MI,2025-11-27,25.7189857043182,26.24740124740125,19.5709556555854,19.57095565558535,,19.274204079834526
RECI.MI,2025-11-28,25.9227004425703,26.455301455301456,19.7259731261247,19.72597312612464,,19.426871042843118
RECI.MI,2025-12-01,25.6425926774737,26.16943866943867,19.5128241041332,19.512824104133117,,19.216953968706306
RECI.MI,2025-12-02,25.2198845956008,25.73804573804574,19.1911628527641,19.19116285276409,,18.90017002046348
RECI.MI,2025-12-03,25.189327384863,25.70686070686071,19.1679102321832,19.167910232183196,,18.877269976012194
RECI.MI,2025-12-04,24.8939410143975,25.405405405405407,18.9431348999013,18.943134899901228,,18.655902879649737
RECI.MI,2025-12-05,24.8430123298345,25.353430353430355,18.9043805322664,18.904380532266405,,18.617736138897587
RECI.MI,2025-12-08,25.0059841204362,25.51975051975052,19.0283945086979,19.028394508697836,,18.73986970930446
RECI.MI,2025-12-09,24.4966972748061,25.0,18.6408508323496,18.64085083234961,,18.358202301782985
RECI.MI,2025-12-10,24.0688963244768,24.563409563409564,18.3153141442171,18.3153141442171,,18.037601679464945
RECI.MI,2025-12-11,24.4865115378935,24.989604989604988,18.6330999588227,18.633099958822644,,18.350568953632553
RECI.MI,2025-12-12,24.5476259593691,25.051975051975056,18.6796051999845,18.679605199984437,,18.396369042535134
RECI.MI,2025-12-15,24.5883689070195,25.093555093555096,18.7106086940923,18.710608694092294,,18.42690243513685
RECI.MI,2025-12-16,24.4152113795053,24.916839916839916,18.5788438441339,18.578843844133893,,18.297135516579548
RECI.MI,2025-12-17,24.6800405392329,25.18711018711019,18.780366555835,18.780366555834973,,18.495602568490717
RECI.MI,2025-12-18,24.7309692237959,25.23908523908524,18.8191209234698,18.819120923469796,,18.533769309242864
RECI.MI,2025-12-19,24.5170687486313,25.02079002079002,18.6563525794036,18.65635257940354,,18.373468998083844
RECI.MI,2025-12-22,24.6596690654077,25.16632016632017,18.7648648087811,18.764864808781045,,18.48033587218986
RECI.MI,2025-12-23,24.7920836452715,25.301455301455302,18.8656261646316,18.865626164631582,,18.57956939814544
RECI.MI,2025-12-29,24.7004120130581,25.20790020790021,18.7958683028889,18.795868302888902,,18.510869264791577
RECI.MI,2025-12-30,24.7207834868833,25.22869022869023,18.8113700499429,18.81137004994283,,18.526135961092432
TTEF.PA,2024-01-02,8.6463945589085,8.537926207829045,5.42995691194374,5.317748131696939,5.509401673974508,5.426918751061386
TTEF.PA,2024-01-03,8.5910223783224,8.503493532365951,5.39518304722425,5.296302139876899,5.487182760948316,5.40503248411889
TTEF.PA,2024-01-04,8.7114975809031,8.605414251736711,5.47084176884676,5.359782275664215,5.552950743505843,5.469815834268679
TTEF.PA,2024-01-05,8.71276065899341,8.60816886577376,5.47163498497402,5.361497955009783,5.554728256547938,5.471566735624078
TTEF.PA,2024-01-08,8.44702219343975,8.339593997161618,5.30475057922877,5.194219218813477,5.381420734943642,5.300853853472607
TTEF.PA,2024-01-09,8.37328329008133,8.280369795365093,5.25844236772602,5.157332112883045,5.343204204538592,5.263209474331513
TTEF.PA,2024-01-10,8.35504047880142,8.232164049716761,5.24698583766279,5.12730772433499,5.312097726301925,5.232568700612019
TTEF.PA,2024-01-11,8.31368149899124,8.19222214617957,5.22101229727424,5.102430373823744,5.286323787191542,5.207180630958723
TTEF.PA,2024-01-12,8.38982518106468,8.283124409402141,5.26883071568651,5.159047792228648,5.344981717580688,5.264960375686913
TTEF.PA,2024-01-15,8.36119182957788,8.255578269031666,5.25084890098229,5.141890998772617,5.3272065871597345,5.2474513621329155
TTEF.PA,2024-01-16,8.25485220268587,8.205995216364808,5.18406735543498,5.11100877055176,5.295211352402019,5.2159351377357215
TTEF.PA,2024-01-17,8.07714729561737,8.024190689919667,5.07246823954352,4.997773933741953,5.177895491623726,5.100375648279341
TTEF.PA,2024-01-18,8.10660292680682,8.058623365382761,5.09096644791038,5.019219925561992,5.200114404649918,5.122261915221837
TTEF.PA,2024-01-19,8.09180646788416,8.026945303956715,5.08167423554926,4.999489613087521,5.179673004665822,5.1021265496347405
TTEF.PA,2024-01-22,8.0064410628545,7.953948031974953,5.02806455258562,4.954024110429037,5.132568909050295,5.055727663716649
TTEF.PA,2024-01-23,8.03552927785657,8.004908391660333,5.04633202268897,4.985764178322731,5.165452900329059,5.088119338791543
TTEF.PA,2024-01-24,8.16184085692323,8.106829111031095,5.12565600300685,5.049244314110012,5.2312208828865865,5.152902688941332
TTEF.PA,2024-01-25,8.14510001216845,8.117847567179286,5.11514271159172,5.056107031492424,5.238330935054967,5.159906294362931
TTEF.PA,2024-01-26,8.24363123131818,8.211504444438903,5.1770205579957,5.114440129242967,5.298766378486209,5.219436940446521
TTEF.PA,2024-01-29,8.31060005185762,8.292765558531809,5.21907714094427,5.16505266993826,5.351203013228022,5.271088530430812
TTEF.PA,2024-01-30,8.3463909310404,8.323066312939332,5.24155390053222,5.1839251427398585,5.37075565669107,5.290348445340209
TTEF.PA,2024-01-31,8.28240727687591,8.277615181328047,5.20137200936188,5.155616433537406,5.341426691496498,5.261458572976114
TTEF.PA,2024-02-01,8.39185161881451,8.343725918217189,5.27010332354535,5.196792737831882,5.384087004506785,5.303480205505706
TTEF.PA,2024-02-02,8.21671332530764,8.236295970772332,5.16011604724255,5.1298812433533945,5.314763995865067,5.235195052645118
TTEF.PA,2024-02-05,8.10459408192526,8.156412163697953,5.0897048884158,5.0801265423309045,5.263216117644302,5.184418913338527
TTEF.PA,2024-02-06,8.26233777702253,8.305161321698522,5.18876831441068,5.172773226993438,5.359201821917451,5.2789675865301104
TTEF.PA,2024-02-07,8.01329624675237,7.276585792547865,5.0323696248253,3.7439314484649326,3.7781320324215133,3.7720964141755684
TTEF.PA,2024-02-08,8.12547718779277,7.375035917160176,5.10281952993206,3.7945857701687475,3.8292490782446507,3.8231317998100725
TTEF.PA,2024-02-09,8.20421700446476,7.442330939047072,5.15226832721633,3.8292102432321595,3.8641898437440103,3.8580167469526447
TTEF.PA,2024-02-12,8.2095458379984,7.454792980137238,5.15561484769737,3.8356221826883155,3.8706603558735213,3.8644769223494175
TTEF.PA,2024-02-13,8.2278298926691,7.5146107773700335,5.16709727871079,3.8663994920780174,3.901718814095174,3.8954857642539262
TTEF.PA,2024-02-14,8.25649394853681,7.529565226678233,5.13048994145332,3.8332926266965797,3.9094834286505877,3.903237974730054
TTEF.PA,2024-02-15,8.19993921465069,7.446069551374122,5.09534748326794,3.7907850785355683,3.8661309973828635,3.8599547995716765
TTEF.PA,2024-02-16,8.22145484416798,7.463516408900354,5.10871704685153,3.799667252778189,3.875189714364179,3.8689990451271585
TTEF.PA,2024-02-19,8.19629564025852,7.438592326720022,5.09308340823967,3.7869784324316265,3.8622486901051567,3.856078694333613
TTEF.PA,2024-02-20,8.06600780532509,7.302756078837215,5.01212405299928,3.71782436154286,3.7917201078934863,3.785662782508791
TTEF.PA,2024-02-21,8.12058144759981,7.342634610325745,5.04603548374751,3.73812647409736,3.812425746707922,3.8063353437784633
TTEF.PA,2024-02-22,8.15402276571285,7.368804896615093,5.06681553243128,3.751449735461224,3.8260138221798954,3.8199017121116863
TTEF.PA,2024-02-23,8.2232827097446,7.434853714392972,5.1098528614011,3.785075109379642,3.8603075364663035,3.854140641714581
TTEF.PA,2024-02-26,8.18044680682297,7.376282121269193,5.0832351262653,3.7552563815652196,3.8298961294576017,3.8237778173497494
TTEF.PA,2024-02-27,8.22097233829678,7.414914448648707,5.1084172232782,3.774924053102365,3.8499547170590858,3.8438043610797448
TTEF.PA,2024-02-28,8.2011081534633,7.402452407558541,5.0960738483398,3.7685796429291107,3.8434842049295748,3.837344185682972
TTEF.PA,2024-02-29,8.11968942723766,7.351358039088861,5.04548119260115,3.7425675612186575,3.8169551051985797,3.8108574665562043
TTEF.PA,2024-03-01,8.25713974008168,7.452300571919205,5.13089122885762,3.793957283622236,3.869366253447619,3.8631848872700627
TTEF.PA,2024-03-04,8.21334446147402,7.401206203449525,5.10367734875546,3.767945201911782,3.8428371537166237,3.836698168143295
TTEF.PA,2024-03-05,8.18233589347188,7.372543508942143,5.08440898288182,3.7533530585132087,3.827954975818748,3.8218397647307176
TTEF.PA,2024-03-06,8.32784063046829,7.474732245881503,5.1748239452432,3.805377221934116,3.881013175280739,3.8748132029842535
TTEF.PA,2024-03-07,8.35684663488476,7.467255021227404,5.19284794124296,3.8015705758301475,3.8771308680030327,3.8709370977461903
TTEF.PA,2024-03-08,8.36810754434025,7.4834556746446195,5.19984534026645,3.80981830905544,3.8855425337713965,3.8793353257619945
TTEF.PA,2024-03-11,8.3708329881928,7.493425307516753,5.20153889958578,3.8148938371940373,3.890718943475006,3.884503466079413
TTEF.PA,2024-03-12,8.44443912310697,7.560720329403648,5.24727690135266,3.849153652129757,3.9256597089743654,3.9193884132219856
TTEF.PA,2024-03-13,8.61067608874808,7.694064169068423,5.35057463104706,3.917038840983894,3.994894188760134,3.988512289967453
TTEF.PA,2024-03-14,8.69409383639144,7.814945967643032,5.40240945559735,3.9785796196646963,4.057658156416391,4.051175991316148
TTEF.PA,2024-03-15,8.6669219670089,7.78628327313565,5.3855251699155,3.9639874762661496,4.042775978518516,4.036317587903571
TTEF.PA,2024-03-18,8.67497927667955,7.8049763347709,5.39053188904812,3.973504091526071,4.0524817467127825,4.04600785099873
TTEF.PA,2024-03-19,8.90135849674283,8.013092420976669,5.53120132073764,4.07945574141987,4.160539299275617,4.153892780124833
TTEF.PA,2024-03-20,8.79177867848521,7.876009968984845,5.46310968779257,4.0096672295137745,4.089363665850995,4.082830850760335
TTEF.PA,2024-03-21,8.7063455025513,7.84111625393238,5.41002249938943,3.9919028810286132,4.071246231888365,4.064742359649371
TTEF.PA,2024-03-22,8.65258889352327,7.832392825169265,5.37661876366043,3.9874617939073165,4.066716873397707,4.06022023687163
TTEF.PA,2024-03-25,8.7299001438297,7.879748581311895,5.42465908132198,4.011570552565759,4.0913048194898485,4.0847689033793655
TTEF.PA,2024-03-26,8.69058096871685,7.84859347858648,5.40022660021316,3.995709527132582,4.075128539166071,4.068618464887434
TTEF.PA,2024-03-27,8.69565842193841,7.856070703240579,5.40338167097852,3.999516173236525,4.0790108464437775,4.072494570125498
TTEF.PA,2024-03-28,8.72342909908282,7.909657479928293,5.42063804888479,4.026797136981634,4.106834048600676,4.10027332433162
TTEF.PA,2024-04-02,8.18411810724239,8.219962303073423,4.16743439123548,4.184772950296366,4.267949800625501,4.26113169171126
TTEF.PA,2024-04-03,8.32250146346488,8.307196590704585,4.23790057346052,4.229183821509335,4.313243385532078,4.306352919488669
TTEF.PA,2024-04-04,8.37119296617642,8.355798550956232,4.26269477123504,4.253927021185133,4.338478382837171,4.331547603536082
TTEF.PA,2024-04-05,8.33998046443825,8.324643448230818,4.24680105471291,4.238065995751903,4.322302102513394,4.315397165044151
TTEF.PA,2024-04-08,8.49901800599363,8.465464512549692,4.32778455366668,4.309757830710009,4.395418889576869,4.388397147027682
TTEF.PA,2024-04-09,8.43041896181636,8.399415694771813,4.29285323765143,4.276132456791591,4.361125175290461,4.3541582174247875
TTEF.PA,2024-04-10,8.42674505676854,8.484157574184941,4.29098244863717,4.319274445969904,4.405124657771135,4.398087410122841
TTEF.PA,2024-04-11,8.36569100501789,8.43680181804231,4.2598931178558,4.295165687311461,4.380536711678994,4.3735387436151045
TTEF.PA,2024-04-12,8.47221883297703,8.610024189195617,4.31413814805247,4.383352988720045,4.470476830279198,4.463335181630245
TTEF.PA,2024-04-15,8.35837399860859,8.51032786047429,4.25616722537093,4.332597707333821,4.418712733243109,4.411653778456064
TTEF.PA,2024-04-16,8.22715039724019,8.380722633136564,4.18934686157382,4.266615841531668,4.351419407096194,4.344467954329628
TTEF.PA,2024-04-17,8.31944051198615,8.431817001606243,4.23634190650396,4.292627923242121,4.377948506827189,4.370954673456396
TTEF.PA,2024-04-18,8.26822560775285,8.401908102989847,4.21026276756084,4.277401338826273,4.362419277716363,4.355450252504141
TTEF.PA,2024-04-19,8.25958334362949,8.384461245463614,4.20586204065857,4.2685191645836795,4.353360560735047,4.346406006948659
TTEF.PA,2024-04-22,8.33569722105294,8.461725900222643,4.24461998455287,4.307854507658024,4.393477735938016,4.38645909440865
TTEF.PA,2024-04-23,8.37206826668415,8.462972104331659,4.26314048296485,4.308488948675352,4.394124787150966,4.387105111948327
TTEF.PA,2024-04-24,8.37054581192682,8.462972104331659,4.26236523385045,4.308488948675325,4.394124787150966,4.387105111948327
TTEF.PA,2024-04-25,8.41414647214119,8.481665165966907,4.28456712395968,4.318005563935274,4.403830555345234,4.396795375043487
TTEF.PA,2024-04-26,8.5600341281553,8.406656547462383,4.35885457032387,4.7608942303509485,4.806362784250504,4.817207857389461
TTEF.PA,2024-04-29,8.3700328521331,8.378827949219486,4.69770506872376,4.745134217786458,4.79045225689907,4.801261429536847
TTEF.PA,2024-04-30,8.24844026050347,8.29897197165292,4.62946087612514,4.69990983390575,4.744795961021043,4.755502114829348
TTEF.PA,2024-05-02,8.08445848509174,8.088442576250147,4.53742563192252,4.5806819127657,4.624429362797152,4.634863921509576
TTEF.PA,2024-05-03,8.04989253677078,8.02915556260224,4.51802539377516,4.547106233823991,4.590533021918011,4.600891096954009
TTEF.PA,2024-05-06,8.16662396355266,8.138050077465744,4.58354124358844,4.608775848206775,4.652791607206231,4.663290162464236
TTEF.PA,2024-05-07,8.13147119994034,8.115061235439002,4.56381165366704,4.595756707392602,4.639648128089828,4.650117026412076
TTEF.PA,2024-05-08,8.14552695156251,8.134420260303626,4.57170048478714,4.606720194394015,4.6507163210299565,4.661210193613895
TTEF.PA,2024-05-09,8.30899113218534,8.269933434355984,4.66344522742229,4.6834646034036735,4.728193671610851,4.7388623640266205
TTEF.PA,2024-05-10,8.33984679314369,8.30986142313927,4.68076305609077,4.706076795344028,4.751021819549865,4.76174202138037
TTEF.PA,2024-05-13,8.36302696346687,8.318330996517542,4.69377299351214,4.7108733209071625,4.755864153961171,4.766595282031165
TTEF.PA,2024-05-14,8.33382559321112,8.266303617193866,4.67738364026974,4.681408949590915,4.726118385434576,4.736782395176279
TTEF.PA,2024-05-15,8.27886148724297,8.16345879760056,4.64653487733584,4.623165424896091,4.667318610440148,4.6778499444166215
TTEF.PA,2024-05-16,8.14217127902439,8.041254953142628,4.56981710390085,4.553958413199855,4.59745064250559,4.6078243264551455
TTEF.PA,2024-05-17,8.20603613893093,8.100541966790537,4.60566144064319,4.587534092141593,4.6313469833847325,4.641797151010714
TTEF.PA,2024-05-20,8.20084339828986,8.106591662060731,4.60274699998793,4.590960181829526,4.634805793678523,4.645263765761281
TTEF.PA,2024-05-21,8.12660907673605,8.033995318818397,4.56108277300132,4.549847105574337,4.5933000701530435,4.603664388754464
TTEF.PA,2024-05-22,7.95181816590827,7.88517281517161,4.46298087038415,4.465565299251197,4.50821333692581,4.518385665890488
TTEF.PA,2024-05-23,8.01059252222509,7.949299585035672,4.49596814731104,4.501881849943281,4.544876726039984,4.5551317822465105
TTEF.PA,2024-05-24,8.06977293033782,7.9843878176028005,4.52918332197903,4.52175317013329,4.564937825743965,4.575238147799805
TTEF.PA,2024-05-27,8.12960919301011,8.033995318818397,4.56276659690936,4.549847105574337,4.5933000701530435,4.603664388754464
TTEF.PA,2024-05-28,8.09557884123718,8.002536903413384,4.54366696386868,4.532031439197087,4.575314256625336,4.58563799205151
TTEF.PA,2024-05-29,7.9923783980096,7.9408300116573995,4.48574541758452,4.497085324380175,4.540034391628677,4.550278521595715
TTEF.PA,2024-05-30,7.97701448507967,7.902111961928155,4.47712237715906,4.475158350377408,4.517898005748423,4.528092187192079
TTEF.PA,2024-05-31,8.19148604246841,8.10780160111477,4.59749515705626,4.5916453997671125,4.635497555737281,4.645957088711396
TTEF.PA,2024-06-03,8.10357268734705,7.975918244224529,4.54815353304378,4.516956644570184,4.5600954913326595,4.57038488714901
TTEF.PA,2024-06-04,7.89065043320545,7.78353793463234,4.42865030406061,4.408006992493932,4.450105323990139,4.460146538080943
TTEF.PA,2024-06-05,7.93124026467969,7.830725557739859,4.45143146399436,4.4347304920598045,4.4770840442817015,4.487186133135375
TTEF.PA,2024-06-06,7.97652747258188,7.860974034090831,4.47684903999064,4.451860940499468,4.494378095750651,4.504519206888216
TTEF.PA,2024-06-07,7.90835065011037,7.857344216928714,4.4385846018275,4.449805286686708,4.492302809574377,4.502439238037875
TTEF.PA,2024-06-10,7.91405117543601,7.890012571387765,4.46194397617088,4.488586485152873,4.510980385160842,4.521158957690942
TTEF.PA,2024-06-11,7.76196204054739,7.755709336389446,4.37619608495637,4.412182084010079,4.434194796638706,4.44420011022833
TTEF.PA,2024-06-12,7.79162025303748,7.736350311524823,4.39291739236653,4.401168836998538,4.423126603698578,4.433106943026512
TTEF.PA,2024-06-13,7.54245440977758,7.53913024571648,4.25243762937842,4.2889713830681435,4.3103693881210265,4.320095302157992
TTEF.PA,2024-06-14,7.41045915168854,7.431445669907017,4.1780186707872,4.227710196566287,4.248802564891565,4.258389559597879
TTEF.PA,2024-06-17,7.50420474038655,7.5016221350412735,4.23087245647941,4.267633216983256,4.288924764299528,4.298602290704469
TTEF.PA,2024-06-18,7.61115475440264,7.605676893688621,4.29117090037521,4.326829419670442,4.3484163013527155,4.358228064414241
TTEF.PA,2024-06-19,7.48311925442508,7.475003475852418,4.21898445436964,4.2524900023423475,4.273705999006853,4.28334918580197
TTEF.PA,2024-06-20,7.51783962458015,7.53913024571648,4.23855980750163,4.2889713830681435,4.3103693881210265,4.320095302157992
TTEF.PA,2024-06-21,7.4463929953225,7.473793536798379,4.19827818056152,4.251801674404124,4.273014236948095,4.282655862851856
TTEF.PA,2024-06-24,7.56455251299414,7.563329026797258,4.26489654534272,4.302737941832634,4.324204629296186,4.333961761160264
TTEF.PA,2024-06-25,7.59579545889638,7.608096771796698,4.2825113258358,4.32820607554686,4.349799825470232,4.359614710314468
TTEF.PA,2024-06-26,7.47055550520862,7.5064618912574295,4.21190100950786,4.270386528736119,4.29169181253456,4.301375582504924
TTEF.PA,2024-06-27,7.4867054646698,7.5064618912574295,4.22100636057722,4.270386528736148,4.29169181253456,4.301375582504924
TTEF.PA,2024-06-28,7.5293564082858,7.541550123824558,4.24505297295396,4.290348038944619,4.311752912238542,4.321481948058219
TTEF.PA,2024-07-01,7.70196554132282,7.696422322741539,4.34237004411179,4.378454015037148,4.400298455759565,4.410227285672763
TTEF.PA,2024-07-02,7.75472802487576,7.744819884903096,4.37211754516253,4.4059871325661,4.427968938109884,4.437960203677308
TTEF.PA,2024-07-03,7.88473634883804,7.844034887334287,4.44541626981016,4.462430023500366,4.484693426928039,4.494812685586625
TTEF.PA,2024-07-04,8.01931139682748,7.960189036522023,4.52128971457422,4.528509505569784,4.551102584568806,4.561371688797533
TTEF.PA,2024-07-05,7.98606269698909,7.908161657198349,4.50254408952445,4.498911404226219,4.521356816042212,4.531558801942647
TTEF.PA,2024-07-08,7.89279873034845,7.825885801523704,4.44996184246524,4.452105104427049,4.47431699604667,4.484412841334921
TTEF.PA,2024-07-09,7.7074639222288,7.649234699634021,4.34547003260293,4.3516092254464755,4.3733197354680025,4.383187690618332
TTEF.PA,2024-07-10,7.69833730603555,7.62745579666132,4.34032444417501,4.339219322558459,4.360868018410359,4.370707877516286
TTEF.PA,2024-07-11,7.6962262977477,7.600837137472465,4.33913425718925,4.32407610791755,4.345649253117683,4.355454772613786
TTEF.PA,2024-07-12,7.80889047507357,7.683112993147111,4.40265434774789,4.370882407716693,4.392689073113226,4.402600733221513
TTEF.PA,2024-07-15,7.77327377670897,7.656494333958255,4.38257364455352,4.355739193075785,4.377470307820551,4.387347628319013
TTEF.PA,2024-07-16,7.6550594595643,7.537920306662441,4.31592438381611,4.288283055129921,4.309677626062268,4.3194019792078775
TTEF.PA,2024-07-17,7.74846862037901,7.602047076526503,4.36858849138595,4.324764435855774,4.346341015176441,4.3561480955639
TTEF.PA,2024-07-18,7.83860192414577,7.719411164768278,4.41940566995598,4.391532245863386,4.413441934875966,4.423400421724922
TTEF.PA,2024-07-19,7.69372657232647,7.589947685986114,4.33772491138922,4.317881156473542,4.339423394588861,4.349214866062764
TTEF.PA,2024-07-22,7.7525291277629,7.63955518720171,4.37087780643587,4.346102601940661,4.367785638997939,4.377641107017422
TTEF.PA,2024-07-23,7.60194657982755,7.51735134274378,4.28597932931179,4.276581480180127,4.297917671063383,4.307615489055947
TTEF.PA,2024-07-24,7.63387466658769,7.557279331527064,4.30398039238707,4.299296302141519,4.320745819002396,4.330495146409696
TTEF.PA,2024-07-25,7.57743631410424,7.515368577044575,4.27216043553992,4.265568233168558,4.306965521200865,4.296522321854129
TTEF.PA,2024-07-26,7.60615585257385,7.5347724655765616,4.28835251830919,4.367738149578502,4.318085651641273,4.332136354045038
TTEF.PA,2024-07-29,7.56127097650742,7.4874754872798475,4.34948119698667,4.340321154916735,4.290980333692777,4.304942837578314
TTEF.PA,2024-07-30,7.60011495738006,7.528708750410315,4.37182547811964,4.364223150262891,4.3146106108786455,4.328650005780073
TTEF.PA,2024-07-31,7.65612286554709,7.577218471740279,4.40404299078542,4.39234314478778,4.342410936979667,4.35654079189979
TTEF.PA,2024-08-01,7.56245443928872,7.508092118845081,4.35016196204992,4.352272152589784,4.302795472285711,4.316796421679193
TTEF.PA,2024-08-02,7.54937343680792,7.414710905284902,4.3426373574557,4.298141163129371,4.249279844541244,4.263106658398738
TTEF.PA,2024-08-05,7.37648164023243,7.215821047832052,4.24318455108826,4.182849185577322,4.135298507527053,4.1487544353078984
TTEF.PA,2024-08-06,7.32832106853945,7.183076985934326,4.21548107350287,4.163868189273051,4.1165332874088625,4.129928154677089
TTEF.PA,2024-08-07,7.53116285960391,7.388030558553422,4.33216205993215,4.28267516614071,4.233989665185682,4.247766726032894
TTEF.PA,2024-08-08,7.52787133096691,7.386817815520172,4.33026866899821,4.281972166277559,4.233294657033156,4.247069456379901
TTEF.PA,2024-08-09,7.58084391490821,7.4401785089831325,4.3607401675762,4.312904160254967,4.26387501574428,4.27774932111159
TTEF.PA,2024-08-12,7.63706786091101,7.485050001213349,4.39308195200892,4.338915155190491,4.2895903173877254,4.303548298272328
TTEF.PA,2024-08-13,7.63243013554709,7.438965765949884,4.39041418632114,4.312201160391816,4.263180007591755,4.277052051458597
TTEF.PA,2024-08-14,7.6612566348921,7.453518682348872,4.40699609659332,4.320637158749282,4.271520105422061,4.285419287294512
TTEF.PA,2024-08-15,7.75943756043812,7.577218471740279,4.46347285703372,4.39234314478778,4.342410936979667,4.35654079189979
TTEF.PA,2024-08-16,7.78101628735669,7.559027326241543,4.47588562034809,4.381798146840947,4.331985814691785,4.346081747104896
TTEF.PA,2024-08-19,7.89524357570256,7.630579165203239,4.54159275402797,4.423275138765159,4.372991295690793,4.387220656631479
TTEF.PA,2024-08-20,7.80762679450024,7.515368577044575,4.49119282211652,4.356490151768546,4.306965521200865,4.320980039597151
TTEF.PA,2024-08-21,7.84183732707822,7.5347724655765616,4.51087179786665,4.367738149578502,4.318085651641273,4.332136354045038
TTEF.PA,2024-08-22,7.75093499411538,7.472922570880858,4.45858191310884,4.331885156559238,4.28264023586247,4.296575601742398
TTEF.PA,2024-08-23,7.87371727921834,7.538410694676308,4.52921015035065,4.369847149167869,4.32017067609885,4.334228163004016
TTEF.PA,2024-08-26,7.94176791596577,7.623302707003744,4.56835501976421,4.4190571395864255,4.368821246775639,4.383037038713521
TTEF.PA,2024-08-27,7.94047555794667,7.606324304538257,4.56761161473068,4.409215141502686,4.359091132640281,4.37327526357162
TTEF.PA,2024-08-28,7.85598016035458,7.568729270507535,4.5190072009753,4.3874221457459255,4.337545879911989,4.351659904328839
TTEF.PA,2024-08-29,7.86322698409624,7.605111561505008,4.52317580221974,4.4085121416395925,4.358396124487756,4.372577993918627
TTEF.PA,2024-08-30,7.77691847543045,7.542048923776055,4.47352842987345,4.371956148757236,4.322255700556426,4.336319971962995
TTEF.PA,2024-09-02,7.83013721626525,7.577218471740279,4.50414152564895,4.39234314478778,4.342410936979667,4.35654079189979
TTEF.PA,2024-09-03,7.56407538146691,7.338308094190209,4.35109437904005,4.2538521717526985,4.205494330932133,4.219178670260184
TTEF.PA,2024-09-04,7.54816362768882,7.29707483105974,4.34194143714921,4.229950176406512,4.181864053746265,4.195471502058425
TTEF.PA,2024-09-05,7.61624770040646,7.344371809356455,4.38110553998585,4.25736717106831,4.208969371694762,4.222665018525149
TTEF.PA,2024-09-06,7.5099407712219,7.259479797029019,4.31995444633582,4.208157180649752,4.160318801017972,4.1738561428156435
TTEF.PA,2024-09-09,7.61410568408644,7.392881530686418,4.37987338473886,4.285487165593199,4.236769697795784,4.250555804644866
TTEF.PA,2024-09-10,7.46782588290329,7.2606925400622675,4.29572863622742,4.208860180512875,4.161013809170498,4.1745534124686365
TTEF.PA,2024-09-11,7.5022846830693,7.299500317126238,4.31555042331302,4.231356176132757,4.183254070051316,4.1968660413644105
TTEF.PA,2024-09-12,7.63540996817259,7.386817815520172,4.39212827989285,4.281972166277589,4.233294657033156,4.247069456379901
TTEF.PA,2024-09-13,7.6569083331317,7.406221704052158,4.40449481647726,4.293220164087544,4.2444147874735645,4.258225770827788
TTEF.PA,2024-09-16,7.71450777736239,7.424412849550894,4.43762783080998,4.303765162034378,4.254839909761448,4.268684815622682
TTEF.PA,2024-09-17,7.72394869475995,7.446242224149378,4.44305854382511,4.316419159570549,4.267350056506908,4.281235669376554
TTEF.PA,2024-09-18,7.70607429920473,7.425625592584143,4.4327766285735,4.3044681618974705,4.255534917913973,4.269382085275674
TTEF.PA,2024-09-19,7.91523639731555,7.597835103305513,4.55309325466477,4.404294142460858,4.354226075572602,4.36839437600067
TTEF.PA,2024-09-20,7.83255097493384,7.517794063111074,4.50552999565296,4.357896151494791,4.308355537505916,4.322374578903137
TTEF.PA,2024-09-23,7.81382800769957,7.533559722543312,4.49475995524702,4.367035149715351,4.317390643488748,4.331439084392045
TTEF.PA,2024-09-24,7.93510362595815,7.603898818471759,4.56452151026965,4.407809141776441,4.35770111633523,4.371880724265634
TTEF.PA,2024-09-25,7.6502412146957,7.362562954855191,4.40065967998161,4.267912169015143,4.219394493982644,4.233124063320043
TTEF.PA,2024-09-26,7.50212695125843,7.19156618716707,4.31545969100786,4.168789188314906,4.121398344476542,4.13480904224804
TTEF.PA,2024-09-27,7.47437916016951,7.173375041668334,4.29949828769695,4.158244190368044,4.110973222188658,4.124349997453146
TTEF.PA,2024-09-30,7.3730660097242,7.094546744507143,4.24121977284958,4.1125491992651275,4.065797692274497,4.079027470008606
TTEF.PA,2024-10-01,7.43015097375115,7.19277893020032,4.27405684196631,4.16949218817803,4.122093352629067,4.135506311901033
TTEF.PA,2024-10-02,7.58166567138273,7.354073753622448,4.36121286778038,4.262991169973288,4.214529436914966,4.228243175749092
TTEF.PA,2024-10-03,7.68193247657169,7.460795140548368,4.41888949188316,4.324855157928016,4.275690154337215,4.28960290521247
TTEF.PA,2024-10-04,7.78405135363171,7.597835103305513,4.47763148605451,4.404294142460858,4.354226075572602,4.36839437600067
TTEF.PA,2024-10-07,7.86094622438376,7.674237914400206,4.52186383740389,4.4485831338375315,4.398011589181713,4.412322364139224
TTEF.PA,2024-10-08,7.71602557693318,7.528708750410315,4.43850091692401,4.364223150262862,4.3146106108786455,4.328650005780073
TTEF.PA,2024-10-09,7.67486045358463,7.516581320077824,4.41482144153787,4.357193151631669,4.30766052935339,4.321677309250144
TTEF.PA,2024-10-10,7.7253177602857,7.568729270507535,4.44384607343226,4.3874221457459255,4.337545879911989,4.351659904328839
TTEF.PA,2024-10-11,7.72171742568491,7.563878298374539,4.44177504758255,4.384610146293406,4.334765847301886,4.348870825716868
TTEF.PA,2024-10-14,7.71682473317338,7.578431214773528,4.43896061676164,4.393046144650903,4.343105945132193,4.357238061552783
TTEF.PA,2024-10-15,7.33355752651086,7.214608304798803,4.2184932490427,4.18214618571423,4.134603499374527,4.1480571656549055
TTEF.PA,2024-10-16,7.30412822468558,7.20490636053281,4.20156458779948,4.176522186809252,4.1290434341543225,4.142479008430962
TTEF.PA,2024-10-17,7.32931880849117,7.249777852763026,4.21605500494548,4.202533181744775,4.154758735797768,4.1682779855917005
TTEF.PA,2024-10-18,7.33829146492684,7.235224936364037,4.22121635950812,4.194097183387279,4.146418637967461,4.1599107497557855
TTEF.PA,2024-10-21,7.33812645852707,7.269181741295012,4.22112144263033,4.213781179554701,4.1658788662381765,4.1794343000395875
TTEF.PA,2024-10-22,7.36381353585226,7.3067767753257336,4.23589745848515,4.235574175311521,4.18742411896647,4.201049659282368
TTEF.PA,2024-10-23,7.32356845052886,7.277670942527755,4.21274721794634,4.2187021785965575,4.170743923305856,4.184315187610538
TTEF.PA,2024-10-24,7.36338868293521,7.286160143760498,4.23565306970714,4.223623177638412,4.175608980373535,4.1891960751814885
TTEF.PA,2024-10-25,7.36347532516405,7.309202261392231,4.23570290904584,4.236980175037735,4.188814135271521,4.202444198588354
TTEF.PA,2024-10-28,7.31036170238106,7.243714137596781,4.20515028048429,4.199018182429163,4.15128369503514,4.1647916373267355
TTEF.PA,2024-10-29,7.27398391817357,7.203693617499561,4.18422463334241,4.1758191869461,4.128348426001797,4.141781738777969
TTEF.PA,2024-10-30,7.26698691213786,7.172162298635085,4.18019973511008,4.1575411905049515,4.110278214036133,4.123652727800153
TTEF.PA,2024-10-31,7.0713718686864,8.773207004858614,4.06767580150377,4.314245742371883,4.237866765957769,4.283026495311829
TTEF.PA,2024-11-01,8.88003990359761,8.849628668664003,4.35990757552858,4.351826280197422,4.274781981689108,4.3203350884765666
TTEF.PA,2024-11-04,8.94301058040416,8.877140467633943,4.39082481619704,4.365355273814616,4.28807145935239,4.333766182015872
TTEF.PA,2024-11-05,9.01909882980289,8.909237566432205,4.42818250136102,4.381139099701342,4.303575849959553,4.349435791145062
TTEF.PA,2024-11-06,8.74304169805488,8.799190370552447,4.29264441898155,4.327023125232565,4.250417939306423,4.2957114169878405
TTEF.PA,2024-11-07,8.83100809371996,8.82517373624628,4.33583401711575,4.3398005080932185,4.262969112655079,4.308396338663851
TTEF.PA,2024-11-08,8.62412883457596,8.68761474139658,4.23426077432027,4.2721555400072795,4.196521724338669,4.241240870967324
TTEF.PA,2024-11-11,8.62093773219379,8.736524606232027,4.23269401205329,4.296207084215624,4.220147462406725,4.265118370592756
TTEF.PA,2024-11-12,8.37929433357865,8.516430214472509,4.11405232849826,4.187975135278071,4.113831641100468,4.157669622278313
TTEF.PA,2024-11-13,8.34988506521525,8.534771413785803,4.0996130136618,4.196994464356201,4.12269129287599,4.16662368463785
TTEF.PA,2024-11-14,8.51904634482224,8.73499617295592,4.18266754409762,4.295455473459113,4.219409158092098,4.264372198729461
TTEF.PA,2024-11-15,8.58165572507312,8.7900197708958,4.21340739596973,4.32251346069347,4.245988113418663,4.291234385808072
TTEF.PA,2024-11-18,8.7173863870951,8.880197334186159,4.28004821605674,4.366858495327637,4.289548067981643,4.335258525742462
TTEF.PA,2024-11-19,8.61966293349936,8.783906037791368,4.23206811345987,4.319507017667458,4.243034896160156,4.288249698354893
TTEF.PA,2024-11-20,8.56238949697754,8.768621705030291,4.2039480945772,4.311990910102351,4.235651853013888,4.2807879797219455
TTEF.PA,2024-11-21,8.47736752740625,8.739581472784243,4.16220414598638,4.297710305728614,4.221624071035979,4.266610714319345
TTEF.PA,2024-11-22,8.41879330304575,8.725825573299273,4.13344546840244,4.290945808920017,4.214979332204338,4.2598951675496926
TTEF.PA,2024-11-25,8.30123795173582,8.540885146890233,4.07572833286204,4.200000907382213,4.125644510134497,4.169608372091028
TTEF.PA,2024-11-26,8.15395012979038,8.395683985659995,4.00341319715833,4.128597885513719,4.055505600244952,4.098722045078028
TTEF.PA,2024-11-27,8.09046795568037,8.268824023743049,3.97224482237421,4.066214192723325,3.9942263421309283,4.036789780424564
TTEF.PA,2024-11-28,8.09994231938751,8.287165223056343,3.97689653008595,4.075233521801423,4.003085993906449,4.045743842784101
TTEF.PA,2024-11-29,8.22909280731675,8.401797718764426,4.04030662697952,4.131604328539763,4.058458817503459,4.101706732531206
TTEF.PA,2024-12-02,7.99459318292559,8.222971025459817,3.92517238209539,4.04366587002797,3.972077212692124,4.014404624525722
TTEF.PA,2024-12-03,8.05424757152383,8.27493775684748,3.95446139696318,4.069220635749337,3.9971795593894353,4.039774467877743
TTEF.PA,2024-12-04,8.02533754200683,8.244369091325325,3.94026719760504,4.054188420619153,3.982413473096899,4.024851030611848
TTEF.PA,2024-12-05,8.10134588988213,8.26271029063862,3.97758565284877,4.06320774969725,3.991273124872421,4.033805092971385
TTEF.PA,2024-12-06,8.11299441413864,8.28869365633245,3.98330482637738,4.075985132557965,4.003824298221076,4.046490014647396
TTEF.PA,2024-12-09,8.2097114128627,8.400269285488317,4.03079078139528,4.130852717783221,4.057720513188832,4.100960560667912
TTEF.PA,2024-12-10,8.09859523878583,8.307034855645744,3.97623514263906,4.085004461636094,4.012683949996598,4.055444077006933
TTEF.PA,2024-12-11,7.94470661522605,8.174061160624367,3.90067915607484,4.019614325819625,3.948451474624067,3.99052712490029
TTEF.PA,2024-12-12,7.9080338996519,8.157248394587182,3.88267364571873,4.011346607498007,3.9403301271631723,3.9823192344040477
TTEF.PA,2024-12-13,7.93295715660822,8.155719961311075,3.89491042595737,4.010594996741528,3.939591822848546,3.981573062540753
TTEF.PA,2024-12-16,7.77984612665067,7.992177600767542,3.81973622103759,3.930172645794874,3.860593261183479,3.9017326731682154
TTEF.PA,2024-12-17,7.67368438604981,7.8989431709249684,3.76761310198612,3.8843243896477158,3.815556697991245,3.856216189507236
TTEF.PA,2024-12-18,7.64963725815793,7.978421701282573,3.75580648217318,3.9234081489862453,3.8539485223518386,3.895017126398563
TTEF.PA,2024-12-19,7.6174826261054,7.937154002827663,3.74001925312961,3.903114658560454,3.8340143058569147,3.8748704860896046
TTEF.PA,2024-12-20,7.66083191815379,7.931040269723232,3.76130281816393,3.900108215534442,3.8310610885984078,3.8718857986364257
TTEF.PA,2024-12-23,7.63724435315749,7.924926536618801,3.74972183379538,3.8971017725083996,3.828107871339901,3.8689011111832468
TTEF.PA,2024-12-24,7.65491751405248,7.949381469036525,3.75839897364003,3.90912754461254,3.839920740373929,3.8808398609959625
TTEF.PA,2024-12-27,7.78625601414963,8.0624855314685,3.82288333719567,3.964746740594338,3.8945552596563116,3.9360565788797737
TTEF.PA,2024-12-30,7.74924756472014,8.039559032326883,3.8047129887763,3.9534725792466765,3.88348069493691,3.9248640009303526
TTEF.PA,2024-12-31,7.82190436592756,8.157248394587182,3.84038590707812,4.011346607498007,3.9403301271631723,3.9823192344040477
TTEF.PA,2025-01-02,7.80773557045358,8.21227199252706,3.8334293348787,4.038404594732426,3.9669090824897366,4.009181421482658
TTEF.PA,2025-01-03,7.87981038042279,8.253539690981972,3.86881650806721,4.058698085158217,3.98684329898466,4.029328061791617
TTEF.PA,2025-01-06,8.04695347929134,8.362058453585623,3.9508801554005,4.112062448870483,4.039262905323162,4.082306264085544
TTEF.PA,2025-01-07,8.04695221710902,8.403326152040533,3.95087953569627,4.132355939296274,4.059197121818086,4.102452904394501
TTEF.PA,2025-01-08,8.0568871204498,8.430837951010473,3.95575735840966,4.145884932913468,4.072486599481367,4.115883997933807
TTEF.PA,2025-01-09,8.06169811832092,8.452236016875982,3.95811945433399,4.156407483504587,4.082822859886143,4.126330404019933
TTEF.PA,2025-01-10,8.01216421371192,8.444593850495444,3.9337993782651,4.152649429722064,4.079131338313009,4.122599544703459
TTEF.PA,2025-01-13,8.10932530010444,8.546998879994664,3.98150337072551,4.203007350408256,4.128597727393004,4.172593059544208
TTEF.PA,2025-01-14,8.11253362734795,8.498089015159216,3.98307859002695,4.178955806199911,4.104971989324946,4.1487155599187755
TTEF.PA,2025-01-15,8.14640943501254,8.548527313270771,3.99971087907828,4.203758961164798,4.129336031707631,4.173339231407502
TTEF.PA,2025-01-16,8.36492293000461,8.770150138306398,4.1069962801028,4.312742520858861,4.236390157328515,4.28153415158524
TTEF.PA,2025-01-17,8.35601432094044,8.783906037791368,4.10262234568719,4.319507017667458,4.243034896160156,4.288249698354893
TTEF.PA,2025-01-20,8.42813224404218,8.738053039508136,4.13803068649152,4.296958694972104,4.220885766721352,4.26586454245605
TTEF.PA,2025-01-21,8.36210290700001,8.657046075874424,4.10561170978618,4.257123324877032,4.181755638046132,4.226317433701429
TTEF.PA,2025-01-22,8.30613265587303,8.617306810695622,4.078131526753,4.237581445207783,4.162559725865836,4.206916965255766
TTEF.PA,2025-01-23,8.27714926527294,8.580624412069035,4.06390130868938,4.219542787051524,4.144840422314793,4.189008840536692
TTEF.PA,2025-01-24,8.29451238299225,8.534771413785803,4.07242622403898,4.19699446435617,4.12269129287599,4.16662368463785
TTEF.PA,2025-01-27,8.27066917051302,8.511844914644184,4.0607197222843,4.185720303008539,4.111616728156587,4.155431106688428
TTEF.PA,2025-01-28,8.2298485739713,8.521015514300831,4.04067769206462,4.190229967547572,4.116046554044348,4.159908137868197
TTEF.PA,2025-01-29,8.23096385408928,8.52865768068137,4.04122527048634,4.193988021330158,4.119738075617482,4.163638997184671
TTEF.PA,2025-01-30,8.26022495699143,8.58368127862125,4.05559183928517,4.221046008564546,4.146317030944046,4.190501184263281
TTEF.PA,2025-01-31,8.27170894061397,8.618835243971729,4.06123022692044,4.2383330559642935,4.163298030180463,4.20766313711906
TTEF.PA,2025-02-03,8.19583267899474,8.554641046375203,4.02397662317228,4.206765404190841,4.132289248966138,4.176323918860681
TTEF.PA,2025-02-04,8.37618650516799,8.71512654036652,4.11252645195061,4.285684533624473,4.2098112020019505,4.254671964506629
TTEF.PA,2025-02-05,8.54218159839454,9.301625133892252,4.19402645333752,4.858876188748431,4.6306699464252,4.620248934325342
TTEF.PA,2025-02-06,8.61306304499289,9.397832254739267,4.22882771091559,4.909131760429987,4.678565170832287,4.668036373742601
TTEF.PA,2025-02-07,8.60770539218966,9.441125459120425,4.22619721924016,4.931746767686701,4.700118021815476,4.689540721480368
TTEF.PA,2025-02-10,8.55229695022079,9.399435706753383,3.97549103905834,4.648624029483448,4.679363424572405,4.668832831066222
TTEF.PA,2025-02-11,8.63232757774542,9.437918555092189,4.01269286266506,4.667656267065776,4.69852151433524,4.687947806833126
TTEF.PA,2025-02-12,8.67265552924599,9.461970335303944,4.03143910250534,4.679551415554731,4.710495320437012,4.69989466668744
TTEF.PA,2025-02-13,8.69525169410189,9.41226332286632,4.04194281296167,4.654968108677558,4.68574945449335,4.67520448965519
TTEF.PA,2025-02-14,8.74442450637111,9.441125459120425,4.06480054062003,4.669242286864338,4.700118021815476,4.689540721480368
TTEF.PA,2025-02-17,8.73987619182732,9.444332363148657,4.06268628011003,4.67082830666283,4.701714529295712,4.691133636127609
TTEF.PA,2025-02-18,8.73711459425705,9.47479795141688,4.06140256575142,4.685895494748875,4.716881350357957,4.706266325276409
TTEF.PA,2025-02-19,8.66102527773291,9.413866774880436,4.0260328401946,4.655761118576857,4.686547708233468,4.676000946978811
TTEF.PA,2025-02-20,8.74303503256099,9.431504747035723,4.0641546509002,4.664484227468757,4.695328499374767,4.684761977538642
TTEF.PA,2025-02-21,8.60438410748112,9.319263106047536,3.99970348492449,4.608973534520302,4.6394507375664995,4.629009964885173
TTEF.PA,2025-02-24,8.60215851073504,9.309642393962836,3.99866892777896,4.604215475124719,4.63466121512579,4.624231220943447
TTEF.PA,2025-02-25,8.55296747598195,9.215038725129938,3.97580272949315,4.557427891068165,4.587564244458822,4.577240238849808
TTEF.PA,2025-02-26,8.57152591536012,9.261538833539328,3.98442952412811,4.5804251781467755,4.610713602922247,4.600337501234817
TTEF.PA,2025-02-27,8.51004288910814,9.27115954562403,3.95584945711902,4.585183237542357,4.615503125362956,4.605116245176543
TTEF.PA,2025-02-28,8.48615666330551,9.264745737567562,3.94474606849863,4.582011197945337,4.6123101104024835,4.601930415882059
TTEF.PA,2025-03-03,8.63490404241592,9.327280366118123,4.01389051895198,4.61293858401662,4.64344200626709,4.6329922515032775
TTEF.PA,2025-03-04,8.51385800654942,9.077141851915883,3.95762289474508,4.489229039731491,4.518914422808663,4.508744909018404
TTEF.PA,2025-03-05,8.55074009648294,8.976124375026517,3.97476734364412,4.439269416077881,4.468624437181222,4.458568097630281
TTEF.PA,2025-03-06,8.59701535765894,9.030641743506493,3.99627815965134,4.466231752652845,4.495765064345238,4.485647646633395
TTEF.PA,2025-03-07,8.66986185740226,9.065917687817064,4.03014047858647,4.483677970436645,4.513326646627837,4.503169707753057
TTEF.PA,2025-03-10,8.64839421219468,9.043469359619428,4.02016135465647,4.472575831846954,4.502151094266183,4.492019305222363
TTEF.PA,2025-03-11,8.67685482034655,9.001779607252388,4.0333911212715,4.4519575744661,4.481396497023112,4.471311414808217
TTEF.PA,2025-03-12,8.72695743664771,9.080348755944117,4.05668106352889,4.490815059529983,4.5205109302889,4.510337823665646
TTEF.PA,2025-03-13,8.78417520523129,9.168538616720546,4.08327844755366,4.534430603989484,4.564414885995396,4.5541429764648
TTEF.PA,2025-03-14,8.8538010315581,9.218245629158172,4.11564365309556,4.559013910866657,4.589160751939058,4.578833153497051
TTEF.PA,2025-03-17,8.89720930397491,9.227866341242873,4.13582176419466,4.563771970262274,4.593950274379766,4.583611897438776
TTEF.PA,2025-03-18,8.98018645646155,9.295211325835783,4.17439326470233,4.597078386031347,4.627476931464727,4.617063105030858
TTEF.PA,2025-03-19,9.07535409798151,9.429901295021605,4.21863145103673,4.663691217569493,4.69453024563465,4.683965520215021
TTEF.PA,2025-03-20,9.04301335432561,9.439522007106307,4.20359802348518,4.668449276965075,4.699319768075358,4.688744264156746
TTEF.PA,2025-03-21,8.94016151544005,9.364159762442812,4.1557878777173,4.631177811699649,4.661801842289806,4.65131076994656
TTEF.PA,2025-03-24,8.86130503059753,9.293607873821667,4.11913184826839,4.596285376132048,4.62667867772461,4.616266647707237
TTEF.PA,2025-03-25,9.06627786580976,9.51648770378392,4.21441241141764,4.70651375212973,4.737635947601028,4.726974215690554
TTEF.PA,2025-03-26,9.1948645099422,9.686453617280312,4.27418524840711,4.790572801451676,4.822250844053548,4.811398691994378
TTEF.PA,2025-03-27,9.25206505593589,9.702488137421481,4.30077462659998,4.798502900444277,4.830233381454729,4.819363265230588
TTEF.PA,2025-03-28,9.07505357491904,9.494039375586283,4.21849175444424,4.695411613540004,4.726460395239374,4.71582381315986
TTEF.PA,2025-03-31,9.1356171607359,9.566194716221542,4.24664442431873,4.731097059006903,4.762381813544689,4.751664392722804
TTEF.PA,2025-04-01,9.62396050581578,9.538936031981557,4.72399912599247,4.717615890719386,4.748811499962682,4.7381246182212475
TTEF.PA,2025-04-02,9.66631245059378,9.52610841586862,4.7447879218312,4.711271811525312,4.742425470041736,4.73175295963228
TTEF.PA,2025-04-03,9.37447162316533,9.075538399901767,4.60153548299712,4.4884360298322274,4.518116169068546,4.507948451694783
TTEF.PA,2025-04-04,8.71422024130121,8.509519838918493,4.27744573335855,4.208503535392126,4.23633259880685,4.2267990164565745
TTEF.PA,2025-04-07,8.21937938398738,8.06376017899399,4.03454908223001,3.988046783396833,4.014418059054013,4.005383880489941
TTEF.PA,2025-04-08,8.28482684712727,8.08941541121986,4.06667450070866,4.000734941785051,4.027190118895904,4.0181271976678765
TTEF.PA,2025-04-09,7.92072234266405,7.737457694121197,3.88795084948266,3.8266692688967163,3.8519734229399765,3.8433048151330698
TTEF.PA,2025-04-10,8.31009604161517,7.939492647899928,4.07907808991741,3.9265885162039007,3.9525533941948594,3.943658437909314
TTEF.PA,2025-04-11,8.28638756528163,7.80319922669999,4.06744059188211,3.8591826747665254,3.884701826284819,3.87595956540153
TTEF.PA,2025-04-14,8.54291468823231,8.052536014895171,4.19335901225385,3.982495714102022,4.008830282873187,3.9998086792245933
TTEF.PA,2025-04-15,8.55758934359852,8.115070643445732,4.20056218594542,4.013423100173269,4.039962178737793,4.0308705148458115
TTEF.PA,2025-04-16,8.82915159407761,8.28664000895624,4.33386072069528,4.098275159394514,4.125375328930431,4.116091448473258
TTEF.PA,2025-04-17,8.79695413367606,8.28182965291389,4.31805633593038,4.095896129696723,4.122980567710077,4.113702076502395
TTEF.PA,2025-04-22,8.87871437997889,8.317105597224462,4.35818901642529,4.113342347480489,4.140542149992676,4.1312241376220555
TTEF.PA,2025-04-23,8.81589440104733,8.336347021393866,4.32735331989596,4.122858466271688,4.150121194874093,4.140781625505508
TTEF.PA,2025-04-24,8.90163521392034,8.362002253619737,4.36943989379963,4.135546624659871,4.162893254715983,4.153524942683443
TTEF.PA,2025-04-25,8.98682468387467,8.459812826480869,4.41125583655675,4.183920228514988,4.211586732863188,4.202108839424324
TTEF.PA,2025-04-28,9.05927309241321,8.48546805870674,4.44681772590665,4.196608386903171,4.224358792705078,4.21485215660226
TTEF.PA,2025-04-29,8.93343392216107,8.394071293902075,4.38504854782997,4.151406822645144,4.178858329518346,4.169454089155864
TTEF.PA,2025-04-30,8.68586276854463,9.344188811353066,4.26352623769598,3.995807494375733,,4.010443180322269
TTEF.PA,2025-05-02,9.65221305066414,9.289394897291183,4.17326476870068,3.9723762541819734,,3.9869261171069312
TTEF.PA,2025-05-05,9.60194963867918,9.225468664218985,4.15153270318467,3.9450398072892545,,3.9594895433557036
TTEF.PA,2025-05-06,9.75284902898987,9.325924173332439,4.21677609409373,3.9879970809778476,,4.00260415925049
TTEF.PA,2025-05-07,9.63481964517118,9.269303795468492,4.16574449475206,3.963784799444296,,3.978303193927974
TTEF.PA,2025-05-08,9.62997042720912,9.324097709530374,4.16364786982567,3.987216039638021,,4.0018202571433115
TTEF.PA,2025-05-09,9.80582056555227,9.477520668903647,4.23967905387295,4.052823512180582,,4.067668034146258
TTEF.PA,2025-05-12,9.88615339795588,9.693043397547052,4.2744120397157,4.144986390276036,,4.160168482793253
TTEF.PA,2025-05-13,10.0366191917965,9.755143166817184,4.33946795933058,4.171541795828963,,4.186821154437302
TTEF.PA,2025-05-14,9.97132266133377,9.700349252755302,4.31123612185785,4.148110555635169,,4.163304091221964
TTEF.PA,2025-05-15,9.93593210435598,9.654687657703734,4.29593453622097,4.128584522140369,,4.143706538542516
TTEF.PA,2025-05-16,9.98392355692982,9.722266818380055,4.3166842893785,4.157483051712707,,4.172710916508099
TTEF.PA,2025-05-19,9.98852278083275,9.65834058530786,4.31867282599458,4.130146604819953,,4.145274342756872
TTEF.PA,2025-05-20,10.0486632141087,9.682084614734675,4.34467535516045,4.140300142237249,,4.155465070150185
TTEF.PA,2025-05-21,9.95921399040015,9.556058612392345,4.30600077432274,4.086408289791637,,4.101375824754909
TTEF.PA,2025-05-22,9.76077330708819,9.4062885806232,4.22020226283157,4.0223628999286944,,4.037095851966319
TTEF.PA,2025-05-23,9.73222861943606,9.309485999113873,4.20786058132424,3.9809677089196853,,3.9955490402858884
TTEF.PA,2025-05-26,9.90692998737158,9.457429567080956,4.28339507895936,4.04423205744287,,4.0590451109673005
TTEF.PA,2025-05-27,9.80985038309749,9.41359443583145,4.24142139995436,4.0254870652878285,,4.04023146039503
TTEF.PA,2025-05-28,9.79769619786449,9.431859073852078,4.23616637369677,4.033297478685783,,4.04807048146681
TTEF.PA,2025-05-29,9.8222698720805,9.389850406404634,4.24679113387403,4.015333527870532,,4.030040733001717
TTEF.PA,2025-05-30,9.84920313874935,9.435512001456203,4.25843609573979,4.034859561365332,,4.049638285681165
TTEF.PA,2025-06-02,10.1268650896066,9.621811309266604,4.37848699298365,4.114525778024148,,4.129596300613314
TTEF.PA,2025-06-03,10.1308615573821,9.685737542338801,4.38021491984139,4.141862224916833,,4.157032874364541
TTEF.PA,2025-06-04,10.0269411787752,9.546926293382032,4.33528353959585,4.082503083092678,,4.097456314219019
TTEF.PA,2025-06-05,9.97378041725517,9.47386774129952,4.31229876584871,4.051261429500998,,4.066100229931902
TTEF.PA,2025-06-06,10.0125769520227,9.55240568478822,4.3290729720171,4.0848462071120535,,4.099808020540553
TTEF.PA,2025-06-09,10.0410876536648,9.557885076194408,4.34139995921363,4.087189331131395,,4.102159726862086
TTEF.PA,2025-06-10,10.2855582229912,9.788019515254316,4.44710011404848,4.1856005399451846,,4.200931392366505
TTEF.PA,2025-06-11,10.3354952210281,9.780713660046064,4.46869105008235,4.1824763745860505,,4.197795783937793
TTEF.PA,2025-06-12,10.653529081184,9.998062852491532,4.62881995036764,4.2964183937318765,,4.291080134691967
TTEF.PA,2025-06-13,10.6366228468657,10.009021635303908,4.62147441124143,4.301127657590552,,4.295783547335033
TTEF.PA,2025-06-16,10.5904720039531,9.957880648846153,4.60142246969487,4.279151092916732,,4.2738342883340525
TTEF.PA,2025-06-17,10.7062858929888,10.138700565250364,4.65174209955774,4.356853946584883,,4.351440596944666
TTEF.PA,2025-06-18,10.5307730094972,9.972492359262654,4.57548403235187,4.285430111394966,,4.280105505191475
TTEF.PA,2025-06-19,10.6025088430234,10.027286273324536,4.60665231986033,4.308976430688311,,4.303622568406813
TTEF.PA,2025-06-20,10.5819443722598,9.98345114207503,4.59771732453498,4.290139375253608,,4.2848089178345425
TTEF.PA,2025-06-23,10.557522342806,9.914045517596646,4.58710627008506,4.2603140374819946,,4.255020637761782
TTEF.PA,2025-06-24,10.2396398184249,9.588934960829475,4.44899044390989,4.120605876341314,,4.115486062684111
TTEF.PA,2025-06-25,10.2414309343475,9.548752757184094,4.44976866050392,4.103338575526169,,4.098240216326197
TTEF.PA,2025-06-26,10.3218675573549,9.590761424631538,4.48471732798113,4.1213907536510925,,4.116269964791289
TTEF.PA,2025-06-27,10.341375978088,9.5925878884336,4.49319348329092,4.122175630960872,,4.117053866898467
TTEF.PA,2025-06-30,10.3174384290444,9.515876408746966,4.48279292928375,4.089210783950142,,4.084129978396994
TTEF.PA,2025-07-01,10.3835901901212,9.561538003798534,4.51153500987421,4.108832716694624,,4.1037275310764425
TTEF.PA,2025-07-02,10.5816442485791,9.749663775410998,4.59758692469561,4.1896750796018924,,4.1844694481157685
TTEF.PA,2025-07-03,10.5419764732891,9.747837311608935,4.58035179178799,4.188890202292113,,4.18368554600859
TTEF.PA,2025-07-04,10.4825600002384,9.674778759526424,4.55453610632438,4.157495109900906,,4.152329461721473
TTEF.PA,2025-07-07,10.187249983296,9.459256030883019,4.4262277413169,4.064879587346984,,4.059829013074478
TTEF.PA,2025-07-08,10.4088984272457,9.651034730099608,4.52253111004136,4.14729170487381,,4.142138734328161
TTEF.PA,2025-07-09,10.4910226982583,9.73139913739037,4.55821303864699,4.181826306504099,,4.176630427043989
TTEF.PA,2025-07-10,10.5173327209045,9.77158134103575,4.56964440160581,4.199093607319243,,4.193876273401903
TTEF.PA,2025-07-11,10.5800426979968,9.839160501712072,4.59689107177863,4.2281340677810775,,4.222880651367487
TTEF.PA,2025-07-14,10.452736490837,9.742357920202746,4.54157817902578,4.18653557036274,,4.181333839687057
TTEF.PA,2025-07-15,10.4226736276168,9.767928413431624,4.52851625560319,4.1975238526996845,,4.192308469187547
TTEF.PA,2025-07-16,10.3778434693315,9.696696325151178,4.50903813436582,4.1669136376182925,,4.161736287007609
TTEF.PA,2025-07-17,10.3196891871926,9.674778759526424,4.48377085445208,4.157495109900941,,4.152329461721473
TTEF.PA,2025-07-18,10.3814799235016,9.707655107963554,4.5106181264495,4.171622901476934,,4.1664396996506765
TTEF.PA,2025-07-21,10.3870213535299,9.654687657703734,4.51302580578962,4.148861459493334,,4.143706538542516
TTEF.PA,2025-07-22,10.4266898313828,9.643728874891357,4.53026124395168,4.144152195634659,,4.139003125899449
TTEF.PA,2025-07-23,10.5485755921571,9.742357920202746,4.58321902318507,4.18653557036274,,4.181333839687057
TTEF.PA,2025-07-24,10.1630286466527,10.302323958839153,4.41570388528525,4.5238121772941495,,4.516536970947304
TTEF.PA,2025-07-25,10.9290645787987,10.276297878103648,4.87459761976067,4.512383969306426,,4.50512714183298
TTEF.PA,2025-07-28,11.0124737530256,10.490512542618958,4.9117999035628,4.6064469119746105,,4.599038812235499
TTEF.PA,2025-07-29,10.9987546464176,10.516538623354464,4.90568088725228,4.617875119962333,,4.610448641349823
TTEF.PA,2025-07-30,10.8147824963476,10.4684904743043,4.82362535556721,4.596776889831152,,4.589384341446454
TTEF.PA,2025-07-31,10.7693793802326,10.414436306622868,4.80337459026629,4.573041380933573,,4.565687004055165
TTEF.PA,2025-08-01,10.7292287585766,10.224245716632637,4.78546655034716,4.489527553330979,,4.48230748360433
TTEF.PA,2025-08-04,10.8233347281082,10.326348033364233,4.82743983468239,4.5343612923597405,,4.527069120898989
TTEF.PA,2025-08-05,10.8941375378213,10.390412232097784,4.85901940905598,4.5624922658679825,,4.55515485410348
TTEF.PA,2025-08-06,11.101025364147,10.510532604723194,4.95129582470832,4.615237841195936,,4.607815603861902
TTEF.PA,2025-08-07,11.0813362498124,10.486508530198112,4.94251405668244,4.604688726130345,,4.597283453910218
TTEF.PA,2025-08-08,11.1263603749422,10.552574735142086,4.96259578386115,4.633698792560719,,4.6262468662773495
TTEF.PA,2025-08-11,11.0624341638699,10.51453661714404,4.93408332022924,4.6169960270401615,,4.609570962187183
TTEF.PA,2025-08-12,11.2562128644677,10.644667020821565,5.0205127841494,4.674137066978816,,4.666620107758806
TTEF.PA,2025-08-13,11.1460236614736,10.512534610933617,4.97136603213186,4.616116934118068,,4.608693283024542
TTEF.PA,2025-08-14,11.1035284579492,10.524546648196157,4.95241225832459,4.621391491650825,,4.613959358000384
TTEF.PA,2025-08-15,11.3430271630643,10.704727207134269,5.05923382658164,4.700509854642755,,4.692950482638017
TTEF.PA,2025-08-18,11.2120241409172,10.614636927665215,5.00080366402421,4.66095067314679,,4.653454920319201
TTEF.PA,2025-08-19,11.342200460184,10.75077334997401,5.0588650993348,4.720728991851843,,4.713137103378746
TTEF.PA,2025-08-20,11.4124616150221,10.812835542497137,5.09020308399637,4.747980872437951,,4.740345157420596
TTEF.PA,2025-08-21,11.4263629182476,10.868891716388994,5.09640336391289,4.772595474257663,,4.764920173974526
TTEF.PA,2025-08-22,11.6068927475514,10.936959927543391,5.17692354657585,4.80248463361017,,4.7947612655043
TTEF.PA,2025-08-25,11.3992056833477,10.830853598390949,5.08429065365782,4.755892708737145,,4.74824426988436
TTEF.PA,2025-08-26,11.1714381778966,10.592614859350554,4.98270145250286,4.65128065100337,,4.643800449530157
TTEF.PA,2025-08-27,11.2299429588177,10.65267504566326,5.00879584180457,4.677653438667347,,4.670130824409368
TTEF.PA,2025-08-28,11.2500609286139,10.630652977348602,5.01776888858052,4.667983416523889,,4.660476353620324
TTEF.PA,2025-08-29,11.3367936915634,10.710733225765539,5.05645356436232,4.703147133409153,,4.695583520125938
TTEF.PA,2025-09-01,11.3504678460173,10.700723194713422,5.06255253104628,4.698751668798529,,4.6911951243127366
TTEF.PA,2025-09-02,11.2985306387546,10.71673924439681,5.03938742070455,4.705784412175551,,4.6982165576138595
TTEF.PA,2025-09-03,11.1621829231342,10.566588778615051,4.97857341002406,4.639852443015647,,4.6323906204158325
TTEF.PA,2025-09-04,11.1465150325342,10.562584766194203,4.97158519418227,4.638094257171382,,4.630635262090551
TTEF.PA,2025-09-05,11.0118047499775,10.374396182414397,4.9115015138294,4.555459522490883,,4.548133420802357
TTEF.PA,2025-09-08,11.0710935945107,10.390412232097784,4.93794561234822,4.5624922658679825,,4.55515485410348
TTEF.PA,2025-09-09,11.1968102702858,10.558580753773358,4.99401795084333,4.6363360713270785,,4.628879903765271
TTEF.PA,2025-09-10,11.1886137492881,10.562584766194203,4.9903621263711,4.638094257171382,,4.630635262090551
TTEF.PA,2025-09-11,11.1055244726629,10.448470412200065,4.95330252377251,4.587985960609788,,4.5806075498200505
TTEF.PA,2025-09-12,11.0906291533856,10.434456368727101,4.94665889133979,4.581832310154898,,4.574463795681568
TTEF.PA,2025-09-15,11.2143017583788,10.52654865440658,5.00181953034809,4.6222705845729966,,4.614837037163025
TTEF.PA,2025-09-16,11.2831539792373,10.496518561250229,5.03252910018293,4.609084190740969,,4.601671849723419
TTEF.PA,2025-09-17,11.0817533407292,10.356378126520585,4.94270008819279,4.54754768619169,,4.540234308338594
TTEF.PA,2025-09-18,11.1215858423215,10.416438312833291,4.96046623972855,4.573920473855667,,4.5665646832178055
TTEF.PA,2025-09-19,10.9839043969311,10.32434602715381,4.89905735691461,4.533482199437569,,4.526191441736349
TTEF.PA,2025-09-22,11.0724674301747,10.356378126520585,4.93855837257205,4.547547686191728,,4.540234308338594
TTEF.PA,2025-09-23,11.2260577263094,10.488510536408535,5.00706294462931,4.605567819052477,,4.598161133072858
TTEF.PA,2025-09-24,11.3881546188406,10.710733225765539,5.07936164144878,4.703147133409192,,4.695583520125938
TTEF.PA,2025-09-25,11.2928928792475,10.686709151240459,5.03687285883369,4.692598018343562,,4.685051370174254
TTEF.PA,2025-09-26,11.5124000802514,10.860883691547299,5.13477778672751,4.769079102569133,,4.761409457323966
TTEF.PA,2025-09-29,11.2808473624968,10.620642946296483,4.86691451118736,4.511036972284495,,4.656087957807122
TTEF.PA,2025-09-30,11.007640945983,10.356378126520585,4.74904461805319,4.398792508506672,,4.540234308338594
TTEF.PA,2025-10-01,10.9741163009431,10.328350039574659,4.73458102536516,4.386887792651406,,4.527946800061629
TTEF.PA,2025-10-02,10.8305120355103,10.206227660738826,4.67262560119845,4.335017244996523,,4.474408371140567
TTEF.PA,2025-10-03,10.872470303165,10.222243710422214,4.690727725547,4.341819939770939,,4.4814298044416905
TTEF.PA,2025-10-06,10.8960244186931,10.272293865682801,4.70088971630693,4.36307836094095,,4.503371783507699
TTEF.PA,2025-10-07,10.7527293563936,10.184205592424167,4.63906769215602,4.3256635396816625,,4.464753900351523
TTEF.PA,2025-10-08,10.7786896036862,10.234255747684754,4.65026776429622,4.346921960851751,,4.486695879417532
TTEF.PA,2025-10-09,10.7244305802863,10.238259760105603,4.62685870468728,4.3486226345453165,,4.4884512377428125
TTEF.PA,2025-10-10,10.5353102433898,10.010031052117327,4.54526620702951,4.251684234009929,,4.388395813201812
TTEF.PA,2025-10-13,10.4574545749054,9.978999955855762,4.51167680806425,4.238504012884498,,4.374791786180886
TTEF.PA,2025-10-14,10.5760680906601,10.060081207377914,4.56285043203945,4.272942655179978,,4.41033779226782
TTEF.PA,2025-10-15,11.0063699437651,10.432454362516678,4.74849626747816,4.431105308685147,,4.5735861165189275
TTEF.PA,2025-10-16,11.1425883780782,10.524546648196157,4.80726521039054,4.470220803638039,,4.613959358000384
TTEF.PA,2025-10-17,11.1377680379155,10.552574735142086,4.80518556311467,4.482125519493267,,4.6262468662773495
TTEF.PA,2025-10-20,11.0829352062978,10.510532604723194,4.78152894448364,4.464268445710425,,4.607815603861902
TTEF.PA,2025-10-21,11.0745107256152,10.540562697879546,4.77789435694193,4.477023498412454,,4.620980791301507
TTEF.PA,2025-10-22,11.1659664420047,10.616638933875636,4.81735124691875,4.50933629859093,,4.654332599481841
TTEF.PA,2025-10-23,11.3981462899222,10.830853598390949,4.91752098015983,4.600322341198743,,4.74824426988436
TTEF.PA,2025-10-24,11.365906034505,10.792815480392902,4.90361151379688,4.5841659411095055,,4.7315683657941925
TTEF.PA,2025-10-27,11.3539441928089,10.764787393446975,4.89845079678154,4.572261225254278,,4.719280857517228
TTEF.PA,2025-10-28,11.2995496042081,10.706729213344692,4.87498325005524,4.54760145669702,,4.693828161800657
TTEF.PA,2025-10-29,11.3889771428034,10.838861623232642,4.91356511995417,4.6037236885859505,,4.751754986534921
TTEF.PA,2025-10-30,11.2506501573283,9.698137163950463,4.85388648134977,4.455003973543382,,4.522552909787197
TTEF.PA,2025-10-31,10.046411591051,9.754185309379707,4.67364919205681,4.480750640802861,,4.548689960533544
TTEF.PA,2025-11-03,10.0026569790512,9.725257234319452,4.65329429168586,4.467462038346356,,4.535199869825751
TTEF.PA,2025-11-04,9.93619610739308,9.690905145185399,4.62237630705886,4.451681822929256,,4.519180387110249
TTEF.PA,2025-11-05,9.95880183009644,9.705369182715527,4.6328926209378,4.458326124157509,,4.5259254324641445
TTEF.PA,2025-11-06,9.9253018949445,9.625816976299825,4.61730825596949,4.421782467402119,,4.488827683017718
TTEF.PA,2025-11-07,10.0042816667489,9.687289135802867,4.65405010586656,4.450020747622193,,4.5174941257717744
TTEF.PA,2025-11-10,10.0823590089264,9.7704573516011,4.69037214024457,4.488225479684646,,4.556278136556676
TTEF.PA,2025-11-11,10.3463044164331,10.005497961465672,4.81316108128693,4.5961953746437505,,4.6658851235574845
TTEF.PA,2025-11-12,10.3496124005288,9.998265942700607,4.81469997475711,4.592873224029624,,4.662512600880536
TTEF.PA,2025-11-13,10.5515281071323,10.159178360223276,4.90863233761905,4.6667910751939345,,4.737551230442628
TTEF.PA,2025-11-14,10.548978409096,10.166410378988338,4.90744620324069,4.670113225808061,,4.740923753119576
TTEF.PA,2025-11-17,10.5779724298453,10.220650519726318,4.92093439058214,4.6950293554140075,,4.766217673196686
TTEF.PA,2025-11-18,10.3697684994767,10.029002022452127,4.82407670939602,4.6069923641396615,,4.676845822257565
TTEF.PA,2025-11-19,10.3182115181141,10.016345989613267,4.80009210134901,4.60117860056494,,4.670943907572906
TTEF.PA,2025-11-20,10.3603716427985,10.065162116277447,4.81970523693306,4.623603117210292,,4.693708435642305
TTEF.PA,2025-11-21,10.4018144583333,10.119402257015425,4.83898467612239,4.64851924681624,,4.7190023557194145
TTEF.PA,2025-11-24,10.3949637784926,10.104938219485298,4.83579769995561,4.641874945587987,,4.712257310365518
TTEF.PA,2025-11-25,10.4915179856797,10.155562350840745,4.88071527956298,4.665129999886871,,4.7358649691041546
TTEF.PA,2025-11-26,10.6058629591695,10.244154580712774,4.93390922728484,4.7058263449099185,,4.777178371896766
TTEF.PA,2025-11-27,10.5675344086143,10.206186482196191,4.91607856230443,4.688385054185756,,4.75947262784279
TTEF.PA,2025-11-28,10.6330549939644,10.269466646390496,4.9465591202638,4.717453872059361,,4.7889822012660845
TTEF.PA,2025-12-01,10.6298879988638,10.253194604169105,4.94508581569542,4.709979033177577,,4.781394025242951
TTEF.PA,2025-12-02,10.6062181994644,10.218842515035051,4.93407448713926,4.694198817760476,,4.765374542527449
TTEF.PA,2025-12-03,10.7470183212549,10.31285875898088,4.99957552395067,4.737386775744119,,4.809217337327772
TTEF.PA,2025-12-04,10.7484346411474,10.338170824658603,5.00023440421465,4.749014302893561,,4.82102116669709
TTEF.PA,2025-12-05,10.6009498286845,10.19714645873986,4.93162361036442,4.684232365918097,,4.7552569744966044
TTEF.PA,2025-12-08,10.5804931906181,10.182682421209734,4.92210706317696,4.677588064689845,,4.748511929142709
TTEF.PA,2025-12-09,10.6060675036473,10.217034510343785,4.93400438256735,4.693368280106944,,4.764531411858211
TTEF.PA,2025-12-10,10.5388015328863,10.092282186646436,4.90271186114808,4.636061182013266,,4.70635539568086
TTEF.PA,2025-12-11,10.582301065862,10.095898196028969,4.9229480972712,4.637722257320329,,4.708041657019334
TTEF.PA,2025-12-12,10.5366548027652,10.05069807874732,4.90171318979114,4.61695881598204,,4.686963390288409
TTEF.PA,2025-12-15,10.5303514731281,10.034426036525927,4.89878084412731,4.609483977100256,,4.679375214265276
TTEF.PA,2025-12-16,10.3353925707929,9.853625567399334,4.80808482713407,4.526430211747098,,4.595062147341578
TTEF.PA,2025-12-17,10.4486066932094,9.967529862949087,4.86075269634946,4.578754083919587,,4.648179379503508
TTEF.PA,2025-12-18,10.4893340844008,10.021770003687065,4.87969931596695,4.603670213525535,,4.673473299580617
TTEF.PA,2025-12-19,10.5494968397049,10.090474181955171,4.90768738017975,4.635230644359734,,4.705512265011623
TTEF.PA,2025-12-22,10.6210748266303,10.113978242941627,4.94098587663602,4.646027633855645,,4.716472963711704
TTEF.PA,2025-12-23,10.634627427076,10.097706200720234,4.9472906253067,4.638552794973861,,4.708884787688571
TTEF.PA,2025-12-24,10.5745856480905,10.054314088129852,4.91935883998195,4.618619891289103,,4.688649651626883
TTEF.PA,2025-12-29,10.6338531910255,10.115786247632894,4.94693044618612,4.646858171509177,,4.717316094380941
TTEF.PA,2025-12-30,10.6957090090407,10.19714645873986,4.97570613303415,4.684232365918097,,4.7552569744966044
TTEF.PA,2025-12-31,10.5411098909451,10.05069807874732,4.90378572276311,4.61695881598204,,4.686963390288409
UCB.BR,2024-01-02,46.3659147869675,45.50574712643679,15.7958543594256,18.667827879321212,,18.283260338868534
UCB.BR,2024-01-03,47.2559904433982,46.37931034482759,16.0990836929231,19.026189818908968,,18.634239825040297
UCB.BR,2024-01-04,47.8298550113602,46.94252873563219,16.2945868158359,19.257238964169698,,18.860529230598406
UCB.BR,2024-01-05,47.900124142131,47.01149425287356,16.3185259737436,19.285530696242304,,18.888238137401437
UCB.BR,2024-01-08,48.4037195793221,47.50574712643678,16.4900899387487,19.488288109430304,,19.086818636156515
UCB.BR,2024-01-09,48.3802965357319,47.48275862068966,16.4821102194462,19.478857532072727,,19.077582333888838
UCB.BR,2024-01-10,48.3568734921416,47.45977011494253,16.4741305001436,19.46942695471515,,19.06834603162116
UCB.BR,2024-01-11,48.2046237088047,47.310344827586206,16.4222623246769,19.40812820189079,,19.00831006688125
UCB.BR,2024-01-12,49.3406413229335,48.425287356321846,16.8092787108513,19.865511203733334,,19.456270726863636
UCB.BR,2024-01-15,48.965872625489,48.05747126436782,16.6816032020103,19.71462196601212,,19.308489890580788
UCB.BR,2024-01-16,48.6145269716347,47.712643678160916,16.5619074124718,19.573163305648485,,19.169945356565616
UCB.BR,2024-01-17,48.392008057527,47.49425287356322,16.4861000790974,19.483572820751395,,19.08220048502268
UCB.BR,2024-01-18,47.8884126203359,47.0,16.3145361140923,19.280815407563637,,18.8836199862676
UCB.BR,2024-01-19,48.1694891434193,47.27586206896552,16.4102927457231,19.393982335854425,,18.994455613479737
UCB.BR,2024-01-22,49.2937952357529,48.37931034482759,16.7933192722462,19.846650049018184,,19.43779812232828
UCB.BR,2024-01-23,49.6568524114023,48.735632183908045,16.9170049214359,19.992823998060604,,19.580960807477286
UCB.BR,2024-01-24,50.8514276345068,49.9080459770115,17.3239706058667,20.47378344329685,,20.052012223128862
UCB.BR,2024-01-25,50.125313283208,49.195402298850574,17.0765993074872,20.18143554521212,,19.765686852830846
UCB.BR,2024-01-26,51.1207926357951,50.172413793103445,17.4157373778462,20.58223508290897,,20.15822969920716
UCB.BR,2024-01-29,50.1838708921837,49.252873563218394,17.0965486057436,20.20501198860594,,19.78877760850004
UCB.BR,2024-01-30,50.4649474152672,49.52873563218391,17.1923052373744,20.318178916896848,,19.899613235712177
UCB.BR,2024-01-31,51.1207926357951,50.172413793103445,17.4157373778462,20.58223508290897,,20.15822969920716
UCB.BR,2024-02-01,50.863139156302,49.91954022988506,17.327960465518,20.478498731975638,,20.056630374262703
UCB.BR,2024-02-02,50.4415243716768,49.50574712643678,17.1843255180718,20.308748339539395,,19.8903769334445
UCB.BR,2024-02-05,50.3009861101352,49.367816091954026,17.1364472022564,20.252164875393817,,19.834959119838434
UCB.BR,2024-02-06,50.7694469819408,49.827586206896555,17.2960415883077,20.440776422545454,,20.01968516519199
UCB.BR,2024-02-07,52.3153678588996,51.3448275862069,17.8227030622769,21.063194528145456,,20.62928111485874
UCB.BR,2024-02-08,52.7486941653199,51.770114942528735,17.9703278693744,21.237660209260607,,20.800152706810778
UCB.BR,2024-02-09,54.8567680884454,53.839080459770116,18.6885026066051,22.0864121714423,,21.631419910901798
UCB.BR,2024-02-12,55.3369404820463,54.310344827586206,18.8520868523077,22.279739007272727,,21.820764107389195
UCB.BR,2024-02-13,54.6225376525426,53.60919540229885,18.6087054135795,21.992106397866667,,21.539056888225016
UCB.BR,2024-02-14,55.0792870025531,54.05747126436782,18.7643099399795,22.176002656339275,,21.719164782444736
UCB.BR,2024-02-15,55.4072096128171,54.37931034482759,18.8760260102154,22.308030739345455,,21.84847301419223
UCB.BR,2024-02-16,55.5711709179491,54.54022988505748,18.9318840453333,22.374044780848365,,21.913127130065973
UCB.BR,2024-02-19,55.8639589628276,54.827586206896555,19.0316305366154,22.491926997818183,,22.02858090841195
UCB.BR,2024-02-20,55.6648630923102,54.63218390804598,18.9638029225436,22.411767090278786,,21.950072339136685
UCB.BR,2024-02-21,55.1612676551191,54.13793103448276,18.7922389575385,22.209009677090908,,21.75149184038161
UCB.BR,2024-02-22,55.9576511371888,54.91954022988506,19.0635494138256,22.529649307248363,,22.06552611748266
UCB.BR,2024-02-23,56.4612465743799,55.41379310344828,19.2351133788308,22.732406720436366,,22.264106616237736
UCB.BR,2024-02-26,56.5900733141264,55.54022988505747,19.2790018349949,22.784274895903028,,22.314906278709966
UCB.BR,2024-02-27,56.882861359005,55.827586206896555,19.3787483262769,22.902157112872725,,22.43036005705594
UCB.BR,2024-02-28,61.4854894244958,58.011049723756905,20.9467631692308,33.10063871961086,,33.256328408267514
UCB.BR,2024-02-29,60.4931469500662,58.83977900552486,27.2205684323259,33.573504987034035,,33.731418814099904
UCB.BR,2024-03-01,61.6575690275087,59.972375690607734,27.7445324256242,34.21975555251216,,34.38070903540417
UCB.BR,2024-03-04,61.288362027344,59.61325966850829,27.5783975009198,34.01484683662869,,34.17483652621014
UCB.BR,2024-03-05,60.6919507193856,59.033149171270715,27.3100256994744,33.683840449432736,,33.84227324212746
UCB.BR,2024-03-06,61.9131738737766,60.22099447513812,27.8595489119579,34.36161543273906,,34.523236157153896
UCB.BR,2024-03-07,62.2539803354672,60.5524861878453,28.0129042270697,34.5507619397081,,34.71327231948685
UCB.BR,2024-03-08,62.4243835663125,60.7182320441989,28.0895818846255,34.64533519319287,,34.80829040065333
UCB.BR,2024-03-11,61.7143701044572,60.027624309392266,27.7700916448095,34.251279970340356,,34.41238172912634
UCB.BR,2024-03-12,61.4303647197151,59.751381215469614,27.6422955488831,34.093657881199356,,34.25401826051554
UCB.BR,2024-03-13,60.9475555656535,59.2817679558011,27.4250421858081,33.82570032965965,,33.98480036387718
UCB.BR,2024-03-14,60.7203512578598,59.06077348066299,27.322805309067,33.69960265834684,,33.85810958898855
UCB.BR,2024-03-15,59.3003243341494,57.67955801104973,26.683824829435,32.91149221264182,,33.066292245934555
UCB.BR,2024-03-18,61.0895582580246,59.41988950276243,27.4889402337713,33.90451137423015,,34.06398209818258
UCB.BR,2024-03-19,61.5155663351377,59.834254143646405,27.680634377661,34.14094450794149,,34.30152730109877
UCB.BR,2024-03-20,61.146359334973,59.47513812154696,27.5144994529566,33.936035792058185,,34.09565479190474
UCB.BR,2024-03-21,63.4752034898582,61.7403314917127,28.5624274395532,35.22853692301459,,35.39423523451328
UCB.BR,2024-03-22,64.8952304135687,63.12154696132597,29.2014079191853,36.01664736871961,,36.18605257756727
UCB.BR,2024-03-25,65.5484427984755,63.75690607734807,29.495338939816,36.37917817374376,,36.550288555372106
UCB.BR,2024-03-26,65.0372331059397,63.25966850828729,29.2653059671485,36.09545841329011,,36.26523431187267
UCB.BR,2024-03-27,64.6112250288265,62.84530386740331,29.0736118232589,35.85902527957845,,36.02768910895647
UCB.BR,2024-03-28,64.9804320289912,63.204419889502766,29.2397467479632,36.063933995461916,,36.23356161815051
UCB.BR,2024-04-02,65.207636336785,63.42541436464088,29.3419836247043,36.19003166677472,,36.36025239303915
UCB.BR,2024-04-03,65.2928379522076,63.50828729281768,29.3803224534823,36.23731829351686,,36.40776143362238
UCB.BR,2024-04-04,66.0880530294855,64.2817679558011,29.7381515220762,36.67866014311183,,36.851179145732615
UCB.BR,2024-04-05,64.9520314905171,63.17679558011049,29.2269671383706,36.04817178654781,,36.217725271289424
UCB.BR,2024-04-08,65.0088325674655,63.232044198895025,29.2525263575558,36.07969620437601,,36.24939796501159
UCB.BR,2024-04-09,64.7816282596718,63.011049723756905,29.1502894808147,35.953598533063044,,36.122707190122945
UCB.BR,2024-04-10,65.4348406445786,63.646408839779006,29.4442205014455,36.31612933808752,,36.486943167927784
UCB.BR,2024-04-11,66.7696659528665,64.94475138121547,30.0448621522996,37.056953157050245,,37.23125147039853
UCB.BR,2024-04-12,68.5304993382675,66.65745856353591,30.8371979470434,38.03421010972448,,38.213104975785484
UCB.BR,2024-04-15,67.8488864148864,65.99447513812154,30.53048731682,37.655917095785895,,37.83303265111957
UCB.BR,2024-04-16,67.792085337938,65.93922651933701,30.5049280976347,37.6243926779577,,37.8013599573974
UCB.BR,2024-04-17,68.1044912611543,66.24309392265194,30.6455038031537,37.79777697601297,,37.97555977286928
UCB.BR,2024-04-18,68.1612923381027,66.29834254143647,30.671063022339,37.82930139384117,,38.00723246659144
UCB.BR,2024-04-19,68.8429052614837,66.96132596685082,30.9777736525624,38.207594407779574,,38.38730479125736
UCB.BR,2024-04-22,69.2973138770711,67.40331491712708,31.1822474060447,38.45978975040502,,38.64068634103463
UCB.BR,2024-04-23,69.1553111847,67.26519337016575,31.1183493580815,38.38097870583452,,38.56150460672924
UCB.BR,2024-04-24,68.6157009536901,66.74033149171271,30.8755367758213,38.08149673646661,,38.26061401636872
UCB.BR,2024-04-25,71.0581472624721,69.1160220994475,31.9745832007884,39.43704670307942,,39.622539846421574
UCB.BR,2024-04-26,70.7457413392558,68.8121546961326,31.8340074952694,39.26366240502431,,39.4483400309497
UCB.BR,2024-04-29,70.1777305697716,68.25966850828729,31.5784153034165,38.948418226742305,,39.131613093728106
UCB.BR,2024-04-30,70.7457413392558,68.8121546961326,31.8340074952694,39.26366240502415,,39.4483400309497
UCB.BR,2024-05-02,69.2121122616485,67.32044198895026,31.1439085772668,38.412503123662724,,38.593177300451394
UCB.BR,2024-05-03,68.4168971843706,66.54696132596685,30.7860795086728,37.971161274068066,,38.14975958834116
UCB.BR,2024-05-06,67.7636847994638,65.91160220994475,30.492148488042,37.60863046904376,,37.78552361053632
UCB.BR,2024-05-07,68.1044912611543,66.24309392265194,30.6455038031537,37.79777697601297,,37.97555977286928
UCB.BR,2024-05-08,68.871305799958,66.98895027624309,30.9905532621551,38.22335661669368,,38.403141138118436
UCB.BR,2024-05-09,67.4512788762475,65.60773480662984,30.351572782523,37.435246170988655,,37.61132379506445
UCB.BR,2024-05-10,69.8653246465553,67.95580110497238,31.4378395978975,38.77503392868704,,38.957413278256226
UCB.BR,2024-05-13,69.3257144155453,67.43093922651933,31.1950270156373,38.47555195931912,,38.65652268789571
UCB.BR,2024-05-14,68.3032950304738,66.43646408839778,30.7349610703022,37.90811243841167,,38.08641420089684
UCB.BR,2024-05-15,69.6097198002874,67.70718232044199,31.3228231115637,38.63317404846013,,38.81488615650651
UCB.BR,2024-05-16,69.013308492329,67.12707182320442,31.0544513101183,38.30216766126418,,38.482322872423836
UCB.BR,2024-05-17,70.8309429546784,68.89502762430939,31.8723463240473,39.31094903176645,,39.49584907153294
UCB.BR,2024-05-20,71.9669644936468,70.0,32.383530707753,39.94143738833063,,40.12930294597613
UCB.BR,2024-05-21,72.9325828017699,70.93922651933701,32.8180374339028,40.47735249140989,,40.66773873925285
UCB.BR,2024-05-22,72.4781741861826,70.49723756906077,32.6135636804205,40.22515714878428,,40.41435718947557
UCB.BR,2024-05-23,73.5573946482026,71.54696132596685,33.0991888449409,40.8241210875201,,41.0161383701966
UCB.BR,2024-05-24,72.9893838787184,70.99447513812154,32.843596653088,40.508876909238246,,40.699411432975005
UCB.BR,2024-05-27,72.7905801093989,70.8011049723757,32.7541393859396,40.39854144683939,,40.58855700494745
UCB.BR,2024-05-28,72.2793704168631,70.30386740331491,32.524106413272,40.114821686385575,,40.30350276144801
UCB.BR,2024-05-29,72.2509698783889,70.27624309392264,32.5113268036794,40.099059477471634,,40.28766641458693
UCB.BR,2024-05-30,71.85336233975,69.88950276243094,32.3324122693824,39.87838855267407,,40.065957558531814
UCB.BR,2024-05-31,73.074585494141,71.07734806629834,32.881935481866,40.55616353598055,,40.74692047355824
UCB.BR,2024-06-03,72.534975263131,70.5524861878453,32.6391228996058,40.25668156661264,,40.446029883197724
UCB.BR,2024-06-04,72.5633758016052,70.58011049723757,32.6519025091984,40.27244377552674,,40.4618662300588
UCB.BR,2024-06-05,73.5573946482026,71.54696132596685,33.0991888449409,40.82412108752026,,41.0161383701966
UCB.BR,2024-06-06,73.7845989559962,71.76795580110497,33.201425721682,40.95021875883307,,41.14282914508524
UCB.BR,2024-06-07,73.8414000329446,71.8232044198895,33.2269849408673,40.98174317666126,,41.174501838807394
UCB.BR,2024-06-10,73.8698005714189,71.85082872928177,33.2397645504599,40.9975053855752,,41.19033818566848
UCB.BR,2024-06-11,74.6366151102225,72.59668508287292,33.5848140094612,41.42308502625592,,41.617919550917634
UCB.BR,2024-06-12,76.8234565727366,74.72375690607734,34.5688439480946,42.63677511264166,,42.83731825922077
UCB.BR,2024-06-13,77.2210641113755,75.11049723756905,34.7477584823916,42.85744603743906,,43.05902711527588
UCB.BR,2024-06-14,78.3002845733955,76.16022099447514,35.2333836469119,43.45640997617504,,43.660808295996915
UCB.BR,2024-06-17,77.9310775732308,75.80110497237568,35.0672487222076,43.25150126029157,,43.45493578680288
UCB.BR,2024-06-18,78.6978921120344,76.54696132596685,35.4122981812089,43.677080900972285,,43.88251715205204
UCB.BR,2024-06-19,78.9818974967765,76.8232044198895,35.5400942771353,43.834702990113456,,44.04088062066284
UCB.BR,2024-06-20,77.7322738039113,75.60773480662984,34.9777914550591,43.14116579789303,,43.34408135877532
UCB.BR,2024-06-21,79.0102980352507,76.85082872928176,35.552873886728,43.85046519902739,,44.05671696752391
UCB.BR,2024-06-24,78.8682953428797,76.71270718232044,35.4889758387648,43.771654154457046,,43.97753523321851
UCB.BR,2024-06-25,77.6186716500145,75.49723756906077,34.9266730166886,43.07811696223663,,43.280735971331005
UCB.BR,2024-06-26,77.7038732654372,75.58011049723757,34.9650118454665,43.125403588978934,,43.32824501191425
UCB.BR,2024-06-27,78.0730802656019,75.93922651933701,35.1311467701708,43.330312304862076,,43.53411752110828
UCB.BR,2024-06-28,78.7830937274571,76.62983425414363,35.4506370099869,43.72436752771475,,43.93002619263527
UCB.BR,2024-07-01,79.6635104201576,77.48618784530386,35.8468049073588,44.21299600405187,,44.42095294532875
UCB.BR,2024-07-02,80.2883222665902,78.0939226519337,36.1279563183968,44.559764600162076,,44.7693525762725
UCB.BR,2024-07-03,79.3795050354155,77.20994475138122,35.7190088114323,44.055373914910696,,44.26258947671795
UCB.BR,2024-07-04,80.4587254974354,78.25966850828729,36.2046339759527,44.65433785364668,,44.86437065743898
UCB.BR,2024-07-05,81.1119378823423,78.89502762430939,36.4985649965835,45.016868658670994,,45.22860663524382
UCB.BR,2024-07-08,81.1119378823423,78.89502762430939,36.4985649965835,45.01686865867082,,45.22860663524382
UCB.BR,2024-07-09,81.7651502672491,79.53038674033148,36.7924960172142,45.3793994636953,,45.592842613048646
UCB.BR,2024-07-10,82.3615615752074,80.11049723756906,37.0608678186597,45.71040585089141,,45.92540589713133
UCB.BR,2024-07-11,82.1343572674138,79.88950276243094,36.9586309419185,45.584308179578606,,45.79871512224268
UCB.BR,2024-07-12,81.7083491903007,79.47513812154696,36.7669367980289,45.347875045866935,,45.56116991932649
UCB.BR,2024-07-15,81.7083491903007,79.47513812154696,36.7669367980289,45.3478750458671,,45.56116991932649
UCB.BR,2024-07-16,81.0267362669196,78.8121546961326,36.4602261678055,44.969582031928525,,45.18109759466058
UCB.BR,2024-07-17,80.3735238820128,78.1767955801105,36.1662951471748,44.60705122690422,,44.81686161685574
UCB.BR,2024-07-18,77.9026770347566,75.77348066298343,35.054469112615,43.23573905137747,,43.439099439941806
UCB.BR,2024-07-19,79.6067093432091,77.43093922651934,35.8212456881734,44.181471586223665,,44.38928025160659
UCB.BR,2024-07-22,81.7367497287749,79.50276243093923,36.7797164076215,45.3636372547812,,45.577006266187574
UCB.BR,2024-07-23,82.4467631906301,80.19337016574586,37.0992066474376,45.75769247763371,,45.97291493771456
UCB.BR,2024-07-24,83.241978267908,80.96685082872929,37.4570357160316,46.199034327228524,,46.4163326498248
UCB.BR,2024-07-25,85.4288197304221,122.27642276422765,38.4410656546649,40.34986339751724,,40.53801196337814
UCB.BR,2024-07-26,123.597788977402,123.6178861788618,33.2672500550056,40.79253144675862,,40.98274414249765
UCB.BR,2024-07-29,127.946675337344,127.96747967479675,34.4377846672666,42.22784906096552,,42.4247545414609
UCB.BR,2024-07-30,128.718907494716,128.739837398374,34.6456366077615,42.48271854386207,,42.68081246277213
UCB.BR,2024-07-31,125.711266460738,125.73170731707317,33.8361079974128,41.49006897889655,,41.68353424292839
UCB.BR,2024-08-01,126.442854820354,126.46341463414635,34.0330203620922,41.73152427848276,,41.92611543153903
UCB.BR,2024-08-02,124.573240123557,124.59349593495935,33.5297998745782,41.1144718462069,,41.306185727311835
UCB.BR,2024-08-05,119.126971224191,119.14634146341464,32.0638967152981,39.31697128262069,,39.50030354543263
UCB.BR,2024-08-06,119.736628190538,119.75609756097562,32.2279903525309,39.51818403227572,,39.70245453594149
UCB.BR,2024-08-07,123.719720370671,123.73983739837398,33.3000687824522,40.83277399668965,,41.02317434059942
UCB.BR,2024-08-08,126.930580393432,126.95121951219512,34.1642952718785,41.8924944782069,,42.08783622394612
UCB.BR,2024-08-09,128.109250528369,128.130081300813,34.4815429705287,42.28150579420689,,42.47866147226326
UCB.BR,2024-08-12,125.060965696635,125.08130081300813,33.6610747843645,41.275442045930895,,41.46790651971893
UCB.BR,2024-08-13,124.898390505609,124.91869918699187,33.6173164811024,41.221785312689654,,41.41399958891657
UCB.BR,2024-08-14,122.297187449195,122.3170731707317,32.9171836289089,40.363277580827585,,40.55148869607873
UCB.BR,2024-08-15,124.613883921314,124.63414634146342,33.5407394503937,41.12788602951724,,41.31966246001243
UCB.BR,2024-08-16,124.979678101122,125.0,33.6391956327334,41.248613679310346,,41.440953054317745
UCB.BR,2024-08-19,125.426759876443,125.44715447154472,33.7595309667042,41.39616969572414,,41.58919711402425
UCB.BR,2024-08-20,126.72736140465,126.7479674796748,34.1095973928009,41.82542356165517,,42.02045256044317
UCB.BR,2024-08-21,129.856933831897,129.8780487804878,34.9519447305962,42.858315676551726,,43.058160978388685
UCB.BR,2024-08-22,131.32011055113,131.34146341463415,35.345769459955,43.34122627572414,,43.54332335560997
UCB.BR,2024-08-23,130.832384978052,130.85365853658536,35.2144945501687,43.180256075999864,,43.38160256320287
UCB.BR,2024-08-26,131.563973337669,131.58536585365854,35.4114069148481,43.421711375586206,,43.62418375181351
UCB.BR,2024-08-27,131.604617135425,131.6260162601626,35.4223464906637,43.43512555889655,,43.63766048451411
UCB.BR,2024-08-28,131.685904730938,131.70731707317074,35.4442256422947,43.46195392551724,,43.664613949915285
UCB.BR,2024-08-29,133.433588034466,133.45528455284554,35.9146274023622,44.03876380786207,,44.24411345604071
UCB.BR,2024-08-30,133.067793854658,133.08943089430895,35.8161712200225,43.918036158068965,,44.12282286173538
UCB.BR,2024-09-02,133.474231832222,133.4959349593496,35.9255669781777,44.05217799117227,,44.25759018874129
UCB.BR,2024-09-03,131.360754348886,131.3821138211382,35.3567090357705,43.354640459034485,,43.55680008831055
UCB.BR,2024-09-04,133.514875629979,133.53658536585365,35.9365065539933,44.06559217448276,,44.271066921441886
UCB.BR,2024-09-05,129.735002438628,129.7560975609756,34.9191260031496,42.818073126620554,,43.01773078028691
UCB.BR,2024-09-06,130.385303202731,130.40650406504065,35.094159216198,43.032700059586205,,43.23335850349637
UCB.BR,2024-09-09,132.336205495042,132.3577235772358,35.6192588553431,43.676580858482616,,43.88024167312474
UCB.BR,2024-09-10,130.873028775809,130.89430894308944,35.2254341259843,43.193670259310345,,43.395079295903464
UCB.BR,2024-09-11,130.994960169078,131.01626016260164,35.2582528534308,43.23391280924125,,43.43550949400524
UCB.BR,2024-09-12,132.620712079337,132.64227642276424,35.6958358860517,43.770480141655035,,43.97457880202888
UCB.BR,2024-09-13,132.458136888311,132.47967479674796,35.6520775827897,43.71682340841379,,43.92067187122651
UCB.BR,2024-09-16,133.677450821005,133.6991869918699,35.9802648572553,44.119248907724,,44.32497385224425
UCB.BR,2024-09-17,129.125345472281,129.14634146341464,34.7550323659168,42.61686037696552,,42.81557978977804
UCB.BR,2024-09-18,129.491139652089,129.51219512195124,34.8534885482565,42.73758802675862,,42.93687038408336
UCB.BR,2024-09-19,130.100796618436,130.1219512195122,35.0175821854893,42.93880077641379,,43.13902137459223
UCB.BR,2024-09-20,132.254917899528,132.27642276422765,35.597379703712,43.64975249186193,,43.85328820772356
UCB.BR,2024-09-23,132.823931068119,132.84552845528455,35.7505337651294,43.8375510582069,,44.04196246553184
UCB.BR,2024-09-24,136.563160461714,136.58536585365854,36.7569747401575,45.07165592275862,,45.281821873986225
UCB.BR,2024-09-25,137.050886034791,137.0731707317073,36.8882496499438,45.232626122482756,,45.44354266639331
UCB.BR,2024-09-26,133.189725247927,133.21138211382114,35.8489899474691,43.958278708,,44.16325305983715
UCB.BR,2024-09-27,131.157535360104,131.1788617886179,35.3020111566929,43.28756954248262,,43.4894164248076
UCB.BR,2024-09-30,131.685904730938,131.70731707317074,35.4442256422947,43.46195392551724,,43.664613949915285
UCB.BR,2024-10-01,134.734189562673,134.7560975609756,36.2646938284589,44.468017673793106,,44.67536890245962
UCB.BR,2024-10-02,133.433588034466,133.45528455284554,35.9146274023622,44.03876380786193,,44.24411345604071
UCB.BR,2024-10-03,134.409039180621,134.4308943089431,36.1771772219347,44.36070420731021,,44.56755504085489
UCB.BR,2024-10-04,135.262558933507,135.28455284552845,36.4069083140607,44.642402056827585,,44.85056642756731
UCB.BR,2024-10-07,134.287107787352,134.3089430894309,36.1443584944882,44.32046165737931,,44.52712484275312
UCB.BR,2024-10-08,135.425134124533,135.4471544715447,36.4506666173228,44.696058790068825,,44.90447335836967
UCB.BR,2024-10-09,135.384490326776,135.40650406504065,36.4397270415073,44.68264460675862,,44.89099662566908
UCB.BR,2024-10-10,136.278653877418,136.3008130081301,36.6803977094488,44.97775663958607,,45.18748474508209
UCB.BR,2024-10-11,139.083075922614,139.10569105691056,37.4352284407199,45.903335288,,46.11737930142287
UCB.BR,2024-10-14,140.708827832873,140.73170731707316,37.8728114733408,46.43990262041379,,46.656448609446514
UCB.BR,2024-10-15,140.871403023899,140.89430894308944,37.9165697766029,46.49355935365517,,46.710355540248884
UCB.BR,2024-10-16,139.164363518127,139.1869918699187,37.4571075923509,45.93016365462055,,46.14433276682405
UCB.BR,2024-10-17,143.635181271338,143.65853658536585,38.6604609320585,47.40572381875862,,47.62677336388908
UCB.BR,2024-10-18,140.952690619412,140.97560975609755,37.938448928234,46.52038772027586,,46.73730900565007
UCB.BR,2024-10-21,141.399772394733,141.42276422764226,38.0587842622047,46.667943736689516,,46.88555306535656
UCB.BR,2024-10-22,139.001788327101,139.02439024390245,37.4133492890889,45.87650692137931,,46.09042583602169
UCB.BR,2024-10-23,141.237197203707,141.260162601626,38.0150259589426,46.614287003448275,,46.831646134554205
UCB.BR,2024-10-24,143.635181271338,143.65853658536585,38.6604609320585,47.40572381875862,,47.62677336388908
UCB.BR,2024-10-25,145.301576979353,145.3252032520325,39.1089835404949,47.95570533448276,,48.17931940461332
UCB.BR,2024-10-28,144.691920013006,144.71544715447155,38.9448899032621,47.754492584827446,,47.97716841410445
UCB.BR,2024-10-29,146.073809136726,146.09756097560975,39.3168354809899,48.21057481737931,,48.43537732592454
UCB.BR,2024-10-30,145.342220777109,145.3658536585366,39.1199231163105,47.96911951779297,,48.19279613731391
UCB.BR,2024-10-31,143.716468866851,143.739837398374,38.6823400836895,47.432552185379315,,47.653726829290264
UCB.BR,2024-11-01,146.642822305316,146.66666666666669,39.4699895424072,48.398373383724,,48.62405158373282
UCB.BR,2024-11-04,144.813851406275,144.83739837398375,38.9777086307086,47.79473513475862,,48.01759861220622
UCB.BR,2024-11-05,145.870590147943,145.8943089430894,39.2621376019123,48.14350390082758,,48.36799366242159
UCB.BR,2024-11-06,148.146642822305,148.1707317073171,39.8747538475816,48.89469816620676,,49.1226906936547
UCB.BR,2024-11-07,147.536985855958,147.5609756097561,39.7106602103487,48.69348541655159,,48.92053970314583
UCB.BR,2024-11-08,149.894326125833,149.9186991869919,40.345155607649,49.47150804855172,,49.70219019978011
UCB.BR,2024-11-11,149.975613721346,150.0,40.3670347592801,49.49833641517241,,49.7291436651813
UCB.BR,2024-11-12,147.86213623801,147.88617886178864,39.7981768168729,48.80079888303434,,49.02835356475056
UCB.BR,2024-11-13,148.512437002114,148.53658536585365,39.9732100299213,49.01542581599986,,49.24398128796001
UCB.BR,2024-11-14,144.691920013006,144.71544715447155,38.9448899032621,47.754492584827446,,47.97716841410445
UCB.BR,2024-11-15,135.953503495367,135.97560975609755,36.5928811029246,44.870443173103446,,45.079670883477355
UCB.BR,2024-11-18,134.937408551455,134.95934959349594,36.3193917075366,44.53508859034483,,44.742752565962576
UCB.BR,2024-11-19,133.596163225492,133.6178861788618,35.9583857056243,44.09242054110331,,44.29802038684306
UCB.BR,2024-11-20,138.107624776459,138.130081300813,37.1726786211474,45.581394888551586,,45.79393771660869
UCB.BR,2024-11-21,141.562347585758,141.58536585365854,38.1025425654668,46.72160046993103,,46.93945999615893
UCB.BR,2024-11-22,146.317671923265,146.34146341463415,39.382472935883,48.29105991724138,,48.516237722128096
UCB.BR,2024-11-25,149.731750934807,149.7560975609756,40.3013973043869,49.417851315310344,,49.64828326897775
UCB.BR,2024-11-26,148.146642822305,148.1707317073171,39.8747538475816,48.89469816620676,,49.1226906936547
UCB.BR,2024-11-27,150.260120305641,150.28455284552845,40.4436117899888,49.59223569834483,,49.823480794085434
UCB.BR,2024-11-28,148.309218013331,148.33333333333331,39.9185121508436,48.948354899448134,,49.17659762445706
UCB.BR,2024-11-29,150.666558283206,150.6910569105691,40.553007548144,49.72637753144813,,49.958248121091344
UCB.BR,2024-12-02,151.154283856284,151.17886178861787,40.6842824579303,49.88734773117228,,50.11996891349844
UCB.BR,2024-12-03,153.14582994635,153.1707317073171,41.2203216728909,50.54464271337917,,50.78032881582741
UCB.BR,2024-12-04,152.861323362055,152.88617886178864,41.1437446421822,50.4507434302069,,50.68599168692327
UCB.BR,2024-12-05,150.585270687693,150.609756097561,40.531128396513,49.69954916482759,,49.93129465569017
UCB.BR,2024-12-06,150.625914485449,150.65040650406505,40.5420679723284,49.71296334813793,,49.944771388390755
UCB.BR,2024-12-09,147.943423833523,147.96747967479675,39.8200559685039,48.82762724965504,,49.05530703015174
UCB.BR,2024-12-10,146.642822305316,146.66666666666669,39.4699895424072,48.398373383724135,,48.62405158373282
UCB.BR,2024-12-11,146.277028125508,146.30081300813006,39.3715333600675,48.277645733930896,,48.5027609894275
UCB.BR,2024-12-12,147.699561046984,147.72357723577235,39.7544185136108,48.747142149792964,,48.97444663394819
UCB.BR,2024-12-13,146.846041294099,146.869918699187,39.5246874214848,48.465444300275855,,48.69143524723578
UCB.BR,2024-12-16,150.788489676475,150.8130081300813,40.5858262755905,49.76662008137931,,49.99867831919312
UCB.BR,2024-12-17,151.113640058527,151.13821138211384,40.6733428821147,49.873933547862066,,50.10649218079785
UCB.BR,2024-12-18,152.373597788977,152.39837398373984,41.0124697323959,50.289773230482616,,50.52427089451617
UCB.BR,2024-12-19,150.219476507885,150.2439024390244,40.4326722141732,49.578821515034484,,49.810004061384845
UCB.BR,2024-12-20,151.682653227118,151.70731707317074,40.8264969435321,50.0617321142069,,50.295166438606124
UCB.BR,2024-12-23,155.78767680052,155.8130081300813,41.9313941008999,51.41656462855158,,51.65631644136583
UCB.BR,2024-12-24,153.958705901479,153.9837398373984,41.4391131892013,50.8129263795862,,51.04986346983923
UCB.BR,2024-12-27,156.600552755649,156.6260162601626,42.1501856172103,51.684848294758616,,51.92585109537765
UCB.BR,2024-12-30,153.227117541863,153.2520325203252,41.2422008245219,50.57147108,,50.80728228122859
UCB.BR,2024-12-31,156.234758575841,156.260162601626,42.0517294348706,51.56412064496538,,51.80456050107233
UCB.BR,2025-01-02,155.543814013981,155.5691056910569,41.8657566460067,51.33607952868951,,51.575456045162284
UCB.BR,2025-01-03,155.137376036417,155.16260162601625,41.7563608878515,51.20193769558606,,51.440688718156366
UCB.BR,2025-01-06,154.690294261096,154.71544715447155,41.6360255538808,51.054381679172415,,51.292444658449874
UCB.BR,2025-01-07,155.421882620712,155.4471544715447,41.8329379185602,51.295836978758615,,51.5350258470605
UCB.BR,2025-01-08,158.104373272639,158.130081300813,42.5549499223847,52.18117307724124,,52.42449020529953
UCB.BR,2025-01-09,159.973987969436,160.0,43.0581704098988,52.79822550951711,,53.04441990952672
UCB.BR,2025-01-10,158.592098845716,158.6178861788618,42.686224832171,52.34214327696552,,52.586210997706615
UCB.BR,2025-01-13,155.462526418469,155.4878048780488,41.8438774943757,51.30925116206897,,51.5485025797611
UCB.BR,2025-01-14,153.918062103723,153.9430894308943,41.4281736133858,50.79951219627572,,51.036386737138635
UCB.BR,2025-01-15,154.690294261096,154.71544715447155,41.6360255538808,51.054381679172415,,51.292444658449874
UCB.BR,2025-01-16,155.503170216225,155.52845528455285,41.8548170701912,51.32266534537918,,51.561979312461695
UCB.BR,2025-01-17,148.349861811088,148.3739837398374,39.9294517266592,48.96176908275862,,49.19007435715765
UCB.BR,2025-01-20,148.878231181922,148.90243902439025,40.071666212261,49.1361534657931,,49.36527188226534
UCB.BR,2025-01-21,148.756299788652,148.78048780487805,40.0388474848144,49.09591091586207,,49.32484168416356
UCB.BR,2025-01-22,148.837587384165,148.86178861788616,40.0607266364454,49.12273928248276,,49.351795149564744
UCB.BR,2025-01-23,149.406600552756,149.4308943089431,40.2138806978627,49.31053784882745,,49.540469407373024
UCB.BR,2025-01-24,152.861323362055,152.88617886178864,41.1437446421822,50.4507434302069,,50.68599168692327
UCB.BR,2025-01-27,151.76394082263,151.78861788617886,40.8483760951631,50.08856048082745,,50.3221199040073
UCB.BR,2025-01-28,153.958705901479,153.9837398373984,41.4391131892013,50.8129263795862,,51.04986346983923
UCB.BR,2025-01-29,154.974800845391,155.0,41.7126025845894,51.14828096234482,,51.38678178735401
UCB.BR,2025-01-30,153.918062103723,153.9430894308943,41.4281736133858,50.79951219627586,,51.036386737138635
UCB.BR,2025-01-31,152.983254755324,153.0081300813008,41.1765633696288,50.49098598013779,,50.72642188502504
UCB.BR,2025-02-03,151.032352463014,151.0569105691057,40.6514637304837,49.84710518124138,,50.079538715396666
UCB.BR,2025-02-04,149.975613721346,150.0,40.3670347592801,49.49833641517241,,49.7291436651813
UCB.BR,2025-02-05,151.926516013656,151.95121951219514,40.8921343984252,50.142217214068964,,50.37602683480967
UCB.BR,2025-02-06,151.316859047309,151.34146341463415,40.7280407611923,49.94100446441365,,50.1738758443008
UCB.BR,2025-02-07,153.83677450821,153.8617886178862,41.4062944617548,50.77268382965504,,51.00943327173746
UCB.BR,2025-02-10,155.421882620712,155.4471544715447,41.8329379185602,51.29583697875848,,51.5350258470605
UCB.BR,2025-02-11,153.958705901479,153.9837398373984,41.4391131892013,50.81292637958607,,51.04986346983923
UCB.BR,2025-02-12,154.730938058852,154.7560975609756,41.6469651296963,51.06779586248262,,51.305921391150456
UCB.BR,2025-02-13,152.129735002439,152.15447154471545,40.9468322775028,50.20928813062055,,50.44341049831263
UCB.BR,2025-02-14,146.683466103073,146.7073170731707,39.4809291182227,48.411787567034345,,48.63752831643341
UCB.BR,2025-02-17,148.146642822305,148.1707317073171,39.8747538475816,48.894698166206894,,49.1226906936547
UCB.BR,2025-02-18,149.691107137051,149.71544715447155,40.2904577285714,49.404437132,,49.63480653627716
UCB.BR,2025-02-19,146.317671923265,146.34146341463415,39.382472935883,48.29105991724124,,48.516237722128096
UCB.BR,2025-02-20,145.9112339457,145.9349593495935,39.2730771777278,48.15691808413779,,48.381470395122186
UCB.BR,2025-02-21,147.780848642497,147.8048780487805,39.7762976652418,48.7739705164138,,49.001400099349375
UCB.BR,2025-02-24,148.024711429036,148.04878048780486,39.841935120135,48.85445561627572,,49.08226049555292
UCB.BR,2025-02-25,150.463339294424,150.4878048780488,40.4983096690664,49.65930661489656,,49.890864457588386
UCB.BR,2025-02-26,148.065355226792,148.08943089430895,39.8528746959505,48.86786979958607,,49.09573722825351
UCB.BR,2025-02-27,146.520890912047,32.89233576642336,39.4371708149606,32.402629255545286,,32.36897826096221
UCB.BR,2025-02-28,33.116327599007,33.12956204379562,28.4319663525765,32.636323669038816,,32.60242997657525
UCB.BR,2025-03-03,35.0589819032175,35.07299270072992,30.099828878905,34.550820210351105,,34.514938262174404
UCB.BR,2025-03-04,35.5788471395555,35.59306569343066,30.5461582873591,35.0631502707024,,35.02673625409531
UCB.BR,2025-03-05,35.6882924524688,35.70255474452554,30.6401223733494,35.171009230776335,,35.13448319976287
UCB.BR,2025-03-06,35.0316205749892,35.0456204379562,30.0763378574074,34.52385547033272,,34.48800152575752
UCB.BR,2025-03-07,34.3840691402523,34.3978102189781,29.5203836819646,33.885689956561926,,33.85049876389113
UCB.BR,2025-03-10,30.9000600125133,30.912408759124087,26.5291936112721,30.45217972754159,,30.420554326807203
UCB.BR,2025-03-11,30.8909395697705,30.903284671532845,26.5213632707729,30.443191480868762,,30.41157541466824
UCB.BR,2025-03-12,33.0160027288365,33.029197080291965,28.3458326070854,32.53745295563771,,32.50366194304666
UCB.BR,2025-03-13,32.9430391868943,32.95620437956204,28.2831898830918,32.465546982254985,,32.43183064593495
UCB.BR,2025-03-14,32.8062325457527,32.819343065693424,28.1657347756039,32.330723282162666,,32.2971469638505
UCB.BR,2025-03-17,33.7365177055155,33.74999999999999,28.9644295065217,33.247524442791125,,33.212996002024745
UCB.BR,2025-03-18,33.2166524691775,33.22992700729927,28.5181000980676,32.73519438243993,,32.701198010103845
UCB.BR,2025-03-19,32.9795209578654,32.99270072992701,28.3145112450886,32.5014999689464,,32.46774629449081
UCB.BR,2025-03-20,32.7788712175244,32.79197080291971,28.1422437541063,32.30375854214417,,32.270210227433616
UCB.BR,2025-03-21,32.6055828054117,32.61861313868613,27.9934672846216,32.13298185536044,,32.099610896793315
UCB.BR,2025-03-24,32.7332690038105,32.7463503649635,28.1030920516103,32.258817308779946,,32.225315666738794
UCB.BR,2025-03-25,31.9671518134176,31.979927007299267,27.4453434496779,31.503804588262387,,31.471087047065893
UCB.BR,2025-03-26,30.5534831882879,30.565693430656932,26.2316406723027,30.110626353974123,,30.079355665526602
UCB.BR,2025-03-27,30.307231234233,30.31934306569343,26.0202214788245,29.86794369380767,,29.8369250377746
UCB.BR,2025-03-28,29.9788952954932,29.990875912408757,25.7383292208535,29.544366813585953,,29.513684200771923
UCB.BR,2025-03-31,29.6870411277245,29.698905109489047,25.4877583248792,29.256742920055363,,29.2263590123251
UCB.BR,2025-04-01,29.8603295398372,29.872262773722625,25.6365347943639,29.427519606839095,,29.3969583429654
UCB.BR,2025-04-02,29.6779206849817,29.689781021897804,25.47992798438,29.247754673382623,,29.217380100186137
UCB.BR,2025-04-03,29.3404643034991,29.352189781021895,25.1902053859098,28.915189546487984,,28.8851603510445
UCB.BR,2025-04-04,27.4798939839736,27.490875912408757,23.5928159240741,27.081587225231054,,27.053462274696017
UCB.BR,2025-04-07,26.2759955419276,26.286496350364963,22.5592109781803,25.895138664417747,,25.86824587235288
UCB.BR,2025-04-08,26.7958607782656,26.806569343065693,23.0055403866345,26.407468724768854,,26.38004386427378
UCB.BR,2025-04-09,23.5945853755525,23.604014598540143,20.2570908714171,23.252594142606284,,23.228445703497705
UCB.BR,2025-04-10,24.5613523062864,24.57116788321168,21.0871069643317,24.205348289926064,,24.180210390227803
UCB.BR,2025-04-11,24.3515821232026,24.361313868613138,20.9070091328502,23.998618616450926,,23.97369541103165
UCB.BR,2025-04-14,25.3730717103931,25.383211678832115,21.7840072687601,25.005302243807762,,24.979333570595525
UCB.BR,2025-04-15,25.9932618169016,26.003649635036496,22.3164704227053,25.616503017560074,,25.58989959604502
UCB.BR,2025-04-16,25.2453855119943,25.255474452554743,21.6743825017713,24.87946679038817,,24.853628800650043
UCB.BR,2025-04-17,24.8623269167979,24.87226277372263,21.3455082008052,24.50196043012939,,24.47651449081359
UCB.BR,2025-04-22,25.5737214507341,25.583941605839414,21.9562747597423,25.203043670609887,,25.17686963765271
UCB.BR,2025-04-23,26.7684994500373,26.77919708029197,22.9820493651369,26.38050398475046,,26.35310712785689
UCB.BR,2025-04-24,26.8779447629506,26.88868613138686,23.0760134511272,26.4883629448244,,26.460854073524445
UCB.BR,2025-04-25,27.3066055718609,27.31751824817518,23.4440394545894,26.91081053844732,,26.882862944055713
UCB.BR,2025-04-28,27.2701238008898,27.281021897810216,23.4127180925926,26.87485755175601,,26.846947295499863
UCB.BR,2025-04-29,28.4375404719647,28.44890510948905,24.4150016764895,28.025353125877913,,27.99624804928715
UCB.BR,2025-04-30,29.3951869599558,29.40693430656934,25.237187428905,28.969119026524954,,28.939033823878283
UCB.BR,2025-05-02,30.8635782415421,30.87591240875912,26.4978722492753,30.416226740850277,,30.38463867825135
UCB.BR,2025-05-05,30.9547826689699,30.96715328467153,26.5761756542673,30.506109207578465,,30.47442779964098
UCB.BR,2025-05-06,29.7235228986956,29.73540145985401,25.519079686876,29.292695906746765,,29.26227466088095
UCB.BR,2025-05-07,28.5378653421352,28.549270072992698,24.5011354219807,28.12422383927911,,28.095016082815743
UCB.BR,2025-05-08,27.662302838829,27.673357664233574,23.749422734058,27.261352158687526,,27.23304051747528
UCB.BR,2025-05-09,28.1548067469387,28.16605839416058,24.1722611210145,27.74671747902024,,27.71790177297929
UCB.BR,2025-05-12,28.8844421663605,28.89598540145985,24.7986883609501,28.465777212846486,,28.436214744096343
UCB.BR,2025-05-13,28.5743471131063,28.58576642335766,24.5324567839774,28.160176825970336,,28.130931731371597
UCB.BR,2025-05-14,28.1000840904821,28.111313868613138,24.1252790780193,27.692787998983366,,27.664028300145514
UCB.BR,2025-05-15,28.1821680751671,28.193430656934304,24.1957521425121,27.773682219038726,,27.74483850939618
UCB.BR,2025-05-16,28.9209239373316,28.932481751824817,24.8300097229469,28.501730199537896,,28.472130392652197
UCB.BR,2025-05-19,29.1398145631581,29.151459854014597,25.0179378949275,28.717448119685766,,28.68762428398731
UCB.BR,2025-05-20,29.386066517213,29.397810218978098,25.2293570884058,28.960130779852125,,28.930054911739315
UCB.BR,2025-05-21,29.8512090970944,29.863138686131386,25.6287044538647,29.41853136016636,,29.38797943082644
UCB.BR,2025-05-22,29.2766212042997,29.28832116788321,25.1353930024155,28.85227181977819,,28.822307966071758
UCB.BR,2025-05-23,28.2460111743665,28.257299270072988,24.2505645260065,27.836599945748613,,27.80769089436892
UCB.BR,2025-05-26,28.7020333115051,28.713503649635033,24.6420815509662,28.286012279389926,,28.25663650131708
UCB.BR,2025-05-27,28.8753217236177,28.886861313868614,24.7908580204509,28.456788966173754,,28.427235831957383
UCB.BR,2025-05-28,28.2368907316237,28.248175182481752,24.2427341855072,27.827611699075693,,27.79871198222996
UCB.BR,2025-05-29,28.3189747163086,28.330291970802918,24.31320725,27.908505919131237,,27.87952219148063
UCB.BR,2025-05-30,29.1671758913865,29.17883211678832,25.0414289164251,28.74441285970425,,28.714561020404204
UCB.BR,2025-06-02,29.5502344865829,29.562043795620436,25.3703032173913,29.12191921996294,,29.091675330240655
UCB.BR,2025-06-03,28.9938874792738,29.00547445255474,24.8926524469404,28.573636172920516,,28.5439616897639
UCB.BR,2025-06-04,29.4499096164124,29.461678832116785,25.2841694719002,29.02304850656192,,28.99290729671206
UCB.BR,2025-06-05,29.6779206849817,29.689781021897804,25.47992798438,29.247754673382623,,29.217380100186137
UCB.BR,2025-06-06,29.6870411277245,29.698905109489047,25.4877583248792,29.25674292005545,,29.2263590123251
UCB.BR,2025-06-09,29.2766212042997,29.28832116788321,25.1353930024155,28.85227181977819,,28.822307966071758
UCB.BR,2025-06-10,30.0609792801782,30.072992700729927,25.8088022853462,29.625261033641408,,29.594494410022595
UCB.BR,2025-06-11,30.0609792801782,30.072992700729927,25.8088022853462,29.625261033641312,,29.594494410022595
UCB.BR,2025-06-12,29.8329682116089,29.844890510948904,25.6130437728663,29.400554866820706,,29.370021606548516
UCB.BR,2025-06-13,29.8147273261233,29.82664233576642,25.597383091868,29.382578373475045,,29.352063782270584
UCB.BR,2025-06-16,29.5411140438401,29.552919708029194,25.3624728768921,29.1129309732902,,29.08269641810169
UCB.BR,2025-06-17,28.8479603953894,28.85948905109489,24.7673669989533,28.42982422615527,,28.400299095540493
UCB.BR,2025-06-18,28.3007338308231,28.312043795620436,24.2975465690016,27.890529425785584,,27.861564367202703
UCB.BR,2025-06-19,28.7567559679617,28.76824817518248,24.6890635939614,28.33994175942699,,28.31050997415086
UCB.BR,2025-06-20,28.7293946397334,28.740875912408757,24.6655725724638,28.312977019408503,,28.283573237733968
UCB.BR,2025-06-23,29.988015738236,30.0,25.7461595613527,29.55335506025878,,29.522663112910887
UCB.BR,2025-06-24,30.1613041503487,30.173357664233574,25.8949360308373,29.724131747042513,,29.693262443551184
UCB.BR,2025-06-25,30.8088555850855,30.82116788321168,26.4508902062802,30.36229726081331,,30.330765205417574
UCB.BR,2025-06-26,30.7906146996,30.802919708029197,26.4352295252818,30.344320767467654,,30.312807381139645
UCB.BR,2025-06-27,31.0459870963976,31.058394160583937,26.6544790592593,30.595991674306745,,30.56421692103061
UCB.BR,2025-06-30,30.4531583181174,30.46532846715328,26.1455069268116,30.01175564057292,,29.980587631998006
UCB.BR,2025-07-01,30.4349174326318,30.4470802919708,26.1298462458132,29.993779147227357,,29.96262980772008
UCB.BR,2025-07-02,30.4075561044035,30.419708029197075,26.1063552243156,29.96681440720878,,29.93569307130319
UCB.BR,2025-07-03,29.8420886543516,29.854014598540143,25.6208741133655,29.40954311349353,,29.379000518687477
UCB.BR,2025-07-04,30.8088555850855,30.82116788321168,26.4508902062802,30.36229726081331,,30.330765205417574
UCB.BR,2025-07-07,30.991264439941,31.003649635036496,26.6074970162641,30.54206219426987,,30.510343448196835
UCB.BR,2025-07-08,31.0277462109121,31.040145985401455,26.6388183782609,30.57801518096118,,30.546259096752685
UCB.BR,2025-07-09,31.0642279818832,31.076642335766422,26.6701397402576,30.613968167652498,,30.582174745308542
UCB.BR,2025-07-10,31.4837683480507,31.4963503649635,27.0303354032206,31.027427514602497,,30.995204703700846
UCB.BR,2025-07-11,31.1827937375392,31.19525547445255,26.7719341667472,30.73081537439926,,30.69890060311506
UCB.BR,2025-07-14,31.4746479053079,31.48722627737226,27.0225050627214,31.01843926792976,,30.986225791561886
UCB.BR,2025-07-15,31.1371915238253,31.149635036496345,26.7327824642512,30.685874141035026,,30.654006042420242
UCB.BR,2025-07-16,30.9456622262271,30.95802919708029,26.5683453137681,30.497120960905733,,30.46544888750202
UCB.BR,2025-07-17,31.7391407448483,31.751824817518244,27.2495849371981,31.279098421441773,,31.246614243591814
UCB.BR,2025-07-18,31.8941882714755,31.90693430656934,27.3827007256844,31.431898614879852,,31.399255749954186
UCB.BR,2025-07-21,31.6114545464495,31.624087591240876,27.1399601702093,31.153262968022183,,31.120909473646332
UCB.BR,2025-07-22,31.4746479053079,31.48722627737226,27.0225050627214,31.018439267929665,,30.986225791561886
UCB.BR,2025-07-23,32.4414148360418,32.45437956204379,27.8525211556361,31.97119341524944,,31.937990478291976
UCB.BR,2025-07-24,32.63294413364,32.64598540145985,28.0169583061192,32.159946595378834,,32.12654763321021
UCB.BR,2025-07-25,32.4961374924984,32.50912408759124,27.8995031986312,32.0251228952865,,31.991863951125758
UCB.BR,2025-07-28,32.6238236908972,32.63686131386861,28.00912796562,32.150958348706105,,32.11756872107124
UCB.BR,2025-07-29,33.7547585910011,33.76824817518248,28.9800901875201,33.26550093613678,,33.230953826302674
UCB.BR,2025-07-30,33.8186016902004,33.832116788321166,29.0349025710145,33.32841866284658,,33.29380621127542
UCB.BR,2025-07-31,34.7397664072205,27.762390670553934,29.8257669614332,25.285735539999997,,25.240667614639534
UCB.BR,2025-08-01,26.9428042962732,26.94606413994169,22.8136871074239,24.54223268348123,,24.498489937338505
UCB.BR,2025-08-04,26.9136533043378,26.91690962099125,22.7890036482868,24.51567901003406,,24.471983591720612
UCB.BR,2025-08-05,27.234314215627,27.237609329446062,23.0605216987944,24.807769417952148,,24.763553393517444
UCB.BR,2025-08-06,26.6440066289356,26.64723032069971,22.560681651269,24.270057530648398,,24.226799894755093
UCB.BR,2025-08-07,26.8917900603863,26.895043731778426,22.770491053934,24.495763754948804,,24.452103832507188
UCB.BR,2025-08-08,26.8917900603863,26.895043731778426,22.770491053934,24.495763754948737,,24.452103832507188
UCB.BR,2025-08-11,27.1978754757078,27.201166180758015,23.0296673748731,24.774577326143273,,24.730420461495076
UCB.BR,2025-08-12,27.2634652075624,27.2667638483965,23.0852051579315,24.83432309139932,,24.790059739135337
UCB.BR,2025-08-13,27.7371688265122,27.740524781341108,23.4863113689086,25.26582028491468,,25.220787855426117
UCB.BR,2025-08-14,28.3201886652198,28.323615160349856,23.9799805516497,25.79689375385659,,25.750914767783996
UCB.BR,2025-08-15,28.0578297378014,28.06122448979592,23.7578294194162,25.557910692832696,,25.51235765722295
UCB.BR,2025-08-18,28.4878068688482,28.491253644314867,24.1219104416878,25.949577376177473,,25.90332625508688
UCB.BR,2025-08-19,28.0578297378014,28.06122448979592,23.7578294194162,25.557910692832763,,25.51235765722295
UCB.BR,2025-08-20,28.451368128929,28.45481049562682,24.0910561177665,25.916385284368598,,25.870193323064516
UCB.BR,2025-08-21,29.0052369757012,29.00874635568513,24.5600418413706,26.42090507986348,,26.373813889804502
UCB.BR,2025-08-22,28.7574535442505,28.760932944606413,24.3502324387056,26.19519885556314,,26.148509952052404
UCB.BR,2025-08-25,29.296746895055,29.300291545189502,24.8068764327411,26.686441814334405,,26.638877345983442
UCB.BR,2025-08-26,29.1145531954588,29.11807580174927,24.6526048131345,26.5204813552901,,26.473212685871605
UCB.BR,2025-08-27,29.3258978869903,29.32944606413994,24.8315598918782,26.7129954877815,,26.665383691601335
UCB.BR,2025-08-28,29.2092939192488,29.21282798833819,24.7328260553299,26.60678079399317,,26.55935830912976
UCB.BR,2025-08-29,29.1291286914266,29.132653061224488,24.664946542703,26.533758192013654,,26.48646585868055
UCB.BR,2025-09-01,29.0343879676366,29.037900874635564,24.5847253005076,26.44745875331051,,26.400320235422395
UCB.BR,2025-09-02,28.8230432761051,28.8265306122449,24.405770221764,26.254944620819046,,26.208149229692665
UCB.BR,2025-09-03,29.4425018547319,29.44606413994169,24.9302937284264,26.819210181569897,,26.771409074072913
UCB.BR,2025-09-04,29.8214647498918,29.825072886297374,25.2511786972081,27.164407936382183,,27.11599156710553
UCB.BR,2025-09-05,30.1567011571486,30.160349854227405,25.5350384772843,27.469775181023888,,27.420814541711316
UCB.BR,2025-09-08,30.6668435160177,30.670553935860056,25.9669990121827,27.934464466348054,,27.88467559002446
UCB.BR,2025-09-09,30.4773620684378,30.481049562682212,25.8065565277919,27.76186558894198,,27.71238434350815
UCB.BR,2025-09-10,30.375333596664,30.379008746355684,25.7201644208122,27.668927731877062,,27.61961213384552
UCB.BR,2025-09-11,30.5793905402116,30.58309037900875,25.8929486347716,27.854803446006827,,27.80515655317078
UCB.BR,2025-09-12,30.2295786369871,30.2332361516035,25.5967471251269,27.536159364641637,,27.48708040575605
UCB.BR,2025-09-15,29.952644213601,29.956268221574344,25.3622542633249,27.283899466894198,,27.235270122386055
UCB.BR,2025-09-16,29.719436278118,29.723032069970845,25.1647865902284,27.071470079317404,,27.023219357442905
UCB.BR,2025-09-17,29.5882568144087,29.591836734693874,25.0537110241117,26.95197854880546,,26.90394080216238
UCB.BR,2025-09-18,29.6611342942472,29.66472303206997,25.1154196719543,27.01836273242321,,26.970206666207115
UCB.BR,2025-09-19,29.6319833023118,29.635568513119534,25.0907362128173,26.99180905897611,,26.943700320589222
UCB.BR,2025-09-22,30.0983991732779,30.10204081632653,25.4856715590102,27.416667834129694,,27.367801850475526
UCB.BR,2025-09-23,29.7923137579564,29.79591836734694,25.2264952380711,27.13785426293515,,27.08948522148764
UCB.BR,2025-09-24,29.8068892539241,29.810495626822156,25.2388369676396,27.151131099658702,,27.102738394296587
UCB.BR,2025-09-25,28.640849576509,28.644314868804663,24.2514986021574,26.088984161774743,,26.04248456958083
UCB.BR,2025-09-26,28.6991515603797,28.70262390670554,24.3008655204315,26.14209150866894,,26.095497260816618
UCB.BR,2025-09-29,33.1738288224603,33.177842565597665,28.0897764979695,30.218080382798636,,30.16422131316334
UCB.BR,2025-09-30,34.2524155240692,34.25655976676385,29.0030644860406,31.200566300341297,,31.144956101025418
UCB.BR,2025-10-01,35.811993592612,35.816326530612244,30.3236295498731,32.62118782976109,,32.56304559158274
UCB.BR,2025-10-02,35.9140220643858,35.91836734693877,30.4100216568528,32.71412568682594,,32.65581780124538
UCB.BR,2025-10-03,36.7302498385764,36.73469387755102,31.1011585126904,33.45762854334471,,33.397995478546406
UCB.BR,2025-10-06,36.9051557901886,36.90962099125364,31.2492592675127,33.6169505840273,,33.55703355225377
UCB.BR,2025-10-07,37.0071842619625,37.011661807580175,31.3356513744924,33.70988844109215,,33.6498057619164
UCB.BR,2025-10-08,37.4007226530901,37.40524781341108,31.6688780728426,34.068363032627985,,34.00764142775797
UCB.BR,2025-10-09,37.9254405079269,37.93002915451895,32.1131803373097,34.54632915467577,,34.48475564888005
UCB.BR,2025-10-10,37.3132696772839,37.31778425655976,31.5948276954315,33.98870201228669,,33.928122390904285
UCB.BR,2025-10-13,37.8962895159915,37.90087463556851,32.0884968781726,34.51977548122867,,34.458249303262164
UCB.BR,2025-10-14,37.6193550926054,37.62390670553936,31.8540040163706,34.26751558348123,,34.20643901989217
UCB.BR,2025-10-15,37.4152981490578,37.4198250728863,31.6812198024112,34.081639869351534,,34.02089460056691
UCB.BR,2025-10-16,37.2695431893809,37.27405247813411,31.5578025067259,33.94887150211604,,33.888362872477444
UCB.BR,2025-10-17,36.234682975675,36.23906705539358,30.6815397073604,33.006216094744026,,32.94738760304221
UCB.BR,2025-10-20,36.9197312861563,36.924198250728864,31.2616009970812,33.630227420750856,,33.570286725062715
UCB.BR,2025-10-21,37.2695431893809,37.27405247813411,31.5578025067259,33.94887150211604,,33.888362872477444
UCB.BR,2025-10-22,35.7245406168058,35.72886297376093,30.2495791724619,32.5415268094198,,32.48352655472906
UCB.BR,2025-10-23,35.9140220643858,35.91836734693877,30.4100216568528,32.69437559643413,,32.65581780124538
UCB.BR,2025-10-24,35.4476061934198,35.451895043731774,30.0150863106599,32.28926691167236,,32.23171627135907
UCB.BR,2025-10-27,35.0249168103568,35.029154518950435,29.6571761531726,31.90423864668942,,31.84737425989961
UCB.BR,2025-10-28,33.1155268385895,33.11953352769679,28.0404095796954,30.164973035904435,,30.111208621927553
UCB.BR,2025-10-29,34.2961420119723,34.3002915451895,29.0400896747462,31.240396810511946,,31.18471561945226
UCB.BR,2025-10-30,34.6313784192292,34.63556851311953,29.3239494548223,31.545764055153587,,31.48953859405804
UCB.BR,2025-10-31,32.4304785281081,32.434402332361515,27.4603482899746,29.540961709897612,,29.488309499907043
UCB.BR,2025-11-03,32.0660911289159,32.069970845481045,27.1518050507614,29.209040791808874,,29.15698017968337
UCB.BR,2025-11-04,31.687128233756,31.690962099125365,26.8309200819797,28.863843036996585,,28.812397686650748
UCB.BR,2025-11-05,31.5850997619821,31.588921282798832,26.744527975,28.770905179931738,,28.719625476988117
UCB.BR,2025-11-06,32.2409970805282,32.24489795918367,27.2999058055838,29.368362832491467,,29.31601825339073
UCB.BR,2025-11-07,33.042649358751,33.046647230320694,27.9787009318528,30.09858885228669,,30.044942757882815
UCB.BR,2025-11-10,32.6782619595588,32.68221574344023,27.6701576926396,29.76666793419795,,29.71361343765914
UCB.BR,2025-11-11,33.0718003506864,33.075801749271136,28.0033843909899,30.125142525733786,,30.07144910350071
UCB.BR,2025-11-12,33.4507632458463,33.45481049562682,28.3242693597716,30.470340280546075,,30.416031596533333
UCB.BR,2025-11-13,32.4742050160112,32.478134110787174,27.4973734786802,29.58079222006826,,29.528069018333888
UCB.BR,2025-11-14,33.0718003506864,33.075801749271136,28.0033843909899,30.125142525733786,,30.07144910350071
UCB.BR,2025-11-17,33.3195837821371,33.32361516034985,28.2131937936548,30.35084875003413,,30.29675304125281
UCB.BR,2025-11-18,33.232130806331,33.23615160349854,28.1391434162437,30.271187729692834,,30.217234004399128
UCB.BR,2025-11-19,33.3778857660079,33.38192419825073,28.2625607119289,30.40395609692833,,30.3497657324886
UCB.BR,2025-11-20,33.4653387418141,33.46938775510204,28.3366110893401,30.483617117269628,,30.429284769342278
UCB.BR,2025-11-21,33.9609056047155,33.965014577259474,28.75622989467,30.93502956587031,,30.87989264484648
UCB.BR,2025-11-24,34.4127459797138,34.41690962099125,29.1388235112944,31.346611504300345,,31.290741001923834
UCB.BR,2025-11-25,34.4127459797138,34.41690962099125,29.1388235112944,31.346611504300345,,31.290741001923834
UCB.BR,2025-11-26,34.6605294111645,34.66472303206997,29.3486329139594,31.572317728600684,,31.516044939675936
UCB.BR,2025-11-27,34.7625578829384,34.7667638483965,29.4350250209391,31.66525558566553,,31.608817149338563
UCB.BR,2025-11-28,35.0540678022921,35.05830903790087,29.6818596123096,31.93079232013652,,31.873880605517503
UCB.BR,2025-12-01,34.9228883385829,34.927113702623906,29.5707840461929,31.811300789624575,,31.75460205023698
UCB.BR,2025-12-02,35.4184552014844,35.42274052478134,29.9904028515228,32.26271323822525,,32.20520992574118
UCB.BR,2025-12-03,34.9520393305183,34.95626822157434,29.5954675053299,31.83785446307167,,31.781108395854876
UCB.BR,2025-12-04,34.966614826486,34.970845481049565,29.6078092348985,31.85113129979522,,31.79436156866382
UCB.BR,2025-12-05,36.0743525200304,36.07871720116618,30.5457806821066,32.860170890784985,,32.80160270214379
UCB.BR,2025-12-08,36.1763809918042,36.18075801749271,30.6321727890863,32.953108747849825,,32.894374911806416
UCB.BR,2025-12-09,35.3018512337429,35.306122448979586,29.8916690149746,32.15649854443686,,32.0991845432696
UCB.BR,2025-12-10,35.3018512337429,35.306122448979586,29.8916690149746,32.15649854443686,,32.0991845432696
UCB.BR,2025-12-11,35.0832187942275,35.08746355685131,29.7065430714467,31.957345993583615,,31.900386951135395
UCB.BR,2025-12-12,34.2961420119723,34.3002915451895,29.0400896747462,31.240396810511946,,31.18471561945226
UCB.BR,2025-12-15,34.7042558990676,34.708454810495624,29.385658102665,31.612148238771333,,31.555804458102774
UCB.BR,2025-12-16,34.6168029232615,34.62099125364431,29.3116077252538,31.532487218430035,,31.47628542124909
UCB.BR,2025-12-17,34.2669910200369,34.27113702623907,29.0154062156091,31.21384313706485,,31.158209273834363
UCB.BR,2025-12-18,34.4564724676169,34.46064139941691,29.1758487,31.386442014470987,,31.330500520350675
UCB.BR,2025-12-19,35.156096274066,35.160349854227405,29.7682517192893,32.023730177201365,,31.96665281518013
UCB.BR,2025-12-22,34.6168029232615,34.62099125364431,29.3116077252538,31.532487218430035,,31.47628542124909
UCB.BR,2025-12-23,35.0977942901952,35.10204081632653,29.7188848010152,31.970622830307168,,31.913640123944344
UCB.BR,2025-12-24,34.3252930039077,34.32944606413994,29.0647731338832,31.266950483959043,,31.211221965070152
UCB.BR,2025-12-29,34.4564724676169,34.46064139941691,29.1758487,31.386442014470987,,31.330500520350675
UCB.BR,2025-12-30,34.5585009393907,34.562682215743436,29.2622408069797,31.479379871535837,,31.423272730013302
UCB.BR,2025-12-31,34.777133378906,34.78134110787172,29.4473667505076,31.67853242238908,,31.622070322147508
